# nombre_artista;nombre_album;nombre_cancion;popularidad;duracion_ms;track_id
bizarrap;Quevedo: Bzrp Music Sessions, Vol. 52;Quevedo: Bzrp Music Sessions, Vol. 52;99;198937;2tTmW7RDtMQtBk7m2rYeSw
manuel turizo;La Bachata;La Bachata;98;162637;5ww2BF9slyYgNOk37BlC4u
joji;Glimpse of Us;Glimpse of Us;94;233456;6xGruZOHLs39ZbVccQTuPZ
beyoncé;RENAISSANCE;CUFF IT;93;225388;1xzi1Jcr7mEi9K2RfzLOqS
harry styles;As It Was;As It Was;95;167303;4LRPiXqCikLlN15c3yImP7
harry styles;Harry's House;As It Was;92;167303;4Dvkj6JhhA12EX05fT7y2e
harry styles;Fine Line;Watermelon Sugar;89;174000;6UelLqGlWMcVH1E5c4H7lY
rema;Calm Down (with Selena Gomez);Calm Down (with Selena Gomez);92;239317;0WtM2NBVQNNJLh6scP13H8
luar la l;L3tra;Caile;91;141340;6i1g5ZRmJZAkDwBaUZ3f2i
elley duhé;MIDDLE OF THE NIGHT;MIDDLE OF THE NIGHT;90;184447;58HvfVOeJY7lUuCqF0m3ly
beach weather;Chit Chat;Sex, Drugs, Etc.;90;196784;7DbdUf8aHSYoliSjO6LZv6
pablo pesadilla;BABY OTAKU;BABY OTAKU;88;176470;0kTMK4gNFfLXaTb62w1UaJ
olivia rodrigo;SOUR;drivers license;88;242013;5wANPM4fQCJwkGd4rN57mH
olivia rodrigo;SOUR;traitor;88;229226;5CZ40GBx1sQ9agT82CLQCT
olivia rodrigo;SOUR;good 4 u;88;178146;4ZtFanR9U6ndgddUvNcjcG
olivia rodrigo;SOUR;deja vu;87;215506;6HU7h9RYOaPRFeh0R3UeAr
olivia rodrigo;SOUR;happier;86;175933;2tGvwE8GcFKwNdAXMnlbfl
yung gravy;Betty (Get Money);Betty (Get Money);87;146470;4cacyP5c3PMlfnyjpg13xW
lewis capaldi;Divinely Uninspired To A Hellish Extent;Someone You Loved;87;182160;7qEHsqek33rTcFNT9PFqLf
conan gray;Kid Krow;Heather;87;198040;4xqrdfXkTW4T0RauPLv3WA
benson boone;In The Stars;In The Stars;86;216410;1ei3hzQmrgealgRKFxIcWn
ruth b.;Safe Haven;Dandelions;90;233720;2eAvDnpXP5W0cVtiI0PUxV
ruth b.;Dandelions (slowed + reverb);Dandelions - slowed + reverb;81;268717;6fhG2KJgwO7CrNflRaRmvp
j. cole;2014 Forest Hills Drive;No Role Modelz;88;292799;68Dni7IE4VyPkTOH9mRWHr
j. cole;Born Sinner (Deluxe Version);She Knows (feat. Amber Coffman & Cults);82;296520;0Fs9cdPDhptWEDJmiCbkEW
piso 21;Los Cachos;Los Cachos;85;212304;5fhcuVxuBWfgNXGuyAtLmr
james arthur;Back from the Edge;Say You Won't Let Go;85;211466;5uCax9HTNlzGybIStD3vDh
mora;MICRODOSIS;LA INOCENTE;89;202173;5jt25aFjW2kNoBqaEVaz5W
mora;MICRODOSIS;MEMORIAS;85;228750;2hLXUbsOU9cDb9RFva9FYr
mora;Volando (Remix);Volando - Remix;83;273474;0G2zPzWqVjR68iNPmx2TBe
mora;MICRODOSIS;TUS LÁGRIMAS;80;174482;30W8VKHrAZmHzObnwAoc1u
the kid laroi;STAY (with Justin Bieber);STAY (with Justin Bieber);89;141805;5HCyWlXZPP0y6Gqq8TgA20
the kid laroi;F*CK LOVE 3: OVER YOU;STAY (with Justin Bieber);86;141805;5PjdY0CKGZdEuoNab3yDmX
the kid laroi;Thousand Miles;Thousand Miles;81;164781;1r8ZCjfrQxoy2wVaBUbpwg
the kid laroi;F*CK LOVE (SAVAGE);WITHOUT YOU;80;161384;27OeeYzk6klgBh83TSvGMA
yot club;Bipolar;YKWIM?;84;212750;2vWBUC9djv6BtiGlmKiQaH
foster the people;Torches;Pumped Up Kicks;84;239600;7w87IxuO7BDcJ3YUqCyMTT
ive;After LIKE;After LIKE;88;176973;2gYj9lubBorOPIVWsTXugG
ive;LOVE DIVE;LOVE DIVE;85;177186;0Q5VnK2DYzRyfqQRJuUtvi
ive;ELEVEN;ELEVEN;79;178453;7n2FZQsaLb7ZRfRPfEeIvr
tate mcrae;you broke me first;you broke me first;84;169265;45bE4HXI0AwGZXfZtMp8JR
giveon;TAKE TIME;Heartbreak Anniversary;84;198370;3FAJ6O0NOHQV8Mc5Ri6ENp
morgan wallen;You Proof;You Proof;86;157477;5uU1uuyaUIBOiiUSQG7Wl3
morgan wallen;Dangerous: The Double Album;Wasted On You;83;178520;3cBsEDNhFI9E82vPj3kvi3
morgan wallen;If I Know Me;Whiskey Glasses;81;234346;6foY66mWZN0pSRjZ408c00
kendrick lamar;DAMN.;HUMBLE.;84;177000;7KXjTSCq5nL1LoYtL7XAwS
kendrick lamar;Black Panther The Album Music From And Inspired By;All The Stars (with SZA);83;232186;3GCdLUSnKSMJhs4Tj6CV3s
kendrick lamar;Mr. Morale & The Big Steppers;N95;83;195950;0fX4oNGBWO3dSGUZcVdVV2
kendrick lamar;Mr. Morale & The Big Steppers;Die Hard;82;239026;2g6tReTlM2Akp41g0HaeXN
50 cent;Get Rich Or Die Tryin';In Da Club;83;193466;7iL6o9tox1zgHpKUfh9vuC
vacations;Vibes;Young;83;189160;1KIJclzEbNhSVw8tiHPWwE
aventura;Volví;Volví;83;230125;2vmfvSoZBFAt9hhRoEByLi
one direction;FOUR (Deluxe);Night Changes;88;226600;5O2P9iiztwhomNh8xkR9lJ
one direction;Up All Night;What Makes You Beautiful;84;199986;4cluDES4hQEUhmXj6TXkSo
one direction;Midnight Memories (Deluxe);Story of My Life;83;245493;4nVBt6MZDDP6tRVdQTgxJg
one direction;FOUR (Deluxe);Steal My Girl;80;228133;2Bs4jQEGMycglOfWPBqrVG
one direction;Made In The A.M. (Deluxe Edition);Drag Me Down;80;192120;2K87XMYnUMqLcX3zvtAF4G
24kgoldn;El Dorado;Mood (feat. iann dior);83;140533;4jPy3l0RUwlUI9T5XHBW2m
capital cities;In A Tidal Wave Of Mystery (Deluxe Edition);Safe And Sound;83;192789;6Z8R6UsFuGXGtiIxiD8ISb
toto;Toto IV;Africa;83;295893;2374M0fQpWi3dLnB54qaLX
chris brown;Indigo (Extended);Under The Influence;96;184613;5IgjP7X4th6nMNDh4akUHb
chris brown;Indigo;No Guidance (feat. Drake);80;260640;6XHVuErjQ4XNm6nDPVCxVX
chris brown;Slime & B;Go Crazy;78;176960;1IIKrJVP1C9N7iPtG6eOsK
chris brown;Under The Influence;Under The Influence (Body Language);77;148750;71mHO4fFmS2Xu5XxZbcRND
lil nas x;STAR WALKIN' (League of Legends Worlds Anthem);STAR WALKIN' (League of Legends Worlds Anthem);90;210575;38T0tPVZHcPZyhtOcCP7pF
lil nas x;MONTERO;THATS WHAT I WANT;87;143901;0e8nrvls4Qqv5Rfa2UhqmO
lil nas x;INDUSTRY BABY (feat. Jack Harlow);INDUSTRY BABY (feat. Jack Harlow);86;212000;27NovPIUIRrOZoCHxABJwK
lil nas x;MONTERO;MONTERO (Call Me By Your Name);83;137704;1SC5rEoYDGUK4NfG82494W
lil nas x;MONTERO;INDUSTRY BABY (feat. Jack Harlow);81;212352;5Z9KJZvQzH6PFmb8SNkxuk
lil nas x;MONTERO (Call Me By Your Name);MONTERO (Call Me By Your Name);79;137875;67BtfxlNbhBmCDR2L2l8qd
lil nas x;7 EP;Old Town Road - Remix;79;157066;2YpeDb67231RjR0MgVLzsG
lil nas x;7 EP;Old Town Road;77;113000;0F7FA14euOIX8KcbEturGH
eminem;The Eminem Show;Without Me;88;290320;7lQ8MOhq6IN2w8EYcFNSUk
eminem;The Marshall Mathers LP;The Real Slim Shady;87;284200;3yfqSUWxFvZELEM4PmlwIR
eminem;The Eminem Show;Till I Collapse;86;297786;4xkOaSrkexMciUUogZKVTS
eminem;The Eminem Show;Superman;86;350320;4woTEX1wYOTGDqNXuavlRC
eminem;The Marshall Mathers LP;Stan;85;404106;3UmaczJpikHgJFyBTAJVoz
eminem;Music To Be Murdered By;Godzilla (feat. Juice WRLD);83;210800;7FIWs0pqAYbP91WWM0vlTQ
eminem;Recovery;Love The Way You Lie;83;263373;15JINEqzVMv3SvJTAXAKED
eminem;Recovery;Not Afraid;81;248133;7Ie9W94M7OjPoZVV216Xus
eminem;Just Lose It;Lose Yourself - From "8 Mile" Soundtrack;79;322226;1v7L65Lzy0j0vdpRjJewt1
eminem;The Marshall Mathers LP2 (Deluxe);Rap God;78;363521;6or1bKJiZ06IlK0vFvY75k
eminem;Venom (Music From The Motion Picture);Venom - Music From The Motion Picture;74;269573;3kpYJjvM8Ja6btr5hEJLWc
måneskin;Chosen;Beggin';86;211560;3Wrjm47oTz2sjIgck11l5e
måneskin;THE LONELIEST;THE LONELIEST;85;247067;1Ame8XTX6QHY0l0ahqUhgv
måneskin;Teatro d'ira - Vol. I;I WANNA BE YOUR SLAVE;83;173346;4pt5fDVTg5GhEvEtlz9dKk
måneskin;SUPERMODEL;SUPERMODEL;83;148064;63WuQOXohQIxOxIFA2K7bR
måneskin;Teatro d'ira - Vol. I;ZITTI E BUONI;76;194786;776AftMmFFAWUIEAb3lHhw
öwnboss;Move Your Body;Move Your Body;82;157444;6GomT970rCOkKAyyrwJeZi
gym class heroes;The Papercut Chronicles II;Stereo Hearts (feat. Adam Levine);82;210960;0qOnSQQF0yzuPWsXrQ9paz
riton;Friday (feat. Mufasa & Hypeman) [Dopamine Re-Edit];Friday (feat. Mufasa & Hypeman) - Dopamine Re-Edit;82;169153;4cG7HUWYHBV6R6tHn1gxrl
french montana;Jungle Rules;Unforgettable;82;233901;3B54sVLJ402zGa6Xm4YGNe
a$ap rocky;TESTING;Praise The Lord (Da Shine) (feat. Skepta);82;205040;7ycWLEP1GsNjVvcjawXz3z
new west;Those Eyes;Those Eyes;82;220750;2GThBgzZoZfz0lx1JjBwfe
duki;She Don't Give a Fo;She Don't Give a Fo;82;209531;03a359wbiUsjN9h6yzXvmS
børns;Dopamine;Electric Love;82;218106;2GiJYvgVaD2HtM8GqD9EgQ
mkto;MKTO;Classic;82;175426;6FE2iI43OZnszFLuLtvvmg
train;Save Me, San Francisco (Golden Gate Edition);Hey, Soul Sister;82;216773;4HlFJV71xXKIGcU3kRyttv
drake;Honestly, Nevermind;Jimmy Cooks (feat. 21 Savage);91;218364;3F5CgOj3wFlRv51JsHbxhe
drake;Views;One Dance;85;173986;1zi7xx7UVEFkmKfv06H8x0
drake;Scorpion;God's Plan;84;198973;6DCZcSspjsKoFjzjrWoCdn
drake;Certified Lover Boy;Fair Trade (with Travis Scott);83;291175;40iJIUlhi6renaREYGeIDS
drake;Views;One Dance;66;173973;5ZKG94fnjiuMH5yrC5S9lS
tv girl;French Exit;Lovers Rock;83;213920;6dBUzqjtbnIa1TwYbyw5CM
tv girl;Who Really Cares;Not Allowed;82;167864;3IznIgmXtrUaoPWpQTy5jB
tv girl;Who Really Cares;Cigarettes out the Window;80;198960;6QeYSvYqYUsfBzsApbjDHO
mac demarco;Salad Days;Chamber Of Reflection;82;231723;7H7NyZ3G075GqPx2evsfeb
mac demarco;2;My Kind of Woman;81;190845;6jgkEbmQ2F2onEqsEhiliL
chris stapleton;Traveller;Tennessee Whiskey;81;293293;3fqwjXwUGN6vbzIwvyFMhx
jonas brothers;Happiness Begins;Sucker;81;181026;22vgEDb5hykfaTwLuskFGD
backstreet boys;Millennium;I Want It That Way;81;213306;47BBI51FKFwOMlIiX6m8ya
metro boomin;NOT ALL HEROES WEAR CAPES (Deluxe);Space Cadet (feat. Gunna);81;203266;1fewSx2d5KIZ04wsooEBOz
cults;Static;Always Forever;81;223746;2enPRFda84VE2wtI8c86Uf
liana flores;recently;rises the moon;81;161929;51Grh1RyUDcMBbpuyUIUHI
rauw alejandro;LOKERA;LOKERA;91;195294;79HZAZNnOE97rb2hnI0XQr
rauw alejandro;PUNTO 40;PUNTO 40;85;190654;2TDyyEBasw10wu5Uh94bR1
rauw alejandro;VICE VERSA;Desesperados;83;224996;6mmPpaltUZK7xjNlBPQQ0p
rauw alejandro;Desesperados;Desesperados;83;224996;6ZOcbKub95XSDESsKKuH41
rauw alejandro;Todo De Ti;Todo De Ti;82;199604;4fSIb4hdOQ151TILNsSEaF
rauw alejandro;VICE VERSA;Cúrame;79;164705;1FlL8ycld6uVDDyhV7P5FA
rauw alejandro;VICE VERSA;Todo De Ti;78;199604;3rdAz1fbUfZxYgaCviYhRo
rauw alejandro;Fantasias (Remix) [feat. Farruko & Lunay];Fantasias - Remix;67;267241;0A37XY67wSdGqkGjtfW6aV
dire straits;Dire Straits;Sultans Of Swing;81;348400;37Tmv4NnfQeb0ZgUC4fOJj
nicki minaj;Super Freaky Girl;Super Freaky Girl;92;170977;4C6Uex2ILwJi9sZXRdmqXp
nicki minaj;Queen Radio: Volume 1;Super Freaky Girl;83;170977;2yjlYDiNiQkdxVqTlaSrlX
nicki minaj;Pink Friday: Roman Reloaded The Re-Up (Explicit Version);High School;67;218746;3UrNOHCzVxX2KZbNcKQAyu
bad bunny;Un Verano Sin Ti;Me Porto Bonito;97;178567;6Sq7ltF9Qa7SNFBsV5Cogx
bad bunny;Un Verano Sin Ti;Tití Me Preguntó;97;243716;1IHWl5LamUGEuP4ozKQSXZ
bad bunny;Un Verano Sin Ti;Efecto;96;213061;5Eax0qFko2dh7Rl2lYs3bx
bad bunny;Un Verano Sin Ti;Ojitos Lindos;95;258298;3k3NWokhRRkEPhCzPmV8TW
bad bunny;Un Verano Sin Ti;Moscow Mule;94;245939;6Xom58OOXk2SoU711L2IXO
bad bunny;Un Verano Sin Ti;Neverita;93;173119;31i56LZnwE6uSu3exoHjtB
bad bunny;Un Verano Sin Ti;Tarot;91;237894;41oY4WCTj5kccfesTVFnvN
bad bunny;Un Verano Sin Ti;Party;90;227628;4tYFy8ALRjIZvnvSLw5lxN
bad bunny;Un Verano Sin Ti;La Corriente;90;198367;1797zYiX4cKosMH836X9Gt
bad bunny;Yonaguni;Yonaguni;87;206710;2JPLbjOn0wPCngEot2STUS
bad bunny;Un Verano Sin Ti;Un Ratito;87;176936;5CzixCxDkRXX9mScCmah8O
bad bunny;Un Verano Sin Ti;Dos Mil 16;87;208615;4d4ZXH4dr5bYfgErHiZCX2
bad bunny;Un Verano Sin Ti;Un Coco;87;196412;6VrQTLzzuyGIYjUDe4kAZk
bad bunny;Un Verano Sin Ti;Andrea;86;339611;44XjoNvtwevktFKjvVe1vH
bad bunny;Un Verano Sin Ti;Otro Atardecer;85;244444;0E0DRHf5PfMeor0ZCwB3oT
bad bunny;Un Verano Sin Ti;Yo No Soy Celoso;85;230704;5kVZxyMY1gfdCLiChsfjn1
bad bunny;Un Verano Sin Ti;Me Fui de Vacaciones;85;180929;28GCbKgjlVD9eDmasGbe0T
bad bunny;YHLQMDLG;La Santa;84;206420;69vlMrzHwATKzupwNcUPyK
bad bunny;Un Verano Sin Ti;Enséñame a Bailar;84;176000;2NMjggapJcXXM7WccGEBUO
bad bunny;Un Verano Sin Ti;Aguacero;84;210989;2uflssWlCaJ6CbTMOsUpNI
bad bunny;DÁKITI;DÁKITI;83;205090;47EiUVwUp4C9fGccaPuUCS
bad bunny;Diles;Diles;83;286040;6C1RD7YQVvt3YQj0CmuTeu
bad bunny;X 100PRE;Si Estuviésemos Juntos;83;169247;35wvL50xvKpCHEJPxLOLPI
bad bunny;YHLQMDLG;A Tu Merced;83;175918;4r9jkMEnArtWGH2rL2FZl0
bad bunny;Un Verano Sin Ti;Agosto;83;139041;0wihfILRNOwE2156Shezc8
bad bunny;Un Verano Sin Ti;El Apagón;83;201816;0UvZcEfpzVyx47QsRbjyBz
bad bunny;EL ÚLTIMO TOUR DEL MUNDO;LA NOCHE DE ANOCHE;82;203200;2XIc1pqjXV3Cr2BQUGNBck
bad bunny;YHLQMDLG;Si Veo a Tu Mamá;82;170971;41wtwzCZkXwpnakmwJ239F
bad bunny;Un Verano Sin Ti;Callaita;81;250533;71wFwRo8xGc4lrcyKwsvba
bad bunny;EL ÚLTIMO TOUR DEL MUNDO;TE MUDASTE;81;130013;5RubKOuDoPn5Kj5TLVxSxY
bad bunny;EL ÚLTIMO TOUR DEL MUNDO;DÁKITI;80;205090;4MzXwWMhyBbmu6hOcLVD49
bad bunny;Callaita;Callaita;80;250533;2TH65lNHgvLxCKXM3apjxI
bad bunny;YHLQMDLG;Safaera;80;295176;2DEZmgHKAvm41k4J3R2E9Y
bad bunny;YHLQMDLG;La Difícil;80;163084;6NfrH0ANGmgBXyxgV2PeXt
bad bunny;MIA (feat. Drake);MIA (feat. Drake);79;210367;116H0KvKr2Zl4RPuVBruDO
bad bunny;YHLQMDLG;Yo Perreo Sola;79;172127;0SqqAgdovOE24BzxIClpjw
bad bunny;Vete;Vete;79;192024;5DxXgozhkPLgrbKFY91w0c
bad bunny;YHLQMDLG;La Zona;79;136892;5kqNIqFjijuzvVLhuY9B8j
bad bunny;X 100PRE;La Romana;77;300579;1khmgu0pveJbkbpbkyvcQv
bad bunny;X 100PRE;MIA;65;210367;3gE4eQH3K83Sght0ZLvuBK
bad bunny;New Pop Icons;MIA;0;210367;5hnGly9RuGiixupoVrLTNI
bad bunny;Today's Party Hits;MIA;0;210367;0tQyUsejipsHr5BEdx7wLX
mark ronson;Uptown Special;Uptown Funk (feat. Bruno Mars);83;269666;32OlwWuMpZ6b0aN2RZOeMS
mark ronson;Nothing Breaks Like a Heart (feat. Miley Cyrus);Nothing Breaks Like a Heart (feat. Miley Cyrus);78;217466;27rdGxbavYJeBphck5MZAF
ricky montgomery;Montgomery Ricky;Line Without a Hook;82;249586;5NvOZCjZaGGGL597exlQWv
ricky montgomery;Montgomery Ricky;Mr Loverman;79;216880;2IVsRhKrx8hlQBOWy4qebo
luke combs;The Kind of Love We Make;The Kind of Love We Make;82;224426;28n8z9IQKyjMPxmvYMBqZa
luke combs;This One's for You Too (Deluxe Edition);Beautiful Crazy;80;193200;2rxQMGVafnNaRaXlRMWPde
luke combs;What You See Ain't Always What You Get (Deluxe Edition);Forever After All;79;232533;6IBcOGPsniK3Pso1wHIhew
ariana grande;Positions;positions;85;172324;35mvY5S1H3J2QZyna3TFe0
ariana grande;thank u, next;7 rings;84;178626;6ocbgoVGwYJhOv1GgI9NsF
ariana grande;Stuck with U;Stuck with U (with Justin Bieber);83;228482;4HBZA5flZLE435QTztThqH
ariana grande;My Everything (Deluxe);One Last Time;83;197266;7xoUc6faLbCqZO6fQEYprd
ariana grande;thank u, next;thank u, next;82;207320;3e9HZxeyfWwjeyPAMmWSSQ
ariana grande;Positions;34+35;81;173710;6Im9k8u9iIzKMrmV7BWtlF
ariana grande;boyfriend;boyfriend (with Social House);80;186106;0Ryd8975WihbObpp5cPW1t
ariana grande;Sweetener;God is a woman;80;197546;5OCJzvD7sykQEKHH7qAC3C
ariana grande;Positions;motive (with Doja Cat);78;167989;5GkQIP5mWPi4KZLLXeuFTT
ariana grande;Sweetener;no tears left to cry;78;205920;2qT1uLXPVPzGgFOx4jtEuo
ariana grande;My Everything (Deluxe);Love Me Harder;78;236133;5J4ZkQpzMUFojo1CtAZYpn
ariana grande;thank u, next;break up with your girlfriend, i'm bored;78;190440;4kV4N9D1iKVxx1KLvtTpjS
ariana grande;Dangerous Woman;Side To Side;76;226160;44ONERBHALxftQNWq6dmyd
ariana grande;Dangerous Woman;Into You;76;244453;76FZM38RC8XaAjJ77CVTNe
declan mckenna;What Do You Think About the Car?;Brazil;80;252306;4sNG6zQBmtq7M8aeeKJRMQ
niall horan;Flicker (Deluxe);This Town;80;232852;0qvzXomUDJVaUboy2wMfiS
5 seconds of summer;Youngblood (Deluxe);Youngblood;81;203417;2iUXsYOEPhVqEBwsqP70rE
5 seconds of summer;13 Reasons Why (Season 3);Teeth;79;204887;26wLOs3ZuHJa2Ihhx6QIE6
van morrison;Blowin' Your Mind!;Brown Eyed Girl;80;183306;3yrSvpt2l1xhsV9Em88Pul
joy again;Looking Out for You;Looking Out for You;80;179499;3jfZ9M23l0L7RxzYMTgBTv
ali gatie;YOU;It's You;80;212606;5DqdesEfbRyOlSS3Tf6c29
suki waterhouse;Good Looking;Good Looking;80;214800;3L3G4XFQqtFe9a3azMacZ5
roar;I Can't Handle Change;I Can't Handle Change;80;198213;0I1eFRytp4XRhLCjT6tZm7
duncan laurence;Arcade;Arcade;80;183624;1Xi84slp6FryDSCbzq4UCD
snow patrol;Eyes Open;Chasing Cars;80;267960;5hnyJvgoWiQUYZttV4wXy6
sleep miracle;Brown Sleep Noise;Brown Sleep Noise;80;248000;5UBonaClAZVfzxJNn8nnhh
camila cabello;Bam Bam (feat. Ed Sheeran);Bam Bam (feat. Ed Sheeran);87;206070;0QBzMgT7NIeoCYy3sJCof1
camila cabello;Familia;Bam Bam (feat. Ed Sheeran);82;206070;2DB4DdfCFMw1iaR6JaR03a
camila cabello;Camila;Havana (feat. Young Thug);80;217306;1rfofaqEpACxVEHIZBJe6W
camila cabello;Romance;My Oh My (feat. DaBaby);76;170746;3yOlyBJuViE2YSGn3nVE1K
camila cabello;Camila;Never Be the Same;74;226973;4eWQlBRaTjPPUlzacqEeoQ
maroon 5;JORDI (Deluxe);Memories;85;189486;4cktbXiXOapiLBMprHFErI
maroon 5;Overexposed Track By Track;Payphone;84;231173;1XGmzt0PVuFgQYYnV2It7A
maroon 5;V (Asia Tour Edition);Animals;70;231013;3h4T9Bg8OVSUYa6danHeH5
shouse;Love Tonight (David Guetta Remix);Love Tonight - David Guetta Remix Edit;81;158095;2prnn41CblB8B4yWACDljP
shouse;Love Tonight;Love Tonight - Edit;78;241970;6OufwUcCqo81guU2jAlDVP
kodaline;In A Perfect World (Expanded Edition);All I Want;82;305746;0NlGoUyOJSuSHmngoibVAs
kodaline;Politics of Living;Brother;77;203186;65gLJGey4u4KFFqoC5fzFJ
denise julia;NVMD;NVMD;79;181224;7ArVzlFsFsQXNseVXmdOyk
selena gomez & the scene;When The Sun Goes Down;Love You Like A Love Song;81;188453;0laYHRpNTS6i8FXdupHkJ4
selena gomez & the scene;When The Sun Goes Down;Who Says;77;195613;3TcL0dyCMyr0kyTTc4NLgI
rixton;Let The Road;Me And My Broken Heart;79;193733;1oew3nFNY3vMacJAsvry0S
dynoro;In My Mind;In My Mind;79;184560;0E9ZjEAyAwOXZ7wJC0PD33
masked wolf;Astronaut In The Ocean;Astronaut In The Ocean;79;132780;3Ofmpyhv5UAQ70mENzB277
men i trust;Show Me How;Show Me How;79;215110;01TyFEZu6mHbffsVfxgrFn
girls' generation;FOREVER 1 - The 7th Album;FOREVER 1;79;202533;1oen3GpTcA486fTHaT7neg
myke towers;Luces De Neón;Luces De Neón;80;219789;5B60XFKzm8WsJTdVyt4u4I
myke towers;Ande Con Quien Ande;Ande Con Quien Ande;78;208734;6AizmGCrFRQHru1Qf8WKoJ
trevor daniel;Nicotine;Falling;79;159381;0Aqi7ArnBrGblW5T6p2jmD
aurora;All My Demons Greeting Me As A Friend (Deluxe);Runaway;79;248826;1v1oIWf2Xgh54kIWuKsDf6
the wanted;Battleground (Deluxe Edition);Glad You Came;79;197935;5yDL13y5giogKs2fSNf7sj
troye sivan;Strawberries & Cigarettes;Strawberries & Cigarettes;82;201538;3afkJSKX0EAMsJXTZnDXXJ
troye sivan;Angel Baby;Angel Baby;82;220779;2m6Ko3CY1qXNNja8AlugNc
troye sivan;Blue Neighbourhood (Deluxe);YOUTH;72;185194;0nhBKubnVz9yFNNprBniWz
tiago pzk;Nos Comemos (feat. Ozuna);Nos Comemos (feat. Ozuna);82;191086;6ojZtz3sZr6ynvejLOqgCj
tiago pzk;Traductor;Traductor;80;222857;77l75UICfUZK5k0G7WRGqg
tiago pzk;Portales;Traductor;74;222857;5x17YrAwajDUCqB8zT9ElY
nmixx;ENTWURF;DICE;82;165746;1QpwvWMQGdOgA8MXXfgs4H
nmixx;AD MARE;O.O;75;172936;3lrNsPdn98i6rxO142pLT6
nio garcia;AM Remix;AM Remix;79;261334;05bfbizlM5AX6Mf1RRyMho
nio garcia;Te Boté (Remix);Te Boté - Remix;78;417920;3V8UKqhEK5zBkBb6d6ub8i
mitski;Be the Cowboy;Washing Machine Heart;83;128198;3jjsRKEsF42ccXf8kWR3nu
mitski;Bury Me At Makeout Creek;First Love / Late Spring;79;278640;3sslYZcFKtUvIEWN9lADgr
mitski;Be the Cowboy;Nobody;78;193429;2P5yIMu2DNeMXTyOANKS6k
mitski;Bury Me At Makeout Creek;Francis Forever;78;149680;5411TEB6tlzvuF5A4oyldr
mitski;Be the Cowboy;Me and My Husband;77;137141;3pANfZVFdtuVnJsE6xa5Ox
mitski;Puberty 2;I Bet on Losing Dogs;75;170240;2Co0IjcLTSHMtodwD4gzfg
pixies;Surfer Rosa;Where Is My Mind? - Remastered;79;234973;7wCmS9TTVUcIhRalDYFgPy
pixies;Death to the Pixies;Where Is My Mind?;77;229226;0KzAbK6nItSqNh8q70tb0K
megan moroney;Tennessee Orange;Tennessee Orange;78;223119;29zZmiBDLykYYTj7RN6VhV
little mix;Glory Days (Expanded Edition);Power;78;247840;0lUSd7TCG8srh6HpIAEIWL
modjo;Modjo (Remastered);Lady - Hear Me Tonight;78;307153;49X0LAl6faAusYq02PRAY6
neil diamond;Sweet Caroline;Sweet Caroline;78;203573;62AuGbAkt8Ox2IrFFb8GKV
gambi;PETETE;PETETE;78;123846;0z3bi63SNZ5ylyHOzb81Uq
annenmaykantereit;Tom's Diner;Tom's Diner;78;269333;0oA9wBGDY4uyILLg4GymWP
beach bunny;Prom Queen;Prom Queen;82;136562;6MpCaSIOfqBqbMED4kXgNY
beach bunny;Honeymoon;Cloud 9;79;147350;6vFsBXYczYsP0H3lgunZOm
beach bunny;Sports;Sports;73;164165;77G0k1La0c5Dw8bAFANcyp
the backseat lovers;When We Were Friends;Kilby Girl;78;282205;1170VohRSx6GwE6QDCHPPH
なとり;Overdose;Overdose;78;197093;2Dzzhb1oV5ckgOjWZLraIB
le sserafim;FEARLESS;FEARLESS;83;168437;296nXCOv97WJNRWzIBQnoj
le sserafim;FEARLESS;Sour Grapes;77;196540;6wBpO4Xc4YgShnENGSFA1M
le sserafim;ANTIFRAGILE;ANTIFRAGILE;77;184444;4fsQ0K37TOXa3hEQfjEic1
le sserafim;FEARLESS;Blue Flame;75;201894;37YoRLUu1qId0ewavgvnkG
seulgi;28 Reasons - The 1st Mini Album;28 Reasons;78;189413;1dfsPqH09vnzUWEOsN98Ex
sachet-parampara;Maiyya Mainu (From "Jersey");Maiyya Mainu (From "Jersey");78;231575;4PwTeFfKqmR3XIeXXUBDOf
oasis;(What's The Story) Morning Glory? [Remastered];Wonderwall - Remastered;78;258773;5qqabIl2vWzo9ApSC317sa
pamungkas;Flying Solo;To the Bone;78;344571;3pCt2wRdBDa2kCisIdHWgF
estelle;Shine;American Boy;78;284733;22UDw8rSfLbUsaAGTXQ4Z8
shubh;No Love;No Love;83;170387;08Isz2ETWSBhvIl8UpKYsp
shubh;Baller;Baller;82;148188;42TMa2hgBNjte4uV7jNCnQ
shubh;We Rollin;We Rollin;79;199205;6ZYxNjuAU9Vy3VtF6W1dtE
shubh;Elevated;Elevated;76;200658;2AilvPt1AQ8PixlCKqkjfj
shubh;Offshore;Offshore;69;172054;4Mh04VNolWA9g97ychP72l
daft punk;Get Lucky (feat. Pharrell Williams & Nile Rodgers) [Radio Edit];Get Lucky (feat. Pharrell Williams & Nile Rodgers) - Radio Edit;82;248413;2Foc5Q5nqNiosCNqttzHof
daft punk;Random Access Memories;Instant Crush (feat. Julian Casablancas);76;337560;2cGxRwrMyEAp8dEbuZaVv6
daft punk;Random Access Memories;Get Lucky (feat. Pharrell Williams & Nile Rodgers);75;369626;69kOkLUCkxIZYexIgSG8rq
mgmt;Little Dark Age;Little Dark Age;83;299960;2Y0iGXY6m6immVb2ktbseM
mgmt;Oracular Spectacular;Kids;78;302840;1jJci4qxiYcOHhQR247rEU
mgmt;Oracular Spectacular;Electric Feel;77;229640;3FtYbEfBqAlGO46NUDQSAt
mgmt;Oracular Spectacular;Time to Pretend;72;261000;4iG2gAwKXsOcijVaVXzRPW
franz ferdinand;Franz Ferdinand;Take Me Out;79;237026;20I8RduZC2PWMWTDCZuuAN
franz ferdinand;This fffire;This fffire - New Version;76;218080;46gSk82duJtX3TTA182ruG
mother mother;O My Heart;Hayloft;78;181680;2kS6td1yvmpNgZTt1q5pQq
mother mother;Inside (Deluxe);Hayloft II;78;215040;0kYMwaQWABTkFff8AZjmYI
mother mother;O My Heart;Burning Pile;76;262173;0zMAvsQmaQ4DGsmXtKixpn
walker hayes;Country Stuff The Album;Fancy Like;77;161853;58UKC45GPNTflCN6nwCUeF
the vamps;Meet The Vamps;Somebody To You;77;185097;6VrLYoQKdhu1Jruei06t65
duke & jones;Jiggle Jiggle;Jiggle Jiggle;77;97208;1I4lCSP69P74nU3a6Su5L2
lost frequencies;Where Are You Now;Where Are You Now;88;148197;3uUuGVFu1V7jTQL60S1r8z
lost frequencies;Questions;Questions;76;177156;1cgy2FSOQMbq7DHCVgMAUA
lost frequencies;Less Is More;Are You With Me;74;138013;4255amV4enzl28KAn16rUO
lost frequencies;Less Is More;Reality;70;159480;1Mys1gf9SkMBAVGGxpkJ7d
regard;Ride It;Ride It;81;157605;2tnVG71enUj33Ic2nFN6kZ
regard;You;You;76;233386;2cc8Sw1OnCuA5bV8nqWqpE
regard;Hallucination;Hallucination;74;174794;7y3c1oJMY1CwwtOZ84Qovu
dr. dog;Shame, Shame (Deluxe Edition);Where'd All the Time Go?;77;234800;0UV5zxRMz6AO4ZwUOZNIKI
kansas;Point Of Know Return (Expanded Edition);Dust in the Wind;78;206266;6zeE5tKyr8Nu882DQhhSQI
kansas;Leftoverture (Expanded Edition);Carry on Wayward Son;76;323000;4DMKwE2E2iYDKY01C335Uw
vtornik;Money Rain (Phonk Remix);Money Rain - Phonk Remix;77;150941;4P0r0yO7HNPvOra7BHGixH
mr. probz;Waves (Robin Schulz Radio Edit);Waves - Robin Schulz Radio Edit;77;208133;1HFfMOxCAT4GAwaPfCdmUs
two feet;A 20 Something Fuck;I Feel Like I'm Drowning;78;185520;3aauaXWRgwCMoykMbI0Jq1
two feet;First Steps;Go Fuck Yourself;77;129599;4NZrZgrRoR4GwR7flWOXRI
two feet;Love Is a Bitch;Love Is a Bitch;76;181466;6MiVIH3fQlmz44jGx2DXn4
ritt momney;Put Your Records On;Put Your Records On;77;210463;6AGOKlMZWLCaEJGnaROtF9
muni long;Public Displays Of Affection;Hrs & Hrs;77;204316;3M5azWqeZbfoVkGXygatlb
bôa;Twilight;Duvet;77;203600;42qNWdLKCI41S4uzfamhFM
public;Make You Mine;Make You Mine;77;232906;5iFwAOB2TFkPJk8sMlxP8g
leehi;4 ONLY;ONLY;77;240906;6TBJkXHPhu3EsMk1bshwuI
lou bega;A Little Bit of Mambo;Mambo No. 5 (a Little Bit of...);77;220293;6x4tKaOzfNJpEJHySoiJcs
chimbala;Feliz;Feliz;77;177240;2mzDRrBn6M6rWX4bGzd1uQ
el alfa;LOS APARATOS;LOS APARATOS;82;232843;4SSbtLDkepeOHAckM1FCBP
el alfa;La Mamá de la Mamá;La Mamá de la Mamá;72;219000;2L95U6syP0bV3fkYYOzmiW
cyril kamer;Cinderella;Cinderella;77;193124;5R7l05dglCrUX0qjZ1Eec1
witt lowry;Into Your Arms (feat. Ava Max);Into Your Arms (feat. Ava Max);77;186022;0b11D9D0hMOYCIMN3OKreM
alex & sierra;It's About Us;Little Do You Know;77;185200;1almCHdsfikRPfVB9VrEdT
vaultboy;everything sucks;everything sucks;77;115401;3z06k8YF9CqX0CGFrlekOK
rachel platten;Wildfire;Fight Song;77;204013;37f4ITSlgPX81ad2EvmVQr
fun.;Some Nights;We Are Young (feat. Janelle Monáe);77;250626;5rgy6ghBq1eRApCkeUdJXf
kenny loggins;Yesterday, Today, Tomorrow - The Greatest Hits Of Kenny Loggins;Danger Zone - From "Top Gun" Original Soundtrack;77;215133;34x6hEJgGAOQvmlMql5Ige
madrigal;Seni Dert Etmeler;Seni Dert Etmeler;77;188500;10n66m41IGjA2ZulKPK7Ew
alicia keys;The Diary Of Alicia Keys;If I Ain't Got You;80;228706;3XVBdLihbNbxUwZosxcGuJ
alicia keys;As I Am (Expanded Edition);No One;78;253813;6IwKcFdiRQZOWeYNhUiWIv
alicia keys;Girl on Fire (Remixes) - EP;Girl on Fire;77;224920;4esOae7i4rqTbAu9o5Pxco
alicia keys;The Element Of Freedom;Empire State of Mind (Part II) Broken Down;72;216480;5sra5UY6sD658OabHL3QtI
jay wheeler;Platonicos;La Curiosidad;80;219048;4HYDUMY0xSpeBr0AMY9cUz
jay wheeler;Suelta;Suelta;76;243934;7kN7u1ZDOrNBKcEEGwGeDY
jay wheeler;Platónicos Mix (DJ Mix);La Curiosidad (feat. Myke Towers) - Mixed;74;93652;2cXeLEN1eguDzERP5csBUs
zayn;reputation Stadium Tour Surprise Song Playlist;I Don’t Wanna Live Forever (Fifty Shades Darker);80;247160;55n9yjI6qqXh5F2mYvUc2y
zayn;Icarus Falls;Dusk Till Dawn (feat. Sia) - Radio Edit;79;239000;3e7sxremeOE3wTySiOhGiP
zayn;Mind Of Mine (Deluxe Edition);PILLOWTALK;78;202746;0PDUDa38GO8lMxLCRc4lL1
zayn;Icarus Falls;Let Me;68;185373;2cEmWBBlCfR9wWrY9JmTyt
peter bjorn and john;Writer's Block;Young Folks;76;276693;4dyx5SzxPPaD8xQIid5Wjj
iyaz;Replay;Replay;76;182306;4E5P1XyAFtrjpiIxkydly4
tracy chapman;Tracy Chapman;Fast Car;78;296800;2M9ro2krNb7nr7HSprkEgo
tracy chapman;Tracy Chapman;Baby Can I Hold You;74;193120;2DjWsDGgL1xNbhnr7f6t5F
kamrad;I Believe;I Believe;76;147007;2CewvqbfMOcnvYE3yayAJV
fresh;Chop (Nouvelle École);Chop (Nouvelle École);76;195560;6KHsTu4Ht4XYiWcZOOdwbW
beendo z;L'Élu;Pas bête;76;143525;3TVUW7bJJWDOonkVCZxfLV
alien ant farm;Anthology;Smooth Criminal;76;209266;5z6xHjCZr7a7AIcy8sPBKy
danzig;Danzig;Mother;76;204866;7txxAtOMwLLnQTpKeBL6bp
ghostemane;ANTI-ICON;Fed Up;76;151625;0BV0AYGLVlu2SdjN3J9twp
lonely god;Marlboro Nights;Marlboro Nights;76;68522;755inykyaG4w22GWAsA3MX
mazie;the rainbow cassette;dumb dumb;79;125256;4qbEaaJ29p32GI8EWQmm6R
mazie;the rainbow cassette (bonus);dumb dumb - sped up;73;102663;2pJmSaPh5lMe4npn0Z6m8A
her's;Songs of Her's;What Once Was;76;255067;1XrSjpNe49IiygZfzb74pk
penelope scott;Public Void;Rät;76;194165;4blPH3Uy89WnOnYlIv7Ev4
current joys;Wild Heart;Blondie;76;194733;7sIx70dGj3VBiHWr0KZXfD
cody fry;Flying;I Hear a Symphony;76;185176;4ZHGRFGwjnEIXHG2FhcDPv
crush;Rush Hour;Rush Hour (Feat. j-hope of BTS);83;177302;5aucVLKiumD89mxVCB4zvS
crush;Guardian (Original Television Soundtrack), Pt. 4;Beautiful;69;227583;6mzF8HvHdVrzJNd8M1uFCS
sech;Relación (Remix);Relación - Remix;76;247308;35UUpTmrcFXNIVIN26ujXl
pav dharia;Na Ja;Na Ja;76;208000;32LKwbmh6yVsWoRRF8DIvf
dhibu ninan thomas;Adiye (From "Bachelor");Adiye - From "Bachelor";76;272000;2tMoOS9grHtn4upzb4LwMG
gnarls barkley;St. Elsewhere;Crazy;76;177466;1vxw6aYJls2oq3gW0DujAo
robin thicke;Blurred Lines (Deluxe);Blurred Lines;76;263826;0n4bITAu0Y0nigrz3MFJMb
keyshia cole;The Way It Is;Love;76;255333;0W4NhJhcqKCqEP2GIpDCDq
britney spears;Blackout;Gimme More;79;251240;6ic8OlLUNEATToEFU3xmaH
britney spears;Femme Fatale (Deluxe Version);Criminal;72;225080;6T689Jvh5KrSXyaPtUWZtQ
rage against the machine;Rage Against The Machine - XX (20th Anniversary Special Edition);Killing In The Name;80;313573;59WN2psjkt1tyaxjspN8fp
rage against the machine;Evil Empire;Bulls On Parade;75;229466;0tZ3mElWcr74OOhKEiNz1x
rage against the machine;The Battle Of Los Angeles;Guerrilla Radio;71;206200;1wsRitfRRtWyEapl0q22o8
bruce springsteen;Born In The U.S.A.;Dancing In the Dark;78;241306;7FwBtcecmlpc1sLySPXeGE
bruce springsteen;Born In The U.S.A.;I'm On Fire;74;155880;3PzsbWSQdLCKDLxn7YZfkM
bruce springsteen;Born In The U.S.A.;Born in the U.S.A.;74;278680;0dOg1ySSI7NkpAe89Zo0b9
dr. dre;2001;Still D.R.E.;84;270586;503OTo2dSqe7qk76rgsbep
dr. dre;2001;The Next Episode;81;161506;4LwU4Vp6od3Sb08CsP99GC
dr. dre;2001;Forgot About Dre;80;222293;7iXF2W9vKmDoGAhlHdpyIa
dr. dre;2001;What's The Difference;75;244200;1SWVDBtw6h3tm9OehOkDhv
dr. dre;I Need A Doctor;I Need A Doctor;72;283733;70ATm56tH7OrQ1zurYssz0
dr. dre;Gospel (with Eminem);Gospel (with Eminem);70;210027;3a2jFwnts4Cf0OwJbK61SL
dr. dre;Kush;Kush - Main;65;235120;1U8Ho1nOzKXYDvfigOuHG4
clairo;Immunity;Sofia;81;188386;7B3z0ySL9Rr0XvZEAjWZzM
clairo;Bubble Gum;Bubble Gum;80;175960;3zksbXteOCeSusJ5Xltr3t
clairo;Flaming Hot Cheetos;Flaming Hot Cheetos;76;123884;1F6IbA7di42uPc3cff8PXV
clairo;Immunity;Bags;75;260519;6UFivO2zqqPFPoQYsEMuCc
clairo;Sling;Amoeba;74;228922;0HAqq2GcQKyi3s87GuN7jU
clairo;4EVER;4EVER;72;159595;5mIOsPuQdXchVY0jB5NO9Q
clairo;diary 001;Hello?;69;135016;7qwt4xUIqQWCu1DJf96g2k
walk the moon;TALKING IS HARD;Shut Up and Dance;83;199080;4kbj5MwxO1bq9wjT5g9HaA
walk the moon;What If Nothing;Lost In The Wild;67;235960;0M1A9wInEHilyWkh4I8tWo
mark morrison;Return of the Mack;Return of the Mack;75;213093;3jDdpx9PMlfMBS5tOBHFm9
jennifer lopez;Love?;On The Floor;79;284866;3C0nOe05EIt1390bVABLyN
jennifer lopez;Ain't Your Mama;Ain't Your Mama;71;218234;2hgzdQdnfWwtdpZbhZlV72
sean kingston;Eenie Meenie;Eenie Meenie;75;201946;4vVTI94F9uJ8lHNDWKv0i2
ofenbach;Wasted Love (feat. Lagique);Wasted Love (feat. Lagique);75;139563;2pPO9YecZimmuVQfIzfV6U
george harrison;All Things Must Pass (Remastered 2014);My Sweet Lord - Remastered 2014;75;281226;0qdQUeKVyevrbKhAo0ibxS
kerchak;Peur (feat. Ziak);Peur (feat. Ziak);75;190213;7IXQrRgmHxWYWitSlyFY7z
damso;Ipséité;Δ. Dieu ne ment jamais;75;199346;6YWjskKykdPsBuiTBOg1VK
bill withers;Just As I Am;Ain't No Sunshine;79;125093;1k1Bqnv2R0uJXQN4u6LKYt
bill withers;Menagerie;Lovely Day;76;254560;0bRXwKfigvpKZUurwqAlEh
bill withers;Still Bill;Lean on Me;70;258834;3M8FzayQWtkvOhqMn2V4T2
prince;Purple Rain;Purple Rain;75;520786;54X78diSLoUDI3joC2bjMz
luniz;Operation Stackola;I Got 5 On It;75;253533;4IYKjN1DrYzxKXt0umJqsG
chani nattan;Daku;Daku;75;131077;3wz2vWhYnnBoFmgMkqtzLy
hvme;Goosebumps;Goosebumps;75;163208;20McUFi8KCIVdNDLrkTDuZ
banners;Where The Shadow Ends;Someone To You;77;219801;2f0pn9DkEJwAzXApnFh5cr
banners;Empires On Fire;Someone To You;73;219800;14BH4qO7pgCmIe6mgLKOK3
ralph castelli;Morning Sex;Morning Sex;75;175312;2fGRJzoiYJYAzlQAyBONMb
jin;Jirisan (Original Television Soundtrack) Pt. 4;Yours;75;264840;66sBTYlkaiyBwf4fhbIHlZ
ms krazie;Smile Now Cry Never;A Gangster's Wife;75;229640;6QNphn62YKaHG1hrnPSoHi
boza;Más Negro Que Rojo;Hecha Pa' Mi;75;186133;3VvA1wSxukMLsvXoXtlwWx
lunay;Épico;Soltera - Remix;75;266086;4t9a07PAghtQMRAIP9FQ7Z
los legendarios;Los Legendarios 001;Fiel;75;261665;7Bk0uXKk1uPT0XuQbpFzvs
anıl emre daldal;M.;M.;75;223750;6wfb4nI2Vih263JqC8WSoW
maluma;Junio;Junio;81;168601;4XqXNU8MwPHwbgZmNXmAdc
maluma;Sobrio;Sobrio;81;201180;4HzqWEdAbzcVFDv0pvxV4w
maluma;Nos Comemos Vivos;Nos Comemos Vivos;80;225365;3SlKme42qm1vWrkl3BrZmm
maluma;PAPI JUANCHO;Hawái;77;199112;1yoMvmasuxZfqHEipJhRbp
maluma;Hawái;Hawái;76;200197;4uoR6qeWeuL4Qeu2qJzkuG
maluma;11:11;11 PM;75;175733;7KbF6AdprOXEEHlsq11Z6d
maluma;F.A.M.E.;Felices los 4;74;230000;1RouRzlg8OKFeqc6LvdxmB
maluma;Hawái (Remix);Hawái - Remix;72;200481;0GzuHFG4Ql6DoyxFRnIk3F
maluma;11:11;HP;72;184435;1LIqNVhaIgxXUt2eVoIQJ3
maluma;F.A.M.E.;Corazón (feat. Nego do Borel);69;184720;5cepAtqnEQ6yVG6088zMMu
maluma;Mala Mía;Mala Mía;66;183752;62o8KoI44JfN7aYxgTnPvh
girl in red;we fell in love in october / forget her;we fell in love in october;80;184153;6FYfhKknpt05Om6YPcEYAg
girl in red;October Passed Me By;October Passed Me By;74;165746;0AjcdGri5vhJsmZnduCEqd
girl in red;i wanna be your girlfriend;i wanna be your girlfriend;70;204990;5PjdC2gMATetx5xdnwGUu7
rvfv;Pantera;Pantera;79;181333;4qGr8HmRjhdRoUCnLf82eM
rvfv;NASTU;Mi Luz (ft. Rels B);77;168000;0TkIQ2I48rz4kpk1XpfyHq
rvfv;Tigini (Remix);Tigini (Remix);76;175555;6stWVqWxtPPednHy1mzoOz
rvfv;NASTU;Mami;74;168367;4FjkjrvfbB3C4eUqWlw3vB
rvfv;Mirándote;Mirándote;67;135914;6wywJ7RutAY0JL7cMP7uFN
axwell /\ ingrosso;More Than You Know;More Than You Know;80;203000;6h5PAsRni4IRlxWr6uDPTP
axwell /\ ingrosso;More Than You Know;Sun Is Shining;69;254653;4b2tcjrG1qUkSdsqEFP2dB
strawberry guy;Mrs Magic;Mrs Magic;77;208500;0TZejo18HlJ86OrWNsXKnw
strawberry guy;F Song;F Song;72;224655;4z9KVNX4hmk672SJfhtQNz
phoebe bridgers;Stranger in the Alps;Motion Sickness;77;229760;5xo8RrjJ9CVNrtRg2S3B1R
phoebe bridgers;Punisher;Moon Song;72;277676;46RNrAkGsqWTDrv2ZPOAbx
labrinth;Euphoria (Original Score from the HBO Series);Formula;83;91869;6EtKlIQmGPB9SX8UjDJG5s
labrinth;Imagination & the Misfit Kid;Mount Everest;83;157497;1ZdhOMWyFR8Iv9eylMGYg2
labrinth;Euphoria (Original Score from the HBO Series);Still Don't Know My Name;80;153294;6N22FZs2ZhPBYi3b9XPajV
labrinth;All For Us (from the HBO Original Series Euphoria);All For Us - from the HBO Original Series Euphoria;76;192986;10hMM5nsZQf66ldBlgWBfG
labrinth;Euphoria (Original Score from the HBO Series);When I R.I.P.;75;174567;2t16D9V5FmmRAJjsSpwvZf
labrinth;Imagination & the Misfit Kid;All For Us;72;191710;76YSWx6L6FNsuaP6GWBb8P
labrinth;Kill For Your Love;Kill For Your Love;70;192170;4eaynYNbGdL9F90LGLcUsU
labrinth;Lift Off;Lift Off;66;184933;3ZcLmonVVD1MTQtmQb8yf3
labrinth;Euphoria (Original Score from the HBO Series);Nate Growing Up;65;153890;4iddJAOsc6U0hJ3krSJAKn
frank ocean;Blonde;Pink + White;85;184516;3xKsf9qdS1CyvXSMEid6g8
frank ocean;channel ORANGE;Lost;85;234093;3GZD6HmiNUhxXYf8Gch723
frank ocean;Blonde;Ivy;81;249191;2ZWlPOoWh0626oTaHrnl2a
frank ocean;Novacane;Novacane;81;302346;4osgfFTICMkcGbbigdsa53
frank ocean;Blonde;Nights;80;307151;7eqoqGkKwgOaWNNHx90uEZ
frank ocean;Chanel;Chanel;79;210285;6Nle9hKrkL1wQpwNfEkxjh
frank ocean;Blonde;White Ferrari;79;248807;2LMkwUfqC6S6s6qDVlEuzV
frank ocean;channel ORANGE;Thinkin Bout You;78;200746;7DfFc7a6Rwfi3YQMRbDMau
frank ocean;Blonde;Self Control;76;249667;5GUYJTQap5F3RDQiCOJhrS
frank ocean;channel ORANGE;Super Rich Kids;74;304760;0725YWm6Z0TpZ6wrNk64Eb
frank ocean;channel ORANGE;Pyramids;73;592920;4QhWbupniDd44EDtnh2bFJ
frank ocean;Blonde;Nikes;72;314075;19YKaevk2bce4odJkP5L22
frank ocean;channel ORANGE;Pink Matter;72;268813;1fOkmYW3ZFkkjIdOZSf596
frank ocean;Blonde;Solo;69;257380;35xSkNIXi504fcEwz9USRB
frank ocean;Biking;Biking;69;277520;2q0VexHJirnUPnEOhr2DxK
frank ocean;Swim Good;Swim Good;69;257186;3CgZCQyuyxHRMWB9BTwmni
frank ocean;channel ORANGE;Forrest Gump;69;194840;4YZbVct8l9MnAVIROnLQdx
frank ocean;Blonde;Skyline To;65;184600;4xR3MAscflQ262kMeiKshQ
frank ocean;Blonde;Close To You;65;85754;1VZLEW5ZfcAbKZ94XQiSZF
frank ocean;Blonde;Good Guy;64;66786;2JUqYobT8NvARdPmc4ES2x
travis scott;Birds In The Trap Sing McKnight;goosebumps;84;243836;6gBFPUFcJLzWGx4lenP6h2
travis scott;ASTROWORLD;SICKO MODE;83;312820;2xLMifQCjDGFmkHkpNLD9h
travis scott;HIGHEST IN THE ROOM;HIGHEST IN THE ROOM;82;175720;3eekarcy7kvN4yt5ZFzltW
travis scott;Goosebumps (Remix);Goosebumps - Remix;81;162802;5uEYRdEIh9Bo4fpjDd4Na9
travis scott;ASTROWORLD;5% TINT;79;196138;11kDth1aKUEUMq9r1pqyds
travis scott;ASTROWORLD;BUTTERFLY EFFECT;79;190557;2cYqizR4lgvp4Qu6IQ3qGN
travis scott;ASTROWORLD;CAN'T SAY;76;198408;27a1mYSG5tYg7dmEjWBcmL
travis scott;ASTROWORLD;STARGAZING;75;270714;7wBJfHzpfI3032CSD7CE2m
travis scott;ASTROWORLD;YOSEMITE;75;150043;7lAK3oHbfEnvUQWosrMMpR
travis scott;Rodeo (Expanded Edition);Antidote;74;262693;1wHZx0LgzFHyeIZkUydNXq
travis scott;ASTROWORLD;ASTROTHUNDER;74;142969;4MXhiYIRDMGAuvZc5IFTwC
travis scott;ASTROWORLD;NO BYSTANDERS;73;218283;6OaVWaGfhXn70ZJfdVcabn
travis scott;ESCAPE PLAN / MAFIA;MAFIA;72;240000;08F16baYbciTva9P4BvpiI
travis scott;ASTROWORLD;SKELETONS;72;145588;6NMtzpDQBTOfJwMzgMX0zl
travis scott;FRANCHISE (feat. Young Thug & M.I.A.);FRANCHISE (feat. Young Thug & M.I.A.);70;202794;4jVBIpuOiMj1crqd8LoCrJ
travis scott;ASTROWORLD;WAKE UP;70;231963;20MuVazoNMv6xjKPnRFOxG
travis scott;JACKBOYS;HIGHEST IN THE ROOM (feat. ROSALÍA & Lil Baby) - REMIX;68;244873;7h0d2h0fUmzbs7zeFigJPn
travis scott;FRANCHISE (feat. Future, Young Thug & M.I.A.) [REMIX];FRANCHISE (feat. Future, Young Thug & M.I.A.) - REMIX;65;207394;6qUabsNxudatEFedWGHoDh
travis scott;ASTROWORLD;BUTTERFLY EFFECT;56;190557;6xcJyGpfZbuuiequtnlKt4
peachy!;Falling for U;Falling for U;74;124000;2xhGZ3WzOa3tir28y7Cb88
johnny cash;American IV: The Man Comes Around;Hurt;74;216533;28cnXtME493VX9NOw9cIUh
why don't we;8 Letters;8 Letters;74;190026;4zRZAmBQP8vhNPf9i9opXt
silk city;Electricity (with Dua Lipa);Electricity (with Dua Lipa);74;238173;5N4erncE7kuUccm7zEmwzk
the rah band;Going Up;Messages from the Stars;74;254080;6lYY2HktYKpV1pUamfRlU1
aleemrk;Cold Hours;Cold Hours;74;206117;2uThc9fZx2BEL3t6uuRMO1
nf;The Search;The Search;74;248040;2OKo7g3KfmCt3kyLvUAL0g
stromae;Cheese;Alors on danse - Radio Edit;78;206066;2GYHyAoLWpkxLVa4oYTVko
stromae;racine carrée;Papaoutai;74;232146;34dx8DACTJsc3rsJdaEIQw
stromae;Alors On Danse (DubDogz Remix);Alors On Danse - DubDogz Remix;70;168576;19eIZmuXlBmLTha1lPHef7
madism;Pumped Up Kicks;Pumped Up Kicks;74;145161;3Dzso9Q2WwupEclqgxBZht
jack stauber;Pop Food;Oh Klahoma;75;185223;6SZwj6cjc8JQbkrr8cbIUn
jack stauber;Pop Food;Buttercup;73;208026;2mlGPkAx4kwF8Df0GlScsC
pedro capó;Calma (Remix);Calma - Remix;74;238200;5iwz1NiezX7WWjnCgY5TH4
ricky martin;Ricky Martin;Livin' la Vida Loca;74;243160;0Ph6L4l8dYUuXFmb71Ajnd
good charlotte;The Young and The Hopeless;The Anthem;74;175093;0BRHnOFm6sjxN1i9LJrUDu
unlike pluto;Everything Black;Everything Black;74;228979;3UEnF6y5tyHVtMzldS3svp
dido;No Angel;Thank You;74;218360;3yUcJwYu7fXAfqMj9krY6l
ziv zaifman;The Greatest Showman (Original Motion Picture Soundtrack);A Million Dreams;74;269453;0RoA7ObU6phWpqhlC9zH4Z
sinéad o'connor;I Do Not Want What I Haven't Got;Nothing Compares 2 U;74;280040;5GHY1DFWKz3Prg2V0Iodqo
gangga;Blue Jeans;Blue Jeans;74;211483;4kfjA6WfgKBt7I7YKuDCkU
mura masa;Mura Masa;Love$ick (feat. A$AP Rocky);74;192160;3sTN90bIP2cJ1783ctHykO
limp bizkit;Significant Other;Break Stuff;77;166706;5cZqsjVs6MevCnAkasbEOX
limp bizkit;Chocolate Starfish And The Hot Dog Flavored Water;Rollin' (Air Raid Vehicle);76;213760;3IV4swNduIRunHREK80owz
limp bizkit;Results May Vary;Behind Blue Eyes;74;269973;1MTQHCpraD4S8g5PAFKzoj
limp bizkit;Chocolate Starfish And The Hot Dog Flavored Water;Take A Look Around;74;321040;2avKuMN2QXkaG9vvHa2JLt
limp bizkit;Chocolate Starfish And The Hot Dog Flavored Water;My Way;73;272973;2gSVKxPDww9Eep5rdvtdem
limp bizkit;Significant Other;Nookie;69;289560;1TEZWG1FdjzDdercCguTwj
radiohead;Pablo Honey;Creep;85;238640;70LcF31zb1H0PyJoS1Sx1r
radiohead;OK Computer;No Surprises;82;229120;10nyNJ6zNy2YVYLrcwLccB
radiohead;OK Computer;Karma Police;76;264066;63OQupATfueTdZMWTxW03A
radiohead;The Bends;High and Dry;75;257480;2a1iMaoWQ5MnvLFBDv4qkf
radiohead;OK Computer;Exit Music (For A Film);73;267186;0z1o5L7HJx562xZSATcIpY
radiohead;The Bends;Fake Plastic Trees;72;290706;73CKjW3vsUXRpy3NnX4H7F
radiohead;In Rainbows;Weird Fishes/ Arpeggi;71;318186;4wajJ1o7jWIg62YqpkHC7S
radiohead;OK Computer;Paranoid Android;70;387213;6LgJvl0Xdtc73RJ1mmpotq
radiohead;In Rainbows;Nude;69;255386;35YyxFpE0ZTOoqFx5bADW8
radiohead;In Rainbows;Jigsaw Falling Into Place;69;248893;0YJ9FWWHn9EfnN0lHwbzvV
radiohead;Kid A;How to Disappear Completely;67;356333;2rtGaCAeYtmcIvuZsvgTf6
hailee steinfeld;Let Me Go (with Alesso, Florida Georgia Line & watt);Let Me Go (with Alesso, Florida Georgia Line & watt);77;174800;5Gu0PDLN4YJeW75PpBSg9p
hailee steinfeld;Fifty Shades Freed (Original Motion Picture Soundtrack);Capital Letters;70;219373;6l0Ky2PycJV1Bz88kFeVGL
kep1er;FIRST IMPACT;WA DA DA;74;183693;4gdiCHNbwugojBqr5Jt3pq
kep1er;DOUBLAST;Up!;73;192026;3XZAvh2NCDQYHgJei35VQ1
the neighbourhood;I Love You.;Sweater Weather;93;240400;2QjOHCTQ1Jl3zawyYOpxh6
the neighbourhood;Wiped Out!;Daddy Issues;87;260173;5E30LdtzQTGqRvNd7l6kG5
the neighbourhood;Hard To Imagine The Neighbourhood Ever Changing;Softcore;86;206280;2K7xn816oNHJZ0aVqdQsha
the neighbourhood;Hard To Imagine The Neighbourhood Ever Changing;You Get Me So High;83;153000;7zwn1eykZtZ5LODrf7c0tS
the neighbourhood;Hard To Imagine The Neighbourhood Ever Changing;Reflections;80;244013;2xql0pid3EUwW38AsywxhV
the neighbourhood;Wiped Out!;The Beach;78;255133;2u0CelO5c81XS7z3dGpHbS
the neighbourhood;I Love You.;Afraid;77;251186;7brQHA2CgQpcMBiOlfiXYb
the neighbourhood;Chip Chrome & The Mono-Tones (Deluxe);Stargazing;76;217026;0VF7YLIxSQKyNiFL3X6MmN
the neighbourhood;Daddy Issues (Remix) feat. Syd;Daddy Issues (Remix) feat. Syd;75;181186;5Q6fh8OEhBYepJaORz9lxe
the neighbourhood;Chip Chrome & The Mono-Tones;Pretty Boy;75;234093;7IL8PSVwLOJxqYne6azxQv
the neighbourhood;Wiped Out!;Cry Baby;74;235160;0EfsDEYaSjGYd66Pr881nq
the neighbourhood;#000000 & #FFFFFF;Unfair;72;146866;0xD23i0X1WjqMSYIxRfO80
the neighbourhood;I'm Sorry...;Wires;71;193080;5v8aEcHcaJIGYpfVVPtJjI
the neighbourhood;Chip Chrome & The Mono-Tones;Devil's Advocate;71;186306;4XfI7M5gLwEY84gYiH4RDD
the neighbourhood;Wiped Out!;Baby Came Home 2 / Valentines;71;390493;40gvh6jP5qxMJuMmF9lG9A
the neighbourhood;Fallen Star;Fallen Star;70;224938;60F6pgM6H6miNr5AmjxwjL
the neighbourhood;Hard To Imagine The Neighbourhood Ever Changing;Compass;70;167960;0YNtAadZvKBBEFARtfoCV8
the neighbourhood;I Love You.;Flawless;70;246493;2Kt1XplPBQBsDKQDa6TssB
the neighbourhood;Hard To Imagine The Neighbourhood Ever Changing;Nervous;70;245000;113xf7t4qNM7038YJvauik
the neighbourhood;Wiped Out!;R.I.P. 2 My Youth;69;205280;07VBqWH6NG8L2ad3l84UKk
the neighbourhood;Hard To Imagine The Neighbourhood Ever Changing;Scary Love;69;222666;6TA5aymvVrtiPVbuAwmPIc
the neighbourhood;Hard To Imagine The Neighbourhood Ever Changing;Void;68;203666;2wXioTynVwrEWYRv6R6vEj
the neighbourhood;Chip Chrome & The Mono-Tones;Cherry Flavoured;68;208453;40iocOzytrqaRn5RbGPDNp
the neighbourhood;I Love You.;W.D.Y.W.F.M?;68;259413;3vooOYHU0Fi3ViCG7Ozh0Y
the neighbourhood;Wiped Out!;Prey;67;282640;38kjFXYgPvtuXCPbHPMGte
the neighbourhood;Thank You,;A Little Death;65;209706;0Ot6e3wYVQQ1Us9PM977jE
the neighbourhood;Sweater Weather (Young Saab Remix);Sweater Weather - Young Saab Remix;61;267270;5YCPqMoXNlPeUJ9fm1dlz3
george ezra;Wanted on Voyage (Expanded Edition);Budapest;79;200733;2ixsaeFioXJmMgkkbd4uj1
george ezra;Staying at Tamara's;Shotgun;78;201287;4ofwffwvvnbSkrMSCKQDaC
george ezra;Green Green Grass;Green Green Grass;77;167613;3rk4aJ0vAj3cFUIQEeASkT
george ezra;Gold Rush Kid;Green Green Grass;75;167613;4N5s8lPTsjI9EGP7K4SXzB
george ezra;Staying at Tamara's;Hold My Girl;74;211763;42bbDWZ8WmXTH7PkYAlGLu
george ezra;Staying at Tamara's;Paradise;69;222044;38zwkK6TtTjIW9tpYBfZ3D
george ezra;Wanted on Voyage (Expanded Edition);Blame It on Me;68;196400;2vzMWO0T008m86yDnXwkII
george ezra;Wanted on Voyage (Expanded Edition);Barcelona;67;188960;3ieLey98V9mIIh3W9gBlPF
kane brown;Different Man;Thank God;78;174560;1brnLTvarI9D1hLP6z2Ar8
kane brown;Be Like That (feat. Swae Lee & Khalid);Be Like That - feat. Swae Lee & Khalid;75;191406;5f1joOtoMeyppIcJGZQvqJ
kane brown;Kane Brown (Deluxe Edition);Heaven;73;179506;1HXy5I3HTWq8OvxCn0z7G7
kane brown;Memory;Memory;72;153337;34chhNX59Wo9HMFCsI3K8Y
kane brown;Kane Brown;What Ifs (feat. Lauren Alaina);72;188253;7zVCrzzEJU7u24sbJPXA5W
kane brown;Grand;Grand;70;178973;4WZ3liyYz5ZzDcL4ibAuOi
sleepy hallow;Still Sleep?;2055;81;123986;4XvcHTUfIlWfyJTRG0aqlo
sleepy hallow;Die Young (feat. 347aidan);Die Young (feat. 347aidan);81;148816;6EbVuwU7EnKeF2hdpViXCH
sleepy hallow;2 Mins of Pain (feat. Alborosie);2 Mins of Pain (feat. Alborosie);74;136695;2NVXBBbO4xGO851zrMfCFi
sleepy hallow;2055;2055;73;123986;0mG6igzxbH55XRyq3ygEh8
sleepy hallow;Sleepy Hallow Presents: Sleepy For President;Deep End Freestyle;67;115200;2AlYncTpVHKwHb55F9lF6O
sleepy hallow;Deep End Freestyle;Deep End Freestyle;64;115200;4zTPYAf5scZdp0LnwPPeWK
aespa;Girls - The 2nd Mini Album;Girls;78;240440;2WTHLEVjfefbGoW7F3dXIg
aespa;Next Level;Next Level;74;221573;2zrhoHlFKxFTRF5aMyxMoQ
aespa;Savage - The 1st Mini Album;Savage;74;238143;3dbLT62Cvs46Ju7a8gpr36
aespa;Illusion;Illusion;74;195053;5uFqjHOo3Sh0bVPCKf3DdH
aespa;Girls - The 2nd Mini Album;Illusion;72;195053;396FqjKmViUZ92Wmm4rx3i
aespa;Black Mamba;Black Mamba;70;174933;1t2qYCAjUAoGfeFeoBlK51
aespa;Life's Too Short;Life's Too Short (English Version);70;178133;2mgzUVvDpb1zMSB4glLQ6T
stray kids;MAXIDENT;CASE 143;82;191964;3O8G8eVrhfXTGttyQ1xVuq
stray kids;ODDINARY;MANIAC;80;182757;63irPUP3xB74fHdw1Aw9zR
stray kids;MAXIDENT;TASTE (Lee Know, Hyunjin, Felix);77;216120;05ib88vsMeLfwlAfrZyz99
stray kids;NOEASY;Thunderous;76;183266;0nwTMzpatarzvLvtwwzdCt
stray kids;GO LIVE;God’s Menu;76;167922;4XPXrcpyNr30Km6aPiflJy
stray kids;MAXIDENT;3RACHA (Bang Chan, Changbin, HAN);75;208573;6T4o4xEh61CpgM9v4jG5DJ
stray kids;NOEASY;Red Lights (Bang Chan, Hyunjin);74;189906;0LatE4S9UtCDwIdGQsFFKL
stray kids;MAXIDENT;CHILL;74;195146;1HshHZrFIF5MRXWCZntOPr
stray kids;ODDINARY;Charmer;74;188573;4QDpsNBlllaLGj8zbF2EE0
stray kids;MAXIDENT;Give Me Your TMI;74;198173;7CQhZA3qNDZBoTKWqjD7gR
stray kids;Street Man Fighter Original Vol.4 (Crew Songs);HEYDAY (Prod. Czaer);74;144773;35sE2Ehvd1GzBzAIC0zFIu
stray kids;IN LIFE;Back Door;73;189286;0XuepwFJUcKN8T5zTqoP0F
stray kids;MAXIDENT;SUPER BOARD;73;185960;078fJxqEUz0LvbHSM6AoXJ
stray kids;MAXIDENT;Can't Stop (Seungmin, I.N);73;209666;33vfE5bxDMHpOFHMSgxehR
stray kids;CIRCUS;CIRCUS;73;194440;2uw2ftfyS4yJLWiTtbxasE
stray kids;ODDINARY;VENOM;71;194840;4b3rGL8LDSkbARUUA20136
stray kids;MAXIDENT;CIRCUS (Korean Ver.);70;194400;3JeLa5o0NxQjQHhVYaTLV0
stray kids;Mixtape : Time Out;Mixtape : Time Out;70;175293;0OCDOcvQvozjsivREMojzx
stray kids;NOEASY;DOMINO;70;198720;6Ib6RkvLBMD85bov85apSL
stray kids;Christmas EveL;Christmas EveL;67;178529;5npCUsfrlhdyjxyCa32maW
stray kids;Clé 1 : MIROH;MIROH;66;207617;2sFWzfV3kqAwXEWM9BjzwH
stray kids;ODDINARY;Lonely St.;66;164853;2xo84jGkxFPrZmmBtS3Pkd
crazy town;The Gift Of Game;Butterfly;73;216733;4BggEwLhGfrbrl7JBhC8EC
los retros;Someone To Spend Time With;Someone To Spend Time With;73;173953;6SE4JAo7T8C7XkFka5bbga
traveling wilburys;The Traveling Wilburys, Vol. 1;End Of The Line;73;209520;4HA2jo7wkMdN1lmLO6ryzE
sabrina carpenter;Singular Act II;Looking at Me;73;181120;59tskctgqUmjCWAwhzYAFm
kx5;Escape (feat. Hayla);Escape (feat. Hayla);73;240445;10oKSzRcwbZsog2uq2gb4b
punctual;Do It All Again;Do It All Again;73;137419;6BwPstqf4RoRMbDidFWNxE
olivia o'brien;hate u love u;hate u love u;75;175466;6ATgDc6e4sPn84hvJsAmPt
olivia o'brien;Complicated;Complicated;71;189000;0jllH0usRFD4LJkJnGK9Lf
edward sharpe & the magnetic zeros;Up From Below;Home;73;306320;0cBPuDA3xUjR4Vh9o7CKy8
tech n9ne;ASIN9NE;Face Off;73;219802;6M47gaKejso9772SKTa3yH
mxmtoon;the masquerade;prom dress;73;197933;2xCGBWfzTe8l2kvHpgvB6M
mad tsai;killer queen;killer queen;73;178888;0qo1JukfClmpHnUOJxpFXi
the xx;xx;Intro;73;127920;2usrT8QIbIk9y0NEtQwS4j
beabadoobee;Beatopia;the perfect pair;77;177533;41P6Tnd8KIHqON0QIydx6a
beabadoobee;Patched Up;Tired;73;199514;6F5mZpEEjhsAW8UEqbIpz1
beabadoobee;Coffee;Coffee;69;126824;429NtPmr12aypzFH3FkN9l
sir chloe;Party Favors;Michelle;73;214087;3bTzAFtvHyDWJcIyTQijGO
phantogram;Voices;Black Out Days;77;227160;2IWtloZYQDcP8Ashwx8QEF
phantogram;Black Out Days (Future Islands Remix);Black Out Days - Future Islands Remix;76;248346;3kxkjirben9RVm9NqYa6rm
phantogram;Black Out Days [Future Islands Remix (Slowed)];Black Out Days - Future Islands Remix (Slowed);66;214394;5tRnzF4v2KL72QQdCjopyt
chanyeol;Guardian (Original Television Soundtrack), Pt. 1;Stay With Me;73;192441;1HYzRuWjmS9LXCkdVHi25K
jessi;ZOOM;ZOOM;78;174840;4IaxDf2FixiQXq0mW7key9
jessi;NUNA;NUNU NANA;68;195836;2cUzIBGMvx2BZ2Q1fzjdl1
k/da;ALL OUT;VILLAIN;74;199125;3QSjVPObHxuAJc3E5nrjRn
k/da;POP/STARS;POP/STARS;73;191100;5sbooPcNgIE22DwO0VNGUJ
k/da;MORE;MORE;72;217088;6juLaduD4STCUDWT0AYun4
danileigh;Easy (Remix);Easy;73;186586;4CMrdHWqic0usIZfTrKoI3
jawsh 685;Savage Love (Laxed - Siren Beat) [BTS Remix];Savage Love (Laxed – Siren Beat) [BTS Remix];73;184905;4TgxFMOn5yoESW6zCidCXL
starset;Transmissions (Deluxe Version);My Demons;73;288036;3Xfg7AegXaDLoD5GOUMf2e
lil god dan;MARCELINE;MARCELINE;73;155054;17zEBtrjKKa2hwk9CxWIkX
sezairi;It's You;It's You;73;251440;7rdnB5DAyPbaj51TCQRcqW
rag'n'bone man;Human (Deluxe);Human;78;200186;58zsLZPvfflaiIbNWoA22O
rag'n'bone man;Human (Deluxe);Skin;68;239626;6y2Kaz9QI01XBKJ8mTb7Pf
ginuwine;R&B: From Doo-Wop To Hip-Hop;Pony;73;251733;6mz1fBdKATx6qP4oP1I65G
system of a down;Toxicity;Chop Suey!;83;210240;2DlHlPMa4M17kufBvI2lEN
system of a down;Toxicity;Toxicity;81;218933;0snQkGI5qnAmohLE7jTsTn
system of a down;Toxicity;Aerials;77;235053;4e9eGQYsOiBcftrWXwsVco
system of a down;Mezmerize;B.Y.O.B.;77;255466;0EYOdF5FCkgOJJla8DI2Md
system of a down;Hypnotize;Lonely Day;75;167906;1VNWaY3uNfoeWqb5U8x2QX
system of a down;System Of A Down;Sugar;73;153800;31RTFPrB7wmYBhlkM2ILXG
system of a down;Mezmerize;Violent Pornography;70;211333;249Z7XT6mf8B2zuI0RaeS0
system of a down;Hypnotize;Hypnotize;69;189440;6oO7WMjD6kEvCITLbVj0mu
system of a down;Mezmerize;Radio/Video;68;249226;41pOIT2t1rvr2Trg1HQChZ
system of a down;System Of A Down;Spiders;68;215440;4vAHXnJ5YWLq5hbIVzZS1h
system of a down;Toxicity;ATWA;67;176200;6gCVA6ja6g0foIsWv0RuSZ
system of a down;Hypnotize;Vicinity Of Obscenity;65;171800;5uMTA9SIe0sE4dnHHSHaYz
loud luxury;Body;Body;75;163216;21RzyxY3EFaxVy6K4RqaU9
loud luxury;These Nights;These Nights;70;132417;1GL7vwDnPqCnJ2xGNxNLwG
ashe;Moral of the Story;Moral of the Story;76;201083;2nC3QhMI9reBIOWutbU3Tj
ashe;Ashlyn;Moral of the Story;76;201016;69HzZ3ti9DLwb0GdWCGYSo
ashe;Ashlyn;Moral of the Story (feat. Niall Horan) - Bonus Track;74;198515;5v6qYImm5k36GHlFxdEZyv
ashe;Ashlyn;Till Forever Falls Apart;73;222926;4x5YzxjrF9wvIIXJV7TveC
ashe;Till Forever Falls Apart;Till Forever Falls Apart;69;222860;2769RhOZs0ezRncRW1vryp
ashe;Moral of the Story (feat. Niall Horan);Moral of the Story (feat. Niall Horan);67;198515;2NWVdwbd2hPIzC2lyf4y63
american authors;Oh, What A Life;Best Day Of My Life;79;194240;5Hroj5K7vLpIG4FNCRIjbP
american authors;What We Live For;I'm Born To Run;66;206920;6zDs6zI94L761vd0cVScTT
zico;Street Man Fighter Original Vol.3 (Mission by Rank);New thing (Prod. ZICO) (Feat. Homies);78;147426;5mdWIwsJAzR97ShGkt8gcR
zico;Any song;Any song;67;227226;1iIhGHzzrzqQfuNkFI2qAn
natti natasha;Mayor Que Usted;Mayor Que Usted;81;233519;7d7aPD2oxuzjhOZnu4Dj23
natti natasha;Criminal;Criminal;75;232549;6Za3190Sbw39BBC77WSS1C
natti natasha;Ram Pam Pam;Ram Pam Pam;69;200785;4DHDIdeayp8xvlyg22wREO
natti natasha;NATTIVIDAD;Ram Pam Pam;65;200706;730gfBUwEpyruhbSvDuytR
the script;#3 Deluxe Version;Hall of Fame (feat. will.i.am);80;202533;7wMq5n8mYSKlQIGECKUgTX
the script;No Sound Without Silence;Superheroes;75;245466;37sINbJZcFdHFAsVNsPq1i
the script;The Script;The Man Who Can't Be Moved;75;241373;3nqqDo8CcCLke3ZoTgiOKf
the script;#3 Deluxe Version;Hall of Fame;60;201093;0FB5ILDICqwK6xj7W1RP9u
twice;BETWEEN 1&2;Talk that Talk;86;177466;0RDqNCRBGrSegk16Avfzuq
twice;Formula of Love: O+T=<3;The Feels;78;198053;308Ir17KlNdlrbVLHWhlLe
twice;Eyes Wide Open;I CAN'T STOP ME;76;205493;37ZtpRBkHcaq6hHy0X98zn
twice;FANCY YOU;FANCY;76;213880;2qQpFbqqkLOGySgNK8wBXt
twice;Summer Nights;What is Love;75;208240;3zhbXKFjUDw40pTYyCgt1Y
twice;CRY FOR ME;CRY FOR ME;73;204167;2xtP8RNbo2BEMzLX7tK7aq
twice;BETWEEN 1&2;Basics;73;176973;63mL1DdcSFfxVJ9XGnSRQz
twice;Taste of Love;Alcohol-Free;72;210573;0BTaaKT4RMbs5M73tOHX5Y
twice;Feel Special;Feel Special;72;206866;3Hz3tTQwOdM6XkA0ALB2G9
twice;BETWEEN 1&2;Queen of Hearts;72;186946;3sOEVB8DirQtZc0qhw8lJc
twice;Formula of Love: O+T=<3;SCIENTIST;71;194600;0BJMgVrnWIvgYsjq8KaPeh
twice;Summer Nights;Dance The Night Away;69;180800;4DYIDSMIB5y2UmZFv9fxeX
twice;YES or YES;YES or YES;69;237680;26OVhEqFDQH0Ij77QtmGP9
twice;MORE & MORE;MORE & MORE;68;199653;3omvXShuRPM3zbDpWYqf5g
twice;Twicecoaster: Lane 1;TT;68;212986;60jFaQV7Z4boGC4ob5B5c6
twice;Twicetagram;Likey;68;207813;0IEVKWduAaMcZepZQVr80T
twice;Page Two;CHEER UP;66;208853;7lB4rxNVc7vm33ZSZXVRAQ
2pac;Greatest Hits;Hit 'Em Up - Single Version;81;312626;0Z2J91b2iTGLVTZC4fKgxf
2pac;All Eyez On Me;Ambitionz Az A Ridah;79;278386;5g9lS8deSIxItFBmZRC4vN
2pac;Greatest Hits;California Love - Original Version;79;284906;3ia3dJETSOllPsv3LJkE35
2pac;All Eyez On Me;All Eyez On Me (ft. Big Syke);77;307773;4VQNCzfZ3MdHEwwErNXpBo
2pac;R U Still Down? [Remember Me];Do For Love;75;281600;4AE7Lj39VnSZNOmGH2iZaq
2pac;Greatest Hits;Changes;73;268826;1ofhfV90EnYhEr7Un2fWiv
2pac;Me Against The World;Dear Mama;72;280000;6tDxrq4FxEL2q15y37tXT9
2pac;Strictly 4 My N.I.G.G.A.Z...;Keep Ya Head Up;71;262506;0XRbYXQUymj9SJkrr8YK5B
2pac;All Eyez On Me;Can't C Me;70;330760;7rUchbZxrhF29Q0vYjKEU0
2pac;Loyal To The Game;Ghetto Gospel;69;238053;7jLbTp3qZzah9kMIdW8e5M
2pac;All Eyez On Me;2 Of Amerikaz Most Wanted (ft. Snoop Doggy Dogg);69;246533;6LwrEZNkvFTOypNwSLjuaJ
2pac;All Eyez On Me;Only God Can Judge Me (ft. Rappin' 4-Tay);68;296906;7sKt5Y2zJpYw78iAxndB8y
2pac;Greatest Hits;Hail Mary;67;312373;2zoobJFEB9h15fjYjRd6oP
2pac;Until The End Of Time;Lil' Homies;64;223973;6vBMMa2erexusV4XrgXea9
the clash;Combat Rock (Remastered);Should I Stay or Should I Go - Remastered;80;188986;39shmbIHICJ2Wxnk1fPSdz
the clash;London Calling (Remastered);London Calling - Remastered;72;200480;5jzma6gCzYtKB1DbEwFZKH
the clash;Stranger Things (Soundtrack from the Netflix Original Series);Should I Stay or Should I Go - Remastered;65;186093;6SjbzGo7arjfM5cXpXhc5B
bob marley & the wailers;Exodus;Three Little Birds;78;180266;75FYqcxt1YEAtqDLrOeIJn
bob marley & the wailers;Uprising;Could You Be Loved;78;237000;5O4erNlJ74PIF6kGol1ZrC
bob marley & the wailers;Kaya;Is This Love;76;232200;6JRLFiX9NJSoRRKxowlBYr
bob marley & the wailers;Exodus;Jamming;74;211000;5LyfiK6iXEIBNEtcaGKohl
bob marley & the wailers;Confrontation;Buffalo Soldier;72;255840;7BfW1eoDh27W69nxsmRicb
bob marley & the wailers;Exodus;One Love / People Get Ready - Medley;71;172933;6SR0dDuXH2vtgBfMLrivKV
bob marley & the wailers;Uprising;Redemption Song;70;233560;26PwuMotZqcczKLHi4Htz3
bob marley & the wailers;Natty Dread;No Woman No Cry;59;226240;3PQLYVskjUeRmRIfECsL0X
itzy;CHECKMATE;SNEAKERS;78;179453;2WoluqyWzsgRmFCeHeGlnm
itzy;CRAZY IN LOVE;LOCO;76;191462;56Yxkm62GtEpnPyG7TvwLY
itzy;IT'z ME;WANNABE;74;191242;4pspYVQGFHLPEFgQPD1J7e
itzy;GUESS WHO;In the morning;72;172373;1Wcr8zrKqbUX0zwN8Dbr16
itzy;Not Shy;Not Shy;70;177728;1ehags7lQMM1qX94VJkoaf
itzy;IT'z Different;DALLA DALLA;68;199873;38rUIlTX93Aoif3WcY1wv6
itzy;GUESS WHO;SHOOT!;67;139213;2xeaHUnzzT5Kc974OQt1kA
empire of the sun;Walking On A Dream (10th Anniversary Edition);Walking On A Dream;79;198440;5r5cp9IpziiIsR6b93vcnQ
empire of the sun;Ice On The Dune;Alive;65;204546;2O9O26335YYVckmRgPKY3s
tinashe;Aquarius;2 On (feat. ScHoolboy Q);72;227000;3jVtllWS5CFFWLQng8sKsr
tenille arts;Love, Heartbreak, & Everything in Between;Somebody Like That;72;198208;3hboOw4dS0aXGuP0fyyvbC
mohombi;MoveMeant (International);Bumpy Ride;72;224720;71R6zJsrF3ffc3TBFHfivX
roberta flack;Killing Me Softly;Killing Me Softly With His Song;72;286920;3gsCAGsWr6pUm1Vy7CPPob
patrick hernandez;Born to Be Alive (The Original);Born to Be Alive - The Original;72;188133;3XIEWK1V9n25PS9Vb6axj5
the pointer sisters;So Excited! (Expanded Edition);I'm So Excited;72;230640;1ot6jEe4w4hYnsOPjd3xKQ
madison beer;Reckless;Reckless;80;203384;5ajjAnNRh8bxFvaVHzpPjh
madison beer;Showed Me (How I Fell In Love With You);Showed Me (How I Fell In Love With You);69;195845;5Kq2GzvM6XE8zN4RAKKLSf
madison beer;Life Support;Good In Goodbye;67;141949;4y3g40TWe7fCWCayJZuGvw
vianney;Call on me (feat. Ed Sheeran);Call on me (feat. Ed Sheeran);72;200706;2RO4aPByijQUqBZhYm1apz
mr. president;We See The Same Sun;Coco Jamboo;72;218733;5fRvePkRGdpn2nKacG7I6d
trapt;Trapt;Headstrong;72;285569;1AEYT6VxrxXPMoQUxsY0E4
ram jam;Ram Jam;Black Betty;72;238973;6kooDsorCpWVMGc994XjWN
quiet riot;Metal Health;Cum on Feel the Noize;72;290960;3vV3cr2TpPqFk07zxYUbla
lum!x;Monster;Monster;72;154226;0YU17F0BlVXvmx5ytsR43w
king princess;1950;1950;72;225133;0CZ8lquoTX2Dkg7Ak2inwA
carolesdaughter;Violent;Violent;72;135877;7CFfqRW50ffULvBv7lfIIg
rosé;R;Gone;72;207163;2ayIgfvWo3SfYP2pVOr4pC
rosé;R;On The Ground;72;168085;2xgACMNtJ5YktyvOC83SPO
shaun;Way Back Home (feat. Conor Maynard) [Sam Feldt Edit];Way Back Home (feat. Conor Maynard) - Sam Feldt Edit;73;192452;1ZLrDPgR7mvuTco3rQK8Pk
shaun;Take;Way Back Home;71;214136;3NxuezMdSLgt4OwHzBoUhL
(g)i-dle;I NEVER DIE;TOMBOY;80;174386;0IGUXY4JbK18bu9oD4mPIm
(g)i-dle;I trust;Oh my god;70;195866;2DmRXiyn03tOqKgEJXlaiJ
(g)i-dle;I burn;HWAA;66;197320;5FiXhM80sP4yg6tEnHkZZn
stayc;WE NEED LOVE;BEAUTIFUL MONSTER;74;180000;56s2s5e8WuBsWVKnmz6J9L
stayc;YOUNG-LUV.COM;RUN2U;73;213426;3gFcGnU4kTdMYLXDjH1TK8
stayc;STEREOTYPE;STEREOTYPE;71;191695;2bZIDMpzVooosmPHn0tHnd
stayc;STAYDOM;ASAP;70;194080;5BXr7hYZQOeRttkeWYTq5S
fmk;Prende la Cámara RMX;Prende la Cámara RMX;72;212629;5A1vGSsqw0UQCBxHOyPOjG
the dresden dolls;Yes, Virginia;My Alcoholic Friends;72;167680;2gvmxusSOe3vNjNDjQWaso
mitraz;Akhiyaan;Akhiyaan;74;191868;2l3dFxtoSMgMQVyRIUHjpz
mitraz;Junoon;Junoon;70;191111;4roFMBSQp7W4fYVxKMmhA5
sanam;Universally SANAM;Gulabi Aankhen;72;197759;1ccZZf0IQi5y0bHMl2aGDF
sheff g;One and Only;Weight On Me;73;157619;6A4hgJdwriera4WSUl4moW
sheff g;One and Only;No Suburban, Pt. 2;71;153561;3VayB5gLZGODx8b7RO1y5f
macy gray;On How Life Is;I Try;72;239440;5TAf4lnZCZTLlZHNZMLFLi
roxette;It Must Have Been Love;It Must Have Been Love - From the Film "Pretty Woman";78;258786;6kvoHl80mfCVTv7XnZkjQn
roxette;Look Sharp! (Extended Version);Listen To Your Heart;73;328093;5JvsxPAHsGxwNq4xto2HtM
roxette;Look Sharp! (Extended Version);The Look;70;237320;2oWMI54r0qT4N8Xb4C76vq
roxette;Joyride (Extended Version);Spending My Time;67;275666;2OHym1q6nzgtT75UCNjjro
maren morris;GIRL;The Bones;75;197293;7yFhA2fUsL2oIMWlw5DaHQ
maren morris;The Bones (with Hozier);The Bones - with Hozier;71;197298;1yTTMcUhL7rtz08Dsgb7Qb
maren morris;HERO (Deluxe Edition);My Church;69;197930;1LM5zQv5pBKPyO7rm7Uz6U
seventeen;SEVENTEEN 4th Album 'Face the Sun';HOT;80;197586;6I2tqFhk8tq69iursYxuxd
seventeen;SEVENTEEN 4th Album Repackage 'SECTOR 17';_WORLD;78;178453;3QwiidVHfeE9y5jl4n2MTC
seventeen;SEVENTEEN 4th Album Repackage 'SECTOR 17';CHEERS;76;181466;1pdFdv8R6ezIAUUNkn785b
seventeen;SEVENTEEN 9th Mini Album 'Attacca';Rock with you;75;180360;6LnEoRQKMcaFTR5UvaKuBy
seventeen;Love&Letter repackage album;VERY NICE;73;192092;1Rrj7KyS2R6SP9CQMDJW1w
seventeen;SEVENTEEN 4th Mini Album ‘Al1’;Don't Wanna Cry;71;203426;6Upu6yjkdi0DVI8E3IBZEU
seventeen;Darl+ing;Darl+ing;70;176546;6vo0dV9t7PCQZKsLFwVwZ5
seventeen;SEVENTEEN 4th Album 'Face the Sun';Darl+ing;70;176560;2j1Es5qEl4pD8GEe2WsYgP
seventeen;Heng:garæ;Left & Right;70;201773;5QGooKayQPVZMUDc8Qt3Dm
seventeen;SEVENTEEN 8th Mini Album 'Your Choice';Ready to love;70;186760;2FymmKBuog0loCuNXMwQID
seventeen;SEVENTEEN 4th Album 'Face the Sun';DON QUIXOTE;68;172360;7BiEgR5r0yMmFoWC9kOTGf
seventeen;SEVENTEEN 4th Album Repackage 'SECTOR 17';Circles;67;239613;6rurduYegrf5XSZrphuyF2
seventeen;SEVENTEEN 2ND ALBUM 'TEEN, AGE' (2);CLAP;67;167797;19t5GSN3XsLB7UOsZD8Fwv
seventeen;SEVENTEEN 6TH MINI ALBUM 'YOU MADE MY DAWN';Home;65;203731;5TyCTVsBsHeeutZcU2uP5s
dermot kennedy;Better Days;Better Days;74;198221;48USW4aYqrylYWJmFPbC8A
dermot kennedy;Songs of Sonder;Innocence and Sadness;72;252657;1oZqKv594G6ojGvDhEFsDw
dermot kennedy;Songs of Sonder;Kiss Me;68;229436;2hFDO1f9t96wZZdQnn5ejI
eagles;Hotel California (2013 Remaster);Hotel California - 2013 Remaster;84;391376;40riOy7x9W7GXjyGp4pjAv
eagles;Eagles (2013 Remaster);Take It Easy - 2013 Remaster;77;211577;4yugZvBYaoREkJKtbG08Qr
eagles;Hotel California (2013 Remaster);Life in the Fast Lane - 2013 Remaster;72;286219;6gXrEUzibufX9xYPk3HD5p
eagles;One of These Nights (2013 Remaster);One of These Nights - 2013 Remaster;71;291685;608xszaAxVh4m7NcKJiAbF
eagles;Desperado (2013 Remaster);Desperado - 2013 Remaster;68;213712;2TjnCxxQRYn56Ye8gkUKiW
eagles;Hotel California (2013 Remaster);New Kid in Town - 2013 Remaster;67;304925;6Zyz8lsnMFpIrCTuvGurCB
eagles;Hell Freezes Over (Remaster 2018);Love Will Keep Us Alive;66;243453;7bJSiwLFnhoO7g83bWkCtA
eagles;Hell Freezes Over (Remaster 2018);Hotel California - Live On MTV, 1994;65;432040;2GpBrAoCwt48fxjgjlzMd4
milky chance;Sadnecessary;Stolen Dance;80;313684;34xGLuxM0rkxhCVyMSqwJO
milky chance;Synchronize;Synchronize;73;164576;6Ql7rNuoP90aIdgwQkPYBP
milky chance;Sadnecessary;Down By The River;66;241052;5itF66zYn38tEXTAvFPqIk
milky chance;Sadnecessary;Flashed Junk Mind;66;262000;2D85QAziPXN1KMIW50NPpl
survivor;Rocky IV;Eye of the Tiger;77;245640;2KH16WveTQWT6KOG9Rg6e2
survivor;Eye Of The Tiger;Eye of the Tiger;75;243773;2HHtWyy5CgaQbC7XSoOb0e
survivor;Survivor Greatest Hits;Burning Heart - From "Rocky IV" Soundtrack;68;230106;2VN7uPrbryJ7nE2MXX3f9a
survivor;Rocky IV;Burning Heart - From "Rocky IV" Soundtrack;65;230720;2avaSeKHI5l4sLruVfLdi2
weathers;Happy Pills;Happy Pills;71;203080;3zjjzKg16tczCMwckGKGuH
black veil brides;Wretched and Divine: The Story Of The Wild Ones;In The End;71;228280;1RTYixE1DD3g3upEpmCJpa
the struts;Everybody Wants;Could Have Been Me;71;187653;3IyCL4Em1GOpNGDf451Hg1
mountain;Climbing!;Mississippi Queen;71;151293;4vO9dmzNRqDhFY3jD1a3P7
jbee;Next Up - S4-E2;Next Up - S4-E2, Pt. 1;77;120839;5wwPdWKbDEiybmWkZqsGGn
jbee;4am;4am;75;193714;3jTWd38NseaNnSuIK2Ybsp
jbee;Talking Stage;Talking Stage;66;177464;3Kim4tV3HTnpaELmIh56lI
jbee;24's;24's;66;166027;6pe4kkc27IKSkubhLY7a5C
grizzly bear;Veckatimest;Two Weeks;71;243160;0iTpQYzJnYgh7kIxyq8A2O
lonestar;Lonely Grill;Amazed;71;240866;6qc34bnVOyqGDPni8H5W0U
the chicks;Fly;Cowboy Take Me Away;71;287266;3rXCZRMiMZp0feGcYXpwYX
bob seger;Stranger In Town;Old Time Rock & Roll;74;194146;5EOoMWIB9iK4ZpcSex9Ec7
bob seger;Night Moves;Night Moves;72;324422;6UBjSnyP1O5W5ndJoO9vUk
bob seger;Against The Wind;Against The Wind;67;333720;1SWmFiFSIBoDbQJjNKC7SR
brooks & dunn;#1s ... and then some;Boot Scootin' Boogie;71;198226;7Fq9RwQxSn3kW85PrDUf0M
jony;Список твоих мыслей;Love Your Voice;71;150329;4hyVrAsoKKjxAvQjPRt0ai
prettymuch;Phases - EP;Eyes Off You;71;204266;0VpEX8ib3wE7u8NOw4szU6
wild cherry;Wild Cherry;Play That Funky Music;71;300000;5uuJruktM9fMdN9Va0DUMl
vinai;Rise Up (feat. Vamero);Rise Up (feat. Vamero);71;182000;46lyJh9GYmWsHez3EsvmAx
ruelle;Up In Flames;War Of Hearts;71;226216;4R8BdwRidxAWaYyFNU00P1
metronomy;The English Riviera;The Look;71;277653;6zfczP87XO2SxWlQtnjFNa
the front bottoms;Talon Of The Hawk;Twin Size Mattress;71;264676;14N3tALR3Mhf7UHpJRKk4L
the oh hellos;Dear Wormwood;Soldier, Poet, King;71;165673;3xtiXNDbSKxy20I7D6vFUg
john vincent iii;Songs from the Valley;Next to You;71;256519;3MwHZDGwAR8RjZZBriBqmx
xavier rudd;Spirit Bird;Follow The Sun;71;256266;3Y7fpFZbHLpAvWJJYGehz0
oboy;OMEGA;Avec Toi;71;193813;656vbT8JKkVx7g1yG12L89
plk;Enna Boost;Attentat;71;194266;5ioieZofgvXQK70RFhVohl
reo speedwagon;Wheels Are Turnin';Can't Fight This Feeling;73;294773;5WwqdeavrQrbeAMDxGawse
reo speedwagon;Hi Infidelity (30th Anniversary Edition);Keep on Loving You;72;200293;4rcHWl68ai6KvpXlc8vbnE
reo speedwagon;Hi Infidelity (30th Anniversary Edition);Take It On the Run;68;239680;5gys5nzVQIYhgHIfiOJYva
the cult;Love;She Sells Sanctuary;71;252533;3qLZ866ZfaK0B0R5FIqXLG
souls of mischief;93 'til Infinity;93 'Til Infinity;71;286440;0PV1TFUMTBrDETzW6KQulB
awfultune;I Met Sarah in the Bathroom;I Met Sarah in the Bathroom;76;121374;0mr8FAnN9X70p5KRUwMIJx
awfultune;redesign;redesign;66;148548;6L1V0LvpXBJ7QptKuLUj3v
badbadnotgood;IV;Time Moves Slow;71;273864;1IqF5PUDUnaykHLs0RWbDO
bol4;Red Diary Page.1;Some;74;181373;3jsYQw78lrxJA2ysnmOIf9
bol4;Red Diary Page.1;To My Youth;68;222680;4gMPlHHAjOQnUrhsuqHivn
ikon;Return;LOVE SCENARIO;71;209648;3d3ELsqKlQ7WA0a10Isu3l
taeyong;2021 Winter SMTOWN : SMCU EXPRESS;ZOO;71;177413;7eVu7FI02cTicLEgVtUvwF
weeekly;We play;After School;71;205373;52CBUrIdyf8tbZaUY9iawE
sam kim;Nevertheless, (Original Television Soundtrack, Pt. 6);Love Me Like That;71;211363;1lhm29o3syw122xynSKaAK
exid;X;FIRE;71;207013;7IkuRNVAjwXpZ2DheQHL4L
bruce hornsby;The Way It Is;The Way It Is;71;297853;6V50MyHPGhEmwYu0Wdyf0t
shasings;Let Me Down Slowly / Mai Dhoondhne Ko Zamaney / Kabhi Jo Badal Barsey (Medley);Let Me Down Slowly / Mai Dhoondhne Ko Zamaney / Kabhi Jo Badal Barsey (Medley);71;147579;2VrSkfinwUSNc7uAXiL0FA
priya saraiya;ABCD 2;Sun Saathiya;71;218724;0zuqABAUKs8WLVq8vCmfst
joan jett & the blackhearts;I Love Rock 'N' Roll (Expanded Edition);I Love Rock 'N Roll;77;175173;2Cdvbe2G4hZsnhNMKyGrie
joan jett & the blackhearts;Bad Reputation (Expanded Edition);Bad Reputation;68;169186;7pu8AhGUxHZSCWTkQ2eb5M
joan jett & the blackhearts;Up Your Alley;I Hate Myself for Loving You;68;246800;2HXixVqzzm9rEUIMAWzshl
bowling for soup;A Hangover You Don't Deserve;1985;71;193000;5oQcOu1omDykbIPSdSQQNJ
iamchino;Ay Mi Dios;Ay Mi Dios;71;252003;5Uel5PmPBZICA0TQTI912U
gazzzy;Feel Like God;Feel Like God;71;155951;0Ck25uqrWpIM3yGPP5lxFW
gentrammel;Out Of My Mind;Out Of My Mind;71;173846;01UeBfllW39eaKdiCw556R
aidan bissett;Tripping Over Air;Tripping Over Air;72;182382;7mzPAftljnsFmU6131Pqcd
aidan bissett;More Than Friends;More Than Friends;70;183012;1Ph96WpdjNlwD6iKRE2Xa3
jess benko;Do You Love Me, or Are You Just Lonely?;A Soulmate Who Wasn’t Meant to Be;71;316556;0gOz9JUXsaKVzLTSmFDtdo
neil young;Eat, Pray, Love;Heart Of Gold;74;188440;5vd1QZ0tdXOExiegC55IAS
neil young;Eat, Pray, Love;Harvest Moon;68;299106;2nekCvC9XRXQckWNnkIp2l
jeff buckley;Grace;Hallelujah;71;413826;3pRaLNL3b8x5uBOcsgvdqM
little circuits;Beautiful Imagination;Beautiful Imagination;71;143052;5LEHlRPjGcZ5RdagAwXpHS
ark patrol;Let Go;Let Go;71;248056;3kdlVcMVsSkbsUy8eQcBjI
marina;Electra Heart (Deluxe);Bubblegum Bitch;78;154666;6IbnUaczZBT34DhaD6S18F
marina;Electra Heart (Deluxe);Primadonna;74;221075;4sOX1nhpKwFWPvoMMExi3q
marina;The Family Jewels;Oh No!;72;182586;4sNwdacKyi2S26WrRtNama
marina;The Family Jewels;Are You Satisfied?;71;198960;6lKRMylSZMtA7EqPl0pcdI
marina;Electra Heart (Deluxe);How to Be a Heartbreaker;71;221493;2sEk5R8ErGIFxbZ7rX6S2S
marina;About Love (From The Netflix Film “To All The Boys: P.S. I Still Love You”);About Love - From The Netflix Film “To All The Boys: P.S. I Still Love You”;59;214106;4XII12nbsvJblXfG1I2QR4
boston;Boston;More Than a Feeling;79;285133;1QEEqeFIZktqIpPI4jSVSF
boston;Boston;Peace of Mind;68;303586;1GqlvSEtMx5xbGptxOTTyk
boston;Third Stage;Amanda;65;256200;4gpext9x0CbdD9NWaa4nDj
sigala;Stay the Night;Stay the Night;77;171954;4qtdkdTY1t3RmlmSbWykzR
sigala;Melody;Melody;75;167142;6Owc2SuzwO3LW1SAODYK3l
sigala;You for Me;You for Me;73;175435;73QyyUMMvtNELmULI4FOsp
sigala;Lasting Lover;Lasting Lover;72;218358;0DmAvNCAK08oCi7miSZUIY
sigala;Brighter Days;We Don't Care;56;207666;6THwtgImf1ZAR2w3iknjeS
lovelytheband;sail away;sail away;71;179000;6G8xvLFNkXy3HM5EbQI6c8
lovelytheband;finding it hard to smile;broken;70;204878;6XcfKZvJio9Z0fQy11GnNX
keung to;風雨不改 (電影《阿媽有咗第二個》主題曲);風雨不改 (電影《阿媽有咗第二個》主題曲);72;308053;172oAbLGpgeCsukno7oBRe
keung to;Dear My Friend,;Dear My Friend,;69;232007;11IqNbLOD4s4nVYSuEttFR
vundabar;Gawk;Alien Blues;82;155933;11iIikXxC6NP0Ma8vMD27x
vundabar;Gawk;Oulala;59;264346;499SvLeXfMRLhi6BSrPU3Y
nct dream;Beatbox - The 2nd Album Repackage;Beatbox;73;205133;0CatzXH85XWyBqqdB6qPMB
nct dream;Hot Sauce - The 1st Album;Hot Sauce;68;195813;6B8MM3PVQtUbZLay7tP7er
neck deep;The Peace And The Panic;Wish You Were Here;73;248253;4Ssi6tKwrTHi5qvDndrZRP
neck deep;Life's Not Out To Get You;December;68;218954;4oVdhvxZrKQTM9ZsUIZa3S
inner circle;Blazzin' Fire;Sweat (A La La La La Long);72;227067;1SssFw74DdHVjRa6ADggdD
inner circle;Blazzin' Fire;Bad Boys (Theme from COPS);69;229374;0qeKzbUsW0V4ZWRJrHNiD3
mimi webb;Ghost of You;Ghost of You;74;158063;7Kbw2fTMOU43MrqXdGzroh
mimi webb;House On Fire;House On Fire;73;140803;2iHsdUnmKGIuc9oRE3DfgJ
mimi webb;Good Without;Good Without;69;182121;15OCqNPYoLziEAsbVnqRj5
mimi webb;Goodbye;Goodbye;66;184167;5b6enCVP67LsqqrfTs6rxr
mecano;Entre el Cielo y el Suelo (Bonus Tracks Edition);Me cuesta tanto olvidarte;72;174946;1w2Nnj1HEUgoOglVRWfZj8
mecano;Entre el Cielo y el Suelo (Bonus Tracks Edition);Hijo de la luna;69;259146;2LmlZvAmT1L0O3iPVSQWOX
edis;Arıyorum;Arıyorum;72;193805;6g6MHm9u0h2Em9Xuk89eqR
edis;Martılar;Martılar;69;157439;1xEpgyKx4ZHtefFAh0SmU5
camilo;De Adentro Pa Afuera;Aeropuerto;78;177626;4v7riPZWyAclrOfUSwD0zp
camilo;KESI (Remix);KESI - Remix;76;176575;0IqCoZ168iRc9LqfrYgpZy
camilo;Pegao;Pegao;74;160733;7Dk8r4VR5NoveUvTiCKEXC
camilo;Mis Manos;KESI;70;177255;42lpuSQmnLUM1ZXJVzIVOi
camilo;Tutu;Tutu;69;178613;1nocRtwyNPVtGcIJqfgdzZ
camilo;Por Primera Vez;Tutu;65;179339;1Ol5LmdNDNpFu1oNwfgkux
camilo;Tutu (Remix);Tutu - Remix;61;164191;302I7g0l3jmAbzFu9WBCmu
tomorrow x together;minisode 2: Thursday's Child;Good Boy Gone Bad;78;191038;1HsSIPLTQT354yJcQGfEY3
tomorrow x together;The Chaos Chapter: FIGHT OR ESCAPE;LO$ER=LO♡ER;75;199919;21aOLk12MksET8AsbU0SI6
tomorrow x together;The Chaos Chapter: FREEZE;0X1=LOVESONG (I Know I Love You) feat. Seori;74;202203;1Z8TPHiKeCUyClxV6WTTIf
tomorrow x together;minisode1 : Blue Hour;Blue Hour;73;209105;3ObPkJQAgjAhTwYvDhPrAW
tomorrow x together;The Chaos Chapter: FREEZE;Anti-Romantic;72;215188;44tTqUi3xi7E28QLzHVdUA
tomorrow x together;minisode 2: Thursday's Child;Opening Sequence;71;177976;1exxGxUMlJWD1h9YcE9YZH
tomorrow x together;minisode 2: Thursday's Child;Lonely Boy (The tattoo on my ring finger);71;168751;6AOrC7t2WS5ykYcnoHpiS2
tomorrow x together;The Dream Chapter: MAGIC;9 and Three Quarters (Run Away);69;211866;1rqb2FCXVn2HNL1afJEnTr
tomorrow x together;Valley of Lies;Valley of Lies;69;184093;3Bgl1xMI00capuTqUHBNUW
tomorrow x together;minisode 2: Thursday's Child;Thursday's Child Has Far To Go;68;211399;04CHEoMbrLOiX8co3EG5dO
tomorrow x together;The Dream Chapter: ETERNITY;Can't You See Me?;67;201445;2ecGP5xUE5126x6yHa7J6E
tomorrow x together;The Dream Chapter: STAR;CROWN;66;230706;0EmYZZ8OqeALedVhijSjsg
tomorrow x together;The Dream Chapter: STAR;Cat & Dog;66;187573;3RsEvBUaNT9MXqUvQVuK1G
tomorrow x together;minisode 2: Thursday's Child;Trust Fund Baby;66;156364;20pl0RVGT7P6L1Jr9p51nw
vishal mishra;Kaise Hua (From "Kabir Singh");Kaise Hua (From "Kabir Singh");72;234722;1y1rQTkWmrZdJmjwuK07GC
vishal mishra;Kabir Singh;Kaise Hua;71;234722;5w0Xpt2YHT2Y3z3e4UUJP7
vishal mishra;Manjha;Manjha;71;191647;0UZLaEOSIc5kg0cc7eszqC
vishal mishra;Teri Hogaiyaan (From "Broken But Beautiful Season 2");Teri Hogaiyaan;69;175874;53S98SFeRSxjd7F7eUnfAJ
vishal mishra;Naacho Naacho (From "Rrr");Naacho Naacho (From "Rrr");68;214207;208sMwgVcaFt2mT79Df1KG
lauren daigle;Look Up Child;You Say;75;274693;6Up545NUflOiXo8cEraH49
lauren daigle;Look Up Child;Rescue;69;215613;7r9kOxiNDnkAg5QKqtyjVk
lauren daigle;How Can It Be;Trust in You;66;211600;50f6Sc85lbQgEaOfQm41Zr
prinz;Peter Pan (feat. Liilz);Peter Pan (feat. Liilz);70;139586;6lft9WPolzGl1c0sxWAMsZ
jake owen;Greetings From...Jake;Made For You;70;238400;7vF3xkCMvZjAe2nTWY0uQZ
the bellamy brothers;Bellamy Brothers;Let Your Love Flow;70;198760;064SVQsmWl5EF0zahmzkQk
niko moon;GOOD TIME;GOOD TIME;70;214720;2S8UMuLJ0z8agFgFGJ6Ztt
desireless;François;Voyage voyage;70;266600;2d8D7uk3tbAThjRkdfrx9c
kim wilde;Kim Wilde;Kids In America;70;205533;1YGZyfvdgZxzipWoWYVKxi
marc benjamin;I Want More;I Want More;70;129600;4ZWyj5whGZ3nNLwOtOLrMt
lil xan;TOTAL XANARCHY;Betrayed;70;187173;4vaxvNDaLSoD36iZX515ug
matt maltese;As the World Caves In;As the World Caves In;73;218754;4JE6agBLHGA5TaF6FlqfBD
matt maltese;Bad Contestant;As the World Caves In;71;218754;3NM41PVVUr0ceootKAtkAj
matt maltese;Krystal;Krystal;68;220244;5JJPfHpByZ66XsEyCNVi2p
matt maltese;Good Morning It's Now Tomorrow;Everyone Adores You (at least I do);68;203133;6klFWv2xDGeTDoiKTtx4hg
bread;Baby I'm-a Want You;Everything I Own;70;187000;52VIdyKqp1pJRSyUQaxKUA
ridsa;Santa Maria;Santa Maria;70;189519;3wfQEIvOfeVkXgGZogK3gL
mc kevinho;Olha A Explosão;Olha A Explosão;70;162053;6Q4foUefrAyCt8VxJFML56
saving abel;Saving Abel;Addicted;70;222826;3pxCXv0NACYfYnLjFcQW5D
chevelle;Wonder What's Next (Expanded Edition);The Red;70;238400;1gyee1JuFFiP476LQpRMYU
eddie money;Can't Hold Back;Take Me Home Tonight;70;211160;7b4yGtR0rujvLi5EBfKKJ2
saint jhn;Roses (Imanbek Remix);Roses - Imanbek Remix;81;176840;24Yi9hE78yPEbZ4kxyoXAI
saint jhn;Ghetto Lenny's Love Songs;Trap (feat. Lil Baby);67;184699;2Y8hY4rRRQQjdaZkkwzpd9
saint jhn;Collection One;Roses;62;173610;3mRlFZHUyvJbPTlkzg4LyJ
the black skirts;TEAM BABY;EVERYTHING;70;293000;19Hg1UCZaCdpHB37L7x63X
daisy the great;Record Player (with AJR);Record Player (with AJR);70;149538;4jYt1pQqg2mIZmY4FWCZEM
khai dreams;Now and Then;Sunkissed;70;126464;1tD8J13a74q8fBqXwAP50j
frankie cosmos;Next Thing;Fool;70;124021;5Yx9t9RgATAtYoHN8gbRM0
bia;LONDON (feat. J. Cole);LONDON (feat. J. Cole);70;250722;5vhrsx08dHh2QcVh1Rsiwt
dellafuente;K alegría;K alegría;70;159215;4FvJysAX0y4TfHE9CIprrx
the rasmus;Dead Letters;In the Shadows;70;257920;1fr92Vupmcs2vgLMFVQ7rd
emanuel fremont;Saying Things;Saying Things;70;123500;2bjQvSk5T3A2dmnqqeRhzI
stebin ben;Thoda Thoda Pyaar;Thoda Thoda Pyaar;74;244724;5nsET7aVWXu017lsQjRFCV
stebin ben;Mera Dil Bhi Kitna Pagal Hai (Recreated Version);Mera Dil Bhi Kitna Pagal Hai - Recreated Version;70;200827;2n9ylYiF7urpXo36qBwr3g
stebin ben;Chupana Bhi Nahi Aata (Recreated Version);Chupana Bhi Nahi Aata - Recreated Version;66;178598;5vX8Lsju18s8HnFNRSlwmj
dropkick murphys;The Warrior's Code;I'm Shipping Up To Boston;70;153600;7rSERmjAT38lC5QhJ8hnQc
r. city;What Dreams Are Made Of;Locked Away (feat. Adam Levine);78;227480;7x5xYW5W42OGPAdHUyyguy
r. city;Locked Away (feat. Adam Levine);Locked Away (feat. Adam Levine);62;227280;0sQLhT32E9ZG2zn5iYR6nN
matt simons;When The Lights Go Down;Catch & Release - Deepend Remix;70;195173;11BAVEGi1ivJ6JWLqKUNrZ
minik knudsen;I et andet liv;I et andet liv;70;186500;48UNHWGzRfk4AOKrCJM7XJ
sports;Naked All the Time;You Are the Right One;70;172506;2qpacEyFxmbxCpIEqZkqvC
parcels;Tieduprightnow;Tieduprightnow;70;249956;66tkDkPsznE5zIHNt4QkXB
cynthia erivo;Stand Up (From Harriet);Stand Up (From Harriet);70;303477;3wNNbf63xkxw9rIVWtFy7a
neil frances;Music Sounds Better with You;Music Sounds Better with You;70;198305;1vMGIZbIkpaLSagdF2ygcV
blackbear;dead;idfc;81;207026;3SErMoIKdRELto2OspGs5L
blackbear;everything means nothing;hot girl bummer;80;188343;6jRq8gaZhMUyy5RclRPcAf
blackbear;deadroses;idfc;76;245172;6y6jbcPG4Yn3Du4moXaenr
blackbear;digital druglord;do re mi;73;212027;6Se3x9ANMLv0dCDsjGmEjh
blackbear;@ my worst;@ my worst;69;191364;0mHGftgYtmpH4y17T3VZ2E
blackbear;in loving memory;gfy (with Machine Gun Kelly);69;174066;4nvGIQPgLnWWJUJrnRsIOX
blackbear;everything means nothing;queen of broken hearts;67;171171;1xyUCr7dIJYaUaaiDf4Q1L
blackbear;everything means nothing;me & ur ghost;67;201398;5tiZBnx5IvETA0Pj3gELjn
blackbear;idfc (Tarro Remix);idfc - Tarro Remix;64;248633;1wsZ0cp5He4Wm4yohNjwIs
blackbear;everything means nothing;if I were u (with Lauv);63;186468;2ttGfRawDPWlkAoXxP5Z72
blackbear;everything means nothing;smile again;60;149253;0rWMOzZ7fFYZWI1qlCY4Ig
red velvet;‘The ReVe Festival’ Finale;Psycho;75;210560;3CYH422oy1cZNoo0GTG1TK
red velvet;‘The ReVe Festival 2022 - Feel My Rhythm’;Feel My Rhythm;75;210253;2oBMZYteeO8DyXV9gDx6Za
red velvet;The Perfect Red Velvet - The 2nd Album Repackage;Bad Boy;71;210817;5GKwq4sO5ZHKuWaDmdwMQc
red velvet;Queendom - The 6th Mini Album;Queendom;69;181760;6SpPr7K4YQ2wp8jU6uOTmQ
red velvet;Perfect Velvet - The 2nd Album;Peek-A-Boo;67;189049;42tFTth2jcF7iSo0RBjfJF
red velvet;START-UP (Original Television Soundtrack) Pt. 1;Future;62;215880;2gvlPqqngL3BppFCwLXnVc
blackpink;BORN PINK;Shut Down;87;175889;6tCd8bPvYnceDG7W9M1RMk
blackpink;Pink Venom;Pink Venom;85;186964;7EyhPjrJzjx0fk2i7vUJCS
blackpink;BORN PINK;Pink Venom;83;186964;5P3o95Jf0YBQRQ4j2XPpfC
blackpink;BORN PINK;Typa Girl;82;179172;3BHR1mJOqn2UZyq98YKPgd
blackpink;BORN PINK;Hard to Love;80;162569;1I2MEjnS9c4OPMnKWbIuYs
blackpink;BORN PINK;Tally;78;184248;6Ho58vQUjGnBU9m8Z6uNcv
blackpink;BORN PINK;The Happiest Girl;78;222025;21hB8x6QTEsTfIDENPcyXm
blackpink;SQUARE ONE;BOOMBAYAH;77;240793;13MF2TYuyfITClL1R2ei6e
blackpink;As If It's Your Last;As If It's Your Last;77;213264;4ZxOuNHhpyOj4gv52MtQpT
blackpink;BORN PINK;Yeah Yeah Yeah;77;178923;3ABi5sVjvEp08IQEKh8BmG
blackpink;BORN PINK;Ready For Love;76;184677;61tqrU7wp1EnoJ5ajtYXMl
blackpink;THE ALBUM;How You Like That;75;180956;6bvZRLLkBKkmgpBJTTj3QK
blackpink;SQUARE TWO;PLAYING WITH FIRE;75;197288;7qmvLmX9tyaTiBAVNI6YEn
blackpink;SQUARE ONE;WHISTLE;74;211631;6NEoeBLQbOMw92qMeLfI40
blackpink;BORN PINK;Shut Down;73;175889;34TQk2yqzMX6X3AAAOeUvT
blackpink;THE ALBUM;Lovesick Girls;73;192765;1GMufNnkKAnPLnqKJ5HHxW
blackpink;SQUARE UP;DDU-DU DDU-DU;71;209355;69BIczdH6QMnFx7dsSssN8
blackpink;THE ALBUM;Pretty Savage;71;199122;28tufPkTcXmdNqTvi9hsoG
blackpink;Kill This Love;Kill This Love;71;189052;5GK7eDDTVz7CTge1wJrDQW
blackpink;SQUARE TWO;STAY;71;230322;3tP6QKbXvtrxiDI7QwKyUf
blackpink;THE ALBUM;Ice Cream (with Selena Gomez);70;175813;1cdbkpZ3q1KYZDNSrOpdkb
blackpink;THE ALBUM;Love To Hate Me;67;169797;3Gk1LfB771PIEGgsEa7gcV
blackpink;SQUARE UP;Forever Young;67;237076;2Pp9osgyIcw6o1avfDDDhH
blackpink;BORN PINK;The Happiest Girl;67;222025;1dMN2vSRoKEGnIjDOmzmrz
blackpink;THE ALBUM;Crazy Over You;66;161945;7bi5vk9KoY6Flkat31ViYD
blackpink;THE ALBUM;You Never Know;66;229201;00J8yszzb5PR6ZIvSBtg0Y
blackpink;Kill This Love;Don't Know What To Do;66;201081;4ghGrdxwqLA6ZoCiu0u4IR
blackpink;BORN PINK;Ready For Love;64;184677;0NFjUVEW0ndIiodGuMhHQU
blackpink;THE ALBUM;Bet You Wanna (Feat. Cardi B);64;159168;3AgMOlgdrG9RJXDWifcjVd
blackpink;BLACKPINK ARENA TOUR 2018 "SPECIAL FINAL IN KYOCERA DOME OSAKA";SO HOT - THEBLACKLABEL REMIX BLACKPINK ARENA TOUR 2018 "SPECIAL FINAL IN KYOCERA DOME OSAKA";64;144166;1fMXWEkJpIH483OrKn1zFV
blackpink;SQUARE UP;Really;63;197789;4HxVweMysEnuYxy3gkFtKk
blackpink;BORN PINK;Yeah Yeah Yeah;63;178923;0Rl04KI0zAZAbS9WbUKj1F
blackpink;Kill This Love;Kick It;63;191225;3VN74YiIjtY5ouKahBjmRX
blackpink;Kill This Love;Hope Not;63;191030;29fsVDL9T36N0tyD7ByLdI
blackpink;SQUARE UP;See U Later;62;198866;5RBH8ypFAj5HTZTPRpI1XL
blackpink;BLACKPINK IN YOUR AREA (Japanese Version);BOOMBAYAH - Japanese Version;62;240613;5nIjOnMbC0QDMrYFLGx0yV
blackpink;SQUARE TWO;WHISTLE - Acoustic Ver.;62;212419;20MOKIGONywL5xIoB7RRAR
blackpink;BORN PINK;Typa Girl;61;179172;2hPJcTRIOEqCWTMpYQZNnr
blackpink;BLACKPINK IN YOUR AREA (Japanese Version);DDU-DU DDU-DU - Japanese Version;61;209493;4jUEHIrc443f743JbyLN0y
blackpink;BLACKPINK ARENA TOUR 2018 "SPECIAL FINAL IN KYOCERA DOME OSAKA";Kiss and Make Up - BLACKPINK ARENA TOUR 2018 "SPECIAL FINAL IN KYOCERA DOME OSAKA";59;190500;6X9DNG2WR3IclfneGurU0T
blackpink;Kill This Love;DDU-DU DDU-DU (Remix);58;201225;3pkIaou3w14ytyKYZbg0hc
blackpink;'BLACKPINK 2018 TOUR 'IN YOUR AREA' SEOUL - Live;DDU-DU DDU-DU (Live);55;210268;4k2iYdpCZYH3eQX2bVKOku
olivia newton-john;Grease (The Original Motion Picture Soundtrack);Hopelessly Devoted To You - From “Grease”;74;185360;5BUq9bdtsm3LWw5laJeJ4R
olivia newton-john;Physical (Deluxe Edition);Physical - Remastered 2021;69;225992;4gitetlGHZ9LfuJhwUhEhF
olivia newton-john;Xanadu - Original Motion Picture Soundtrack;Xanadu;66;208240;0cXFXgFns7sIMmTpqyGRmD
salvia palth;melanchole;i was all over her;77;161462;7svpAkwc6xaSxlbZ7V7JiS
salvia palth;melanchole;(dream);72;84741;39iczvfNkZstM8KY8dNDFC
salvia palth;melanchole;girl;60;157648;0riQ5biFBQYCclYUACchr0
david kushner;Mr. Forgettable;Mr. Forgettable;73;187293;39ZVkOVxjG8ypNdUSVNkxU
david kushner;Miserable Man;Miserable Man;71;232991;6gPPoRYJwCsoB2VVdPJfmo
david kushner;Burn;Burn;65;179173;3gw2Mz111daFVWm7IF0Gb7
john denver;The John Denver Collection, Vol 1: Take Me Home Country Roads;Take Me Home, Country Roads;75;197813;1QbOvACeYanja5pbnJbAmk
john denver;Poems, Prayers and Promises;Take Me Home, Country Roads;73;190160;1YYhDizHx7PnDhAhko6cDS
john denver;Back Home Again;Annie's Song;71;180693;4J0DbyODwZJcmIAiTSJfMF
john denver;Rocky Mountain High;Rocky Mountain High;67;283640;1ne9wOtDF2jM6Cm8WBkaER
john denver;John Denver's Greatest Hits;Leaving, On a Jet Plane - "Greatest Hits" Version;62;245533;3D8dwH690MXQRhtIZTSS9c
the 1975;I'm In Love With You;I'm In Love With You;78;262623;0uBdQzKghx88d2Lp8SLFKJ
the 1975;Being Funny In A Foreign Language;Oh Caroline;76;212568;14dJexYlvd3t3XAtD1pYW1
the 1975;I like it when you sleep, for you are so beautiful yet so unaware of it;Somebody Else;73;347525;4m0q0xQ2BNl9SCAGKyfiGZ
the 1975;Being Funny In A Foreign Language;About You;73;326490;1fDFHXcykq4iw8Gg7s5hG9
the 1975;A Brief Inquiry Into Online Relationships;It's Not Living (If It's Not With You);73;248335;3TgMcrV32NUKjEG2ujn9eh
the 1975;A Brief Inquiry Into Online Relationships;Be My Mistake;73;256688;18UsAG7SfOQ5sxJEdjAMH0
the 1975;Being Funny In A Foreign Language;Looking For Somebody (To Love);72;178617;0eNfURq0r0oNSwFyw1VuVT
the 1975;The 1975;Robbers;71;254509;73jVPicY2G9YHmzgjk69ae
the 1975;Being Funny In A Foreign Language;The 1975;71;250900;7omxuGYsym1n2RlVf86OF9
the 1975;Being Funny In A Foreign Language;I'm In Love With You;71;262623;12g9IeQzX7xECLNxz8dpb5
the 1975;Happiness;Happiness;71;303903;3G9l0CsH7HCkr0SqDE1juj
the 1975;Being Funny In A Foreign Language;Happiness;70;303903;35lxFAny9XDBkvE6r9j4uG
the 1975;Being Funny In A Foreign Language;Wintering;70;165457;4FxeY2UZeP3kpdBPbpGggN
the 1975;Being Funny In A Foreign Language;When We Are Together;69;216586;5M5TD1Tlpcgq0Fj1l6Mz6Z
the 1975;Being Funny In A Foreign Language;Part Of The Band;69;260148;4S80oe7OJnBVlhNrbQTnt3
the 1975;A Brief Inquiry Into Online Relationships;Love It If We Made It;69;252925;6WmIyn2fx1PKQ0XDpYj4VR
the 1975;The 1975;Chocolate;67;224673;4WiiRw2PHMNQE0ad6y6GdD
the 1975;Part Of The Band;Part Of The Band;67;260148;79vEv8zqy9tLYsTxxkXHXq
the 1975;A Brief Inquiry Into Online Relationships;Sincerity Is Scary;66;225955;6HguG9HRb1Ke1bhihfE4m8
the 1975;A Brief Inquiry Into Online Relationships;I Always Wanna Die (Sometimes);65;314662;7iPlcFvOMOzt6v0QvcAueZ
the 1975;A Brief Inquiry Into Online Relationships;TOOTIMETOOTIMETOOTIME;64;207851;33DzKnwuBE6lfOiADwzd5E
the 1975;I like it when you sleep, for you are so beautiful yet so unaware of it;The Sound;63;248879;7h6lpVuSGPW6RNjDXKpYDh
the 1975;I like it when you sleep, for you are so beautiful yet so unaware of it;A Change Of Heart;59;283840;49clMzwHdKb5f0awEH99pg
farruko;Pepas;Pepas;86;287120;5fwSHlTEWpluwOM0Sxnh5k
farruko;Nazareno;Nazareno;75;223173;0RGpd5zCowfEItCUF7Itpr
farruko;La 167;Pepas;74;287120;2B4GHvToeLTOBB4QLzW3Ni
farruko;El Incomprendido;El Incomprendido;71;267546;493Rk3iS7rs8uPfpnfm95u
farruko;Viaje;Viaje;70;303626;5b1je14Oz92lpIlIMLieWw
farruko;Pepas (Tiësto Remix);Pepas - Tiësto Remix;70;223384;1bFgMkoazsyZGSflpCzYm6
farruko;Pepas (David Guetta Remix - Radio Edit);Pepas - David Guetta Remix - Radio Edit;67;171784;5fWG4JDot8nHCte7gUdMUS
farruko;Pepas Remix EP;Pepas - Tiësto Remix;57;223384;6ozdSeARbPqVWRZkQ3RcJJ
farruko;Pepas (David Guetta Remix);Pepas - David Guetta Remix;56;264888;75sMhi81W5Tw2AGlOGATuy
the black crowes;Shake Your Money Maker;Hard To Handle;72;188066;05NYcsjJwOYq4jIiKPVj9p
the black crowes;Shake Your Money Maker;She Talks To Angels;67;329400;5NK8jad728pj6YeqM5VJD4
house of pain;House of Pain (Fine Malt Lyrics) [30 Years] [Deluxe Edition];Jump Around - 30 Years Remaster;74;218546;7L93GESzq43UkKUt5FsOCq
house of pain;House of Pain (Fine Malt Lyrics);Jump Around;65;214946;6JymsaWDHk2Yj4e0yNBIFH
wilbur soot;Your New Boyfriend;Your New Boyfriend;70;239667;4vLBnQtece15fFhqWxZvJP
wilbur soot;Soft Boy;Soft Boy;69;137543;1GqlrKuFFZwOKhULYTTeag
prem dhillon;No Lookin' Back;OG;71;173195;3dPlLOjFnKpGpakkhPEIgF
prem dhillon;No Lookin' Back;Nah They Can’t;70;204255;6PO6EnP2QoP4vN27KmKvrj
prem dhillon;No Lookin' Back;26 Blvd;69;212413;3OK2VUpcjQQZAqGHw95N4G
prem dhillon;Old Skool;Old Skool;68;253636;4V9rQZOGILc4YfBnCDXgTz
fine young cannibals;The Raw & The Cooked;She Drives Me Crazy;74;215773;4d6eqRtpDX7tydHJGDZUBQ
fine young cannibals;The Raw & The Cooked;Good Thing;65;201866;6lRkdG1HurVS72F9GoBeWJ
sasha alex sloan;Dancing With Your Ghost;Dancing With Your Ghost;80;197732;1TQXIltqoZ5XXyfCbAeSQQ
sasha alex sloan;Older;Older;71;191001;52iLDrSoRtf9lcgFuLVfqE
sasha alex sloan;when was it over? (feat. Sam Hunt);when was it over? (feat. Sam Hunt);67;218093;779UN3kabApm2zfqX549vf
sasha alex sloan;Is It Just Me? (feat. Charlie Puth);Is It Just Me? (feat. Charlie Puth);66;154274;5tqNWWiySiABLrGAvSWsO5
sasha alex sloan;Self Portrait;Too Sad To Cry;63;208986;3CRtbOoAP82y0VbPO5j1ft
aerosmith;Aerosmith;Dream On;82;266960;5MxNLUsfh7uzROypsoO5qe
aerosmith;I Don't Want To Miss A Thing EP;I Don't Want to Miss a Thing - From "Armageddon" Soundtrack;76;299760;6lEuFGrUqR9Yc6hSsHPnYP
aerosmith;Get A Grip;Crazy;75;316693;74irxdVWstNlEQjsvArITq
aerosmith;Toys In The Attic;Walk This Way;75;220400;5SZ6zX4rOrEQferfFC2MfP
aerosmith;Armageddon - The Album;I Don't Want to Miss a Thing - From "Armageddon" Soundtrack;74;298760;225xvV8r1yKMHErSWivnow
aerosmith;Toys In The Attic;Sweet Emotion;74;274133;24NwBd5vZ2CK8VOQVnqdxr
aerosmith;Get A Grip;Cryin';72;308333;0NJC0FDCODpPUntRTTQq97
aerosmith;Permanent Vacation;Dude (Looks Like A Lady);71;265773;6gQUbFwwdYXlKdmqRoWKJe
aerosmith;Get A Grip;Amazing;69;356160;6beFuzSjwhOKFZp2aqYDdY
aerosmith;Nine Lives;Hole In My Soul;65;370093;7kPuCwBWgXy5TGfgwNUKwV
aerosmith;Permanent Vacation;Angel;63;308906;3kfXUGIdBNpyr2gBvU3Guj
aerosmith;Nine Lives;Pink;63;235360;74uGhWp4BYpjFj1V2DzgoO
aerosmith;Just Push Play;Fly Away From Here;63;301760;4QB2cdh2v5zeRD1khGF9A5
aerosmith;Get A Grip;Livin' On The Edge;62;380893;4avSaixVwu8uqfSs7zgoj3
aerosmith;The Very Best of Aerosmith: Devil's Got a New Disguise;I Don't Want to Miss a Thing - From "Armageddon" Soundtrack - Pop Mix;57;267986;4afJNzc6QD51eWAxzAnS0i
j-hope;MORE;MORE;77;180022;4XKXphKH76W4zNpkgFS5o2
j-hope;Jack In The Box;MORE;74;180022;7GARzfC1mwhDuk4t9WOACq
j-hope;Jack In The Box;= (Equal Sign);73;114477;70XnKsO3UnIT4FnEwChQXx
j-hope;Chicken Noodle Soup (feat. Becky G);Chicken Noodle Soup (feat. Becky G);70;235497;2y6Ty2NPAsP84XJAtzLxuk
j-hope;Jack In The Box;Pandora's Box;68;156291;2On611HXKQAbaYkuc4NQAm
j-hope;Jack In The Box;Safety Zone;68;165340;00I41xsW6SunZDJ5fB8KAd
j-hope;Jack In The Box;Future;68;139308;0Puudh380z6cOCgMaTNm7h
j-hope;Jack In The Box;What if…;67;136063;1fNwwml8UcKvhfM6YEVIRh
j-hope;Hope World;Daydream (백일몽);67;228759;56sdcbPR74RxqmKVbQzJ8s
j-hope;Jack In The Box;Intro;65;58871;0M7ai1yfYyb4OlyRgdmtTK
j-hope;Hope World;Blue Side (Outro);65;90539;20zr2Oef3PVeGRxjmSF5CC
lil tjay;Destined 2 Win;Calling My Phone;81;205458;3J8EOeKLTLXORtWPpOU5bE
lil tjay;Beat the Odds;Beat the Odds;81;150000;2BJWxD8xKrDv8vneTvTIm9
lil tjay;In My Head;In My Head;79;135264;1HvTxgCj0mTzQlEo0zLvFb
lil tjay;True 2 Myself;F.N;78;224000;0RLLvYBopDwooCyvnTwgYu
lil tjay;Destined 2 Win;Run It Up (feat. Offset & Moneybagg Yo);78;232048;1dg3qy5DjoJodawfOCgrTP
lil tjay;True 2 Myself;Sex Sounds;76;162453;5JtvedSVWW9McnoEAPJwQm
lil tjay;Destined 2 Win;Headshot (feat. Polo G & Fivio Foreign);75;144349;4eNOLmx8r2IJAVKvBBL1jv
lil tjay;True 2 Myself;Leaked;71;220240;0W64NfLrIsRTAFObko6uJx
lil tjay;Not In The Mood (feat. Fivio Foreign & Kay Flock);Not In The Mood (feat. Fivio Foreign & Kay Flock);69;150475;25GyyK9CyZRiDCsPY51fIT
lil tjay;True 2 Myself;Hold On;68;189480;5qDsijQM75KTdv3RtSPx91
lil tjay;True 2 Myself;One Take;68;168653;4uu7gKd1PffC7QEMcMk0Ro
lil tjay;Goin Up;Goin Up;67;140601;1wNdGz7BlB9kH5lDc1eLLb
lil tjay;State of Emergency;Zoo York (feat. Fivio Foreign & Pop Smoke);67;214825;3Ddny34bFoYBb8dIGq5lwp
lil tjay;Resume;Resume;66;235023;3U3gHqRwjam6CxwW68m30z
lil tjay;True 2 Myself;Ruthless (feat. Jay Critch);65;244573;395WRTyNwMGx80cDXqg6vM
lil tjay;True 2 Myself;Brothers (feat. Lil Durk) - Remix;65;210120;2wUwC1gBJIC05JH87v2hgN
lil tjay;Destined 2 Win;Love Hurts (feat. Toosii);64;222367;2ULQtFHTzUK0DqcqWUlXxw
lil tjay;20/20;20/20;64;230448;4Hqh0dS4x07zuRw6eBTO7p
lil tjay;Destined 2 Win;Run It Up (feat. Offset & Moneybagg Yo);63;232048;5pmvv42h1bcK3frE8CEblt
lil tjay;Destined 2 Win;None of Your Love - Bonus;63;153168;3pGRj6u9DCE9PQips45eJ1
lil tjay;True 2 Myself;Mixed Emotions;59;181746;375PG35fYzLTG6jkrJbegL
lil tjay;F.N;F.N;57;224000;0UPBidRYcgJ2mjZlk08V8x
akhil sachdeva;Channa Ve (From "Bhoot - Part One: The Haunted Ship");Channa Ve;75;211578;58ynJq9eLLDChA3GNFJcDL
akhil sachdeva;Kabir Singh;Tera Ban Jaunga;72;236436;3oWxFNsXstcancCR1wODR4
akhil sachdeva;Broken But Beautiful Season 3;Mere Liye;66;293176;5S1102uVOmaQhwKcKGtLmO
akhil sachdeva;Badrinath Ki Dulhania;Humsafar;64;268463;6TFESXMfJJWwccviaxGAMa
simon & garfunkel;Bookends;Mrs. Robinson - From "The Graduate" Soundtrack;75;244026;0iOZM63lendWRTTeKhZBSC
simon & garfunkel;Wednesday Morning, 3 A.M.;The Sound of Silence - Acoustic Version;73;185413;5y788ya4NvwhBznoDIcXwK
simon & garfunkel;Bridge Over Troubled Water;The Boxer;71;308520;76TZCvJ8GitQ2FA1q5dKu0
simon & garfunkel;Sounds Of Silence;April Come She Will;66;109386;0djZ2ndRfAL69WYNra5jRC
simon & garfunkel;The Singer;The Sound of Silence;61;184786;3YfS47QufnLDFA71FUsgCM
madhur sharma;Kali Kali Zulfon Ke (Lo-Fi);Kali Kali Zulfon Ke (Lo-Fi);76;77142;7oN0Wo7sCVvXPdpxoio3JM
madhur sharma;Kali Kali Zulfon Ke;Kali Kali Zulfon Ke;73;350324;0NvGVd87SYZnryTcfQPKUO
madhur sharma;Tere Jeya Hor Disda (LoFi);Tere Jeya Hor Disda (LoFi);67;117421;3dBlOhEY4xdQB2Ge4NzULx
madhur sharma;Medley: Kehna Galat Galat / Halka Halka Suroor;Medley: Kehna Galat Galat / Halka Halka Suroor;65;490434;4tMwHkxBwnGkts9mxFpwQy
madhur sharma;Mere Baad Kisko Sataoge (Lo-Fi);Mere Baad Kisko Sataoge (Lo-Fi);65;99583;7hpUWaCdqgQJHTVe2hqZob
iu;eight;eight(Prod.&Feat. SUGA of BTS);73;167573;0pYacDCZuRhcrwGUA5nTBe
iu;IU 5th Album 'LILAC';LILAC;73;214253;5xrtzzzikpG3BLbo4q1Yul
iu;BBIBBI;BBIBBI;69;194426;4as4XEOR03oGm1STUKl6pa
iu;Love poem;Blueming;69;217053;4Dr2hJ3EnVh2Aaot6fRwDO
iu;IU 5th Album 'LILAC';Celebrity;68;195546;5nCwjUUsmBuNZKn9Xu10Os
iu;Celebrity;Celebrity;63;195546;4RewTiGEGoO7FWNZUmp1f4
saint motel;My Type EP;My Type;70;204811;2Iq6HhIquO7JKr0KfTNLzU
saint motel;My Type;My Type;68;206393;2DFi8rwHcVkTTgu7PULhtI
gatlin;What If I Love You;What If I Love You;69;158360;26kVXR9aQXzDiKggPGnUQR
the oral cigarettes;FIXION;Kyouran Hey Kids!!;69;250973;38kcwx5znepLWCIBID0Bwm
buffalo springfield;Buffalo Springfield;For What It's Worth;78;153693;1qRA5BS78u3gME0loMl9AA
buffalo springfield;Buffalo Springfield Again;Mr. Soul;60;172400;042v1NacbKJzCyi6nBme7T
foghat;Slow Ride / Save Your Loving (For Me);Slow Ride;69;232533;4MYb7NWLwXNDB7bYs3HeX8
canking;lemme land?;lemme land?;69;146878;4Fmr4dbY1sZiX77ZbljNFC
leann rimes;Greatest Hits;How Do I Live;69;266973;7BD50ATrF3Vab5FQy7vtK8
fifth harmony;Reflection (Deluxe);Worth It (feat. Kid Ink);74;224573;41Fflg7qHiVOD6dEPvsCzO
fifth harmony;Worth It;Worth It;64;185256;0ABEVL7pgQLokhBcNJmozw
raaban;Bad Boy (feat. Luana Kiara);Bad Boy (feat. Luana Kiara);69;190673;64p6ua7zpf66s62StC2QLv
janji;Heroes Tonight;Heroes Tonight;69;208139;5fOjFkFA0k5MTOo1LmnVTO
sam feldt;Follow Me;Follow Me;74;169672;2Xy1UIVfOlukyye6Fd0wrI
sam feldt;Magnets EP;Post Malone (feat. RANI);68;174444;0qc4QlcCxVTGyShurEv1UU
sam feldt;Post Malone (feat. RANI) [Joe Stone Remix];Post Malone (feat. RANI);65;174444;36orMWv2PgvnzXsd5CJ0yL
big red machine;How Long Do You Think It's Gonna Last?;Renegade (feat. Taylor Swift);69;254466;73W5aXorr5vxrySFcoZqIN
iron & wine;The Shepherd's Dog;Flightless Bird, American Mouth;69;241917;1fEGtTZjrjJW8eUeewnNJR
mc l da vinte;Parado no Bailão;Parado no Bailão;69;171692;3Hb9kUdm4yf839Fle4RIdT
ugly kid joe;America's Least Wanted;Cats In The Cradle;69;241893;5x9RZg7HfXGY3JayXL3seF
method man;Blackout!;Da Rockwilder;69;136093;4anqYZt4APNlFwQixpbdZR
zeph;scared of everything;could you love me while i hate myself;69;60333;7uo2L5FAja3pWIBa3HJVeC
between friends;we just need some time together;affection;69;235225;4LyIHEDbAWDeKV0JbVZae9
tim atlas;Courtside;Courtside;69;146483;5TzpCPx20n4hELdE9Vw6ZQ
mike.;the highs.;life got crazy;69;138928;5NXthnJecYXjt7sTEWETTY
frances forever;space girl;space girl;69;231440;7FjIYiD53wxlQmzTT6Wdpf
fousheé;Deep End;Deep End;69;141223;6HlE9t71z9DjGi7KqSyEpA
rusted root;Music From Party of Five;Send Me on My Way;70;263333;6hs3SDnbO3f6VQuPO4KBEb
rusted root;When I Woke;Send Me On My Way;68;263360;6XK6Zw6JkFsHXzAcMWNiIr
taeyeon;INVU - The 3rd Album;INVU;72;204973;7rXcCpIAoOUCydkVDMcoPV
taeyeon;My Voice - The 1st Album;Fine;69;209157;6CdUgvL597jWmW4w8P5kHs
taeyeon;Hotel del Luna (Original Television Soundtrack) Pt.3;그대라는 시;66;209482;56Cmy1rCQ35V2Q7groYiHl
b.i;BTBT;BTBT;69;219549;4XcxgZSriCYamtIA7BgT7V
sunmi;Heart Burn;Heart Burn;71;193173;4JmbtS0Muijl37KP9lDscy
sunmi;SUNMI SPECIAL EDITION [Gashina];Gashina;67;180000;0jFHMDRXxKaREor3hBEEST
wayv;Love Talk (English Version);Love Talk - English Version;69;232150;2e3cJdJ8xWwydl8JIYlCqB
loona;[&];PTT (Paint The Town);69;201120;5awNIWVrh2ISfvPd5IUZNh
oneus;MALUS;Same Scent;69;192786;0eG3b2T3SXtPAhD9LLm8xA
gfriend;回:Walpurgis Night;MAGO;69;199133;46WaBBaEHzgbN88Ew0nh50
doris casella;Estelle;Estelle;69;118500;2XPxkVgxyj4QVaW78kS5vb
libor kolman;Quand vous souriez;Quand vous souriez;69;118250;3VM35337X7Ro1tesUHnZ95
mingmei hsueh;Lullabies;Itsy bitsy spider;69;82500;1oMUYmXy85ZOQGZ2fylBiN
asim azhar;Jo Tu Na Mila;Jo Tu Na Mila;72;234037;6DefzsWqnwrFrmNVnJxWkS
asim azhar;Ghalat Fehmi (From "Superstar");Ghalat Fehmi - From "Superstar";66;286007;5mnvugwfFYnJm9zuyGkgqF
pratsofficial;Aziyat 2.0 (Reprise Version);Aziyat 2.0 - Reprise Version;73;194285;3fwyItGexa88kR8j76dIqv
pratsofficial;Aziyat;Aziyat;65;221714;5DEp8hauuZ45oG38YOkkQq
ami mishra;Hamari Adhuri Kahani (Original Motion Picture Soundtrack);Hasi - Male Version;70;272668;32765xcLM1fd6wQIpkN9A0
ami mishra;Hamari Adhuri Kahani (Original Motion Picture Soundtrack);Hasi - Female Version;68;192186;1cmZbGkCEVVAck2MsWpPYQ
payal dev;Tum Hi Aana (From "Marjaavaan");Tum Hi Aana (From "Marjaavaan");70;249126;6E9UwSfT80age2xknoMS7Y
payal dev;Tauba (feat. Badshah);Tauba (feat. Badshah);68;199310;1GzgV0pRSUbenz25xWV2s8
arjan dhillon;Jawani;Jawani;69;151218;1WOz8NwADXFxRADQFVftxp
dhvani bhanushali;Vaaste;Vaaste;69;196043;0mJTAdmY8olbGQjopDYff3
amar arshi;Baar Baar Dekho (Original Motion Picture Soundtrack);Kala Chashma;69;187006;5CSEaABQkS1hoLza0IpK2r
willow;ARDIPITHECUS;Wait a Minute!;69;196520;5e08a8D8T3z4LDXbUIjxKQ
patti smith;Easter;Because the Night;69;204800;0lIoY4ZQsdn5QzhraM9o9u
le tigre;Le Tigre;Deceptacon;69;184626;5773KSWFzg9kCc8yazjbSt
metro station;Metro Station;Shake It;69;179946;5619Ojc6t9evEEs3B7Drhe
travis;The Invisible Band;Sing;69;228800;4yA2SM7XCLkSgkBUSoZb5S
詹雯婷;訣愛;訣愛 (劇集《蒼蘭訣》片頭曲);69;189295;6la3Kme7O7D01fJPxgpAS5
pj harding;Dear August;Dear August;69;200940;16gW9O8A4rIMx5OOVlzsSn
yonatan awate;Hush;Hush;69;190000;13CYT9XLC54qtyg0U8aqb7
dijon;Absolutely;The Dress;69;184767;0YMe6PHRbeDcN7KJdCG0bW
free nationals;Free Nationals;Beauty & Essex (feat. Daniel Caesar & Unknown Mortal Orchestra);69;277046;0cciBj4236w1xByzZvn92D
soge culebra;7 Lágrimas (Remix);7 Lágrimas - Remix;69;202894;3wlX0yg6NRMDPwOvdPmuLn
tikkle me;Tikkle Me;Blow My Brains Out;69;222403;4ZlQzskKkK4jsbcqO96luB
black;Wonderful Life;Wonderful Life;69;287933;0IWtEFQBwRHaMXZQtGEVcM
ezhel;Nerdesin;Nerdesin;69;176268;2SwQShWjZsxoGviEyaEMOX
halsey;Manic;Without Me;79;201660;6FZDfxM3a3UCqtzo5pxSLZ
halsey;Without Me;Without Me;78;201660;5p7ujcrUXASCNwRaWNHR1C
halsey;hopeless fountain kingdom (Deluxe);Walls Could Talk;77;101789;5ln5yQdUywVbf8HhFsOcd6
halsey;So Good;So Good;77;176058;6kxaaIeowajN7w21PfMLbu
halsey;hopeless fountain kingdom (Deluxe);Bad At Love;74;181279;7y9iMe8SOB6z3NoHE2OfXl
halsey;Manic;You should be sad;73;205473;7lidXGPXPYLNThITAOTlkK
halsey;BADLANDS (Deluxe);Gasoline;72;199593;2IO7yf562c1zLzpanal1DT
halsey;BADLANDS (Deluxe);Control;72;214761;3SKzTIl9mW0DadTys9SFo3
halsey;Manic;Graveyard;69;181805;2ufmtcIFdFpuUYBPXK5f67
halsey;BADLANDS;Colors;68;249499;1TnUURhehaoMWKAqQtirm6
halsey;Nightmare;Nightmare;68;231998;340UVheS8z3ncW9TTUhAbc
halsey;hopeless fountain kingdom (Deluxe);Now Or Never;67;214801;7i2DJ88J7jQ8K7zqFX2fW8
halsey;BADLANDS (Deluxe);Castle;67;277623;16w8ZGVSjI4TlTLV8VimBY
halsey;Without Me (with Juice WRLD);Without Me (with Juice WRLD);66;228816;6Zc5f20q7sOe1IC1c1jQvZ
halsey;BADLANDS;New Americana;65;183808;6Xs7OKt6i0Ddq8B4M5Dgvr
halsey;If I Can’t Have Love, I Want Power;I am not a woman, I'm a god;63;176413;3XKjZcgNYtvCmBpE1nX7Wn
halsey;Manic;Without Me;62;228951;7MhNCT34oaLIxwAsZlZd67
halsey;Manic;SUGA's Interlude;61;138204;1ZoQVu9XBssJBdeKMgF2eV
halsey;If I Can’t Have Love, I Want Power;I am not a woman, I'm a god;61;176413;5RhFmJifQe83FpQ6ZFFTZ5
halsey;SUGA's Interlude;SUGA's Interlude;58;138204;5a0nHa7F4S9hb0Zi0zLS8w
tom odell;Long Way Down (Deluxe);Another Love;93;244360;3JvKfv6T31zO0ini8iNItO
tom odell;Another Love (Tiësto Remix);Another Love - Tiësto Remix;75;185365;4Et6tUEO7biKxZEfJXpNj1
tom odell;Long Way Down (Deluxe);Heal;74;193080;4KlL5Bwlm4yHYxr0B2rHci
tom odell;Best Day Of My Life;Best Day Of My Life;69;146895;6rUtMKEej81ORTGtCpjyOJ
tom odell;Songs from Another Love;Another Love;67;250973;5FKnuwsKf7YFpmhA5Wnl0q
tom odell;Long Way Down (Deluxe);Can't Pretend;66;217840;2Q3UgGcvhdaX6k13PDNguP
tom odell;Smiling All The Way Back Home;Smiling All The Way Back Home;65;182028;3jeYMY8wyibEfP8gsQ3TAS
tom odell;Flying :));Flying :));65;179157;39FexuVmNT8zcnB1DoscSn
tom odell;True Colours;True Colours;64;143706;1rGxG6Y5OgmSwGPRPJv9Q4
tom odell;Long Way Down (Deluxe);Long Way Down;59;149773;1uVk6S6Fpkrmji0iTpgKEC
tom odell;Long Way Down (Deluxe);Grow Old with Me;59;182720;6xjxMWGsprmtUVMDaMhgH0
skrillex;HUMBLE. (SKRILLEX REMIX);HUMBLE. - SKRILLEX REMIX;71;156800;65ES1qwOB577ZnTkizMXJJ
skrillex;Bangarang EP;Bangarang (feat. Sirah);71;215253;6VRhkROS2SZHGlp0pxndbJ
skrillex;Don’t Go (with Justin Bieber & Don Toliver);Don’t Go (with Justin Bieber & Don Toliver);69;168253;55sgQENF3LY1sUcJUwasLl
skrillex;Purple Lamborghini (with Rick Ross);Purple Lamborghini (with Rick Ross);68;215510;6JyuJFedEvPmdWQW0PkbGJ
skrillex;Supersonic (My Existence) [with Noisia, josh pan & Dylan Brady];Supersonic (My Existence) [with Noisia, josh pan & Dylan Brady];67;167253;7gCuKTyBb5nurNalzs0Hvp
skrillex;Make It Bun Dem;Make It Bun Dem;66;213696;6AbVJjzv7thIvmMCuhZrmK
molchat doma;Этажи;Судно (Борис Рижий);75;141394;1SHB1hp6267UK9bJQUxYvO
molchat doma;Этажи;Тоска;66;189003;0sMra9TqwOskuvn4eR11n3
molchat doma;Этажи;Клетка;65;283485;4nvsRb9ypaqqDXcZxjn6ba
ayushmann khurrana;Mere Liye Tum Kaafi Ho (From "Shubh Mangal Zyada Saavdhan");Mere Liye Tum Kaafi Ho (From "Shubh Mangal Zyada Saavdhan");72;132158;3qrdLVOClRU4yPkcXZ7c5u
ayushmann khurrana;Vicky Donor (Original Motion Picture Soundtrack);Pani Da Rang - Male Vocals;68;240786;4kaLkst9lT3sQ5Crgxs3ic
ayushmann khurrana;Bareilly Ki Barfi;Nazm Nazm feat. Ayushmann Khurana;66;194634;3FLJR1N1dxOYEpZCsTX8p6
the red jumpsuit apparatus;Don't You Fake It;Face Down;76;192000;4wzjNqjKAKDU82e8uMhzmr
the red jumpsuit apparatus;Don't You Fake It;Your Guardian Angel;66;229234;2Guz1b911CbpG8L92cnglI
the red jumpsuit apparatus;Don't You Fake It;False Pretense;64;149640;2ZICF8SFI5tHttaLJKMY1X
ap dhillon;Summer High;Summer High;83;177391;1aL9518P5G72N92b48tuKw
ap dhillon;Excuses;Excuses;82;176232;29m79w9xPMH4YCD6r8JSmV
ap dhillon;Insane;Insane;77;206060;3UhmuWcFaLS3AO3kI9ynQ2
ap dhillon;Brown Munde;Brown Munde;76;254400;58f4twRnbZOOVUhMUpplJ4
ap dhillon;HIDDEN GEMS;DESIRES;76;168000;5pcmtf1lwrMqmAWWm248fY
ap dhillon;HIDDEN GEMS;TERE TE;75;114418;6TClJ8jXi3OBV7gcrU3jx5
ap dhillon;HIDDEN GEMS;SPACESHIP;73;124498;2PcGqmKToUz0s65q1Acg7d
ap dhillon;Two Hearts Never Break The Same;Wo Noor;72;199420;32FVH23yFXr8Z0sfjRw4It
ap dhillon;Two Hearts Never Break The Same;Dil Nu;71;233666;7AsG1F1eMWd17RYan8M3Wm
ap dhillon;Two Hearts Never Break The Same;All Night (Live);71;229510;7IK26RNUdgoZWJdlarrcty
ap dhillon;Ma Belle;Ma Belle;70;160824;3D0pmiK3zyF9PudyJ8mkor
ap dhillon;Toxic;Toxic;69;184102;4faDlXyZMSxEuxBdd5gDIz
ap dhillon;Not by Chance;Saada Pyaar;69;213626;5gSVKG0R4xc8qtDIoyDNy8
ap dhillon;Two Hearts Never Break The Same;Final Thoughts;69;192000;5yj7D4UllTkAccTmROibCQ
ap dhillon;Two Hearts Never Break The Same;Hills;68;159942;6SPLYHHBN0dKGaoD2Jcccs
ap dhillon;Arrogant;Arrogant;68;102315;2jt9VV6QGn0tbwkrr26OO6
ap dhillon;HIDDEN GEMS;MAJHE AALE;66;170322;5eN1nmOe9R29OBL6soTJov
ap dhillon;Droptop;Droptop;66;141176;7AW4g4I9fPfUIyqtbsuAkM
ap dhillon;Majhail;Majhail;66;175187;0cpyy8xLYRt1OdlnqPmMnm
ap dhillon;Not by Chance;Takeover;65;209142;5DVnSQ90r2M3gm6XbgTCLp
ap dhillon;Two Hearts Never Break The Same;Summer High;63;177391;3iICKiDTyIK5qoVl2hXB2f
ap dhillon;Top Boy;Top Boy;63;136941;2N0oWy78RT70bW10QfIVHT
ap dhillon;Not by Chance;Goat;63;159130;7tavmiMMEibizGOiXoozar
ap dhillon;Not by Chance;Fate;62;170666;52XpQt2fDLozI4qlhYvWl0
ap dhillon;HIDDEN GEMS;WAR;62;221142;5dvGOTBXFSgpKddB6MGe0P
ap dhillon;Feels;Feels;62;151304;6CzMKOYzhBXzZszsy4yFIG
ap dhillon;HIDDEN GEMS;AGAINST ALL ODDS;62;170126;7MAw33OyE75nD1om6y9bHR
ap dhillon;Not by Chance;Chances;61;172235;3yiEaNgKJWN3gCfHfB8Q1u
ap dhillon;Most Wanted;Most Wanted;60;184090;6UeMjHhzYnidHi7I4isoGg
imran khan;Bewafa;Bewafa;71;224853;4FcknXDJ8yW2QYUl0cm6uJ
imran khan;Amplifier;Amplifier;70;232906;0l1i3nJ4aDMk0inxnvzYTz
imran khan;Satisfya;Satisfya;70;180056;6HGoVbCUr63SgU3TjxEVj6
imran khan;Aaja We Mahiya;Aaja We Mahiya;68;232066;75Ak0cit8hV604Wjlq1gf2
imran khan;Pata Chalgea;Pata Chalgea;64;285173;4Q3D7EnZNDNnIZsfjSbGkh
papa roach;Infest;Last Resort;80;199906;5W8YXBz9MTIDyrpYaCg2Ky
papa roach;Getting Away With Murder;Scars;67;208186;1UREw2MCfU0xwBzCAjxlUD
papa roach;Last Resort (Reloaded);Last Resort (Reloaded);65;137297;52KlXDEkCkgZxuMjSqzY4L
papa roach;Crooked Teeth (Deluxe);Born For Greatness;62;227847;5cRPdqpWkaNmIbPi6wJDg2
christian leave;Hope;Please Notice;74;116666;36seMHoyXmLUNxcwzwjdF7
christian leave;Hope;Can't Help Falling in Love;63;135714;6VrAgFXBbRX2PkT92lAoKK
hwa sa;María;Maria;72;199026;0ZeGfEAL5Rl4pd5LZBGuEK
hwa sa;Guilty Pleasure;I`m a B;65;167333;1AToLLvWghQgiBFef1iGuR
faces;Ooh La La;Ooh La La;71;214080;4lJ6YVXQ0jUk5ILu0PSrA4
faces;A Nod Is as Good as a Wink... to a Blind Horse;Stay with Me;66;279360;7fLTytvnvxy653VWxflTRf
bob dylan;Pat Garrett & Billy The Kid (Soundtrack From The Motion Picture);Knockin' On Heaven's Door;73;149880;6HSXNV0b4M4cLJ7ljgVVeh
bob dylan;Highway 61 Revisited;Like a Rolling Stone;70;369600;3AhXZa8sUQht0UEdBJgpGc
bob dylan;The Freewheelin' Bob Dylan;Blowin' in the Wind;68;165426;18GiV1BaXzPVYpp9rmOg0E
bob dylan;The Times They Are A-Changin';The Times They Are A-Changin';67;192053;52vA3CYKZqZVdQnzRrdZt6
bob dylan;Bringing It All Back Home;Mr. Tambourine Man;64;330533;3RkQ3UwOyPqpIiIvGVewuU
jay park;Worldwide;MOMMAE;70;204991;1LNlfvPQmB0cqYJQQskZ8x
jay park;GANADARA;GANADARA (Feat. IU);68;203727;5quFr5s5PXYfUX5jV2EBZ1
jay park;EVERYTHING YOU WANTED;All I Wanna Do;67;209392;2PcJoVkfjcbvoqBxV1Nj7y
gajendra verma;Table No. 21 (Original Motion Picture Soundtrack);Mann Mera;74;200120;3yV2c3cYhkAwSsxAq6nRiv
gajendra verma;Tera Ghata;Tera Ghata;68;254173;0JBhoxPKHJc1ZeJrjSt0VO
gajendra verma;Ik Kahani;Ik Kahani;63;205907;4dd9gI8s5V4D3VjMK6L8a3
van halen;1984 (Remastered);Jump - 2015 Remaster;78;241599;7N3PAbqfTjSEU1edb2tY8j
van halen;1984 (Remastered);Panama - 2015 Remaster;74;210226;05RgAMGypEvqhNs5hPCbMS
van halen;1984 (Remastered);Hot for Teacher - 2015 Remaster;71;282746;6QDbGdbJ57Mtkflsg42WV5
van halen;Van Halen (Remastered);Runnin' with the Devil - 2015 Remaster;70;214960;3KhF2YiNpJvGpfiCW45R6D
van halen;Van Halen (Remastered);Ain't Talkin' 'Bout Love - 2015 Remaster;68;227800;6fybp4N6eW3bsFAvARxyVe
van halen;Van Halen (Remastered);You Really Got Me - 2015 Remaster;68;156146;0upLyFR8Rr52ZpMp5esQoq
van halen;5150;Why Can't This Be Love;66;227693;0TaT50ZZxT4ytZxuqkE3A9
van halen;Van Halen (Remastered);Eruption - 2015 Remaster;65;102080;2tAeN2TKlQLOoSPXtARzBV
van halen;Balance;Can't Stop Lovin' You;63;247466;72hpTHMLFrO4ErhSQl2FhZ
van halen;The Collection;Jump - 2015 Remaster;60;241599;5FqYA8KfiwsQvyBI4IamnY
ateez;THE WORLD EP.1 : MOVEMENT;Guerrilla;74;207921;0tYZo2UhV1lrUez5CA0Iyw
ateez;ZERO : FEVER Part.3;Deja Vu;69;196670;3zmrdOtnOogqLllz26WLZ3
ateez;TREASURE EP.FIN: All To Action;WONDERLAND;67;199013;6k67RdkVjTZj79c1cRz7IQ
ateez;TREASURE EP.3: One To All;Wave;63;203933;28xjm4FnnGI4Xnds7VoNSl
doja cat;Vegas (From the Original Motion Picture Soundtrack ELVIS);Vegas (From the Original Motion Picture Soundtrack ELVIS);90;182906;0hquQWY3xvYqN4qtiquniF
doja cat;Planet Her;Woman;88;172626;6Uj1ctrBOjOas8xZXGqKk4
doja cat;Planet Her;Need to Know;84;210560;3Vi5XqYrmQgOYBajMWSvCi
doja cat;Planet Her;You Right;84;186173;0k4d5YPDr1r7FX77VdqWez
doja cat;Hot Pink;Streets;83;226986;60ynsPSSKe6O3sfwRnIBRf
doja cat;Kiss Me More (feat. SZA);Kiss Me More (feat. SZA);82;208866;748mdHapucXQri7IAO8yFK
doja cat;Planet Her;Kiss Me More (feat. SZA);81;208666;3DarAbFujv6eYNliUTyqtz
doja cat;Boss Bitch;Boss Bitch;79;134239;78qd8dvwea0Gosb6Fe6j3k
doja cat;Hot Pink;Say So;79;237893;3Dv1eDb0MEgF93GpLXlucZ
doja cat;New Pop Icons;Boss Bitch;0;134239;3stdy0xXNOgwFAB94FzVSj
doja cat;Summer Music Festival Hits;Boss Bitch;0;134239;4b98LXC0QUWGBteJ5uwVQY
ac/dc;Highway to Hell;Highway to Hell;85;208400;2zYzyRzz6pRmhPzyfMEC8s
ac/dc;Back In Black;Back In Black;85;255493;08mG3Y1vljYA6bvDt4Wqkj
ac/dc;The Razors Edge;Thunderstruck;84;292880;57bgtoPSgt236HzfBOd8kj
ac/dc;Back In Black;You Shook Me All Night Long;81;210173;2SiXAy7TuUkycRVbbWDEpo
ac/dc;High Voltage;T.N.T.;78;214666;7LRMbd3LEoV5wZJvXT1Lwb
ac/dc;Dirty Deeds Done Dirt Cheap;Dirty Deeds Done Dirt Cheap;74;231933;2d4e45fmUnguxh6yqC7gNT
ac/dc;Back In Black;Hells Bells;74;312293;69QHm3pustz01CJRwdo20z
ac/dc;Back In Black;Shoot to Thrill;73;317426;0C80GCp0mMuBzLf3EAXqxv
ac/dc;High Voltage;It's a Long Way to the Top (If You Wanna Rock 'N' Roll);72;301226;7nemcVsXVFZF01iqpIIo2Y
ac/dc;Black Ice;Rock N Roll Train;71;261506;4feXJ5IC3avXsVW9WNFSag
ac/dc;The Razors Edge;Moneytalks;67;225946;5u5F7qLDvZjBSktaDp4HxB
ac/dc;For Those About to Rock (We Salute You);For Those About to Rock (We Salute You);67;344240;17lu4tymfnhmcIDlzBbtAb
ac/dc;Who Made Who;Who Made Who;66;207146;6rvldt6EoZwzogApECUCwd
ac/dc;Who Made Who;You Shook Me All Night Long;66;210880;6yl8Es1tCYD9WdSkeVLFw4
ac/dc;Let There Be Rock;Whole Lotta Rosie;65;333800;4wYq5wugZDzQiMZQYG4wVB
ac/dc;Let There Be Rock;Let There Be Rock;64;366346;753KutoAy00apPsplMRetG
ac/dc;Back In Black;Rock and Roll Ain't Noise Pollution;64;266040;6J17MkMmuzBiIOjRH6MOBZ
ac/dc;POWER UP;Shot In The Dark;63;185133;0sfdiwck2xr4PteGOdyOfz
ac/dc;Highway to Hell;Touch Too Much;63;266266;2j0zExWFB0PowLOeoZosjK
ac/dc;Highway to Hell;If You Want Blood (You've Got It);63;274226;7zscdQe9CjzXnqT3P1Ey7K
ac/dc;The Razors Edge;Are You Ready;62;250333;7A1odihHBrI8n9k0Fefh2j
ac/dc;Rock or Bust;Rock or Bust;62;183053;2vyae4DvSU2gs8OMOGwXF2
ac/dc;Stiff Upper Lip;Stiff Upper Lip;62;214560;1KBuhAHzia2qoD4u6YhvER
ac/dc;Black Ice;War Machine;61;189786;5YnNWHKCJaJKwbagXDb5Uf
ac/dc;POWER UP;Demon Fire;61;210360;6jtUOVRO4p09Z7E35ERRL7
ac/dc;Highway to Hell;Girls Got Rhythm;61;203293;6Wn3pdFtAcnYJyJVITwt7N
ac/dc;Iron Man 2;Shoot to Thrill;57;317800;6GzCkTddOn1vSln1gbSr8y
ac/dc;Iron Man 2;Back In Black;56;255640;2iEGj7kAwH7HAa5epwYwLB
caleb santos;I Need You More Today;I Need You More Today;68;233728;04qDUASuSfVp6fktfsxVej
living colour;Vivid (Expanded Edition);Cult of Personality;68;294826;5e3YOg6fIkP0wD5TyxcHOH
octavian;Papi Chulo;Papi Chulo;68;161667;1S1bZVv8sqYY39S6KWchuk
blue öyster cult;Agents Of Fortune;(Don't Fear) The Reaper;76;308120;5QTxFnGygVM4jFQiBovmRo
blue öyster cult;Fire of Unknown Origin;Burnin' for You;67;271000;3fkPMWQ6cBNBLuFcPyMS8s
blue öyster cult;Blue Oyster Cult;Then Came the Last Days of May;61;210546;60TYdVs6TWIsAJ1MPRdv59
procol harum;Hits'n'Flips;A Whiter Shade of Pale - Original Single Version;68;248946;78ZqE2tjAxbqEGGlvGnQfT
jack ü;Skrillex and Diplo present Jack Ü;Where Are Ü Now (with Justin Bieber);74;250285;66hayvUbTotekKU3H4ta1f
jack ü;Skrillex and Diplo present Jack Ü;Mind (feat. Kai);62;242068;6ZpR2XFuQJSHAQwg9495KZ
village people;YMCA;YMCA - Original Version 1978;70;286800;54OR1VDpfkBuOY5zZjhZAY
village people;Can't Stop the Music (Original Soundtrack 1980);YMCA;66;202573;3ypMsqUwfNFMiooMLVHfkp
baltimora;Living In The Background;Tarzan Boy;72;378946;273uCXd7NPrInaiNqtkOrA
baltimora;Tarzan Boy: The World Of Baltimora;Tarzan Boy;64;230026;6FwMGM0Dtmf0vz6BdIc8uP
oden & fatzo;Lauren (I Can't Stay Forever);Lauren (I Can't Stay Forever);68;200550;33tYADyL2aZctrvR59K1bQ
temporex;Numbers;Numbers;70;127972;4GuZMzKXJSoWhwHUqRa0fm
temporex;Care;Nice Boys;66;180800;6uuBSo3wXnosEWVXRzZDTf
bohemia;Same Beef;Same Beef;68;290360;65c6VCikt7f5sAS1heoYQC
220 kid;Stupid Feelings;Stupid Feelings;68;166924;7iUB3byx9Rcks8zW10JVkP
virginia to vegas;Malibu;Malibu;68;148822;5XPo15e5ICs6NvSMn44pTF
elio;ELIO and Friends : The Remixes;CHARGER (ft. Charli XCX);68;147368;3InNdtWYQV1Wx81qST5rU1
absofacto;Thousand Peaces;Dissolve;68;224660;7pBrj5rt4SSxXwFKOyZfHR
girli;More Than a Friend;More Than a Friend;68;175693;5TIyFlLF0EfYOUZH1TYxBq
exo;LOVE SHOT– The 5th Album Repackage;Love Shot;74;200306;0yB4jrSwN0bFtFRDR5vyMj
exo;EX'ACT;Monster;67;221341;7GbUWl6qLW1gdngbEV2WDJ
exo;THE WAR - The 4th Album;The Eve;66;176026;2ujA6F1cpk3m8lsPE5aKua
exo;THE WAR - The 4th Album;Ko Ko Bop;65;190422;5EzitieoPnjyKHAq0gfRMa
kai;KAI - The 1st Mini Album;Mmmh;71;192346;5dntGTbUtmUO239wQ0k3yM
kai;Peaches - The 2nd Mini Album;Peaches;65;198080;237OjBs3wvamAFpHp0yItw
henry;당신이 잠든 사이에 Pt. 2 Original Television Soundtrack;It's You;68;231642;3hm4axDodp2jFEDohQfXxV
hyuna&dawn;1+1=1;PING PONG;68;158253;0Z99Xe1lGBmq60RwJ5YU18
bigbang;MADE;BANG BANG BANG;68;220177;3dI59jLoFMjMAyUAyRZnkE
loco;Moonlovers - Scarlet Heart Ryeo (Original Television Soundtrack), Pt. 2;Say Yes;68;218897;27zrFrtUtWl2urlvjOn5xc
loco;Somebody;Somebody!;68;177413;2FA4veLVh3jf7O8q5VhNh5
darell;Te Boté (Clean Version);Te Boté;68;275693;42FWqCxAw5aG1FvjyVjIlH
vishal chandrashekhar;Inthandham [From "Sita Ramam (Telugu)"];Inthandham (From "Sita Ramam (Telugu)");73;218808;3BVjPpVvki8Jpm1Ew21UjH
vishal chandrashekhar;Kaanunna Kalyanam [From "Sita Ramam (Telugu)"];Kaanunna Kalyanam (From "Sita Ramam (Telugu)");72;232513;3eH3HTKPBmxvbT7OgxjNit
vishal chandrashekhar;Oh Sita Hey Rama [From "Sita Ramam (Telugu)"];Oh Sita Hey Rama (From "Sita Ramam (Telugu)");70;246412;1hYaQRlsuEW4kMjjmjyow3
vishal chandrashekhar;Kurumugil [From "Sita Ramam (Tamil)"];Kurumugil (From "Sita Ramam (Tamil)");68;218808;5e2eJl3qNNGWllzSFCYrad
vishal chandrashekhar;Bodhai Kaname (From "Oh Manapenne");Bodhai Kaname - From "Oh Manapenne";68;261946;4qIMmEjV8gaEsfZML9LALx
vishal chandrashekhar;Kannil Kannil [From "Sita Ramam (Malayalam)"];Kannil Kannil (From "Sita Ramam (Malayalam)");67;232513;63vWEUXhpgghscp9FgvCMG
vishal chandrashekhar;Sita Ramam (Tamil) [Original Motion Picture Soundtrack];Kurumugil;65;218808;1xtlT8C62HToUvB0xmwvyi
vishal chandrashekhar;Kannukkulle [From "Sita Ramam (Tamil)"];Kannukkulle (From "Sita Ramam (Tamil)");65;232513;4WDya8Mau5wuqLnaNr2Ct0
vishal chandrashekhar;Sita Ramam (Telugu) (Extended Version) [Original Motion Picture Soundtrack];Eppudo Ninnu;64;171250;6R4KHRnMXQEZtb1qXoNX1e
yashal shahid;Mere Humsafar (Original Score) [Female Version];Mere Humsafar (Original Score) [Female Version];68;351250;4BoFJMLSO3ZoD48KgnslSe
param singh;Daru Badnaam;Daru Badnaam;68;185333;2TzyJEUfWHGRsk3r6Emvbk
leon james;Kadhaippoma (From "Oh My Kadavule");Kadhaippoma (From "Oh My Kadavule");68;282208;5cfKBuE5XKtlaNOVjQwA9H
bala;Otha Thamarai (Original Soundtrack);Otha Thamarai - Original Soundtrack;68;219923;7e97QgqoYTXOj1s7JI0dHR
thalapathy vijay;Jolly O Gymkhana (From "Beast");Jolly O Gymkhana (From "Beast");68;208064;6lpbzOMBOYHRsp6WEMvRvn
big mountain;The Best of Big Mountain;Baby, I Love Your Way;68;249520;1Rvl8qsKJurfFTyWLBI9ib
thomas day;not my job anymore;not my job anymore;68;188074;4i7mcbkECX4kqRvfjbBGQz
charmaine d'avis;Dans le noir;Dans le noir;68;178500;6oL6yOWVL8zJfwg2mlkMag
emmit fenn;The Last Dance;Control;68;170004;3NrMppEmrfhrz9OXaUejp7
the internet;Ego Death;Girl (feat. KAYTRANADA);68;415613;3PFaFVWq5wucLu6s4baj9D
emeli sandé;Our Version Of Events (Special Edition);Read All About It, Pt. III;68;283706;30BsewEJZPxfuLNAlZPFje
bts;BE;Dynamite;85;199053;5QDLhrAOJJdNAmCTJ8xMyW
bts;Proof;Yet To Come;85;193593;10SRMwb9EuVS1K9rYsBfHQ
bts;Proof;Run BTS;84;204939;69xohKu8C1fsflYAiSNbwM
bts;Proof;Butter;83;164952;6jjYDGxVJsWS0a5wlVF5vS
bts;MAP OF THE SOUL : PERSONA;Boy With Luv (feat. Halsey);80;229773;4a9tbd947vo9K8Vti9JwcI
bts;Permission to Dance;Permission to Dance;80;187585;3XYRV7ZSHqIRDG87DKTtry
bts;BE;Life Goes On;79;207481;5FVbvttjEvQ8r2BgUcJgNg
bts;Love Yourself 結 'Answer';Euphoria;78;228615;5YMXGBD6vcYP7IolemyLtK
bts;Butter (Hotter, Sweeter, Cooler);Butter;78;164441;1mWdTewIgB3gtBM3TOSFhB
bts;Proof;For Youth;78;264480;4JzCFEc3O2UEdjKzevvFH5
bts;Love Yourself 轉 'Tear';FAKE LOVE;76;242333;6m1TWFMeon7ai9XLOzdbiR
bts;You Never Walk Alone;Spring Day;76;274097;2j1fFjWHCI9KJSwcuYAOyF
bts;MAP OF THE SOUL : 7;Filter;76;180220;4bZZVcgWWMWPBwzTTp642w
bts;Wings;Blood Sweat & Tears;75;217051;2u54HNQamwFuOMLSuhSRom
bts;Love Yourself 結 'Answer';IDOL;75;222732;1e8J3XClxZbFmvIHLI8CE4
bts;Love Yourself 承 'Her';Pied Piper;75;245620;1ZPeaPDjQOOC8hw1mNjyjF
bts;Proof;Born Singer;75;238628;1IthE5GNiRzFN5CVaCa445
bts;Yet To Come (Hyundai Ver.);Yet To Come (Hyundai Ver.);75;223535;4ncTUgTfUV3wrjTPzKvn01
bts;MAP OF THE SOUL : PERSONA;HOME;74;234177;6Yc3tjFCVR2bfAQFRTZBef
bts;MAP OF THE SOUL : 7;ON;74;246380;0fZRNhPJ4AGmwY7rkpdbqK
bts;MAP OF THE SOUL : 7;Black Swan;74;198260;2EmcTFQ1rM11wp2ztsXTHa
bts;Love Yourself 承 'Her';DNA;73;223122;3uRLwBjI2TahxslcMTvpFs
bts;MAP OF THE SOUL : PERSONA;Mikrokosmos;73;224225;0jSccBRnhNU4KtACMQPvco
bts;Love Yourself 結 'Answer';Serendipity - Full Length Edition;73;276707;1dS4l6xmdgEhCZTAhdOm4N
bts;Love Yourself 結 'Answer';MIC Drop (Steve Aoki Remix) - Full Length Edition;72;307675;01380RE6UfsPSdiUIwrCoH
bts;Love Yourself 轉 'Tear';Magic Shop;72;275695;5MTGPkmiUuud9NkA0sl2nI
bts;Love Yourself 結 'Answer';Epiphany;72;240361;6L88EH68XwlaXwvChlTS41
bts;The Most Beautiful Moment in Life: Young Forever;Burning Up (Fire);72;203351;0aE3V0zgSD2YwkEHW42gxG
bts;Love Yourself 承 'Her';dimple;72;196776;6pp6xf9zS55GD4nr318XUH
bts;The Most Beautiful Moment in Life: Young Forever;Save Me;72;196505;7bxGcILuAjkZzaveU28ZJS
bts;Love Yourself 轉 'Tear';Airplane pt.2;72;218614;4lAE47gj539h8R1yxPhhGG
bts;MAP OF THE SOUL : 7;00:00 (Zero O’Clock);72;250295;6fqaMyg066xlukvUJWdM2T
bts;MAP OF THE SOUL : 7;My Time;72;234457;0YJFlxeHMUr9MxSDQVuQJA
bts;2 Cool 4 Skool;Like;72;231893;55Ctj6nVfobn9AcPe6sLG2
bts;The Most Beautiful Moment in Life Pt.1;I Need U;71;210986;3wQnyXNFXNUEOBt1pb4urq
bts;MAP OF THE SOUL : 7;We are Bulletproof : the Eternal;71;261542;133ocfbXXG4HTk76qgSeUb
bts;BE;Blue & Grey;71;254950;7Ki0hse0IfXEcXUlpyECbJ
bts;You Never Walk Alone;Not Today;71;231859;3wyrhwPpV8uhMMEms4vG3X
bts;MAP OF THE SOUL : 7;Louder than bombs;71;217404;4Aw8n6r2vuU0KUo1a2nftp
bts;MAP OF THE SOUL : 7;Friends;71;199338;5RjUtRlDonw3TBgGGMLC5b
bts;Love Yourself 承 'Her';Go Go;71;235779;5vOT8VO87TAnUjh0oADwb1
bts;Love Yourself 轉 'Tear';The Truth Untold (feat. Steve Aoki);71;242292;7DEKa5Z7Cl8s3Y7imb88OM
bts;The Most Beautiful Moment in Life Pt.2;Silver Spoon;71;233160;6O734u9qnz6B4gWMyszWhi
bts;Love Yourself 轉 'Tear';Love Maze;71;221529;4ROdFnoZNn2RTmwct0cVpx
bts;Butter / Permission to Dance;Butter;71;164441;1hciAV5LrrTkRV0g0StZ6h
bts;MAP OF THE SOUL : 7;Boy With Luv (Feat. Halsey);70;229773;7lrqvdivAYRGEiO8JFP31G
bts;Film out;Film out;70;214620;3UHPGOkUcE4hE7sqBF4Snt
bts;MAP OF THE SOUL : PERSONA;Make It Right;70;226321;3LSjYk6sFQaLi0MjtWcm8P
bts;Butter (Megan Thee Stallion Remix);Butter - Megan Thee Stallion Remix;70;164457;474VqnPDr0251lsQBB8sQB
bts;The Most Beautiful Moment in Life Pt.2;Butterfly;70;238861;3bjg5cbmuwDoS7e2dAWyRG
bts;The Most Beautiful Moment in Life Pt.2;Run;70;236748;3G1aAxWS2Nd17FQs4PWV6X
bts;MAP OF THE SOUL : 7;Inner Child;70;233265;25MHcbjvSdcfTiFgbKJiZF
bts;Love Yourself 轉 'Tear';Anpanman;70;232966;34OSqW5ULWxmCEMjJ1ZgVW
bts;MAP OF THE SOUL : 7;Moon;70;208589;6KhAXXgDtEEahVzATvFNcn
bts;BE;Telepathy;70;202313;6Fnvi5QnVkTskSzeRvvQds
bts;Wings;Lie;70;215752;1nWB8isqs2tviWk20G5pow
bts;Love Yourself 轉 'Tear';134340;70;230063;1MX0g22bQkr9HDVe37fLnN
bts;Make It Right (feat. Lauv);Make It Right (feat. Lauv);69;226321;2WH4oy1SYppZrcdgKwSA0j
bts;Dynamite (NightTime Version);Dynamite;69;199053;72wqLtMtkrB0qUw6jSqM0Z
bts;Skool Luv Affair;Just One Day;69;239469;6t7WriKgVszATnrdBKSUAf
bts;Love Yourself 承 'Her';Best Of Me;69;227191;5C6A1WXVfKvBBQmaFFnBgs
bts;Love Yourself 結 'Answer';Answer : Love Myself;69;251279;2X3UgVLSA4wYriGIQyYmMA
bts;MAP OF THE SOUL : 7;UGH!;69;225012;2QZe2H1f03t5PJWEMg2Mbe
bts;The Most Beautiful Moment in Life: Young Forever;House of Cards - Full Length Edition;69;226212;6S2gYweMmT6xygVh5q3QLa
bts;Love Yourself 結 'Answer';Trivia 轉 : Seesaw;69;246334;0mZI1NpihIVcho2f9MmqSW
bts;BE;Dis-ease;69;239722;0hxeouHqP3qzpTHerA7ha2
bts;Proof;Boy With Luv (Feat. Halsey);69;229773;07qrA1FxZpXy383wX3IDEb
bts;MAP OF THE SOUL : 7 ~ THE JOURNEY ~;Stay Gold;68;243266;3Ys2PYl1wyPKQIwyqhP9cQ
bts;MAP OF THE SOUL : PERSONA;Dionysus;68;249215;2Wkm4JBcIV2uSuu4qlbqFN
bts;The Most Beautiful Moment in Life Pt.1;Dope;68;240020;7jPCPDYoiaKeK7cgNGpIzq
bts;MAP OF THE SOUL : 7 ~ THE JOURNEY ~;Your eyes tell;68;245146;3TZ7NHkMT82AhwuYsd00Hz
bts;Love Yourself 轉 'Tear';So What;68;281520;0wqqe8k13bJPxRt7FEmnwS
bts;Love Yourself 結 'Answer';I'm Fine;68;240339;7HYJqAMbKDJYRyEfUGOCBB
bts;Love Yourself 轉 'Tear';Paradise;68;211223;1YO4xJXhh9A1Feg9k8xuy2
bts;Love Yourself 轉 'Tear';Intro: Singularity;68;196998;5rNZsITjXf23iFkRA924FV
bts;Love Yourself 結 'Answer';DNA;67;223122;2ngmiq1KoYn3x25VOmvd8F
bts;Skool Luv Affair;Jump;67;236488;1jZZm43y7RPuwjJQ5LrGHe
bts;Skool Luv Affair;Boy in Luv;67;230778;3FnDv33WrrMtuEr7hNR3ev
bts;Love Yourself 承 'Her';MIC Drop;67;238193;4gZGAVECoiutzp64KSHNjE
bts;The Most Beautiful Moment in Life: Young Forever;Epilogue: Young Forever;67;171803;6BskTMfDjXVzeqQHOau5Vi
bts;BE;Fly To My Room;67;222242;1NHl9g36Ebu3g16y0vtUNV
bts;BE;Stay;67;204800;0TdWVbcerMAcvljXrl9gpG
bts;MAP OF THE SOUL : PERSONA;Jamais Vu;67;227275;7cgWWkpUaS94xoWI8lMGiI
bts;MAP OF THE SOUL : 7;Interlude : Shadow;67;259821;7om4LRoSct9hiMPo0fPn7m
bts;O!RUL8,2?;Coffee;67;260433;4eqHEzFsCCiGALC1MHbqnU
bts;All Night (BTS World Original Soundtrack) [Pt. 3];All Night (BTS World Original Soundtrack) [Pt. 3];67;216873;70sKIAQgaVN2zWEEyOpyMZ
bts;Wings;Stigma;67;216063;3LTwMQ9kkn5VVhP3jipBlR
bts;Proof;Filter;67;180220;2ZXXwpomdj8xBYl352iyKH
bts;BTS WORLD (Original Soundtrack);Heartbeat (BTS World Original Soundtrack);66;253303;5EgYDyMDCi8X0zDydTF7Rb
bts;2 Cool 4 Skool;No More Dream;66;222066;089PFeXotzDLNQz9NCk6pF
bts;Dark & Wild;Danger;66;245140;0zzRxtfO5FGxKdqq4OKmlw
bts;MAP OF THE SOUL : 7;Outro : Ego;66;196198;2LVw2bIK99go1NdD77dUCW
bts;FACE YOURSELF;Let Go;66;299706;1OqDvYVDhJyFZny7XlfIyZ
bts;You Never Walk Alone;Outro: Wings;66;225446;7kyUapJyppdjzoAWB6XS14
bts;Wings;Awake;66;226160;3gxNkvcP8scSzL6mGznTn3
bts;Wings;Begin;66;229740;0bGJHUPR6ems9tzIljlPFR
bts;Proof;Dynamite;66;199293;1hIuSG6xV4RDgD8bDVKP7N
bts;Wings;BTS Cypher 4;66;294463;4cTSnpyaIR1qGaTOLJunDM
bts;Wings;21st Century Girl;65;192596;52d5NT69mkmr6WzvQJ9vHr
bts;Dark & Wild;War of Hormone;65;265602;29SjtKzBoJDgyIBusHylIS
bts;Skool Luv Affair;Spine Breaker;65;238529;0F3Dpp18yIxIm7XRmn0LBj
bts;Love Yourself 結 'Answer';Trivia 承 : Love;65;225697;6bSwpQYEguyMlkCoWiBt3Y
bts;FACE YOURSELF;Crystal Snow;65;323360;6NbfFVZ01Ttvvqmcok8DxL
bts;Love Yourself 承 'Her';Intro: Serendipity;65;139971;61RvEx7GLYRHQhG7ldjJo1
bts;The Most Beautiful Moment in Life Pt.1;Boyz with Fun;65;244156;1sz4drpDPpHVrPUgnXGaNn
bts;The Most Beautiful Moment in Life Pt.1;Hold Me Tight;65;274991;2SKBwYW23iHoB7CrYSeyC9
bts;The Most Beautiful Moment in Life Pt.2;Autumn Leaves;65;267150;158kubraiqKrcYpRsDHrBU
bts;The Most Beautiful Moment in Life: Young Forever;Dope;64;240020;4o3Ao6wY5fbJR32fQKabfQ
bts;Love Yourself 結 'Answer';IDOL;64;260233;54azQnjuDYDFfImXimGFsA
bts;FACE YOURSELF;Don't Leave Me;64;227413;3zIG0WuI5RoJsFYnErkFDU
bts;Proof;Euphoria;64;228615;2r8F0VYPom2XP4cKAzWLLE
bts;MAP OF THE SOUL : 7;Respect;64;237540;2yKBnKOmPXePrbHqRv42r4
bts;Love Yourself 結 'Answer';Trivia 起 : Just Dance;64;225220;4YDHRtzm0OGuieCTVQjVuk
bts;Wings;2! 3!;64;272537;3KVOfGrYVjoP1w8T2HVltm
bts;MAP OF THE SOUL : PERSONA;Intro : Persona;64;171023;2GXWzWPsYlTZcvVW8JIu69
bts;Wings;Intro: Boy Meets Evil;64;121770;1hlT8F0X27uf3fpOWawjbY
bts;MAP OF THE SOUL : 7;Make It Right;63;226321;30YLyzfEjMQsXj4ZFslAmT
bts;Dark & Wild;Look Here;63;218887;0x4cMbCLC6L7aJQs3EiPaZ
bts;Proof;Blood Sweat & Tears;63;217051;1wiqEFd8phSCSlteDLSyp2
bts;MAP OF THE SOUL : 7;Dionysus;63;249215;5LvqzuJCNpi2pNkJAX8mBT
bts;Proof;I NEED U;63;210986;1GunnGtZCSjLUAPG6yrDUC
bts;Proof;FAKE LOVE;63;242333;3YspylwDrs1LuzPONbKmAL
bts;Proof;No More Dream;63;222066;27S8iOXD7Z58yvJtyk2S9j
bts;Proof;Spring Day;63;274703;4upRoEWkMWhhMfEgPZMFRP
bts;Proof;DNA;63;223441;2Ygw4CPjg1lg4zxTITYY2V
bts;MAP OF THE SOUL : 7 ~ THE JOURNEY ~;Lights;63;292853;3TDUktzfYXMWjkWqwoT5F1
bts;2 Cool 4 Skool;We Are Bulletproof Pt.2;63;223933;5pjHS3EpHurMyIpB2QBnEd
bts;Proof;Moon;63;208201;7xuswKr3R30Cm46LbkOsno
bts;Love Yourself 結 'Answer';Singularity;63;196998;2ApfJvLr7RbhJl6NOVhEu6
bts;Black Swan;Black Swan;62;198260;6wH3AP7b01vpzKYRJhreMy
bts;BTS, THE BEST;Film out;62;216586;6g9Vd4z3JnVUiAIRwFlVCG
bts;Love Yourself 結 'Answer';The Truth Untold;62;242292;4eP8Syl3aBEQw3Jy5Bhq0D
bts;Proof;Life Goes On;62;208088;1VjqXwHU3isibdXLEtXc4q
bts;Proof;Boy In Luv;62;231384;0vMk4IrUfSJQkhwZnVX6us
bts;Dream Glow (BTS World Original Soundtrack) [Pt. 1];Dream Glow (BTS World Original Soundtrack) - Pt. 1;62;187457;4c1WgUnHXq2LEncGHKgj1I
bts;Proof;IDOL;62;222732;0KCvsHmGvW2XcsxEWJvLPr
bts;Proof;ON;62;246817;0U4hNZFJYNFdEAXZcHbkkc
bts;Proof;RUN;62;236748;20Qqyt4bd1oe4KmkTagb2K
bts;Proof;N.O;62;209751;2GEnvQgSJhedm2sqZlOP8o
bts;Proof;Danger;62;245810;0Q53fuiKLGjDKD7Mme7EoQ
bts;Proof;Intro : Persona;62;171023;1e45vYKAMljTZUQUotLdq2
bts;Love Yourself 結 'Answer';Magic Shop;61;275695;37nOpaUof3d4Xsmr6moAiI
bts;Love Yourself 結 'Answer';Dimple;61;196776;1rLkzFZdokhx6Wcs80uvnw
bts;Love Yourself 結 'Answer';FAKE LOVE;61;242333;6a0gRYXKK0YU69cXaB2RrK
bts;BTS, THE BEST;Lights;61;290960;45HQ2LUH4ZruF1KmAnGLbq
bts;MAP OF THE SOUL : 7;Jamais Vu;61;227275;0PpNBEXkjalflGCMMsBV5B
bts;MAP OF THE SOUL : 7;Intro : Persona;61;171023;7incJHhOl108CJBxylqc1z
bts;Love Yourself 結 'Answer';Anpanman;60;232966;453W8V5Ynwn6Tr28KuOwsO
bts;Love Yourself 結 'Answer';Airplane pt.2;60;218614;60nwvOMLA1uzLHz3CLp4Na
bts;Love Yourself 結 'Answer';Go Go;60;235779;4kZoZfj7IBg8eo1JZ2vsGO
bts;MAP OF THE SOUL : 7;ON (Feat. Sia);60;246816;4JWbH50WabthGhmtduR8b9
bts;Love Yourself 結 'Answer';MIC Drop;59;238193;0nUftNWYvNCWnjiyeujCR8
bts;Love Yourself 結 'Answer';Best Of Me;59;227191;3xYfDSxJhRLDIb1fw71WTw
bts;Love Yourself 結 'Answer';FAKE LOVE - Rocking Vibe Mix;59;238494;1WjGvMbHE23jEipydV80Mu
bts;The Most Beautiful Moment in Life: Young Forever;I Need U;57;210577;6EWoLZ6n26bF3Cl9Hq3pqv
shakira;Te Felicito;Te Felicito;90;172235;2rurDawMfoKP4uHyb2kJBt
shakira;Oral Fixation, Vol. 2 (Expanded Edition);Hips Don't Lie (feat. Wyclef Jean);84;218093;3ZFTkvIE7kyPt6Nu3PEa7V
shakira;Waka Waka (This Time for Africa) [The Official 2010 FIFA World Cup (TM) Song] (feat. Freshlyground);Waka Waka (This Time for Africa) [The Official 2010 FIFA World Cup (TM) Song] (feat. Freshlyground);79;202626;2Cd9iWfcOpGDHLz6tVA3G4
shakira;El Dorado;Chantaje (feat. Maluma);76;195840;6mICuAdrwEjh6Y6lroV2Kg
shakira;Laundry Service;Whenever, Wherever;75;196160;2lnzGkdtDj5mtlcOW2yRtG
shakira;Shakira. (Expanded Edition);Can't Remember to Forget You (feat. Rihanna);75;206866;2Sh4sAOfnSHEVKFyysxzat
shakira;Zootopia (Original Motion Picture Soundtrack);Try Everything;70;196853;1N3dZ7TTWO6VcD4Y3hHYLZ
shakira;The 2014 FIFA World Cup Official Album: One Love, One Rhythm;La La La (Brazil 2014) (feat. Carlinhos Brown);62;197680;2A17TySL9lcoRTA28w9yfB
shakira;Monotonía;Monotonía;0;158804;6G12ZafqofSq7YtrMqUm76
sachet tandon;Shiddat;Barbaadiyan;71;230185;6qZyM6JV8ohLC4S2EL5sFh
sachet tandon;Shiddat;Jug Jug Jeeve;70;199174;0tjnLIbuF8mwLUKq3CNIdH
sachet tandon;Bekhayali (From "Kabir Singh");Bekhayali (From "Kabir Singh");68;371790;1feANd8EfcDP5UqSvbheM3
sachet tandon;Mere Sohneya (From "Kabir Singh");Mere Sohneya (From "Kabir Singh");67;193355;2IoZMG3RqiTmsy7Li3zGFg
sachet tandon;Humraah (From "Malang - Unleash The Madness");Humraah (From "Malang - Unleash The Madness");67;299821;4xmkpE1Si5JL7NFxWrhV0S
sachet tandon;Kabir Singh;Mere Sohneya;66;193355;7sJQv0LRPgM2xCkkdWOlyj
sachet tandon;Kabir Singh;Bekhayali;66;371790;4yMbbysldl7E3WgiaugnwM
gregory alan isakov;This Empty Northern Hemisphere;Big Black Car;72;217466;3Kj2EWpIBnvETsYq4cq0IH
gregory alan isakov;Evening Machines;San Luis;68;272346;7gDNQLV9cr8449LFrQbk5J
gregory alan isakov;The Weatherman;Amsterdam;67;198640;7iQmjnDXYngWGsbjVnDc1U
gregory alan isakov;This Empty Northern Hemisphere;If I Go, I'm Goin;64;267160;1vqtj4c5aNPKkLS2LXkd4E
twopilots;If You Had My Love (Kav Verhouzer Remix);If You Had My Love (Kav Verhouzer Remix);71;158536;0nS2xf6yooLnSAthClLCDi
twopilots;If You Had My Love;If You Had My Love;68;174210;0JWSMYurMhPmlD5H8VRoTn
twopilots;Riptide;Riptide;68;154731;6yv0ZjBlZy2oRFq7jAis2C
twopilots;Me & U;Me & U;64;174512;0E7U13bmvEccq4CtC3q0Pw
harrdy sandhu;Bijlee Bijlee;Bijlee Bijlee;74;168450;1iZLpuGMr4tn1F5bZu32Kb
harrdy sandhu;Kya Baat Ay;Kya Baat Ay;68;179444;1ZaeaGLhFSckG8sv1y7AWk
harrdy sandhu;Backbone;Backbone;66;175058;4t77OsiudWy4timV32lPa2
harrdy sandhu;Naah;Naah;63;190000;0zRsGGueSQLRkYWs4kPA4V
zach hood;Isabelle;Isabelle;72;135000;1w9L6dvttZalWd8XqFYvSa
zach hood;Flashbacks;Flashbacks;67;183000;4SeZpWSgq1c8a0MY3iVy1f
zach hood;13 Missed Calls;13 Missed Calls;66;209538;6KVFBsfbnaFFa43i4k0cce
zach hood;never knew a heart could break itself;never knew a heart could break itself;66;155223;4d2ZJ9W7dkQuITwUCTuD5n
amy winehouse;Back To Black (Deluxe Edition);Back To Black;81;241293;3FAclTFfvUuQYnEsptbK8w
amy winehouse;Back To Black (Deluxe Edition);Valerie - Live At BBC Radio 1 Live Lounge, London / 2007;75;233733;6nLvaCZFR1wEzW3sIKpsnr
amy winehouse;Back To Black (Deluxe Edition);You Know I'm No Good;73;257186;0DMRKqrpd0QO4RWiEdMib0
amy winehouse;Back To Black;Back To Black;73;240440;30FURVTCpbKyykjSEQzGkH
amy winehouse;Back To Black (Deluxe Edition);Rehab;73;214946;3N4DI1vuTSX1tz7fa2NQZw
amy winehouse;Back To Black (Deluxe Edition);Tears Dry On Their Own;71;186440;7MDfN1ldfTMtuXXdVz2Pzc
amy winehouse;Back To Black (Deluxe Edition);Love Is A Losing Game;68;155413;3uliGwmB52ZA7brgpZMzyH
amy winehouse;Back To Black (Deluxe Edition);Me & Mr Jones;66;153173;0RfzQhbvtn5lOaKdhpAni7
amy winehouse;Back To Black;You Know I'm No Good;65;256946;4zQuwW24dweWcaX0fEJkP2
amy winehouse;Back To Black (Deluxe Edition);He Can Only Hold Her;65;166400;3eVo0wD4kGwF3gshtecZso
amy winehouse;Back To Black;Rehab;64;213760;1L5tZi0izXsi5Kk5OJf4W0
amy winehouse;Lioness: Hidden Treasures;Our Day Will Come;64;169373;4NDpn6yfD5aqafYWFEaJDz
amy winehouse;AMY (Original Motion Picture Soundtrack);Stronger Than Me;63;214493;5LC7nItIEFp4nzdFdEGbf9
amy winehouse;Back To Black (Deluxe Edition);Wake Up Alone;62;222000;2pxCOdnHEZZ3A1XRNxjc1v
amy winehouse;Lioness: Hidden Treasures;Will You Still Love Me Tomorrow? - 2011;61;262813;0LbK1bodGLc9xmV1cS9jvL
amy winehouse;Back To Black (Deluxe Edition);Cupid - Deluxe Edition Version;59;228853;5kG1ARHk8dli0bKiMN2oE6
eno;90x180;90x180;71;154273;17yFjZSYYRT4n3t99TuqTu
eno;Irgendwann;Irgendwann;68;144526;1zGvWXdFGnoCnHWepkBLM7
eno;Amsterdam;Amsterdam;64;172512;5NDUmScXpBPg6NQS50bVTR
a tribe called quest;People's Instinctive Travels and the Paths of Rhythm (25th Anniversary Edition);Can I Kick It?;70;251573;3Ti0GdlrotgwsAVBBugv0I
a tribe called quest;The Anthology;Electric Relaxation;68;226133;0eEXcw3JLVXcRxYrVYMy68
a tribe called quest;The Low End Theory;Check the Rhime;65;216693;4HfxDJ0uLHTLe0fZrx0MbQ
zack knight;Bom Diggy Diggy (From "Sonu Ke Titu Ki Sweety");Bom Diggy Diggy;69;238530;6qCNaRRr5xJALfNJvh0NAw
zack knight;Nakhre;Nakhre;67;194676;7tpRgru0h8B4eCvdBegLTA
zack knight;Dirty Little Secret;Dirty Little Secret;67;183092;0C4KChnQFHNgtjbppUFooH
javed-mohsin;Pal;Pal;72;247286;5G7pZ8G8NFvS1MQ9H4L7dC
javed-mohsin;Shershaah (Original Motion Picture Soundtrack);Kabhii Tumhhe;66;230103;6Sflud15ff1KqBzg6wj78S
javed-mohsin;Jalebi (Original Motion Picture Soundtrack);Pal;65;247286;79hQvdTHNBkq2fp2ZrM8b2
harnoor;Parshawan;Parshawan;70;168000;6IaHIJYxIG8xbosaRr25AC
harnoor;Waalian;Waalian;67;206117;4hOsYVSWKWP71u3yQbcqZB
harnoor;Waalian;Waalian;66;218523;68AyTcvyK46hpzwohHUkJI
beret;Porfa no te vayas;Porfa no te vayas;76;209712;4J2HLNTxiVxxs6kWgTIN43
beret;Diablo;Diablo;75;164669;511ZMyXhrPlJvQSYtBWDy3
beret;Tú y yo;Tú y yo;68;163750;0cUp7d3a6DHzAuSKBn1NZJ
beret;El día menos pensado;El día menos pensado;67;224675;2POEnW8xvLI8o3zcm61tJz
beret;Prisma;Ojalá;67;218861;75KrTLbcLWgCcldZGxZR12
beret;Mirando a la luna (feat. Reik);Mirando a la luna (feat. Reik);64;186146;3pgruOfc6P6NtTusfwrVga
beret;Prisma;Lo siento (feat. Sofía Reyes);63;232655;6mvhi5xZsGJeWyf1uyiW0r
beret;Prisma;Desde cero (con Melendi);61;202129;3RfmZepJErldBC4JXut6L9
darshan raval;Hawa Banke;Hawa Banke;71;171987;1L3Nsi7YXtBxTdnbqektia
darshan raval;Asal Mein;Asal Mein;71;224240;0rMeOAvbQZ2RTG4B6L1M4p
darshan raval;Baarishon Mein;Baarishon Mein;69;224666;7doebiokA0utWXWcw7rD82
darshan raval;Ek Ladki Ko Dekha Toh Aisa Laga;Ek Ladki Ko Dekha Toh Aisa Laga - Title Track;69;155172;3IOgP2PSCTdoAID7VmMGEh
darshan raval;Chogada (From "Loveyatri");Chogada (From "Loveyatri");68;249741;4ymPEyiXabTe1NO8q8EFxG
darshan raval;Tera Zikr;Tera Zikr;67;208500;0OfaueVeRebAfWsAHajj3z
darshan raval;Ek Tarfa;Ek Tarfa;67;234374;64r6z0P3RnhpTGdkA7p5Os
darshan raval;Mujhe Peene Do;Mujhe Peene Do;65;196071;3FbZoPzEaUBOD84l1FwFEH
darshan raval;Baarish Lete Aana;Baarish Lete Aana;65;213500;6Oq4lIhSSYdA6WuXU9sPeG
darshan raval;Ek Tarfa - Reprise;Ek Tarfa - Reprise;64;241599;2XXea7eZyOyQWHHs4s7yI2
kygo;Woke Up in Love;Woke Up in Love;80;216873;21H0pUV2uPIPcFnFhgTBjo
kygo;Dancing Feet (feat. DNCE);Dancing Feet (feat. DNCE);79;215203;4RAR8g8fZNB106ezUurnE0
kygo;It Ain't Me (with Selena Gomez);It Ain't Me (with Selena Gomez);77;220780;3eR23VReFzcdmS7TYCrhCe
kygo;Cloud Nine;Firestone;77;271640;1I8tHoNBFTuoJAlh4hfVVE
kygo;Higher Love;Higher Love;76;228267;6oJ6le65B3SEqPwMRNXWjY
kygo;Lost Without You (with Dean Lewis);Lost Without You (with Dean Lewis);75;203609;1eGW1YBT17a5G1hKPWrpW7
kygo;Cloud Nine;Stole the Show;75;223186;5masKPHeAOVNgxdLebIcK7
kygo;Golden Hour;Lose Somebody;74;199549;1sgDyuLooyvEML4oHspNza
kygo;Never Really Loved Me (with Dean Lewis);Never Really Loved Me (with Dean Lewis);73;202158;1O73ZKgl0THUImkHW6dfAL
kygo;Love Me Now (feat. Zoe Wees);Love Me Now (feat. Zoe Wees);72;195880;1c1sdxrYLIiuJOlE7PPttb
kygo;Born To Be Yours;Born To Be Yours;70;193320;0kHyKhJMukHEPfeh8s7rdM
kygo;Happy Now;Happy Now;69;211362;14sOS5L36385FJ3OL8hew4
kygo;Undeniable (feat. X Ambassadors);Undeniable (feat. X Ambassadors);69;180596;71qB68guEJjbvtjlkZ8DF5
kygo;Lose Somebody;Lose Somebody;68;199549;7xbWAw3LMgRMn4omR5yVn3
kygo;Stargazing - EP;Stargazing;68;236853;0Zbbxnx4SGGHoIow4PpISP
kygo;First Time;First Time;65;193511;2Gl0FzuLxflY6nPifJp5Dr
kygo;I'll Wait;I'll Wait;65;215360;6Q3K9gVUZRMZqZKrXovbM2
kygo;Kids in Love (Remixes);Stranger Things (feat. OneRepublic) - Alan Walker Remix;63;178413;76c4KOymiPUkWEeIIc0DQr
kygo;Kids in Love;Stranger Things (feat. OneRepublic);62;221440;4sJqSKPc5fZ5OZ8JiVI44N
kygo;Stargazing - EP;This Town (feat. Sasha Alex Sloan);61;202280;4aSfgWmRa9KsISD4Jmx7QB
kygo;pov: it's 2020;Forever Yours - Avicii Tribute;0;193846;0fsnKLCITu2idEAz14vlWZ
dio;Holy Diver;Rainbow In The Dark;68;252693;5qFxuUIAwJlzO60vqOiL7y
dio;Holy Diver;Holy Diver;67;340640;54yLLvpezvPO1lA3GspiZj
neeti mohan;Gangubai Kathiawadi;Meri Jaan;72;238103;4iEGv5Ne6HuCkFCjzxdWQK
neeti mohan;Padmaavat;Nainowale Ne;63;175821;1Xl83AOH0iWEOVFcdQqKBW
azaan sami khan;Ik Lamha;Ik Lamha;70;258857;70MVLulHguwdhGo7100hsU
azaan sami khan;Main Tera;Ik Lamha;65;258857;6KtSNVgCmQEvDgIuHoXAkT
harvi;Pta Mainu;Pta Mainu;69;164666;4qoIqWSly3rnZdCTgtcCMz
harvi;Sufna Banke;Sufna Banke;66;179343;3n7RtboHPFAG1Y6CF0cIgi
fivio foreign;Paris to Tokyo;Paris to Tokyo;71;130897;5QvW5lK6mkfTegpAK9JOO7
fivio foreign;City of Gods;City of Gods;70;256000;4huBDGP4I3S0pYI0EaRN1c
fivio foreign;B.I.B.L.E.;Paris to Tokyo;65;130897;39d9CQbAB6AMLCxcJtSc0U
fivio foreign;B.I.B.L.E.;City of Gods;64;256000;6hu4zxEVl8vhbZwDlqNqK6
sohn aelia;Herinneringen;Herinneringen;74;172357;0CMYUXTTTmI6Lwc0opH2XG
sohn aelia;Uitblinken;Uitblinken;61;179789;5b0EbWEsagMNqlSPRk8FXb
blue swede;Hooked On A Feeling;Hooked On A Feeling;73;172866;6Ac4NVYYl2U73QiTt11ZKd
blue swede;Hooked on a Feeling - Remixes;Hooked On A Feeling;62;172866;17pOLaBouf2EleJjsHfJSg
king gnu;カメレオン;カメレオン;73;193990;0J0P8iSE6l3pYHbUdNFYdS
king gnu;一途;一途;71;190606;7ncPjJBktLEOpstY5JOUMK
king gnu;CEREMONY;白日;67;276373;172fMG26G2OoEzzg0wn26r
king gnu;BOY;BOY;65;231385;3oQaOjaIYPsnJbGNzXcIID
king gnu;Sympa;Prayer X;61;195226;0r2PAeROizyyoFMpu0fvwI
80purppp;Hex;Hex;79;122221;7D7e6hm2LiNd6nLuJF6K9Q
80purppp;Violet High;Soleil;65;109295;4XWHfXGE0MvK1qMjpSbTiB
80purppp;Betty Cooper;Betty Cooper;58;115745;6jJe5uP59U6OtTrtJss42v
billy ocean;Billy Ocean (Expanded Edition);Love Really Hurts Without You;70;179013;4GhtDORJiSRYxj6M1bv0vX
billy ocean;The Very Best of Billy Ocean;Caribbean Queen (No More Love On the Run);69;244426;4JEylZNW8SbO4zUyfVrpb7
billy ocean;The Very Best of Billy Ocean;When the Going Gets Tough, The Tough Get Going;63;248000;5UU5FbITNm5OunvHQdsKME
ray parker jr.;Greatest Hits;Ghostbusters;70;239133;569uHYIB0X324FZOBEhvit
ray parker jr.;Ghostbusters (Original Motion Picture Soundtrack) [2016];Ghostbusters;69;245253;3m0y8qLoznUYi73SUBP8GI
ray parker jr.;Arista Heritage Series: Ray Parker;Ghostbusters;63;240800;300zfRaCgTmEm5Eqe3HqZZ
hugh jackman;The Greatest Showman (Original Motion Picture Soundtrack);The Greatest Show;72;302146;4ylWMuGbMXNDgDd8lErEle
hugh jackman;The Greatest Showman (Original Motion Picture Soundtrack);From Now On;71;349560;3IkWmgGsXbsafrunwPojXO
hugh jackman;The Greatest Show;The Greatest Show;59;302146;43ay9lQZ5rfNcOOHhRF2cM
ruel;Free Time;Painkiller;71;213506;1YlulsUKDduOmC7WxvXYPW
ruel;GROWING UP IS _____;GROWING UP IS _____;67;233587;2wJ1eOCIBwoQiN7xQtrTAY
ruel;Dazed & Confused;Dazed & Confused;67;189608;2pyjbGTpJCPjMYwCbdymiF
ruel;YOU AGAINST YOURSELF;YOU AGAINST YOURSELF;66;146096;3Cozx0ZC9RjHOPhW8VOdXC
ruel;Free Time;Hard Sometimes;65;269493;0D2xguFRqCF0OUqXCkqrpU
cheat codes;I Remember;I Remember;75;168117;5e2ZOmiFEAOFEgXNj1mHEk
cheat codes;HELLRAISERS, Part 1;Lean On Me;69;149856;5acSb48zFAcXTdL5Wsk8xx
cheat codes;No Promises (feat. Demi Lovato);No Promises (feat. Demi Lovato);67;223503;1louJpMmzEicAn7lzDalPW
cheat codes;Hate You + Love You (feat. AJ Mitchell);Hate You + Love You (feat. AJ Mitchell);64;198874;7DgkSYT6vh3UAYQlFbsj6z
cheat codes;Sex;Sex;61;228360;1MyWtH2yavuP1AHUi1X7ur
yuuri;壱;ベテルギウス;73;230600;4JK1kDUdH9RTBQrrSO1QfR
yuuri;壱;ドライフラワー;71;286360;4kPlQKwtPrnqLgrmmKFSlA
yuuri;壱;シャッター;71;248946;19mjCzLuMHZ0Tyn3eI85bo
yuuri;ドライフラワー;ドライフラワー;67;285586;7dH0dpi751EoguDDg3xx6J
yuuri;インフィニティ;インフィニティ;54;245853;3Gj9gaVfc3HHyqcIFaSa70
greta van fleet;From The Fires;Highway Tune;71;180640;7aOor99o8NNLZYElOXlBG1
greta van fleet;From The Fires;Black Smoke Rising;68;259893;32BEasyNQgqXQJKoVa0fUw
greta van fleet;The Battle at Garden’s Gate;Light My Love;67;270887;4iya38ctQ1httyA6NOG9oW
greta van fleet;The Battle at Garden’s Gate;Heat Above;67;341255;0zlaa4AmbFE7MVDijsyD9Q
greta van fleet;From The Fires;Safari Song;67;234600;1BfR5GMOgW0peHkPxrwf11
greta van fleet;Anthem Of The Peaceful Army;You're The One;63;266933;0iYBNrznkCwhN3xCmNVJpo
metallica;Metallica;Enter Sandman;81;331266;5sICkBXVmaCQk5aISGR3x1
metallica;Master Of Puppets (Remastered);Master Of Puppets;81;515386;2MuWTIM3b0YEAskbeeFE1i
metallica;Metallica;Nothing Else Matters;80;388266;0nLiqZ6A27jJri2VCalIUs
metallica;Garage Inc.;Whiskey In The Jar;75;304693;2R6UrJ8uWbSIiHWmvRQvN8
metallica;Metallica;The Unforgiven;74;386493;4aYLAF6ckQ5ooGGGM7sWAa
metallica;...And Justice For All;One;73;447440;5IX4TbIR5mMHGE4wiWwKW0
metallica;Ride The Lightning (Remastered);For Whom The Bell Tolls - Remastered;73;309973;2dXsILW8gzkosqleHAvl0v
metallica;Reload;Fuel;71;269800;6FUwPb4mGlUDbx42uspXaZ
metallica;Metallica;Sad But True;71;323933;1PhLYngBKbeDtdmDzCg3Pb
metallica;Stranger Things: Soundtrack from the Netflix Series, Season 4;Master of Puppets;69;514479;799XxzSlWNYkuWJxUbuGnF
metallica;Ride The Lightning (Deluxe / Remastered);Fade To Black - Remastered;69;417226;5nekfiTN45vlxG0eNJQQye
metallica;Kill 'Em All (Remastered);Seek & Destroy - Remastered;69;414720;28WmNsclKsrVmdv3tDmoYU
metallica;Reload;The Unforgiven II;66;396440;6nswV1Lz3OZkaiCJfmVUOa
metallica;Metallica;Wherever I May Roam;66;403866;22GbAGb80ZZNgm2yrBMnpR
metallica;Death Magnetic;The Day That Never Comes;65;476266;13Uvqll8OQDjw3wDweIK9y
metallica;Master Of Puppets (Remastered);Battery;65;312360;6UB9mShVLbMm0W4e6vud4C
metallica;Garage Inc.;Turn The Page;64;366466;1aXFBWnnPFRKUN7vuIA5h0
metallica;Hardwired…To Self-Destruct (Deluxe);Hardwired;63;189347;0QV3swr7L8MZr72lL2izV1
metallica;Reload;The Memory Remains;63;279173;6RbC38oDCIXD8V2AOU1Tjr
metallica;Kill 'Em All (Remastered);Whiplash - Remastered;62;248546;38fIaph07Kd8ZIN6l17ZJs
metallica;St. Anger;St. Anger;62;441132;5JAnXx5BBES4FEf4d4t4CC
metallica;Ride The Lightning (Remastered);Fight Fire With Fire - Remastered;61;284506;6ckozbGmOusAnLT2LEbERy
metallica;Death Magnetic;The Unforgiven III;60;466586;0qbV4e18lWrTTxlswVoLbI
metallica;Load;Mama Said;60;319693;3dWNUqrgkQakv9fj5epwPK
metallica;Kill 'Em All (Deluxe / Remastered);The Four Horsemen - Remastered;60;432546;2YTwVDQOSGclX2N3AKetOP
metallica;Ride The Lightning (Deluxe / Remastered);Ride The Lightning - Remastered;60;396986;2O7UGwJPVlix15Wn4sa5vw
metallica;Master Of Puppets (Deluxe Box Set / Remastered);Welcome Home (Sanitarium) - Remastered;59;387146;1FPSkRkDlthbAceSIIWc4C
metallica;Ride The Lightning (Remastered);Fade To Black - Remastered;56;417226;7866E49sLyI938dEqxi8a4
bohnes;Middle Finger - Single;Middle Finger;67;229986;0IK8y0vAO0sM630HsxwLht
rac;BOY;Passion;67;132746;3yydZof4pq6N4zeyTzLwQk
cookiee kawaii;Vanice;Violin;67;109714;4se25yP3bMpaMAlcxvyJ5Q
kongos;Lunatic;Come with Me Now;67;211960;2kWowW0k4oFymhkr7LmvzO
ten years after;A Space in Time (Deluxe Version);I'd Love to Change the World - 2004 Remaster;67;224133;7n3WO6ESKS1uCI9fgkGs66
bad company;Straight Shooter;Feel like Makin' Love - 2015 Remaster;67;313840;3KPwt1LBpt1jVSHz8GXERo
grand funk railroad;30 Years Of Funk: 1969-1999 The Anthology;Some Kind Of Wonderful - Remastered 1999;70;202733;1cU34sZG9kF4FYHCoAD0Ib
grand funk railroad;We're An American Band (Expanded Edition / Remastered 2002);We're An American Band - Remastered 2002;64;207093;3XcjIvaZVUFAIdIYZqY9bd
noisestorm;Crab Rave;Crab Rave;67;161280;4qDHt2ClApBBzDAvhNGWFd
russell dickerson;Yours;Yours;67;216960;3I4WFddKpe2PGZWFh7f10J
jay sean;All Or Nothing;Down;78;212506;6cmm1LMvZdB5zsCwX5BjqE
jay sean;My Own Way;Ride It (Kya Yehi Pyar Hai);56;193706;0dynHt8F4nhXiwolAdiLW5
sister nancy;One Two;Bam Bam;67;196506;7ixiCZEHWHc8FxaQXQh2P4
kc & the sunshine band;Do You Wanna Go Party;Please Don't Go;71;230440;4zoZQvmST8gliv9S9L8lUw
kc & the sunshine band;All In a Night's Work (Expanded Version);Give It Up;68;254240;3yDhZq8f17SmumVmEyCaRN
kc & the sunshine band;KC & the Sunshine Band;That's the Way (I Like It) - 2004 Remaster;62;185106;3PR79C1jVvLLLmgdyHkXl3
michael gray;Analog Is On;The Weekend - Radio Edit;67;192173;6KzkqZqhUBEsWYJJa2aBOd
zeus x crona;Invisible;Invisible;67;201015;1QQ1Dx8dcLgWvUaY5fk84y
hot shade;Dive;Dive;74;164490;2aXC0fD6qziwlOZZqhCqTd
hot shade;Melodies;Melodies;60;160565;2pFdf2vRg9p49amXUL3ZVm
raiden;Yours;Yours;67;235413;4KL3FJYexPrPuMdPagHPXp
ellise;Chaotic;911;68;188386;23KVefoON2iEz1dh940quQ
ellise;Can You Keep a Secret?;Nightmares;66;144000;2f2hbFjim051DVx0o8o4rU
frenship;Truce - EP;Capsize;67;237706;2XMTqoHHSH0lvuXrvIEdco
blue foundation;Life Of A Ghost;Eyes on Fire;67;302826;3XHrTm6WE2BOHafLwTT3GR
hudson mohawke;Satin Panthers;Cbat;67;171720;0AzD1FEuvkXP1verWfaZdv
with confidence;With Confidence;What You Make It;67;177220;2eXSPTZmhkXRGob1hsFdVd
amber run;5AM (Expanded Edition);I Found;74;273000;5zT5cMnMKoyruPj13TQXGx
amber run;Pilot EP;I Found;60;274226;4lRuRtvftdSSUA7hLP7zAr
radical face;Ghost;Welcome Home, Son;71;287634;6HTVZeVQ9J6Uiq6tHESxU9
radical face;Touch the Sky (Welcome Home) - EP;Welcome Home;63;287393;1oofwLaSk4kDIWAYT5ZGK7
lobo;Of A Simple Man;I'd Love You to Want Me;67;247640;71CXzHYYOyNqgtVFpNdeCS
mumford & sons;Babel (Deluxe Version);I Will Wait;71;276720;5PRRthP9SLfbXB359MfIWv
mumford & sons;Sigh No More;Little Lion Man;68;245173;2KrN3MCNztKcSleZgHEj83
mumford & sons;Sigh No More;The Cave;62;215626;2F79HavLHwJlfvvJOkkIQD
neptunica;Marble;Marble;69;138860;0ymH3Qwwzkl802WD3yy0oY
neptunica;Love Is Gone;Love Is Gone;65;157894;4fkFsB17kyzq27QhOVt19V
crossfade;Crossfade;Cold;70;194226;6ZxrUCaynLgKSUudACOTwj
crossfade;Crossfade;Colors;64;198533;1ZtVN326V42hioNyRjU4P2
cypress hill;Black Sunday;Insane in the Brain;75;208266;1oTHteQbmJw15rPxPVXUTv
cypress hill;The Essential Cypress Hill;Tequila Sunrise;65;257746;2gABnPYOMsyxThmsOQ4uWK
cypress hill;Stash;Illusions - Harpsichord Mix;61;209200;2Bhqg1ONbtcFBTR96H7oQw
the pharcyde;Bizarre Ride II The Pharcyde;Passin' Me By;70;303493;4G3dZN9o3o2X4VKwt4CLts
the pharcyde;Labcabincalifornia (Deluxe Edition);Runnin';64;296266;0XgpiStoxq1IJncYlPrvZ5
naughty by nature;19 Naughty III;Hip Hop Hooray;67;267266;1SyQ6t9RdRBK0QUCS6a797
tai verdes;TV;A-O-K;77;173640;1sx0XsWUusUoPstbvokZjP
tai verdes;LAst dAy oN EaRTh;LAst dAy oN EaRTh;69;172755;0fVDu1evgjX9CFD0cmuRrM
tai verdes;Let's go to Hell;Let's go to Hell;69;152181;38XLUjlR84JEwK0SOvX77a
tai verdes;sheluvme;sheluvme;67;150840;64Ds8EuwkeGSOeXDzXLRZz
tai verdes;A-O-K;A-O-K;66;173640;1v3Ozpbcx2B926aVW0UuXk
tai verdes;TV;Stuck In The Middle;66;196133;44TzvSZLIkM7Y7MEnrvkIl
tai verdes;how deep?;how deep?;63;154506;0VcWp30A3hSJrPjdDEHeNE
tai verdes;HDTV;LAst dAy oN EaRTh;59;172773;2sS1DcNGSsG34Ccua98Q4t
vansire;Angel Youth;From the Subway Train;76;57370;0qOCy2LqvdkMora7eZsJhQ
vansire;Metamodernity;Metamodernity;70;162663;4RGWHfQeJftd5XrP8JUgFj
vansire;After Fillmore County;The Latter Teens;64;221648;6qr6qpP9J9YBBYsVmJFd5c
vansire;The Modern Western World;Evening Light;58;130813;4qde41KNfJv2TyrKC1kug7
quinn xcii;Common;Common (with Big Sean);70;159322;2CJc3U1pViZ5E44pA0f2YI
quinn xcii;A Letter To My Younger Self;Stacy;64;168986;07ZQLYn9x4x3L3vxStc1zr
tom misch;Geography;It Runs Through Me;68;261881;02CygBCQOIyEuhNZqHHcNx
tom misch;Geography;Movie;66;357357;6pxElwU80zhjbCC77Vn8EI
lilas ikuta;スパークル;スパークル;68;213600;6EuubEs5qOmJdpNhkU47OZ
lilas ikuta;Answer;Answer;66;246000;5hVAQTNarrb3lmWqg9Ens4
the connells;Ring;'74-'75;67;278973;2MAVcVr2oylw2OZ3hojWYj
red velvet - irene & seulgi;Monster - The 1st Mini Album;Monster;67;178413;6c1QaQHdDhtFMfUkhueuXK
the rose;Dawn;She's In The Rain;67;237576;2I0LNCqlQpAPJlwOEWaefE
lele pons;Celoso;Celoso;67;179693;33zcmmElV1YbRZe57biUjg
the brobecks;Violent Things;Better Than Me;67;267466;2ACs0dJwkSsvNZvEbvFurK
rochak kohli;Tu Hi Yaar Mera (From "Pati Patni Aur Woh");Tu Hi Yaar Mera (From "Pati Patni Aur Woh");72;200991;57jOEZtoLQK4zF2x55bdkp
rochak kohli;Meri Zindagi Hai Tu (From "Satyameva Jayate 2");Meri Zindagi Hai Tu (From "Satyameva Jayate 2");69;284233;6IWZKBeAkeCzaYNE8SmedK
rochak kohli;Sonu Ke Titu Ki Sweety;Tera Yaar Hoon Main;66;264805;4ZTx87kAgEwlPMzoojFZWg
rochak kohli;Paniyon Sa (From "Satyameva Jayate");Paniyon Sa;65;236239;2si0ZNx4yRbggTvrIom8A2
rochak kohli;Mitti Di Khushboo;Mitti Di Khushboo;65;247222;7tp4iYvcZksGp1u7feUrrO
rochak kohli;Dil Na Jaaneya (From "Good Newwz");Dil Na Jaaneya;65;231136;6zyozkRLgDlqZIUJzCwkgP
gulab sidhu;Ainak;Ainak;70;178666;7JVpb6CY3I1JwQCIEgw9XT
gulab sidhu;DEAD ZONE;DEAD ZONE;64;169939;5RTQ7QLKmUyWMl0jdPJzhp
nikk;Yaari;Yaari;67;177750;04UzZSWfw8hkK832P27QLq
darbuka siva;Mudhal Nee Mudivum Nee Title Track (From "Mudhal Nee Mudivum Nee");Mudhal Nee Mudivum Nee Title Track (From "Mudhal Nee Mudivum Nee");68;332702;1AzNN19lPYC68iacrbWL8X
darbuka siva;Mudhal Nee Mudivum Nee (Original Motion Picture Soundtrack);Mudhal Nee Mudivum Nee Title Track;66;332702;4oNVmnywnXguyk76wkMuIb
tyson sidhu;GODSPEED;GODSPEED;67;127200;7d4ZrG3Cer7jbqIl6wOI6D
sam c.s.;Yaanji (From "Vikram Vedha");Yaanji - From "Vikram Vedha";67;270375;6EB454nVg2u6sbeCvWAPej
tanzeel khan;Befikar;Befikar;67;204923;0Qxis7LXvwqhCO2qOKCmLX
vivek - mervin;Orasaadha (Madras Gig);Orasaadha - Madras Gig;67;235500;7fec0UcxeHVe6kHIez2GSs
chamath sangeeth;Manike Mage Hithe;Manike Mage Hithe;67;162772;5JO2usoem1CW1pLL1kLj9E
jasmine sandlas;Illegal Weapon 2.0 (From "Street Dancer 3D");Illegal Weapon 2.0 (From "Street Dancer 3D");67;188606;5fXslGZPI5Cco6PKHzlSL3
vicky;Top Notch Gabru;Top Notch Gabru;67;158294;5ACacHdqtOjENeTgh4qfmy
sly & the family stone;Fresh;If You Want Me to Stay;67;180493;2BydLQAh7CUIFvSEqAMc4x
sly & the family stone;Stand;Everyday People;67;141506;4ZVZBc5xvMyV3WzWktn8i7
lebanon hanover;Tomb for Two;Gallowdance;67;292600;74SUn8w4lYSwgOGPvVZiEo
rah swish;Tell 'Em;Tell 'Em;67;119233;6IuN5rqcAeHmzK5d5r0RWL
the archies;Everything's Archie;Sugar Sugar;69;167213;6MTd61g9zq6CB1FnJydjEb
the archies;The Very Best Of "The Archies";Sugar, Sugar;65;167186;3iSws76HjaU7k49EqJVTfF
fort minor;The Rising Tied;Remember the Name (feat. Styles of Beyond);67;230493;6ljbkNIzfmFrGyYUTUAleN
renée elise goldsberry;Hamilton (Original Broadway Cast Recording);Satisfied;70;329228;3dP0pLbg9OfVwssDjp9aT0
renée elise goldsberry;Hamilton (Original Broadway Cast Recording);The Schuyler Sisters;69;186542;71X7bPDljJHrmEGYCe7kQ8
renée elise goldsberry;Hamilton (Original Broadway Cast Recording);It's Quiet Uptown;62;270171;40LYL1Z6xgCn5cBybo5K0D
sydney rose;Turning Page;Turning Page;67;218451;2QFyOnJfJ49OnNgMvKXvTM
ufuk beydemir;Sevda Gibi;Ay Tenli Kadın;67;197967;4hv9mEWi4911k1uhU4fPEH
sleepy clouds;Elevated;Blanket of White;67;186088;2u3TXM5CwRovxFJZID2OuF
plaza;All Mine;All Mine;67;234871;2cLOhJv1hQQRLBf3eVJOHV
mothica;forever fifteen;buzzkill;67;140111;1xFkcJjWuLlq8CIymwSTw9
coco & breezy;Just Say;Just Say;67;166000;1dHiSGzb9WFtDKnBFJs4KO
black pumas;Black Pumas;Colors;67;246586;6d4FWjx72iuRWzn1HwywLK
the buggles;The Age Of Plastic;Video Killed The Radio Star;72;252773;7o7E1nrHWncYY7PY94gCiX
the buggles;Video Killed The Radio Star / Kid Dynamo;Video Killed The Radio Star - Single Version;62;197906;7nm8w9dMwTjlWDosdnxBSn
ewan mcvicar;Tell Me Something Good;Tell Me Something Good;67;249678;5krhFNgUcYHwXlNPJJYzFM
journey;Escape (Bonus Track Version);Don't Stop Believin';83;250986;4bHsxqR3GMrXTxEPLuK5ue
journey;Frontiers;Separate Ways (Worlds Apart);74;323706;4ECNtOnqzxutZkXP4TE3n3
journey;Departure;Any Way You Want It;73;201693;71SvEDmsOwIWw1IozsZoMA
journey;Separate Ways (Worlds Apart) [Bryce Miller/Alloy Tracks Remix];Separate Ways (Worlds Apart) - Bryce Miller/Alloy Tracks Remix;72;165074;0muK9BAzu2TJXQgWPsEj6e
journey;The Essential Journey;Don't Stop Believin';72;248906;77NNZQSqzLNqh2A9JhLRkg
journey;Escape (Bonus Track Version);Open Arms;70;202173;2w4EpqGasrz9qdTwocx54t
journey;Frontiers;Faithfully;68;267080;57ebBLITHpRgRKGrlbxMZS
journey;Frontiers;Separate Ways (Worlds Apart);62;323666;1pTw2cNrp9L3esxLAvWnN2
journey;Stranger Things: Soundtrack from the Netflix Series, Season 4;Separate Ways (Worlds Apart) - Steve Perry & Bryce Miller Extended Remix;58;197133;4QQL5qNwVZ1FctLoVqN9rn
journey;Frontiers;Faithfully;57;266973;0l5TpsCL1ObiTEsHeWA0by
journey;Revelation;After All These Years;47;250680;1By0FlLWeUxjQpOjmQIYig
earth, wind & fire;The Best Of Earth, Wind & Fire Vol. 1;September;83;215093;2grjqo0Frpf2okIBiifQKs
earth, wind & fire;Raise!;Let's Groove;79;339320;3koCCeSaVUyrRo3N2gHrd8
earth, wind & fire;I Am;Boogie Wonderland;76;288293;6ztstiyZL6FXzh4aG46ZPD
earth, wind & fire;September;September;68;215080;7Cuk8jsPPoNYQWXK9XRFvG
earth, wind & fire;I Am;After the Love Has Gone;67;278040;3cfnGXJ9bmiWvFqEO6ff8B
earth, wind & fire;The Essential Earth, Wind & Fire;September;62;215080;3wpLkju0bJy89kjgdRys0j
earth, wind & fire;Pure... 80's Dance Party;Let's Groove;33;243333;5SJiLp24UI4w9PW0LnpdBG
mamamoo;MIC ON;ILLELLA;72;166053;0oeVHAgY8Q7Mdce5Quj2G4
mamamoo;reality in BLACK;HIP;71;195306;24nK8tW7Pt3Inh2utttuoG
mamamoo;TRAVEL;AYA;64;211280;4BZXVFYCb76Q0Klojq4piV
mamamoo;RED MOON;Egotistic;64;196018;5Z4aqpT39KpY8gbHoJWdou
mamamoo;White Wind;gogobebe;63;195855;6E7jAJN2e3znSHyPCdQqx8
ozzy osbourne;Blizzard Of Ozz (40th Anniversary Expanded Edition);Crazy Train;78;293183;7ACxUo21jtTHzy7ZEV56vU
ozzy osbourne;No More Tears (Expanded Edition);Mama, I'm Coming Home;69;251866;0S3gpZzlT9Hb7CCSV2owX7
ozzy osbourne;No More Tears (Expanded Edition);No More Tears;68;443240;7w6PJe5KBPyvuRYxFkPssC
ozzy osbourne;Bark At The Moon (Expanded Edition);Bark at the Moon;67;257120;2E7W1X4maFFcjHrVrFA7Vs
ozzy osbourne;Blizzard Of Ozz (40th Anniversary Expanded Edition);Mr. Crowley;66;302647;2ov8L95QD25TLpZAZPYWXL
ozzy osbourne;The Ultimate Sin;Shot in the Dark;65;256293;31dqpLUModJWNbxrXu6TWd
ozzy osbourne;Patient Number 9;One of Those Days (feat. Eric Clapton);64;280206;2lcfGO79t1PqcXc2Mbxyd5
ozzy osbourne;Down To Earth;Dreamer;63;284906;78PKCefXwDLbl4FVO1Pjzh
ozzy osbourne;Patient Number 9 (feat. Jeff Beck);Patient Number 9 (feat. Jeff Beck);61;441402;6kAOsnRUgp21bPiUoVZeuJ
leon bridges;Coming Home (Deluxe);River;74;240200;3hhbDnFUb2bicI2df6VurK
leon bridges;Good Thing;Beyond;73;240600;1Omt5bfz1tZUCqd26HxbS0
leon bridges;Coming Home (Deluxe);Coming Home;69;206386;65GbQI9VDTs7vo6MJL2iJA
leon bridges;Gold-Diggers Sound;Motorbike;59;188617;3mMduiD8yb4IaS5tZKqSZy
leon bridges;Inside Friend (feat. John Mayer);Inside Friend (feat. John Mayer);58;175432;4ehkZtzPTbjsRULRfQSWYu
ashes remain;What I've Become;On My Own;69;172960;6VuztO5yaKP4VjqSkZxpan
ashes remain;What I've Become;End of Me;64;170426;5Iuqf7d8G5SAvuKY7MKHbd
dubdogz;Infinity (Dubdogz & Bhaskar Edit);Infinity - Dubdogz & Bhaskar Edit;69;196000;4ekDggjElGJX9kNSOtnbVf
dubdogz;Dancing;Dancing;64;162459;1JyQVDd48BprQrdEOpmodT
frankie valli;The Very Best of Frankie Valli & The 4 Seasons;Can't Take My Eyes off You;70;203240;6ft9PAgNOjmZ2kFVP7LGqb
frankie valli;Solo;Can't Take My Eyes off You;70;203680;0bfvHnWWOeU1U5XeKyVLbW
frankie valli;Frankie Valli...Is The Word;Grease - 2007 Remaster;64;207306;5Vrczz39CvlD3OGCa6utoA
frankie valli;Grease (The Original Motion Picture Soundtrack);Grease - From “Grease”;62;205733;6X1D6qbVmK48uoOD9nIvVV
bananarama;True Confessions (Collector's Edition);Venus;67;229164;4XX1pFUkQOZTYp6Hb6a6Ae
bananarama;Bananarama (Collector's Edition);Cruel Summer;66;215326;2EGaDf0cPX789H3LNeB03D
eden;i think you think too much of me;XO;67;159512;0ZAiqymvbQUZAh9y6ZT3Rm
eden;i think you think too much of me;sex;66;218808;26ZX2JrAb8AFbr8FFfAsO7
zella day;Kicker;East of Eden;67;186213;2Wc2tcQl7cPetPKeXH3GD3
zella day;Kicker;Hypnotic;66;176786;2zsWRxMcUdGjj8TnWkVKw0
yoon mirae;Street Man Fighter Original Vol.3 (Mission by Rank);LAW (Prod. Czaer);72;189373;0VES0jpNQEdRpD31gYDIMe
yoon mirae;Descendants Of The Sun Pt.1 (Original Television Soundtrack);ALWAYS;61;205192;4LsMjCB4qt4RnWcJBiHrA6
sabaton;Heroes;To Hell and Back;69;206546;1BrgjqSg9du0lj3TUMLluL
sabaton;The Last Stand;The Last Stand;68;235840;0bUgTRe5st6TMbRCEjKezX
sabaton;Weapons Of The Modern Age;Father;67;278093;6pPCkAzVYapjObH73BWu9t
sabaton;The War to End All Wars;Stormtroopers;66;236000;7cUHFTxJhxtZ5tpY34SMRw
sabaton;Bismarck;Bismarck;65;313984;39m87lOMd5ccENPVvAT7gH
sabaton;The Great War;The Attack of the Dead Men;64;235720;2K2NeVnP853rkR5ese8ZLP
navaan sandhu;Plug Talk;Plug Talk;67;162346;4HKbWbn8acXeTq6j0rqO5z
navaan sandhu;Black Life;Black Life;66;179228;07fDD54BLVrdAvM4krVGlG
manan bhardwaj;Shiddat;Chitta;68;228189;6JUQViD0hLXlvWXCV4uUF8
manan bhardwaj;Shiddat;Shiddat Title Track;65;230875;5O9jxRlG72h1sYxtqWwUcF
qaran;Veere Di Wedding (Original Motion Picture Soundtrack);Tareefan;67;186122;5QyOjKJhR1iyF0DHQM2IvW
qaran;Haaye Oye (feat. Ash King);Haaye Oye (feat. Ash King);66;200029;0oukMLKedsqQ3ltnI2daRO
prashant katheriya;Devine Nostalgia (Unplugged);Tum Chhupa Na Sakogi;67;69741;06YVd30bpfbyLnfNp4Lsnf
prashant katheriya;Dreams Revisited (Short Version);Jiske Aane Se Mukammal;66;62942;2TcRvzS7C22LePsokUOHnn
la la love you;El Fin del Mundo;El Fin del Mundo;67;188093;5SeYlZyKVENMOxiSPQkKyw
la la love you;La la Love You Bonus;El Fin del Mundo;66;188093;70JnnNNAxPjvZGPwjJfX47
bea miller;feel something;feel something;71;180161;7JDWhC422Gtk1Bq0mL3OTC
bea miller;aurora;like that;70;185546;6E37j4b44JGpdk297urpKM
bea miller;Playground (from the series Arcane League of Legends);Playground (from the series Arcane League of Legends);70;230525;5f2zZawBtGBEw24ABweErz
bea miller;THAT BITCH;THAT BITCH;68;201101;77o1HdXHm1hLd7Ebe9ygd0
bea miller;aurora;S.L.U.T.;67;179146;6h3lMAmmpQDFqoHk9F99IR
bea miller;Arcane League of Legends (Soundtrack from the Animated Series);Playground (from the series Arcane League of Legends);64;230525;5YTUCHSwfwJ4oHFDjFgpEe
bea miller;chapter two: red;like that;55;185440;1BSAmxkrz2H8v5kpTfAT6v
marc seguí;Tiroteo (Remix);Tiroteo - Remix;81;321555;4OwhwvKESFtuu06dTgct7i
marc seguí;Tiroteo;Tiroteo;69;266290;05HpBFLrHBjWpgV0DSPUAv
marc seguí;Agua Salada;Agua Salada;61;213434;22QO6gby3fhNRkNVAFxp5v
marc seguí;360;360;61;195043;5KGgrDNF3C5vXwgSPaYASE
marc seguí;Pinta y Colorea;360;60;195043;1dfSgvpKNflak0CS0gCzW5
lil peep;Come Over When You're Sober, Pt. 2;Falling Down - Bonus Track;81;196400;4jvjzW7Hm0yK4LvvE0Paz9
lil peep;nuts (feat. rainy bear);nuts (feat. rainy bear);80;85360;2SabxRgV7VMc1LRHgw0HIo
lil peep;Come Over When You're Sober, Pt. 1;Save That Shit;78;231546;0S0vWvyZ6Rc79TXkWxT9QA
lil peep;crybaby;white tee;77;132226;6KjkgYu4mjsMVYy4aCzyw6
lil peep;Star Shopping;Star Shopping;75;142000;6Ox1rvlwEpB49drasQm6RF
lil peep;Come Over When You're Sober, Pt. 2;Life is Beautiful;73;207586;5rYpwP1dHWGVMrSZbTmt3e
lil peep;Come Over When You're Sober, Pt. 1;Benz Truck (гелик);72;159986;3kBD2xHIqKWXjLAGidDTSz
lil peep;Come Over When You're Sober, Pt. 2;16 Lines;70;244906;6akBF8JWM8lrpqejdwIfYI
lil peep;Come Over When You're Sober, Pt. 1;Awful Things;70;214426;7Hr2XoaGpIMKbNXCZDZ3le
lil peep;Come Over When You're Sober, Pt. 2;Runaway;70;192760;1FBi1YWCAxlRmfuUbMINqO
lil peep;HELLBOY;walk away as the door slams;70;160560;5vJMWciCIDG0R5gLZLF8DC
lil peep;Come Over When You're Sober, Pt. 1;U Said;69;224053;3F42FHouOY59SnSsyD2TAX
lil peep;Come Over When You're Sober, Pt. 1;Better Off (Dying);68;154814;1tlrTC3x7viJ1U30oOFGdF
lil peep;HELLBOY;hellboy;68;177160;2YGHCHkWTbtCUTjL0LUXtx
lil peep;crybaby;lil jeep;68;203026;5OXPfNGyUDTMOSaGhbAvOr
lil peep;I've Been Waiting (w/ ILoveMakonnen & Fall Out Boy);I've Been Waiting (w/ ILoveMakonnen & Fall Out Boy);67;233613;2v5JTeM6hSmi5wWy7jiwrI
lil peep;crybaby;big city blues;67;155573;1IX9zu7Ciqf1k48IyPLruN
lil peep;HELLBOY;worlds away;67;126826;2JfV8E7wsD7eVY5wr69teC
lil peep;crybaby;crybaby;67;247453;6w1k5KDajzJSqPJzMYsQhA
lil peep;crybaby;yesterday;67;112520;1oZX407PWkU5ETtmRy3zL8
lil peep;Come Over When You're Sober, Pt. 1;The Brightside;67;216040;4DbnKBddcHUHbYpidc36AT
lil peep;Come Over When You're Sober, Pt. 2;Sex with My Ex;67;213640;0H1Had94fszD13qsFsP1U5
lil peep;HELLBOY;we think too much;67;198626;5tlKygvcLAJr1dfQ94OsTs
lil peep;crybaby;nineteen;67;177040;03XjE0nqkkQvktjlRXmsV6
lil peep;HELLBOY;cobain;67;150160;375l2qnEfCpeY6AaoFOsjb
lil peep;Come Over When You're Sober, Pt. 2;Broken Smile (My All);66;280520;1BCBBO8VUEFOb6RBct4XDp
lil peep;beamer boy;beamer boy;66;203373;16dlDlLW9Uv8lmIUvAXAjG
lil peep;CASTLES II;your favorite dress;66;177386;186bb3vDk1yzNK5u3e7h7O
lil peep;crybaby;ghost girl;66;173946;5LAVhynnTmj9VJjW8xGZdP
lil peep;HELLBOY;OMFG;66;197853;0EPLdgfGTsdcf7ygd8ChoZ
lil peep;CASTLES II;witchblades;65;149360;7pIorU6vXlFoXmHUdsbpfX
lil peep;crybaby;absolute in doubt;65;227066;1tf1CVuAsK3X1s42riww5u
lil peep;CALIFORNIA GIRLS;california world;64;291400;7kjYPapOatvPuqPuMn4TgM
lil peep;ghost boy;ghost boy;63;130973;4AiFSXnVm0Bqecjdn3Brr8
lil peep;crybaby;skyscrapers (love now, cry later);63;121920;52KFX9aaIwEuUX1mjlbgvp
lil peep;HELLBOY;the song they played (when i crashed into the wall);63;135306;2D27mEHstGhdGONAhcEU6q
lil peep;right here;right here;62;176906;1FY8LJWKivOdoxZX5TSLpm
lil peep;crybaby;driveway;62;159080;3Mf5CJ4c9wzdCI5Dib3V3B
lil peep;Vertigo;drugz;62;139706;3aWX8DMLmQCOGx6cHMPr6V
lil peep;Come Over When You're Sober, Pt. 1;Problems;62;209213;5e90dsXJMBw9ndBRiKP1ZA
lil peep;HELLBOY;girls;62;240440;1XDOGk0XzrBIZboUMvfRNr
lil peep;Gym Class;Gym Class;61;217000;0ANegBVvYb1jXWXLMbdZFs
lil peep;Come Over When You're Sober, Pt. 2;Cry Alone;61;167106;4kQazx3VMaDKUG1IIaC94i
lil peep;Come Over When You're Sober, Pt. 2;IDGAF;60;214293;6zZhlOWizcEG1T7zsTdI6N
lil peep;Come Over When You're Sober, Pt. 2;Hate Me;60;180600;2FoRvrNWBtrJiSgIjmivKG
lil peep;CALIFORNIA GIRLS;let me bleed;60;246866;42CvoNEEBDcUBpfRMnQG16
lil peep;CALIFORNIA GIRLS;lil kennedy;59;192173;1SISnhVlTM8SU7vh83sqUj
lil peep;Come Over When You're Sober, Pt. 2;Sunlight On Your Skin - Bonus Track;59;200000;6trwNRKYjipVE9wUYSSG82
lil peep;GOTH ANGEL SINNER;Moving On;59;203800;1mo6pWcIXljy3y1Kju5JWG
lil peep;Come Over When You're Sober, Pt. 2;Fingers;58;182893;3GGkqI7lQTP1D6CtymwnHZ
aditya rikhari;Samjho Na;Samjho Na;68;172408;1d5lpW3gUyq537iuyrb9Lf
aditya rikhari;Faasle;Faasle;67;221988;0s76ExpXyMGVBlKLUr683e
aditya rikhari;Kya Karein;Kya Karein;64;158812;5Cr5e4NGjmbcem8nugnf4i
the romantics;The Romantics;What I Like About You;69;175266;4ebcE2SmkG7nplvzFAWRu7
the romantics;In Heat;Talking In Your Sleep;66;235093;7fRvtXvJMpGfTLdF0M09a1
the romantics;What I Like About You (And Other Romantic Hits);What I Like About You;64;175400;6NdcSEhpGGAYXNnnhGS2s6
lou reed;Transformer;Walk On the Wild Side;73;254173;5p3JunprHCxClJjOmcLV8G
lou reed;Transformer;Perfect Day;67;225000;4TOMI010Sd4ZAX4aZ5TS85
lou reed;Transformer;Satellite of Love;59;221120;5WyuRWUcOOhAic0tj9Pl28
calvin harris;One Kiss (with Dua Lipa);One Kiss (with Dua Lipa);89;214846;7ef4DlsgrMEH11cDZd32M6
calvin harris;Motion;Summer;82;222533;6YUTL4dYpB9xZO5qExPf05
calvin harris;This Is What You Came For;This Is What You Came For;81;222160;0azC730Exh71aQlOt9Zj3y
calvin harris;18 Months;Feel So Close - Radio Edit;80;206413;1gihuPhrLraKYrJMAEONyc
calvin harris;Stay With Me (with Justin Timberlake, Halsey, & Pharrell);Stay With Me (with Justin Timberlake, Halsey, & Pharrell);80;229282;5lfWrciYtohtIMVDVZd0Rf
calvin harris;Motion;Outside (feat. Ellie Goulding);79;227266;7MmG8p0F9N3C4AXdK6o6Eb
calvin harris;Potion (with Dua Lipa & Young Thug);Potion (with Dua Lipa & Young Thug);79;214459;7fYRg3CEbk6rNCuzNzMT06
calvin harris;How Deep is Your Love (feat. Disciples);How Deep is Your Love (feat. Disciples);77;212640;22mek4IiqubGD9ctzxc69s
calvin harris;Promises (with Sam Smith);Promises (with Sam Smith);77;213309;5N5k9nd479b1xpDZ4usjrg
calvin harris;Motion;Blame (feat. John Newman);76;212960;07nH4ifBxUB4lZcsf44Brn
calvin harris;My Way;My Way;76;219159;1vvNmPOiUuyCbgWmtc6yfm
calvin harris;By Your Side (feat. Tom Grennan);By Your Side (feat. Tom Grennan);74;189671;0vR2rIVORmgeKiGIgNT0fV
calvin harris;Funk Wav Bounces Vol. 2;Obsessed (with Charlie Puth & Shenseea);73;226497;0b5CzUhyShYuDdtW5J4wm2
calvin harris;Funk Wav Bounces Vol. 2;Stay With Me (with Justin Timberlake, Halsey & Pharrell);73;229282;6clzeGvi1CFioMOolbAOlX
calvin harris;Motion;Under Control (feat. Hurts);73;184280;4J7CKHCF3mdL4diUsmW8lq
calvin harris;Giant (with Rag'n'Bone Man);Giant (with Rag'n'Bone Man);73;229184;5itOtNx0WxtJmi1TQ3RuRd
calvin harris;Slide (feat. Frank Ocean & Migos);Slide (feat. Frank Ocean & Migos);72;230813;6gpcs5eMhJwax4mIfKDYQk
calvin harris;18 Months;Sweet Nothing (feat. Florence Welch);72;212560;24LS4lQShWyixJ0ZrJXfJ5
calvin harris;Over Now (with The Weeknd);Over Now (with The Weeknd);71;210795;58AGoOGbwsQMhBbH0eFLRR
calvin harris;Funk Wav Bounces Vol. 2;Potion (with Dua Lipa & Young Thug);71;215215;3h8tI65xdfpQyTAy7Grqwa
calvin harris;18 Months;I Need Your Love (feat. Ellie Goulding);71;234506;05SBRd4fXgn8FX7bf8BCAE
calvin harris;New To You (with Normani, Tinashe, & Offset);New To You (with Normani, Tinashe, & Offset);67;302952;22PTmk4mzAVi92WiQPAcFp
calvin harris;18 Months;Thinking About You (feat. Ayah Marar);66;247933;1KtD0xaLAikgIt5tPbteZQ
calvin harris;18 Months;Let's Go (feat. Ne-Yo);66;232800;4wkQmYpAaMe41Rc3sYZ7Vz
calvin harris;18 Months;We'll Be Coming Back (feat. Example);63;234360;7B1Dl3tXqySkB8OPEwVvSu
calvin harris;Motion;Pray to God (feat. HAIM);63;232226;75kMrDKPJJpgEQaXVh7QMB
calvin harris;18 Months;Bounce (feat. Kelis) - Radio Edit;63;222186;36cmM3MBMWWCFIiQ90U4J8
calvin harris;18 Months;Drinking from the Bottle (feat. Tinie Tempah);62;240346;1oHxIPqJyvAYHy0PVrDU98
calvin harris;Funk Wav Bounces Vol. 2;New To You (with Normani, Tinashe & Offset);61;302613;5Axapk6xMmSHK2A75EZiYo
calvin harris;New Year's Eve - NYE 2018/2019;One Kiss;60;209040;6Mcd2tlwSiqsnMC85DF4Ns
calvin harris;Funk Wav Bounces Vol. 2;Nothing More To Say (with 6LACK & Donae’o);59;233974;4hvWEdTLJxrZsDDjUEcHvy
calvin harris;By Your Side (feat. Tom Grennan) [Oliver Heldens Remix];By Your Side (feat. Tom Grennan) - Oliver Heldens Remix;59;238064;3ZFosXgzvmN6wXs9wTaIxh
calvin harris;One Kiss (with Dua Lipa) [Remixes];One Kiss (with Dua Lipa) - R3HAB Remix;58;190866;5tsZgJv9QqdrIqxU9piCku
calvin harris;Motion;Open Wide (feat. Big Sean);58;187546;64j3Bd62HTe0pclk8Aq9BE
calvin harris;Promises (with Sam Smith) [Remixes];Promises (with Sam Smith) - David Guetta Remix;58;190416;3Lv3frZVXU7Q0JEFvLIzWW
calvin harris;Funk Wav Bounces Vol. 2;Somebody Else (with Jorja Smith & Lil Durk);57;178560;5BchaCO4QMiAIugGp5UpUX
calvin harris;One Kiss (with Dua Lipa) [Remixes];One Kiss (with Dua Lipa) - Oliver Heldens Remix;56;281266;7b4vbqgzMhbFa0wdjfftQJ
calvin harris;Ready For The Weekend;Flashback;56;227880;6A8llSO9QFF4djCCmuCrNu
calvin harris;Funk Wav Bounces Vol. 2;Stay With Me (Part 2) (with Justin Timberlake, Halsey & Pharrell);56;83736;6S8hzeDFZmsJbQCO3w97Zz
calvin harris;Feel So Close;Feel So Close - Radio Edit;50;207880;6Wtc1K3dvTIEsWU3rSIZXn
calvin harris;Heatstroke (feat. Young Thug, Pharrell Williams & Ariana Grande);Heatstroke (feat. Young Thug, Pharrell Williams & Ariana Grande);48;229640;1N90cV79gbBgO0bOs74Y0t
calvin harris;Feels (feat. Pharrell Williams, Katy Perry & Big Sean);Feels (feat. Pharrell Williams, Katy Perry & Big Sean);46;223413;7840mcgnpkHeYU8jwMdq4n
calvin harris;One Kiss (with Dua Lipa) [Remixes];One Kiss (with Dua Lipa) - Valentino Khan Remix;45;251428;7FliZx9wTDb0U1tPfS7AuX
calvin harris;How Deep is Your Love (DJ Snake Remix);How Deep is Your Love - DJ Snake Remix;41;222400;2mQ7KmAI8gFLH3baaDXc6o
led zeppelin;Led Zeppelin IV (Deluxe Edition);Stairway to Heaven - Remaster;79;482830;5CQ30WqJwcep0pYcV4AMNc
led zeppelin;Led Zeppelin III (Remaster);Immigrant Song - Remaster;78;146250;78lgmZwycJ3nzsdgmPPGNx
led zeppelin;Led Zeppelin II (1994 Remaster);Whole Lotta Love - 1990 Remaster;77;333893;0hCB0YR03f6AmQaHbwWDe8
led zeppelin;Led Zeppelin IV (Deluxe Edition);Black Dog - Remaster;74;295386;3qT4bUD1MaWpGrTwcvguhb
led zeppelin;Physical Graffiti (Deluxe Edition);Kashmir - Remaster;71;517125;6Vjk8MNXpQpi0F4BefdTyq
led zeppelin;Led Zeppelin IV (Deluxe Edition);Rock and Roll - Remaster;71;220560;4PRGxHpCpF2yoOHYKQIEwD
led zeppelin;Led Zeppelin II (1994 Remaster);Ramble On - 1990 Remaster;71;263333;3MODES4TNtygekLl146Dxd
led zeppelin;Led Zeppelin;Good Times Bad Times - 1993 Remaster;69;166266;0QwZfbw26QeUoIy82Z2jYp
led zeppelin;Houses of the Holy (Deluxe Edition);D'yer Mak'er - Remaster;66;262748;4ItljeeAXtHsnsnnQojaO2
led zeppelin;In Through the out Door (Remaster);All My Love - Remaster;65;353720;5hhVpGIBlqAU5yJEOmrk5o
led zeppelin;Led Zeppelin IV (Deluxe Edition);When the Levee Breaks - Remaster;64;428851;05f8Hg3RSfiPSCBQOtxl3i
led zeppelin;Led Zeppelin III (Remaster);Tangerine - Remaster;64;191827;4ywWJqYKOwaVVh9xXARWUS
led zeppelin;Led Zeppelin II (1994 Remaster);Heartbreaker - 1990 Remaster;64;254133;6WE7jSshLCuVKoCmobVKVf
led zeppelin;Houses of the Holy (Remaster);Over the Hills and Far Away - Remaster;64;290933;2eDdFHgqNJltzlvlZFVDWd
led zeppelin;In Through the out Door (Remaster);Fool in the Rain - Remaster;64;370920;3i25w2HOWoafnTIiWJCL71
led zeppelin;Led Zeppelin;Dazed and Confused - 1990 Remaster;63;386373;6hu1f1cXSw7OAqhpSQ2zDy
led zeppelin;Led Zeppelin III (Remaster);Since I've Been Loving You - Remaster;62;444148;1SDiiE3v2z89VxC3aVRKHQ
led zeppelin;Led Zeppelin;Babe I'm Gonna Leave You - 1990 Remaster;62;401066;4OMu5a8sFpcRCPCcsoEaov
led zeppelin;Led Zeppelin IV (Remaster);Stairway to Heaven - Remaster;61;482830;0RO9W1xJoUEpq5MEelddFb
led zeppelin;Houses of the Holy (Remaster);The Rain Song - Remaster;60;459093;3JLrri1xSCui3bzITDJbkk
led zeppelin;Led Zeppelin III (Deluxe Edition);The Immigrant Song - Alternate Mix;59;147272;1HNJU5jqp2LlIHqsdrjVUo
led zeppelin;Physical Graffiti (Deluxe Edition);Ten Years Gone - Remaster;59;394920;6M5m8gfTj3rhYEPDzLmdL4
led zeppelin;Mothership (Remastered);Immigrant Song - Remaster;57;146746;2uuMXKKmdXrY2XxsqTsGp0
everglow;reminiscence;DUN DUN;68;192280;3ejAkJLWQSEJDqDXxK3efB
everglow;-77.82x-78.29;LA DI DA;68;210893;6mIjJONoUMvGPT9Kzrab3L
everglow;Return of The Girl;Pirate;65;210013;0Vu5tjvXZX3qtzRiezxLi1
everglow;HUSH;Adios;64;189146;0sq2QUCf3ykmfYxjCDWcir
clinton kane;I GUESS I'M IN LOVE;I GUESS I'M IN LOVE;77;204093;1is8gU4RVcN4J8xItxWoOY
clinton kane;i don't want to watch the world end with someone else;i don't want to watch the world end with someone else;71;184505;58qX77t2VWMWcycsh9zKLc
clinton kane;CHICKEN TENDIES;CHICKEN TENDIES;69;196844;0awuNCj9gwJEM0seER22DW
clinton kane;MAYBE SOMEDAY IT'LL ALL BE OK;I GUESS I'M IN LOVE;67;204093;1dB1kzLOjTcmSHttRd8bnV
clinton kane;Fix It to Break It;Fix It to Break It;64;198798;1uviKYHZuM4uINK33F7sCt
clinton kane;MAYBE SOMEDAY IT'LL ALL BE OK;CHICKEN TENDIES;63;196853;4hNjjRYpkftbChRMkRlDeg
clinton kane;MAYBE SOMEDAY IT'LL ALL BE OK;14;62;140800;0QHST6B9xjYappSPkG6M6V
clinton kane;GO TO HELL;GO TO HELL;62;183786;55XRXhQeU25IwqVpjQqxkz
clinton kane;MAYBE SOMEDAY IT'LL ALL BE OK;KEEP IT TO YOURSELF;61;174386;6UcfBPUiBB7ZeQQkwZ8OF5
thousand foot krutch;The End Is Where We Begin;Courtesy Call;72;236898;0AOmbw8AwDnwXhHC3OhdVB
thousand foot krutch;The End Is Where We Begin;War of Change;67;231665;1qUHD9oPIMFHKpR12NY2KC
thousand foot krutch;Welcome To The Masquerade (Fan Edition);Take It Out On Me;66;197373;1RXoCep9hxApPfx8UFsGZk
thousand foot krutch;The End Is Where We Begin;Be Somebody;63;222435;33MnSYLvtOrbj5zwfioEiH
thousand foot krutch;OXYGEN: INHALE;Untraveled Road;63;235689;3WG3wFBe9NgkWB1mNGE6fJ
b praak;Mann Bharryaa 2.0 (From "Shershaah");Mann Bharryaa 2.0 (From "Shershaah");69;266005;3jf5303mzzJ96O8xFTcEn4
b praak;Meri Jaan Meri Jaan (From "Bachchhan Paandey");Meri Jaan Meri Jaan (From "Bachchhan Paandey");68;248006;7hUxzSsK2OHjeKWkzeArIU
b praak;Filhaal2 Mohabbat;Filhaal2 Mohabbat;67;300196;576v1keY82NOPITMNu0wD2
b praak;Naah Goriye (From "Bala");Naah Goriye (From "Bala");64;184617;1CM4rFDU9q4EoLy2K44qE6
b praak;Baarish Ki Jaaye;Baarish Ki Jaaye;63;251428;4OQFlJOSID2AzpmOcuDlJl
becky g;MAMIII;MAMIII;85;226088;1ri9ZUkBJVFUdgwzCnfcYs
becky g;ESQUEMAS;MAMIII;81;226093;7FlQk2gJ6TBrHHiidvdR2O
becky g;Shower;Shower;78;206166;3DmW6y7wTEYHJZlLo1r6XJ
becky g;MALA SANTA;Mayores;72;203186;2AY1UAimvTqjJC8vDJsOyy
becky g;AMANTES;AMANTES;72;180153;3Q7o2zzvXj7QiSCumjBpvu
becky g;Sin Pijama;Sin Pijama;69;188560;2ijef6ni2amuunRoKTlgww
becky g;MALA SANTA;Sin Pijama;67;190160;62vDrkBEyJYEOFj1ScBqM7
becky g;MALA SANTA;MALA SANTA;65;173826;5e50NiIlOc2YJIftHzoehd
becky g;NO MIENTEN;NO MIENTEN;63;147395;3zUtuSPwyqKElkqfnJj3X2
becky g;Bella Ciao;Bella Ciao;61;160177;1bHhB1E62CqbM3uVZVvaEl
becky g;Can't Stop Dancin';Can't Stop Dancin';61;198852;5NetSTs4dgiR6GLrZOQcwJ
becky g;Rotate;Rotate;60;201940;6wwT3PgG3eFuKCpxzjMJFs
becky g;Lovin' So Hard;Lovin' So Hard;46;221453;5EnCFISDzoIMWMaicJxxX9
becky g;Next To You (feat. Rvssian);Next To You (feat. Rvssian);46;179257;3NJcATra6ASZtwFY0vIAER
hillsong united;Zion;Oceans (Where Feet May Fail);71;536000;5SDcksP8En1l6RtTY1wzHc
hillsong united;All Of The Above;Hosanna;61;330360;4pRYWucBrSGVwY95PWw4do
arrested youth;Sobville (Episode I);The Kid I Used to Know;66;145801;4AXAS26dUVTnCnubySfkbv
casting crowns;Only Jesus;Nobody (feat. Matthew West);67;206400;0W7KIc2GSB9suYQAaMZ9rF
casting crowns;Casting Crowns;Who Am I;65;335906;5VUQsLff8A3ruAyCdTxqzg
the technicolors;Ultraviolet Disguise (Deluxe Edition);Tonight You Are Mine;66;230000;0Sjz8pTu8vcVvGP5rtyh3Q
half•alive;Now, Not Yet;still feel.;66;247786;48XkVAagIoQHCsOlJtXUd5
princess nokia;Everything Sucks;I Like Him;66;132453;68UU9oaQtMDnh6PRlW842H
duckwrth;Spider-Man: Into the Spider-Verse (Soundtrack From & Inspired by the Motion Picture);Start a Riot;66;171466;6V81K1OcvYgHEnCA6A2Qx9
jesse;&;Bloom Later;66;160306;7DCQIOmpGV4nkHx7DQckJS
apollo fresh;JoJo Pose;JoJo Pose;66;105333;4dPVmeisPfQrLcjx0Wz1KW
the hollies;Distant Light (Expanded Edition);Long Cool Woman (In a Black Dress) - 1999 Remaster;71;199200;4OTw5splgMdlYklwHMHxLK
the hollies;Hollies;The Air That I Breathe - 2008 Remaster;66;257106;6yLIqXX9edg1x0HZS7cZEv
the hollies;Confessions of the Mind (Expanded Edition);He Ain't Heavy He's My Brother - 1998 Remaster;61;262266;6k5QsifpMWtY5ilnzBZ0u4
rufi-o;Oblivion;Oblivion;66;152920;2zhPy8zbBf53XgTtkEbnbO
8percent;dream girl;dream girl;66;87408;0Hfah746oDkvCS7ySP3k1c
idi akz;Two Years Clear;Two Years Clear;66;205053;0wCWfjqo0FV1CDseDGD0cV
dan;Legends Aren't Made;Legends Aren't Made;66;168247;0Xzibp4sColB67CPXM7Dm2
blood orange;Negro Swan;Charcoal Baby;66;242341;3bBmpVl9rQKJsFFGLFilIS
jiří horák;Hourglass;Hourglass;66;122125;2UscVwaSo0fbaX5QxVgqH8
mitchell tenpenny;Truth About You;Truth About You;66;203036;4Qum1kECNQrpREev5fvAQ4
k-391;Play;Play;70;167976;4jp4Z02kzzg8gK0NmDGgml
k-391;End of Time;End of Time;67;187560;67O8CWXxPsfz8orZVGMQwf
k-391;Aurora;Aurora;61;164166;5XND8aufA4UvtqAgARcjfN
barbra streisand;Guilty;Woman in Love;68;231840;1pTGc8pwyo6xtgXBKCBcFn
barbra streisand;The Mirror Has Two Faces - Music From The Motion Picture;I Finally Found Someone (feat. Bryan Adams);65;221973;2WthqeuPLwn0CHwCMrlt6L
barbra streisand;Guilty;Guilty (feat. Barry Gibb);65;264333;60mGckXEG1EzR4VmjYLfEW
barren gates;Devil;Devil;66;176000;3lj59hy6FrRDyYNo8Onuud
eaeon;Fragile;Don't (feat. RM);66;205386;6KE3Fs6LMzi4hJI3eFqyLC
justice;Justice;D.A.N.C.E;66;242266;33yAEqzKXexYM3WlOYtTfQ
anarbor;Burnout (Deluxe Version);18;66;157360;21hbZ0yllYOoXEbiFDYMSI
modern baseball;Sports;Tears Over Beers;66;168750;7hPLPHeKbwJrsuDHv4BCTA
woodlock;I Loved You Then;I Loved You Then (And I Love You Still);66;158000;6cA0wDujtrbg5W2rgNTJR9
nancy sinatra;How Does That Grab You?;Bang Bang (My Baby Shot Me Down);66;162446;4JLcAU2xY90qTkTSNM1lUa
boris way;Pink Soldiers;Pink Soldiers;66;135688;2JOTbHmj0jwBM9bHgcVEOq
imany;The Wrong Kind of War;Don't Be so Shy - Filatov & Karas Remix;66;191360;4bNqSJ92afDvDZiYgpckVf
myd;Born a Loser;The Sun;66;207373;5UEZzRsrB4FKw1SIMoMD2y
filter;Title Of Record (Expanded Edition);Take A Picture;66;363800;6q4aoWgTQ8td2AvqQXuFqm
filter;Short Bus;Hey Man, Nice Shot - Remastered Version;66;314440;1IyHPt3b6BrhdMwNyk0VM0
gza;Liquid Swords;Shadowboxin';66;209973;7bp5DfkdK1OAvNJ1U4HfDA
the prophec;The Lifestyle;Kina Chir;72;216026;6XPmY4hIb1RGRyNuq0UBsl
the prophec;Secrets;Secrets;60;192475;4u7IQqFz6ZSZoLwTcWDfLQ
akhil;Duniyaa (From "Luka Chuppi");Duniyaa (From "Luka Chuppi");74;222500;2tjWCe2W7sgvS3C8NHcdtI
akhil;Khaab;Khaab;72;201689;0a6zRnrjmaOcqsEIFkXIhw
akhil;Bachalo;Bachalo;65;165108;1v8NfOckFEnck9gp7iyetm
akhil;Kalla Sohna Nai;Kalla Sohna Nai;61;156613;4yurVSNjaPBKkOpbZWtuJO
akhil;Deewana;Deewana;58;221044;3jW0wb61ySku4gmORXuGDn
bhalwaan;Priceless;Sift;67;118762;3ubdbuynat3QLfKtdtJ5BH
bhalwaan;Priceless;Priceless;65;107755;7MdX25DW2YXXwCWl8fSHnq
ina wroldsen;Strongest (Alan Walker Remix);Strongest (Alan Walker Remix);66;210285;2r9hCNjupNy2C2g3r6SNz6
huts;Stereo Love;Stereo Love;66;146190;4Ef3ODp0REOFXMgDL4S5fM
wormono;Laaree Chootee;Laaree Chootee;66;130718;0HnbfIzOu6eLF8Kb1mT9Wl
lostboycrow;Valleyheart;Strawberry Sunscreen;66;129000;6Xve7pWqzW6CQV8mlXzpBe
bleachers;Strange Desire;Rollercoaster;66;188866;5L95vS64rG1YMIFm1hLjyZ
the dave brubeck quartet;Time Out;Take Five;66;324133;1YQWosTIljIvxAgHWTp7KP
hyuna;I'm Not Cool;I'm Not Cool;66;174173;5iIpbD34k4wnuRMZDNnuWf
momoland;GREAT!;BBoom BBoom;66;208863;3BPoSr2pO34Aan6alFfVto
nct u;NCT RESONANCE Pt. 1 - The 2nd Album;Make A Wish (Birthday Song);66;229400;1Q5SpQeocfNXefx76svqkl
cl;Hello Bitches;Hello Bitches;66;178177;72ysGFB4mZTgQsPqN9PzPS
nct 127;2 Baddies - The 4th Album;2 Baddies;69;230293;1WKLxJpDqkQ9x1qEDNutoX
nct 127;NCT #127 Neo Zone - The 2nd Album;Kick It;63;233013;1ayaOin9hxCtyhg4UsBTpg
d.o.;공감 (Empathy) - The 1st Mini Album;I'm Gonna Love You;66;151733;1jxGBe4s8FwL2ZeNWszVuu
d.o.;공감 (Empathy) - The 1st Mini Album;Rose - English Version;66;153706;2shyarF21wZvWew00TdaP3
secret number;Love, Maybe (A Business Proposal OST Part.5);Love, Maybe;66;185000;5btJjUxmhPK1cwdw0mnhRD
nct;NCT 2018 EMPATHY;BOSS;66;210641;0ErzcmZ2gIwX7X0xSMQPix
iz*one;Oneiric Diary;Secret Story of the Swan;66;192333;7G6WuVZuTbF6JcnA9wOvsD
brave girls;Rollin';Rollin';66;197746;6SQUopvuZyrWYjYayxxSXl
cosculluela;El Príncipe [Ghost Edition];Prrrum;66;238564;774Vy9sPhpePjj0B7WHaG2
chad kroeger;Hero (feat. Josey Scott);Hero (feat. Josey Scott);66;200480;779ooI3rBd0CLqCiiJmtVo
milo edale;Returning;Returning;66;140250;0yccHAlypw9zM9Pf33lLjd
kalen elmsley;Relaxing Piano (Neoclassical Sessions);Spheroidal;66;184220;00PnFrg2QQzPqkeuxGxcz9
khan bhaini;Numb;Numb;66;166134;0tPGKwBnhD2pxeUoGxpZYB
joshua aaron;Munbe Vaa;Munbe Vaa;66;149460;4Vrcjv4sJDfxvhaj1uWqr0
jaani;Coka 2.0 (From "Liger");Coka 2.0 (From "Liger");66;166391;6TtNVOFQUbQDUbTQwdILH1
jaani;Coka 2.0 [From "Liger (Telugu)"];Coka 2.0 (From "Liger (Telugu)");66;166391;5QKiLD7zEXvQc8VlFYmqhb
ved sharma;Malang (Title Track) [From "Malang - Unleash The Madness"];Malang (Title Track) [From "Malang - Unleash The Madness"];66;287374;25MPTnqXQB1H6OkwSYUXWx
shrey singhal;Fallin for You;Fallin for You;66;195338;3uOh60vBloFwAv1akxP5Mj
laidback luke;Whistle (feat. Bertie Scott);Whistle (feat. Bertie Scott);66;140156;6hEJvWfNOvTUhLuV1Or1of
the psychedelic furs;Forever Now;Love My Way;66;213973;4dk40nfaQav6b4ZsJ9OYUo
loveless;MIDDLE OF THE NIGHT;MIDDLE OF THE NIGHT;71;186129;1Gwu3d6lZjL99kw4dcFCsq
loveless;happier than ever;happier than ever;65;147456;4Mojr5CSSZnupTOaPHkal4
loveless;End of an era;MIDDLE OF THE NIGHT;62;186129;0CwiF8zPjl7ESC6nDnBvPo
conway the machine;La Maquina;Scatter Brain (feat. Ludacris & JID);66;209117;4w7lBzX0EcDuy8tQLQvjC2
tash sultana;Notion;Jungle;66;315602;6t1ahr2f1t9iSjjNFwFb4C
daniyel;82;IT'S OK;66;116981;4vsLtmWxiRMhzW5ZkGw7mX
nova issue;Liberation;Liberation;66;150000;2S8zzsvlurouRcb7zbJOz1
vishal casey;Appreciation;Appreciation;66;169000;70w16KjhO0HQz6eqllKYJo
adeline verver;Turndown Service;Turndown Service;66;115800;56y8h73SZXnIzR0fGSQlca
polysomni;Repouso;Repouso;66;236583;41Fp3VZmyloxKUUcWDUrH2
sea of waves;Blue Sphere;Blue Sphere;66;162118;3aQ46BOZ8C3fOfSFfyEcwq
oto roth;Anatomy of Change;Anatomy of Change;66;144782;1kh6iEcYhNL6jbMr5BVEVG
victor leksell;Fånga mig när jag faller;Svag;66;191103;4SS4YfDAEQG0fZAe1xfgn3
first aid kit;Stay Gold;My Silver Lining;66;215493;5BkNCuxzzid0gz9sx3NNbX
september;Dancing Shoes;Cry for You;66;209800;1mvZErZBp7WZT3HfGBykao
uzi;Kan;Krvn;66;171880;4a1WLOoydq7u011UG9jjC9
ozuna;OzuTochi;Hey Mor;76;196600;1zsPaEkglFvxjAhrM8yhpr
ozuna;Baila Baila Baila (Remix) [feat. Farruko, Anuel Aa];Baila Baila Baila - Remix;76;235284;7mWFF4gPADjTQjC97CgFVt
ozuna;Enoc;Una Locura;76;230693;5y7DaS3jAc9eZzcSOoUIwU
ozuna;Enoc;Del Mar;75;214506;5cpJFiNwYyWwFLH0V6B3N8
ozuna;Hey Mor;Hey Mor;75;196600;6Rpbzk2LC8xWZI93RyodAq
ozuna;Odisea;Se Preparó;75;188080;1m69ELEgE6k5ZWsap40ozt
ozuna;Aura;Vaina Loca;74;176133;48zFZh27QU5qsrBjn4C2FA
ozuna;OzuTochi;Mañana;73;192320;2CGhzWArXQZG86V1Ztv4Q2
ozuna;La Copa;La Copa;72;154628;2gdBsRfuWGwJwe3X5XwZuI
ozuna;Nibiru;Baila Baila Baila;70;158760;5PXsZaT8cOxb4mXrA20PMQ
ozuna;Enoc;Despeinada;70;224186;0JAZWvvqttGFm4UMDsPQXC
ozuna;OzuTochi;Te Pienso;66;147760;2snbAel9GoxA6i6iH0Wvw9
ozuna;Mañana;Mañana;65;192321;2OrgdmsWkqPiC4MNDnPHx0
ozuna;OzuTochi;Favorita;64;208133;2sZzEKY3DxpY8V87SuYoU2
ozuna;OzuTochi;4:22;63;193360;1TRnIxwWeJoE6MVimzjw2w
ozuna;OzuTochi;El Cel;63;287813;07oas8KpAMIkwuetf81Zen
ozuna;OzuTochi;Kotodama;63;188533;4ZlHgEGwZb3PCq0OWFbhcO
ozuna;Arhbo [Music from the FIFA World Cup Qatar 2022 Official Soundtrack];Arhbo [Music from the FIFA World Cup Qatar 2022 Official Soundtrack];63;219831;139nCjBRQCLgnWNRxBKAC7
ozuna;Un Reel;Un Reel;62;203840;1IavuiWnbbts36JWozObGE
ozuna;OzuTochi;Mar Chiquita;62;204413;52AHKfP6qQ3feLjPCDTiRI
ozuna;OzuTochi;Un Reel;62;203840;5br09BQU134gRX5M6HMnmr
ozuna;OzuTochi;Días y Meses;62;192320;5PgBTczNS4lpNmHVaPPqoU
ozuna;OzuTochi;La Suzi;61;155933;7Hr9ke37qeKfCajWSZ4iet
ozuna;OzuTochi;Vida;61;152626;7qUv2Tq895aJc6g4O1F6Zs
ozuna;OzuTochi;Te Marchaste;59;240026;5Os2tLxqWCi3FexbWdWDAm
ozuna;OzuTochi;La Copa;59;154626;4ISfM2xZuOc9YEtiCqty7Y
ozuna;OzuTochi;Perreo y Dembow;58;162026;4PlkeOWaeaS9e0R2DvZUgc
ozuna;OzuTochi;Cielos Rosado;58;182840;4u4EnZpoThBaxVRLMHyVOA
ozuna;OzuTochi;Somos Iguales;58;172413;5pvy8p5jyXqr6bjzQRDPjm
ozuna;4:22;4:22;57;193360;0tzAYfXvSyKfXJm9YqS3SM
maninder buttar;Sakhiyaan;Sakhiyaan;73;179325;3sqRODOZ1Z6hR4F2tnFAlg
maninder buttar;Ik Tera;Ik Tera;69;160768;57DhVYA7E1CyrE4OKuyLb7
maninder buttar;Sakhiyan2.0 - BellBottom;Sakhiyan2.0;68;177694;2hTn8oS49IQULxAWs7hEBz
maninder buttar;Laare;Laare;60;270545;7GfdU12uRL2xtSQcRXmqNN
maninder buttar;Dilaan De Rajya;Dilaan De Rajya;59;122336;0RFxx8rwddnW4j9COvLmGK
sum 41;All Killer, No Filler;In Too Deep;76;207093;1HNE2PX70ztbEl6MLxrpNL
sum 41;All Killer, No Filler;Fat Lip;74;178266;4KacUpvbA3Mfo05gttTjhN
sum 41;Does This Look Infected?;Still Waiting;71;158733;0jqK7sGTLsHPkQrrcrGuKD
sum 41;Chuck;Pieces;69;182040;1ibeKVCiXORhvUpMmtsQWq
sum 41;Does This Look Infected?;The Hell Song;66;198493;6hqt1z34Oz0OZtSfy62OFD
sum 41;Underclass Hero;With Me;64;291360;1OTvWduKQV0MQd2gnGM9He
sum 41;13 Voices;War;62;209666;23Vf9hNoBN8AacpUUHbiRy
sum 41;Underclass Hero;Best Of Me;56;265786;0vKGvQdkbesI7RGKX3tRyk
sum 41;Order In Decline;Never There;54;260093;3ujzd7pcdAhILCnS3oGbaU
toploader;Onka's Big Moka;Dancing in the Moonlight;77;232693;3Fzlg5r1IjhLk2qRw667od
toploader;Dancing In The Moonlight: The Best Of Toploader;Dancing in the Moonlight;67;233373;1FHNctV68GUNLgXclG2DtR
toploader;Onka's Big Moka;Dancing in the Moonlight;53;232693;0w07a1vsKahQMM0RnPXHVT
jackie wilson;Higher And Higher;(Your Love Keeps Lifting Me) Higher & Higher;72;179120;5qyq1H5OPMlfuvZQ1wQNo7
jackie wilson;The Ultimate Jackie Wilson;(Your Love Keeps Lifting Me) Higher & Higher;65;181066;4TBBPZks71c60whhq0PgdP
jackie wilson;I Get The Sweetest Feeling;I Get The Sweetest Feeling;60;178373;7F1eoVZd2ySSJ70iP3PN1m
kaka;Mitti De Tibbe;Mitti De Tibbe;67;273251;0X7g825ekNNiCWWV7queDr
kaka;Libaas;Libaas;65;267029;0vqw3BCyNr3DDVBmjD21H8
kaka;Temporary pyar;Temporary pyar;65;245016;2ZGAWiLZh2aRxp2iTL5yMS
magic!;Don't Kill the Magic;Rude;81;224840;6RtPijgfPKROxEzTHNRiDp
magic!;Rude;Rude;66;224773;3tCwjWLicbjsMCvXhN0WOE
magic!;Primary Colours;Red Dress;50;200800;1MDuXjpO68UVjbBzrTL1Aq
tool;Lateralus;Schism;70;403533;55mJleti2WfWEFNFcBduhc
tool;10,000 Days;The Pot;69;381946;1lATXTBJDHwawvT1UfxWu3
tool;Undertow;Sober;68;306853;6DyywdbmTzlmXBzG9ym7Rt
tool;Ænima;Forty Six & 2;68;363066;6AioOohg4bQZFA4jIYQQ2r
tool;Fear Inoculum;Pneuma;64;713191;03sEzk1VyrUZSgyhoQR0LZ
tool;10,000 Days;Vicarious;64;426680;65ShmiE5aLBdcIGr7tHX35
tool;Lateralus;Lateralus;63;562706;7tvuLLroI0n6uYBWuFig5d
tool;10,000 Days;Right In Two;59;535800;0NLDZzVke3Qu7vDhWyGzRk
vilen;Chidiya;Chidiya;74;253333;7mNZUnDWUDidWBFaUpVtOC
vilen;Ek Raat;Ek Raat;67;224040;7Lvxcrbzuz1mNCPkFakS9K
vilen;Kyun Dhunde;Kyun Dhunde;66;70434;7gFzBppKTiKAs38SWOjbO6
vilen;Aankhein;Aankhein;63;219428;18oO0TSyS9lIW9sioZyCNN
vilen;Bekaar;Bekaar;58;197307;24MVilhtBOg06UxlnNOonf
everybody loves an outlaw;I See Red;I See Red;77;230613;5MAK1nd8R6PWnle1Q1WJvh
everybody loves an outlaw;I See Red;Give Em Hell;54;159412;3k4zd8iEKKtFrJB9oeX1Nl
hisohkah;School Rooftop (Slowed Down Version);School Rooftop - Slowed Down Version;68;193732;6IaSUc4wx1rzo8lGs4KOot
hisohkah;School Rooftop;School Rooftop;63;167967;06E5KyqnDTueEbdT22FFvM
daya;Bad Girl (JVKE Remix);Bad Girl - JVKE Remix;69;166222;0wp6ckRomrGJq2fD2CFOQE
daya;New;New;65;230879;4tERsdVCLtLtrGdFBf9DGC
daya;Insomnia;Insomnia;65;179745;7hzlzoOwCZ4D3Ow5YZK4kj
daya;Sit Still, Look Pretty;Sit Still, Look Pretty;63;202226;2DpCdPMg1BADE4HDnxt3Rd
irene cara;What a Feelin';Flashdance...What a Feeling - Radio Edit;72;237053;3cbV252akVZInSvJk7jAYX
irene cara;What A Feeling;What A Feeling;71;244533;0aAR5HogGoT68EWFbyRFqx
irene cara;Fame (Original Motion Picture Soundtrack);Fame;66;316066;5CI1FP2Volc9wjz2MBZsGx
irene cara;Nyårsmusik;Flashdance... What A Feeling - '95 Version;53;229213;5CGziaEatzKez145qf7Xj2
upsahl;People I Don't Like;People I Don't Like;69;142765;5srKMwXoeyrRnyTnNbpgIW
upsahl;Drugs (feat. Two Feet);Drugs (feat. Two Feet);62;155853;6lkIxqlCsnY3EW6ZobZbXi
bibi;Animal Farm;Animal Farm;69;203945;3gAXVQOR0h7Ks71lsr5MFZ
bibi;Twenty-Five Twenty-One OST Part 3;Very, Slowly;62;214851;7GkHIsnziYgk6j1lx2TK6H
tomorrow;ННД;ННД;69;87259;3X412wnMLKyqctlRfhPa7Q
tomorrow;All the Things She Said;All the Things She Said;62;143639;1lImSSazJdzC5sAzrJqDNr
rodrigo amarante;Tuyo (Narcos Theme) [Extended Version] [A Netflix Original Series Soundtrack];Tuyo (Narcos Theme) [Extended Version] - A Netflix Original Series Soundtrack;66;151565;6g2BiiVQqY5v1S4HIrM54F
rodrigo amarante;Tuyo (Narcos Theme) [A Netflix Original Series Soundtrack];Tuyo (Narcos Theme) - A Netflix Original Series Soundtrack;65;89293;6Dc2tCivms1s2X9myWe4ni
arko;Bareilly Ki Barfi;Nazm Nazm;71;226941;1We89SAonMk70QBbfXERxa
arko;Baar Baar Dekho (Original Motion Picture Soundtrack);Dariya;67;217992;0LRcXYhaWLqbs1wvSV0o9u
arko;The Shaukeens;Meherbani;65;243591;55LK166LWHOpXOroZ5g82J
arko;Kesari;Teri Mitti;59;313999;3PAC15iDIHk7IWD8ShSgWh
tanveer evan;Maine Royaan (Lofi Remix);Maine Royaan (Lofi Remix);67;304529;3khiYRqf3tjb6PSGBhkfl4
tanveer evan;Main Royaan;Main Royaan;64;249353;3D6c6ALN1czsDf9wwZIGmh
khaled;Si Tu Te Vas;Si Tu Te Vas;69;192000;1KALUbjXvefSgNhTYJHZZt
khaled;Mírame a la Cara;Mírame a la Cara;62;185285;2fu5rPvhr3plV0tlVbzpb4
duncan dhu;El Grito Del Tiempo;En algún lugar;72;235626;3UIENhLRdFIOuRan92cAQu
duncan dhu;Canciones;Cien gaviotas;59;169773;020Gj87SqDRvzGHELzcCEc
incubus;Make Yourself;Drive;75;232453;7nnWIPM5hwE3DaUBkvOIpy
incubus;Morning View;Wish You Were Here;70;212733;6KtLECDztnah63TNmV4Plw
incubus;Make Yourself;Pardon Me;69;223746;1Y13csEpu3TK5gQdzGLrd8
incubus;Light Grenades;Dig;64;257253;5wvYib82q05wiNjLElD8GJ
incubus;Light Grenades;Anna Molly;61;225880;0uLhNT7UIH3nZCCDZd3OBl
incubus;Morning View;Are You In?;60;264200;1MvJno497VkQR3RsiJcRVm
incubus;Light Grenades;Love Hurts;59;237066;5JTgqOeHWg4bxMZYMRTE4H
lord huron;Strange Trails;The Night We Met;83;208211;3hRV0jL3vUpRrcy398teAU
lord huron;Lonesome Dreams;Ends of the Earth;69;284146;4yyg2J2uXOjCtCyT64984C
lord huron;13 Reasons Why (Season 2);The Night We Met (feat. Phoebe Bridgers);68;208173;0jZO7p0nBUi9VHedWUBS9l
lord huron;Long Lost;I Lied (with Allison Ponthier);63;234383;7xQg5QTx8eiQnsxEnfynPh
lord huron;The Night We Met;The Night We Met;61;209081;5Djt1AQnhfhYJjs4m7WS6G
lord huron;Strange Trails;Meet Me In the Woods;60;262209;54hj06Z7sm7DaHSrGGMAZG
lord huron;Strange Trails;Love Like Ghosts;54;224061;1Xca9HfuG65IL3ogdnNfTv
makaveli;The Don Killuminati: The 7 Day Theory;Hail Mary;70;309800;6sCtddSFg3foJn4K2pIhfQ
makaveli;The Don Killuminati: The 7 Day Theory;Me And My Girlfriend;64;308266;7722WsrGPUvUMcfBR87nhc
makaveli;The Don Killuminati: The 7 Day Theory;To Live And Die In L.A.;62;273426;4H3eeEecmb1lIqUfo99d8G
the lovin' spoonful;Do you Believe In Magic;Do You Believe in Magic?;70;125826;1udKn1oNKYQSQ9OmiIWCMu
the lovin' spoonful;Hums Of The Lovin' Spoonful;Summer in the City - Remastered;65;160306;7AzFID6u1b3zIWbd9pb8Dk
the lovin' spoonful;Daydream;Daydream;61;139093;3c06k9x6MHHdPQi3ix68yF
sarah cothran;As the World Caves In;As the World Caves In;76;161612;2xXNLutYAOELYVObYb1C1S
sarah cothran;Love Story;Love Story;64;190769;28iWca1I2wjlrkfiMMP0aL
sarah cothran;As the World Caves In (Wuki Remix);As the World Caves In - Wuki Remix;56;176640;3L740L9Y186igjbzxz7Vfr
camylio;monsters;monsters;67;173733;6cQ8IRL1UQR11v4wD4wjo8
camylio;i tried;i tried;66;160790;37EQsOkuUxhqV1yJcPC1TY
camylio;sometimes;sometimes;63;156617;6McnQuTA2dpArD3QTrD8A7
tom walker;Leave a Light On;Leave a Light On;71;185863;6lOWoTqVnAWXchddtTH31W
tom walker;What a Time To Be Alive;Just You and I;67;174982;03x2rVJRFUrvwlfxoHd9Mo
tom walker;The Best Is Yet to Come;The Best Is Yet to Come;67;166874;36jMu03qVcjYAccvQLmAMR
tom walker;Wait for You (feat. Zoe Wees);Wait for You (feat. Zoe Wees);67;153026;3cMAS9DjZHrAnKvPrTIw7Z
tom walker;What a Time To Be Alive;Leave a Light On;66;185863;4iVVU8DyQvOVsKafv3KWIF
tom walker;What a Time To Be Alive;Just You and I - Acoustic;63;198101;1vkUmedJVhScV9MmRsLGSY
tom walker;Just You and I;Just You and I;62;174982;2n48BjaFSczfeIG3HaIaPv
tom walker;Something Beautiful (feat. Masked Wolf);Something Beautiful (feat. Masked Wolf);59;186951;0dNc4kZNk8JrdQCmrVPBqI
the alchemist;Bread;E. Coli (feat. Earl Sweatshirt);72;132147;3GXSywNvYLAVUCtjMHkKDh
the alchemist;The Food Villain;I Hate Everything (feat. Action Bronson);64;82133;67eqrRkxp2ED26CEqvqbDv
the alchemist;Yacht Rock 2;Ocean Prime (feat. Boldy James);63;99906;5467KZaTToEB680WvOd9w5
the alchemist;This Thing Of Ours;Loose Change (feat. Earl Sweatshirt);62;118398;2Z5MbKovyels3EXitye0eo
mobb deep;The Infamous;Shook Ones, Pt. II;76;325506;33ZXjLCpiINn8eQIDYEPTD
mobb deep;The Infamous;Survival of the Fittest;71;224533;7N1Vjtzr1lmmCW9iasQ8YO
mobb deep;Hell On Earth;Hell on Earth (Front Lines);66;274093;1RjU7UhRICmdFPKxCucLgq
mobb deep;Murda Muzik;Quiet Storm;61;265493;6nwAubYnLGl7F7cDuOoVLp
mobb deep;The Infamous - 25th Anniversary Expanded Edition;Shook Ones, Pt. II;52;325506;7sFRVhCuyyc0CJNHUMucTP
john mayer;Continuum;Slow Dancing in a Burning Room;74;242000;2jdAk8ATWIL3dwT47XpRfu
john mayer;The Search for Everything;You're Gonna Live Forever in Me;74;190013;51lPx6ZCSalL2kvSrDUyJc
john mayer;Room For Squares;Your Body Is a Wonderland;74;249626;7vFv0yFGMJW3qVXbAd9BK9
john mayer;Continuum;Waiting On the World to Change;73;201173;5imShWWzwqfAJ9gXFpGAQh
john mayer;Continuum;Gravity;72;245826;3SktMqZmo3M9zbB7oKMIF7
john mayer;Where the Light Is: John Mayer Live In Los Angeles;Free Fallin' - Live at the Nokia Theatre, Los Angeles, CA - December 2007;72;263573;4LloVtxNZpeh7q7xdi1DQc
john mayer;Sob Rock;I Guess I Just Feel Like;70;286386;4Im6GRj17qa7NW76OsJh1s
john mayer;XO;XO;70;213626;7cpCU3Denug5NGZsSpQl8v
john mayer;Sob Rock;Last Train Home;69;187306;0tgBtQ0ISnMQOKorrN9HLX
john mayer;Heavier Things;Daughters;67;237906;5FPnjikbwlDMULCCCa6ZCJ
john mayer;Sob Rock;Carry Me Away;66;159133;4Szq4dulKN9bOvLRW6uMdZ
john mayer;The Search for Everything;Love on the Weekend;66;212320;0oiCeOPwm4zhwfyIpAE37y
john mayer;Continuum;Stop This Train;65;285053;3E6iea9uEmB7gRru4lyP6h
john mayer;Battle Studies;Half of My Heart;65;250373;7hR5toSPEgwFZ78jfHdANM
john mayer;Battle Studies;Heartbreak Warfare;65;269720;4gs07VlJST4bdxGbBsXVue
john mayer;Battle Studies;Who Says;64;175480;0HLWvLKQWpFdPhgk6ym58n
john mayer;Sob Rock;Shouldn't Matter but It Does;64;236733;3MthJpM1IEYp2ulZe00LvP
john mayer;Paradise Valley;Who You Love (feat. Katy Perry);64;249933;7IByJvSqRFltGyiiIiL4wn
john mayer;Room For Squares;Why Georgia;64;268973;1c7UYTut2SBOPq64o2t0uN
john mayer;Continuum;The Heart of Life;63;198200;78DwRIo6Vj6wqteyerGetr
john mayer;Sob Rock;Shot in the Dark;63;249080;239yM7BAQ2CkNc61ogPGXo
john mayer;The Search for Everything;In the Blood;62;243666;77Y57qRJBvkGCUw9qs0qMg
john mayer;Continuum;Dreaming with a Broken Heart;62;245746;7keXdrB4mz57u4b8YkCwag
john mayer;Battle Studies;Edge of Desire;61;332066;5gbxzSqABThINGDb7vIiwe
john mayer;Sob Rock;Til the Right One Comes;61;219226;4f0xBbWvKWmuB17yebh24a
john mayer;Say;Say;61;230213;6wZI4mdT8JwXgkGURnBQiq
john mayer;Love on the Weekend;Love on the Weekend;61;212626;0j2WBxWZnWti5TpSxjJvPb
john mayer;Sob Rock;Why You No Love Me;60;255213;3hwjxbqGvTRUPi38fLgeM7
john mayer;The Search for Everything;Rosie;60;240626;5KsLlcmWDoHUoJFzRw14wD
john mayer;Room For Squares;Neon;59;262106;7Kohy4v3KLWfUXlv9N3feB
john mayer;Sob Rock;All I Want Is to Be With You;59;244200;0wcEUeOslMI8dPB7QjUMiW
john mayer;The Search for Everything;Never on the Day You Leave;56;220866;3TQbr3G3U5wlwEJejmqC1F
ana mena;LAS 12;LAS 12;79;165230;0EpdLuptraYGFZ6J7HNSLc
ana mena;Música Ligera;Música Ligera;67;235996;1lMuQJHBznRfq7GdQrIQN4
ana mena;A Un Paso De La Luna;A Un Paso De La Luna;67;167313;7ql2RUmAmj36tkMUNWo7MT
ana mena;Mezzanotte;Mezzanotte;67;165230;3hXAHE8hVhksnZjVlCj6Jn
ana mena;Un beso de improviso;Un beso de improviso;63;171194;0NSLB3GCpO9SU69XH8jjiF
ana mena;Cuando la noche arriba;Cuando la noche arriba;60;179196;4h8G92N79vf7w3RGzdDhLI
ana mena;Index;Ahora Lloras Tú (feat. CNCO);53;207000;7soFqD1nuVVsc5MOvo13Ad
rels b;cómo dormiste?;cómo dormiste?;89;112572;3fjN3y5x4hN53rykAN2LHQ
rels b;A Mí;A Mí;80;209680;7MmrcXVA7A5zZ2CbDuGHNa
rels b;SHORTY QUE TE VAYA BN <3;SHORTY QUE TE VAYA BN <3;75;219681;3CQDFLetMMxD5hzAnUk410
rels b;Como Antes;Como Antes;73;142576;1ZR473PTTSHGcnyRyidBoA
rels b;LA ISLA LP;La Última Canción;73;184748;2mRwodUOATBk5spcUsEidB
rels b;Flakk Daniel's Lp;Buenos Genes;72;245190;76NtMPMpA6fuUH4euMYZoD
rels b;Nueva Generación;I Know;30;254571;5OPN1vo9F8Enis5YihZyIX
rels b;Nueva Generación;Forgive Me;29;215999;1kO7jUnCBS15J9YuyS0Mgj
cage the elephant;Melophobia;Cigarette Daydreams;79;208760;2tznHmp70DxMyr2XhWLOW0
cage the elephant;Melophobia;Come a Little Closer;74;229346;4sebUbjqbcgDSwG6PbSGI0
cage the elephant;Cage The Elephant (Expanded Edition);Ain't No Rest for the Wicked;74;175493;3Pzh926pXggbMe2ZpXyMV7
cage the elephant;Tell Me I'm Pretty;Trouble;72;225973;5n0CTysih20NYdT2S0Wpe8
cage the elephant;Tell Me I'm Pretty;Cold Cold Cold;69;214386;1Q3t9fWvHUXKsMmpD2XpUu
cage the elephant;Melophobia;Telescope;65;228293;0tkBOcK7oRVXQJY97zzSvr
cage the elephant;Tell Me I'm Pretty;Sweetie Little Jean;63;224893;4dpEYOPcmHNfvERbiajp3G
cage the elephant;Melophobia;Spiderhead;63;222813;5r5Lj2MkgwQJz6TaBdL865
cage the elephant;Tell Me I'm Pretty;Too Late To Say Goodbye;60;252786;48sc7vBJeNoCEQhxO3zYKA
cage the elephant;Social Cues;Broken Boy;60;163200;0RbcDELsGTciLeMGsSdJAc
cage the elephant;Social Cues;Skin and Bones;60;196173;6ubPFMzlIg73d1jzzWcC8B
cage the elephant;Tell Me I'm Pretty;Mess Around;60;173173;0X0Lz7LwpiIWcdGqVWaxXD
cage the elephant;Tell Me I'm Pretty;How Are You True;57;280946;6vcdiwrCVXnTLASFdjEV8r
cage the elephant;Unpeeled;Right Before My Eyes - Unpeeled;55;280213;7d6qX28ITEgBUhCJ86SeYq
anna nalick;Wreck of the Day;Breathe (2 AM);65;279826;5auMzVHFr5Zfw6IbKarZ56
the everlove;Walk Through Fire;I'm Dangerous;65;243329;7K0WZ75nHqj450OYd3ZywF
blue encount;Q.E.D;ポラリス;65;224213;28DlaPydCnrs8NxYOnUPZ8
palaye royale;The Bastards;Lonely;68;186249;0haXiRi57j2xQo5a3WkzqV
palaye royale;Fever Dream;Fever Dream;62;306212;56nQ0EwaDX0X1TFGrDVC0b
wolf alice;Visions Of A Life;Don’t Delete The Kisses;65;275226;1LomCMl5wD3MPVlC6smUHe
all good things;Machines;For the Glory;65;279308;1kd5qplldnxu16qcZXS3Yk
bonnie raitt;Luck Of The Draw;I Can't Make You Love Me;65;332960;69uJi5QsBtqlYkGURTBli8
the flamingos;Flamingo Serenade;I Only Have Eyes for You;65;202773;3YdKJzcoMZMacISlpY4QoP
pete townshend;Empty Glass;Let My Love Open The Door;65;164653;0otlwsD3mSogk7VJCTp6Kg
krmoni;She Doesn't Mind;She Doesn't Mind;65;142619;5Fyy3M7hzyp1LVymB5jP2O
the deli;Vibes 2;5:32pm;65;136914;7qrBYrivpvfXUPBMmqh3dA
sainte;Local Mvp;Champagne Shots;71;144000;7dbyaRWWFvB9UG2vcwTd3J
sainte;Round & Round;Round & Round;66;138000;3MaHYFW7xgAPIElN7ONfld
sainte;Local Mvp;Stylin';65;158000;0SLE0Ym3WhxfHSDR7Qd5pf
sainte;Local Mvp;On Me;64;118650;4R9LaVoXQvVN6pzka1YZF3
sainte;Out the Blue;03';64;114461;47gzGfR4JfKC6aT5lM0wpn
sainte;Local Mvp;Hunnids;63;166000;1N4WFXhgmkrTRxK0X7R90u
sainte;Out the Blue;No Love;62;191365;1qt1MqjmSLTWwjhn46uDUn
grentperez;Cherry Wine;Cherry Wine;65;173286;5o5WaO9pzPhXSGIrTIYVce
mac ayres;Drive Slow;Easy;67;314357;58dSdjfEYNSxte1aNVxuNf
mac ayres;Drive Slow;Slow Down;63;234595;3XstzgzP0rp3bzElEnRVHv
ronzo;Left Back (Remix);Left Back - Remix;65;180413;43IYnqZj6slsFqPTmBNS4E
mkay;Frozen Gold;Frozen Gold;65;138110;0yKiMguQ0krHIg1mnZxHaC
orion sun;A Collection of Fleeting Moments and Daydreams;Mirage;65;57495;1w327AHTCoChRIkJUprAnV
josh kramer;Box of Memories;Box of Memories;65;162160;0I9HIOTtaXrX968btEa3DA
jay dunham;I Got Summer On My Mind;I Got Summer On My Mind;65;188160;6HJiKaPc4LYPczBFGSMBFs
the band perry;The Band Perry;If I Die Young;65;222773;4aY0tZIaboefmkBEsjAovI
lauv;I met you when I was 18. (the playlist);I Like Me Better;83;197436;2P91MQbaiQOfbiz9VqhqKQ
lauv;~how i'm feeling~;Who (feat. BTS);76;180413;2qG81jL9UIP54uS8gYyP4k
lauv;~how i'm feeling~;i'm so tired...;76;162586;4vjpLMyL3ZO6aphdYr8XYw
lauv;I met you when I was 18. (the playlist);Never Not;74;208000;4fFfyouye6vrX9o9z4PVMu
lauv;I met you when I was 18. (the playlist);Paris in the Rain;73;204712;41CgzGD7xlgnJe14R4cqkL
lauv;~how i'm feeling~;Feelings;72;189906;0s26En1JoJhVj32vizElpA
lauv;All 4 Nothing (I'm So In Love);All 4 Nothing (I'm So In Love);71;183014;21AziTMaZwcLflGMAj85o5
lauv;~how i'm feeling~;Mean It;71;232853;3uc8AGNL0KbvISIrjnfRvN
lauv;~how i'm feeling~;fuck, i'm lonely (with Anne-Marie);70;198973;09PGubKAMryhOWv1LHpCYz
lauv;All 4 Nothing;Stranger;70;164688;3aUD2nXnCYiGd9V1UhfyRz
lauv;All 4 Nothing;All 4 Nothing (I'm So In Love);68;183014;7I5WT7DtpwSAhEeDLpZEfm
lauv;There's No Way;There's No Way (feat. Julia Michaels);67;174860;0WTN7om3lHG3yYMigwzBxl
lauv;~how i'm feeling~;Tattoos Together;67;186613;1Srt81FTalOhRw7t7l8Yh8
lauv;Without You;Love Somebody;66;142773;7LEMGMfmJDd1iLsGD9eV5l
lauv;~how i'm feeling~ (the extras);Love Like That;65;184556;23tJmuwvUOa2kTsOlNMWCS
lauv;I met you when I was 18. (the playlist);The Story Never Ends;65;229029;3u5bTqHMM1P34ZkbwzdckV
lauv;~how i'm feeling~;Modern Loneliness;63;252337;1eyek0KJEh2v5HQ9uQSybb
lauv;Fake;Fake;62;146375;1oz3gEoNWHAS3pjwThdSJb
lauv;All 4 Nothing;26;61;159607;4CLDrNSJcJQIeFkHCLM3gb
lauv;~how i'm feeling~;Sad Forever;60;203520;1DVWkJEjgVStgU2EbR9vpz
lauv;~how i'm feeling~;Lonely Eyes;58;196493;5qhHm4dN4L2dhRb2TfzGPw
lauv;26;26;57;159607;0du67LyuJeUjQChxl8rTa8
lauv;Autumn Vibes 2022;All 4 Nothing (I'm So In Love);0;183014;7gMobZSfdEGUEIDuMNihXH
armand van helden;Nympho;My My My;65;182266;653rxW1E7V52QWh6a7oIdS
hues corporation;Freedom for the Stallion (Expanded Edition);Rock the Boat;65;202573;7fu3Tv5rcoGD1PZV7s57WW
chorus - hercules;Hercules (Original Motion Picture Soundtrack);Zero To Hero;65;140573;4zDfgax6Ihb0UWdour1ZEs
cartoon;On & On;On & On;73;207068;2uZWffKoemZDI0gHcBEcDc
cartoon;Why We Lose;Why We Lose;65;197485;2wmQfaHp4zbqQkbf5nu5SF
cartoon;Howling;Howling;57;204549;596lDSwIMzDoiq3E6jJ0wC
ezi;in between everything;Take My Breath Away;65;158446;3T9K3rHpNZrcXAnlMBIakW
phillip phillips;The World From The Side Of The Moon (Deluxe);Gone, Gone, Gone;68;209693;5L79aNYCTKiZq7vaOElXYj
phillip phillips;The World From The Side Of The Moon;Gone, Gone, Gone;67;209693;2qHiyBpxyOXnRGG3t2iE96
phillip phillips;The World From The Side Of The Moon;Home;60;210173;1J6bub4kiTe4h0RCo9IszE
matt hartke;London's Song;London's Song;65;178573;1Mk9ou2m6hsEZJYuNRJFpO
harrison storm;Be Slow;Be Slow;67;205286;3j2SaDGyzZhiifh5g5tmNw
harrison storm;Feeling You;Feeling You;65;201195;7xghXOM3CaIK6wmR0xW1XS
harrison storm;Run;Run;63;196760;7xoDqnyrBDgusvQ1AHoOSx
pomplamoose;Hey It's Pomplamoose;Bust Your Knee Caps - Johnny Don't Leave Me;65;185316;1Fem9jSJEleNWT1kgt70ST
lartiste;Maestro;Missile - Acte II;69;261182;1Piu78nUTeJScTY2RKvypU
lartiste;Grandestino;Mafiosa (feat. Caroliina);65;193700;0WxiQqTcK3ZErx2mMWgtm6
lartiste;FOTO;FOTO;61;220267;6L7mM6G8HBCP8lvHNoRrQn
mhd;Afro Trap Part. 7 (La puissance);Afro Trap Pt. 7 (La puissance);65;140077;6wdI9sg2VdgjqSg0ozu9PK
mc fioti;Bum Bum Tam Tam;Bum Bum Tam Tam;69;213988;6k2900NjJeVqZM55G3Danu
mc fioti;Joga O Bum Bum Tam Tam;Joga O Bum Bum Tam Tam;61;155454;30GqVivI3eb7OgonUemcjf
the kingsmen;The Best of The Kingsmen;Louie Louie;65;165381;0iA3xXSkSCiJywKyo1UKjQ
bad english;Bad English;When I See You Smile;65;257440;0tKjVEJlX3IZ5L1rEJc5hh
basement;Colourmeinkindness;Covet;65;227340;1AMADyXgIWayh5vXLZo2qF
tegi pannu;Schedule;Schedule;72;148376;5eGsHi6RcL33gb9k89UYaB
tegi pannu;Untouchable;Untouchable;69;153210;2hDMBVN3P47GEhH5VtmA6m
tegi pannu;Fully Loaded;Fully Loaded;65;148858;5zUPoHkgqAr1XwTMNzNtGs
tegi pannu;Into You;Into You;64;174508;455OjhLhU9JCNYKKoUOFwr
tegi pannu;Roll Deep;Roll Deep;61;182378;4jRoXx97M0sSZBfwMkBEDV
tegi pannu;Shinin';Shinin';59;195699;1qrAgbcxQpeaDv4ptgjl9e
orla gartland;Why Am I Like This?;Why Am I Like This?;65;212713;0z29wv0x2IXrpWxNgICET7
elliott smith;Either/Or;Between The Bars;65;141280;52Bg6oaos7twR7IUtEpqcE
maisondes;ヨワネハキ;ヨワネハキ;65;166966;0FOVGBW0RpVRuDuUuN4ZVw
flipturn;Citrona;August;65;261734;0elCmyfISzkP5tAYTVuYjS
shierro;Quiet Storm;Quiet Storm;65;124675;1QIsVlaCz3U5GfsEJE9O8L
bill charlap trio;Street Of Dreams;Day Dream;65;373840;5Smmg9SpxnawbuYPKSNcmx
hara noda;The Beauty of Everyday Things;The Beauty of Everyday Things;65;203096;3jiTehDiPwfIxr9MHfPUvb
i-land;Into the I-LAND;Into the I-LAND;65;217322;18W2OWFsdGCjG7iA4iYpMw
pentagon;Positive;Shine;65;198795;7nkp1uuSbKkoxMvEs8cSw0
beartooth;Riptide;Riptide;65;211119;6FqBQIRLJMluO10YtDbETv
beartooth;Disgusting;In Between;65;213576;03jdl5GTBhKsgB1Yw8mVPh
laetitia dostie;Tu as disparu;Tu as disparu;65;115915;7guzWL6scF2bIRud4Mfk9Y
sona mohapatra;Fukrey;Ambarsariya;67;248182;4qRcjFkFqSpLBzcbLDt7HL
sona mohapatra;Khoobsurat;Naina;63;225568;3SHopOL3KEJ8PFl3vJdfmF
james vasanthan;Subramaniapuram (Original Motion Picture Soundtrack);Kangal Irandal;65;322013;3IpEJ86hrMfUcoXCk9U4h3
kamal khan;The Dirty Picture;Ishq Sufiyana (Male);65;325257;5zcfnScTSFGCHGY1yeXWke
nawab;Expert Jatt;Expert Jatt;65;199534;7rr6n1NFIcQXCsi43P0YNl
gippy grewal;Nawa Nawa Pyaar (From "Yaar Mera Titliaan Warga") - Single;Nawa Nawa Pyaar;65;139756;50DyjmQxDUAygFT31rD1kT
jawad ahmad;Humpty Sharma Ki Dulhania (Original Motion Picture Soundtrack);Samjhawan;65;269184;4LO5DjN6Tp3UkUvgESuy2t
gur sidhu;Bamb Agya;Bamb Agya;65;200000;5mNOfozRJBZGnq4gO4rwM2
gur sidhu;Step Up;Compulsory;65;216000;326eZ9C7qpDj6NSsEiKvoW
saaj bhatt;Halki Si Barsaat;Halki Si Barsaat;65;212560;0YxzH0SUc10Vw4yLFqU06I
siddharth slathia;Haare Haare Hum To Dil Se Haare (Unplugged Version);Haare Haare Hum To Dil Se Haare - Unplugged Version;65;157648;1PMyULgDs4FZNhFi7MPw8n
garry sandhu;Adhi Tape;Feelinga;65;188000;2DzEnsDbTLHwPuIMAB2z0P
siddhu kumar;Adipoli (From "Think Originals");Adipoli (From "Think Originals");65;172750;1rvJahl2EPy25dSsBNzTr4
santhosh dhayanidhi;Kutty Pattas;Kutty Pattas;65;239103;7AHKnQ6XB5l7GL4pTJWLZn
aastha gill;Stree;Kamariya;65;187982;5cjVsWqIkBQC7acTRhL0RO
lucas nord;Closer To You;Closer To You;65;166456;09CanZmO6paS3VIPtoVJsh
fm static;Critically Ashamed;Tonight;65;218586;4BodkdQk2Ouo6BFbLqoWtG
enur;Calabria 2007 (feat. Natasja);Calabria 2007 (feat. Natasja) - Radio Edit;65;233480;49ou9vBZLTCi4TYoYzR3F9
sonny & cher;Look At Us;I Got You Babe;65;190080;4SGBuq37Ol4HJr7pQqFMKa
paycheck;ABSTRACT, VOLUME I;LOSING INTEREST;65;108481;4EvVZsbEh519mwqxgOCx6v
ryan caraveo;At Least I Tried;Ghost;65;185142;7CHMY5TN1e8oqDnRwwJR61
thayne jasperson;Hamilton (Original Broadway Cast Recording);Farmer Refuted;65;112742;2G9lekfCh83S0lt2yfffBz
blü eyes;you'd never know;you'd never know;65;185321;1I2zZtHCrBkoTgfwxnNKZ9
savasana;Lorimor;Lorimor;65;139548;4Dduhh8xWr0XCBoVJthchN
ethan beckett;Life From Above;Life From Above;65;145610;5t2EOrgbyupZmjFUROk1E0
hello artemisia!;Squama;Squama;65;211000;3uqxytqtmoZuxyn3ISYT2e
zeb maessen;Een mooie droom;Een mooie droom;65;190500;6nxvSAvwbVJIK4CaAjwA5N
cokobi;Sleepy Journey;Sleepy Journey;65;170700;3r1ZQqUe14xxssPt2Rkd6j
wolfgang snow;Nox;Nox;65;148984;6e8eaU1oPzSu0WXnbSyZt7
xavier ortando;Deep Down The Cave;Deep Down The Cave;65;194400;4IBQllOXx6Ct9Bidmj3yyF
lorelle paredes;Rituals;Rituals;65;144782;6ijjVhsdUDrHWTkciKq0nD
deep sleep music collective;Sleeping Music: Calm Music to Help You Sleep, Natural Sleep Aid and Relaxing Piano for Sleep Music;Sleeping Music (Deep Sleep);65;118674;2hIzjuxyItTpPuZZIULExJ
leisure;Sunsetter;Slipping Away;65;235506;07AbRgKmb5KfppwtZbZqDI
marlon;De Perreo;De Perreo;65;173784;7Men0McTVqAHxfVrRCzb41
alphaville;Forever Young;Forever Young;72;226706;4S1VYqwfkLit9mKVY3MXoo
alphaville;Forever Young (Super Deluxe Edition; 2019 Remaster);Forever Young - 2019 Remaster;68;226000;6XHNIbru8xGohLzHNgxQvF
alphaville;Forever Young;Big in Japan;65;286160;3BZGi1yUqQyCNC868AqUGG
alphaville;Forever Young (Super Deluxe Edition; 2019 Remaster);Big in Japan - 2019 Remaster;65;284625;7wnagOAqma4Sg6JOGjWr5R
alphaville;Forever Young (Super Deluxe Edition; 2019 Remaster);Big in Japan - Single Version; 2019 Remaster;63;234693;3TieIQTlipul7oxGldyX09
alphaville;Forever Young (Super Deluxe Edition; 2019 Remaster);Sounds Like a Melody - 2019 Remaster;57;286170;4yDCTzaFfr7YOuYKpwgidL
culture beat;Mr. Vain;Mr. Vain - Original Radio Edit;68;257466;4ih3dyFZoeTdaeJW9mPbOI
culture beat;Serenity;Mr. Vain;62;336840;2rTYgHxgcndkUrRoU7x0Sv
skin on skin;Burn Dem Bridges;Burn Dem Bridges;65;175676;5r2620VyMS4JpB9UhmYjpG
zeynep bastık;Ara;Ara;65;180226;18Ies0Fsw2IwDuLoOhDlyy
stephen speaks;No More Doubt;Out of My League;67;218800;4VoJCUgNmnqG2qF0peDBkw
stephen speaks;Passenger Seat;Passenger Seat;65;274245;5ZpSUdy5wL5Hvwsqz6JCAt
stephen speaks;No More Doubt;Passenger Seat;64;274480;2PTzfXh5Ut3hjRrWGyafz6
stephen speaks;No More Doubt;Passenger Seat (Acoustic);63;273066;73Nw51XTNstlk3Wu1K26cB
switchotr;Coming for You (feat. A1 x J1);Coming for You (feat. A1 x J1);74;178285;1xIqDFx3KdByBnKMlTECcM
switchotr;Coming for You (feat. Loski, Bandokay & Izzpot) [Remix];Coming for You - Freestyle;66;70285;19mM8MZLnS27poKhi2vDhn
switchotr;Clearest of Signs;Clearest of Signs;65;135416;6Jfn2Ut4F7snIXmOp7LLco
switchotr;Gone;Gone;54;156057;3jTk3JX7wN0CO60welQgnJ
umi;Love Language;Love Affair;69;190960;4ZaRg5Sf4TKr0YcFRLh7QJ
umi;Remember Me;Remember Me;67;199226;630Ug0XtmhhFvAKo0PNuEI
umi;Butterfly;Butterfly;62;160500;4qkVALwOxCIEZ7I5gkZ3m4
umi;Forest in the City;wish that i could;61;207880;5w4q9Es264UdYYr2AjnPhU
g-eazy;The Beautiful & Damned;Him & I (with Halsey);79;268866;5k38wzpLb15YgncyWdTZE4
g-eazy;When It's Dark Out;Me, Myself & I;78;251466;40YcuQysJ0KlGQTeGUosTC
g-eazy;The Beautiful & Damned;No Limit;71;245386;2DQ1ITjI0YoLFzuADN1ZBW
g-eazy;These Things Happen;I Mean It (feat. Remo);70;236480;6jmTHeoWvBaSrwWttr8Xvu
g-eazy;Still Be Friends (feat. Tory Lanez & Tyga);Still Be Friends (feat. Tory Lanez & Tyga);68;213307;0JjM9bKm4wrwohMslcm892
g-eazy;Good Life (with G-Eazy & Kehlani);Good Life (with G-Eazy & Kehlani);63;225520;0Oa9mHOnH14GZ4toWwkf4c
g-eazy;Moana;Moana;62;178216;1Tfxi7N3DW4zvAuVjt9g8X
g-eazy;These Things Happen Too (Deluxe);Still Be Friends (feat. Tory Lanez & Tyga);61;213307;2j4eDUG5qfvOxxEbiSXVt3
g-eazy;Hate The Way (feat. blackbear);Hate The Way (feat. blackbear);59;214363;3QGppKBPd9gHOgHJzRbVIw
g-eazy;The Beautiful & Damned;Sober;57;203960;3qk4wRMDlaeagZGjSYbsOV
g-eazy;The Beautiful & Damned;Him & I;44;268866;69MpAbCg0X0HVUoGcprfq7
adele;Easy On Me;Easy On Me;85;224694;0gplL1WMoJ6iYaPgMCL0gX
adele;30;Oh My God;82;225148;3Kkjo3cT83cw09VJyrLNwX
adele;30;Easy On Me;82;224694;46IZ0fSY2mpAiktS3KOqds
adele;21;Someone Like You;81;285240;3bNv3VuUOKgrf5hu3YcuRo
adele;21;Rolling in the Deep;81;228093;4OSBTYWVwsQhGLF9NHvIbR
adele;21;Set Fire to the Rain;80;242973;3di5hcvxxciiqwMH1jarhY
adele;25;When We Were Young;79;290900;6O5TrlFWTYvznd9fMC0VvU
adele;25;Love In The Dark;78;285935;0DuWDLjriRPjDRoPgaCslY
adele;Skyfall;Skyfall;78;286480;6VObnIkLVruX4UVyxWhlqm
adele;19;Make You Feel My Love;77;212040;273QnyCvJB65rScHJ1nPZb
adele;30;I Drink Wine;75;376169;6v0UJD4a2FtleHeSYVX02A
adele;25;All I Ask;74;271800;6DEMMeWXfmFAXgDUMMzeg6
adele;25;Hello;74;295502;1Yk0cQdMLx5RzzFTYwmuld
adele;19;Chasing Pavements;74;210506;0Z5ok0QLLttAKsujOZYOXf
adele;30;Can I Get It;74;210384;6w8ZPYdnGajyfPddTWdthN
adele;25;Send My Love (To Your New Lover);72;223078;563SfWAHJs4FBZMkRN0IFN
adele;25;Water Under the Bridge;70;240439;2DRMuw0U0QbkVQxWxdJV3M
adele;30;My Little Love;70;389107;2DuPBbS5mIldXnh7Wum8Cy
adele;30;To Be Loved;70;403961;10ImcQk9tihY1EKMDIbvXJ
adele;21;Turning Tables;68;250000;2eF2x1BkgilhaZ2AipRY8j
adele;30;All Night Parking (with Erroll Garner) Interlude;68;161829;496vIKS2INz840xZaKncvR
adele;30;Hold On;68;366004;6bGMSP3H9YqkmaLnaJTIoF
adele;21;Rumour Has It;67;223266;5mFMb5OHI3cN0UjITVztCj
adele;30;Love Is A Game;67;403044;2j3GxEsbNYNeEzz86wDY4J
adele;30;Cry Your Heart Out;66;255278;09u787BYeYIGd2mFIJ505t
adele;25;Remedy;65;245426;1zZh6zTXcDgvN0C6S1G4gU
adele;30;Woman Like Me;65;300247;2c6xRsQBv7pynuhYhWoHxo
adele;21;Don't You Remember;64;243200;1CRtJS94Hq3PbBZT9LuF90
adele;25;Million Years Ago;64;227065;2qBmtZnPSQouvADmqaHKxk
adele;21;One And Only;63;348226;5W63Zcirj6bvnTxhVIKTSK
adele;19;Hometown Glory;62;271226;4zFHwVj4A8s0G5f7aOlpKo
adele;25;I Miss You;60;348625;6NdG17SJBXKJeYS67f7E74
adele;19;Chasing Pavements;60;210506;4YoGMmUJJ9dZpQ2CLOmPl2
adele;21;Lovesong;60;316240;2PPN1HFpVotjq7oJIqQbnx
adele;25;River Lea;58;225426;0bqC0AqaBZKBZsjhI3y2OW
adele;21;He Won't Go;56;278040;2hw47GMKL6LXwp5BJgPxXf
adele;25;Sweetest Devotion;55;251701;2Eb7QQ5soJQBEYTfSb5BS6
adele;21;Take It All;55;228293;43Bcg5ckW8WchRzyPZA0u1
adele;19;Hometown Glory;55;271226;3cCPT7eJhpYXXlH2pbWhfP
adele;Hometown Glory;Hometown Glory - High Contrast Remix;55;396920;5L3o8IfmlLhxGcSnXQIHcz
adele;19;Daydreamer;54;220506;0SA1xt4HUX5ny8xfgHOqQI
adele;21;I'll Be Waiting;54;241351;42Uw9frN5ZVX40mRU3hHFL
adele;19;Melt My Heart To Stone;52;203906;1Ty11iX5DIhZRRD9zCHP3l
adele;19;Crazy For You;52;208040;2Mu0WHDu931jSNOC6GDIp5
adele;19;Cold Shoulder;52;191866;78foNmu2hGDPwm3cJVlikF
adele;19;Many Shades Of Black - Performed by The Raconteurs and Adele;52;268093;6hRSA7yZ3TZCCd8W77UmBB
adele;19;Daydreamer;51;220506;3FYqKyAKIB4mCygIFc1IYn
adele;Rolling in the Deep;Rolling in the Deep - Acapella;49;236777;2ux2dwUgqfj1EKRp963HEW
adele;Set Fire to the Rain;Set Fire to the Rain;43;242973;2YlshLEFCJFjEoOlpLpcyU
adele;Send My Love (To Your New Lover);Send My Love (To Your New Lover);42;223078;35Vb6CUvrLrpC9JOmh5NhH
adele;Hello;Hello;40;295502;1YrZuuVG0vZWvsahkSx5WC
diplo;Welcome to the Party (with French Montana & Lil Pump, feat. Zhavia Ward) [from Deadpool 2];Welcome to the Party (with French Montana & Lil Pump, feat. Zhavia Ward) - from Deadpool 2;67;181720;5mqzhMuUpvnMfwNz6iepmO
diplo;Diplo Presents Thomas Wesley Chapter 1: Snake Oil;Lonely (with Jonas Brothers);64;139809;6eXFl418w8hsxKcLgv1jwJ
diplo;On My Mind;On My Mind;63;189268;5lXY6PTuWXOludKy4zDQwM
coolio;Gangsta's Paradise;Gangsta's Paradise;89;240693;1DIXPcTDzTj8ZMHt3PDt8p
coolio;Gangsta's Paradise;Geto Highlites;53;276466;5iVyv5cB28Za3NbNnWHpry
coolio;Gangsta's Paradise;That's How It Is - Skit;52;60306;22NJuIC2JVHSOmT6c6IKaO
gang starr;Moment Of Truth;Work;66;177666;1EiLrPd8JMTcQUr1aLEUKi
gang starr;Full Clip: A Decade Of Gang Starr;Full Clip;65;217440;30oTS7bm0aH3p7lqjEIu8q
gang starr;Moment Of Truth;Above The Clouds;63;221626;3ZBSXNYdTZVaBUQI3E2rF6
kanishk seth;Rangisari (From "Jugjugg Jeeyo");Rangisari (From "Jugjugg Jeeyo");75;223271;0DXfJ2iKRDEG7rPgssWFea
kanishk seth;Jugjugg Jeeyo;Rangisari;64;223271;3x9vShiP4hDhE94zvObYNS
kanishk seth;Rangisari Lofi Mix;Rangisari Lofi Mix;55;181215;2R3CJquLzefg8IYp0K0hnB
shaarib toshi;Bandeya (feat. Arijit Singh) [From "Dil Juunglee"];Bandeya (feat. Arijit Singh) - From "Dil Juunglee";71;184666;6gwnKOvdBKkTU4CQ7KpIAu
shaarib toshi;RAAZ - The Mystery Continues (Original Motion Picture Soundtrack);Maahi;62;329106;4bIQXffbALkCC0Xo6aTicP
shaarib toshi;Zid (Original Motion Picture Soundtrack);Mareez - E - Ishq;61;291148;2HqSND303T7sT0wOPj3K3C
rebecka aether;Redamancy;Redamancy;65;219268;2iWt83ffEevRHEPJiz6nJN
rebecka aether;Stories;Stories;65;172557;0ETgVH10Y5yiljMWO5kNtV
rebecka aether;Becalming;Becalming;64;190345;0SHIkGcjuVoAuAbezjBfiT
santana;Supernatural (Remastered);Smooth (feat. Rob Thomas);69;294986;0n2SEXB2qoRQg171q7XqeW
santana;Supernatural (Remastered);Maria Maria (feat. The Product G&B);67;261973;3XKIUb7HzIF1Vu9usunMzc
santana;Supernatural (Legacy Edition);Smooth (feat. Rob Thomas);67;294986;2pX4FpOgwItRVPPUFdRcxA
santana;Santana's Greatest Hits;Black Magic Woman - Single Version;67;196466;4YMQXzscifAREG0a7KNGhB
santana;Abraxas;Oye Como Va;67;256933;5u6y4u5EgDv0peILf60H5t
santana;Supernatural (Legacy Edition);Maria Maria (feat. The Product G&B);62;261973;567UAkWoLBqZ709s3Qcbze
santana;Ultimate Santana;Black Magic Woman;62;195866;4nmne9J3YCEdhvjTzwiAgu
santana;Ultimate Santana;Europa (Earth's Cry Heaven's Smile);56;305946;5Yp3e8RcjYevBTZYJ7OD7s
bon iver;For Emma, Forever Ago;Skinny Love;73;238520;3B3eOgLJSqPEA0RfboIQVM
bon iver;Blood Bank;Beach Baby;72;160093;2LXtyj95dK56ENS1QLt4IB
bon iver;Bon Iver (10th Anniversary Edition);Holocene;66;336613;1ILEK6NRfxoseoPnolRcVA
bon iver;Bon Iver;Holocene;59;336613;35KiiILklye1JRRctaLUb4
bon iver;The Twilight Saga: New Moon (Original Motion Picture Soundtrack) [Deluxe];Rosyln;53;289560;56ToH3YiSMT51y1H2dygOX
def leppard;Hysteria (Super Deluxe);Pour Some Sugar On Me - Remastered 2017;74;267306;0PdM2a6oIjqepoEfcJo0RO
def leppard;Hysteria;Hysteria;70;354636;2PFIZFcGry0po3ZfRZkzKc
def leppard;Pyromania;Photograph;68;247962;18URo35acNKRTHfEdjTcGn
def leppard;Hysteria (Super Deluxe);Love Bites - Remastered 2017;65;346960;3Dfy8YIxq89i84t108TvMi
def leppard;Hysteria;Pour Some Sugar On Me;65;267306;1aZLIbKEdsyqxyD6iNcrbA
def leppard;Pyromania (Deluxe);Rock Of Ages;65;247828;2AmEv442DGwSxMGZ9XEvBA
def leppard;Hysteria;Animal;64;244560;4qjscZh4jfhkpcQG4ZQfi2
def leppard;The Story So Far: The Best Of Def Leppard;When Love And Hate Collide;61;256866;4YwR2G26Pp5jNUX3gN3EIP
def leppard;Retro Active;Two Steps Behind - String / Acoustic Version;58;256486;0hJnqEmo8DeMmRhh6mwAof
def leppard;Adrenalize (Deluxe);Have You Ever Needed Someone So Bad;56;324026;0nf9RjoFTcOzTIXtmzhRuH
t. rex;Electric Warrior;Get It On;71;262613;0LoQuiekvzqx7n8flgEKzF
t. rex;Electric Warrior;Cosmic Dancer;58;266533;5gOnivVq0hLxPvIPC00ZhF
garrett kato;I'll Be Around;I'll Be Around;65;186954;3ccDb4UqLC54IoFJ8LmFoy
garrett kato;Be;Be;64;149694;4K58TCl6cXgby5ZFP4Aggw
sebastian ingrosso;Reload (Vocal Version / Radio Edit);Reload - Radio Edit;67;221272;5jyUBKpmaH670zrXrE0wmO
sebastian ingrosso;Calling (Lose My Mind);Calling (Lose My Mind) - Radio Edit;62;205440;1trC8L8YpawkU553ymy2zC
yohani;Manike (From "Thank God");Manike (From "Thank God");82;197473;0zlGnseLGzRIBA0TJcb3Bo
yohani;Shiddat (Female Version) [From "Shiddat"];Shiddat (Female Version) [From "Shiddat"];47;232063;7BadI3eRrbtM2vQSo8nPSa
jennie;SOLO;SOLO;73;169566;1R0hxCA5R7z5TiaXBZR7Mf
jennie;BLACKPINK 2021 'THE SHOW' LIVE;SOLO;56;165993;7yAy2gL2rtatS56jzkakhr
chen;Descendants Of The Sun Pt.2 (Original Television Soundtrack);Everytime;67;189355;1D6lK8qADoErTTLkY4YBfM
chen;Moonlovers - Scarlet Heart Ryeo (Original Television Soundtrack), Pt. 1;For You;62;196549;7rLvsAO1yb7ElxPhkz60qh
sathyaprakash;Ponniyin Selvan Part-1 (Original Motion Picture Soundtrack);Chola Chola;73;219638;27nzJVsvXqXyeMIcVxvB54
sathyaprakash;Vizhiye Kalangathey (From "Vedigundu Pasangge");Vizhiye Kalangathey - From "Vedigundu Pasangge";56;265600;4jayWXR6nDXPwzbD1cd6f2
jerry;She's The One;She's The One;66;204179;6Xh1mVYnEauD71lkhLfAz2
jerry;Street Style;Street Style;63;158048;4RULn5FlCuqIFSreEVp2Lb
matt hansen;break my heart;break my heart;65;178099;5nlKcuzD8Pd79njhGXt1vT
matt hansen;better off without me;better off without me;64;170211;1Ip5p31SowqjJLo2ss1afJ
euloria;Just In View;Just In View;65;209750;5OJoZKBKLoJACasfMrKrCv
euloria;Distant Dreams;Distant Dreams;64;239224;05XqOIQ7J4mO4ZyOFIoz5L
caesars;Love For The Streets;Jerk It Out;66;195666;5XMjXjwCkJVmk0AHm7z8IV
caesars;Jerk It Out;Jerk It Out;63;195666;1bx7OUl2UmAnA5oZkm9If7
陳卓賢 ian;留一天與你喘息;留一天與你喘息;67;258924;6flgMTTqhbJSNryAPCYcvA
陳卓賢 ian;Distance;Distance;67;185032;2rbbJ2xZFJa2DriR5h0TBS
陳卓賢 ian;鯨落;鯨落;59;242646;1rTnGbIahUmq6fK8RWAXfd
aj mitchell;Like Strangers Do;Like Strangers Do;69;160790;0Wc6cbF38a90b8wov9V63F
aj mitchell;Slow Dance (feat. Ava Max);Slow Dance (feat. Ava Max);64;178799;5FNS5Vj69AhRGJWjhrAd01
aj mitchell;SKYVIEW;Slow Dance (feat. Ava Max);60;178815;0zdQxu4k1jGlT2VxDokAcX
airbourne;Runnin' Wild (Special Edition);Runnin' Wild;69;222240;71fSn6OIF7HnCbgCzOBqpj
airbourne;Runnin' Wild (Special Edition);Too Much, Too Young, Too Fast;65;226706;2LQbBzrXkgQHnCDUmHjReH
airbourne;Black Dog Barking (Special Edition);Back In the Game;59;205506;2XjeZEdPK7Qo66Z7ONp854
ali zafar;Jhoom;Jhoom - R&B Mix;73;298986;6zAvNLJkdyRApUHnlJjKfO
ali zafar;Jhoom;Jhoom;61;389213;2VR1z4g6haFyMoghNj46KB
ali zafar;London, Paris, New York (Original Motion Picture Soundtrack);Voh Dekhnay Mein;59;272453;0EMYTe2oQy70PCKPQFlbVy
haley joelle;Memory Lane;Memory Lane;67;154000;1KMEDSIl2j1NwYa9mgvMyg
haley joelle;Two Places at Once (Part I);Two Places at Once;65;199395;0l8p1TkaVgcwIUS0xwm6Y5
haley joelle;Jealous of Paris;Jealous of Paris;61;141639;3R5pd8Z7X3MxaFQphHSUaH
kenshi yonezu;KICK BACK;KICK BACK;83;193495;3khEEPRyBeOUabbmOPJzAG
kenshi yonezu;BOOTLEG;ピースサイン;71;238533;364JzOajs76bJymjHm3sVY
kenshi yonezu;STRAY SHEEP;Lemon;70;255826;04TshWXkhV1qkqHzf31Hn6
kenshi yonezu;STRAY SHEEP;感電;66;264533;6H0PLsSYMzDOqhLgyOlzIj
kenshi yonezu;M八七;M八七;65;263120;3sFdaHo9D3hfiFt2wVi6a5
kenshi yonezu;YANKEE;アイネクライネ;64;288013;45YBVp6zMwQZRbUDcPzmMB
kenshi yonezu;Pale Blue;死神;62;180760;3tw4Jysd48kMcKsdnGYLee
kenshi yonezu;BOOTLEG;LOSER;62;243813;7AqUE5AY514dbzeOAfJRa0
kenshi yonezu;BOOTLEG;灰色と青 ( + 菅田将暉 );62;332186;3KnURrjsXA0TDce8N7iOwz
kenshi yonezu;STRAY SHEEP;Flamingo;60;196386;3ILWwi1JNj3NGuuf6DzYxN
kenshi yonezu;STRAY SHEEP;馬と鹿;60;265333;0iniTNHwqBiP4UDE1dgUpD
kenshi yonezu;BOOTLEG;orion;58;281906;1bIZxrSkbxatnTo8ObcIxX
kenshi yonezu;Lemon;Lemon;53;256105;7Cd17G3oNQ34OWUwS8ZxfR
guns n' roses;Appetite For Destruction;Sweet Child O' Mine;84;354520;7o2CTH4ctstm8TNelqjb51
guns n' roses;Use Your Illusion I;November Rain;81;536066;3YRCqOhFifThpSRFJ1VWFM
guns n' roses;Appetite For Destruction;Welcome To The Jungle;80;272026;0bVtevEgtDIeRjCJbK3Lmv
guns n' roses;Use Your Illusion II;Knockin' On Heaven's Door;79;336000;4JiEyzf0Md7KEFFGWDDdCr
guns n' roses;Appetite For Destruction;Paradise City;79;405640;3YBZIN3rekqsKxbJc9FZko
guns n' roses;Appetite For Destruction;Sweet Child O' Mine;79;356066;7snQQk1zcKl8gZ92AnueZW
guns n' roses;Use Your Illusion I;Don't Cry (Original);78;283733;2N2yrmodOnVF10mKvItC9P
guns n' roses;Appetite For Destruction;Welcome To The Jungle;75;273480;0G21yYKMZoHa30cYVi1iA8
guns n' roses;Appetite For Destruction;Paradise City;74;405600;6eN1f9KNmiWEhpE2RhQqB5
guns n' roses;Appetite For Destruction (Super Deluxe Edition);Patience;72;354880;1OEoNpiyqBghuEUaT6Je6U
guns n' roses;Use Your Illusion II;You Could Be Mine;72;343640;0dlTGl67UFWcKupzkxZYOn
guns n' roses;Use Your Illusion I;Live And Let Die;72;182733;0rFWuqFgHAfuzE8uSB9TWR
guns n' roses;Use Your Illusion II;Civil War;70;462093;6i4Qi1mJxXjqNIL9HfJhRs
guns n' roses;Chinese Democracy;This I Love;68;334373;2FEWcWHnDmGD6WSqpW4VYu
guns n' roses;Use Your Illusion II;Estranged;67;563893;3s03nrUInN3NAVjQtmnS0O
guns n' roses;Appetite For Destruction;Nightrain;64;266173;2vNw57KPaYDzkyPxXYUORX
guns n' roses;Use Your Illusion II;Yesterdays;63;196226;11VGhd5i7deLL0YB0ayicY
guns n' roses;Appetite For Destruction;It's So Easy;63;201360;63HA3dpnOmdDcazJ9sDfrh
guns n' roses;Appetite For Destruction (Super Deluxe Edition);Used To Love Her;61;192666;67q0QsfLcTa2SqhP2wQbia
guns n' roses;Appetite For Destruction;Rocket Queen;61;373466;6v5VsfCYKdrkQBTMhAlkDr
guns n' roses;Hard Skool;Hard Skool;60;221892;1Pvmzboyxwp1rOVYqwKIgU
guns n' roses;Greatest Hits;Since I Don't Have You;41;259266;4CvQVmA1wVX4gKOJ7aQOZQ
guns n' roses;Double Talkin' Jive / You Could Be Mine;You Could Be Mine - Live In New York, Ritz Theatre - May 16, 1991;0;362813;7B6FA3U2qUcV1gzWE6lTrR
guns n' roses;Double Talkin' Jive / You Could Be Mine;Double Talkin' Jive - Live In Las Vegas, Thomas & Mack Center - January 25, 1992;0;520000;4qFgFSv8kYaM9zE2W5uPGX
christian kuria;Toroka;Toroka;67;202075;6RMltEudPPFoJuUoshxRBB
christian kuria;Borderline;Too Good;67;277500;3GP7l2bmXT6T2FNAzERwBr
christian kuria;So;So;64;160500;4nOinsAo9Obk6KKdqRr3c2
christian kuria;Borderline;Losing You;59;248069;186AzR054q9nSWYSI3qr8D
shaed;Trampoline (with ZAYN);Trampoline (with ZAYN);69;184280;1iQDltZqI7BXnHrFy4Qo1k
shaed;Melt (Deluxe);Trampoline (with ZAYN);67;184280;2ez6qvOTHKeI3ss80NGqnI
shaed;Trampoline (Jauz Remix);Trampoline - Jauz Remix;64;236170;68Rnp6Cev6ESnEwlpQI2Ll
shaed;Melt (Deluxe);Trampoline - Jauz Remix;57;236170;5DMrREzztuMUkLMDjMpJNY
vaundy;CHAINSAW BLOOD;CHAINSAW BLOOD;74;200997;3lUOzabhWYyRImRszpJGOU
vaundy;strobo;怪獣の花唄;71;224806;10zz9RZt9DnqcxNWksRNrx
vaundy;mabataki;mabataki;69;243925;1mzn53qwArYj52lIGpXXlD
vaundy;裸の勇者;裸の勇者;68;201973;3k64vNcgYPkETG7TNgpW4o
vaundy;strobo;不可幸力;67;200243;57MvUwzIzRJ0r21rnNU1s1
vaundy;strobo;東京フラッシュ;66;258858;3vXdK7DCzJyp1MIh10TJFS
vaundy;strobo;life hack;62;226443;0NlM3asfhPzhDwm5frXquS
vaundy;踊り子;踊り子;57;230109;4UeWKazLR1ZwwSVnLw9Ir9
vaundy;恋風邪にのせて;恋風邪にのせて;44;255914;6z5zopmol2EeKDjeRH2QfM
arjun kanungo;Aaya Na Tu;Aaya Na Tu;70;210000;3T0oPETOdddxJ2xTt2qJe4
arjun kanungo;Ilzaam (From the Album 'Industry');Ilzaam (From the Album 'Industry');67;247374;1ZMq0qzXfGnFo7BN03yddJ
arjun kanungo;Zara Zara - MTV Unwind;Zara Zara - MTV Unwind;64;208320;6anGj4SX83j5DyG3aZOzqc
arjun kanungo;Baaki Baatein Peene Baad (Shots) (feat. Badshah);Baaki Baatein Peene Baad (Shots) (feat. Badshah);61;220312;2RBkVQwpkDeYytMTQwjyTk
arjun kanungo;La La La (Reprise);La La La (Reprise);59;146666;02Z90kqEwTvBQEOmP6jxyk
foo fighters;The Colour And The Shape;Everlong;84;250546;5UWwZ5lm5PKu6eKsHAGxOk
foo fighters;Echoes, Silence, Patience & Grace;The Pretender;79;269373;7x8dCjCr0x6x2lXKujYD34
foo fighters;There Is Nothing Left To Lose;Learn to Fly;77;235293;5OQsiBsky2k2kDKy2bX2eT
foo fighters;In Your Honor;Best of You;76;255626;5FZxsHWIvUsmSK1IAvm2pp
foo fighters;The Colour And The Shape;My Hero;76;260026;4dVbhS6OiYvFikshyaQaCN
foo fighters;One By One (Expanded Edition);All My Life;74;263440;6tsojOQ5wHaIjKqIryLZK6
foo fighters;One By One (Expanded Edition);Times Like These;71;265560;67vYdAAM3oGsEImCRfbtsF
foo fighters;Wasting Light;Walk;70;255960;76Je5Wklky23mVoxiRszcN
foo fighters;The Colour And The Shape;Monkey Wrench;70;231480;44wXefe8WB9Fd6xwtmAwbR
foo fighters;Concrete and Gold;The Sky Is A Neighborhood;65;244573;3kdMzXOcrDIdSWLdONHNK5
foo fighters;Greatest Hits;Wheels;64;278213;3KsatAMRt1a7iryhWt5I8U
foo fighters;Wasting Light;These Days;64;298266;2kN05N1AQQplsgFweFAqYb
foo fighters;Foo Fighters;Big Me;64;132840;6pb5BBnIM5IM7R1cqag6rE
foo fighters;00020225;Times Like These - Acoustic Version;62;238586;1pXgBjIvALm97lDhroan2E
foo fighters;Concrete and Gold;Run;61;323373;1wLQwg0mloy3yXjL0jPE0N
foo fighters;Wasting Light;Rope;61;259026;7v0mtl6oInUtHOmTk2b0gC
foo fighters;Echoes, Silence, Patience & Grace;Long Road To Ruin;60;224880;0bORa4VpL8NzyMXEI6UFGK
foo fighters;Echoes, Silence, Patience & Grace;Let It Die;58;244960;2XvrMHbSO077Ajg7QTTNdY
foo fighters;Medicine At Midnight;Making A Fire;56;255106;2u8NmvhYX6wiviyxJTOhEi
foo fighters;There Is Nothing Left To Lose;Aurora;56;349680;7dIh8FF0EzYKS8STv3v4F4
foo fighters;Medicine At Midnight;Chasing Birds;52;252293;2jKnUcyrCADkeSy6gcN1qa
foo fighters;There Is Nothing Left To Lose;Ain't It The Life;51;254773;2ifYUfvMNbXQDPJEyk68rP
foo fighters;00050525 Live in Roswell;This Is A Call - Live at Walker Air Force Base, Roswell, NM - June 2005;25;269200;3axNapUfpLoNy74EgIC26f
falling in reverse;Popular Monster;Popular Monster;75;220537;4GssB27iJeqmfGxS94Tfij
falling in reverse;Voices In My Head;Voices In My Head;73;191414;5XUuldRjPXcP5QxyEN4IXT
falling in reverse;The Drug In Me Is You;The Drug In Me Is You;72;218786;1mB7dCUM7sPyNab6R43nlj
falling in reverse;ZOMBIFIED;ZOMBIFIED;71;218520;2ib8fuTavdc48X6MjhE4Ft
falling in reverse;The Drug In Me Is You;I'm Not A Vampire;69;231840;7l0Lr7Tl4Gt8hQj4v3rwtf
falling in reverse;Just Like You (Deluxe Edition);Sexy Drug;66;194671;4TncWhCfACwaIU8hllz8SQ
falling in reverse;The Drug In Me Is You;Good Girls Bad Guys;65;195373;78ML3F5Lz3KiNkpnFAaR3q
falling in reverse;Drugs;Drugs;62;231920;5BkCDt5w0WOGgBgDC7T39i
falling in reverse;Fashionably Late (Deluxe Edition);Bad Girls Club;61;221730;5NSdMmd2LnvgDcpLiKeKeD
falling in reverse;Carry On;Carry On;60;294765;3GSMJpuz3rFU8WtCws1rv5
falling in reverse;Losing My Life;Losing My Life;57;299015;6SeFPYWv9lIlSWanyEDYf5
falling in reverse;Fashionably Late (Deluxe Edition);It's Over When It's Over;57;233967;3Wn52FjoUJClQOXwKePPp3
falling in reverse;I'm Not A Vampire (Revamped);I'm Not A Vampire - Revamped;56;376816;5aoBuRB9lHxCh1J25wTPhQ
falling in reverse;Losing My Mind;Losing My Mind;54;257107;1qPlNM2FaEWCMSxpVR5XeH
alan walker;Different World;Faded;80;212106;698ItKASDavgwZ3WjaWjtz
alan walker;Different World;Darkside;75;211680;6SRWhUJcD2YKahCwHavz3X
alan walker;Sweet Dreams;Sweet Dreams;75;138819;4uDhts78RdwIDjEqPrYVKp
alan walker;On My Way;On My Way;74;193797;4n7jnSxVLd8QioibtTDBDq
alan walker;Different World;Lily;74;195840;0lks2Kt9veMOFEAPN0fsqN
alan walker;Different World;Alone;74;160426;3LlmKSHR3Rs0Y3KHQLAYDk
alan walker;World Of Walker;Man On The Moon;73;178625;0zqBZqm5czQ3A4EoSdKFHj
alan walker;Extremes;Extremes;73;149508;5nkkVqGi9YgFOwdbn4BYFM
alan walker;The Spectre;The Spectre;72;193787;2DGa7iaidT5s0qnINlwMjJ
alan walker;Faded;Faded;72;212626;7gHs73wELdeycvS48JfIos
alan walker;Ignite;Ignite;71;210288;1jLsirPDkUS2g4gnkYua58
alan walker;The Drum;The Drum;71;189287;1zOOl8f7qkjj0AmvlCfLyQ
alan walker;Walkerverse, Pt. I;Somebody Like U;68;191098;2uDyv5rw4333xY5obTeByt
alan walker;Walker Racing League;Running Out Of Roses;67;136563;1KR9TkyhxqqpOk45WAm7bM
alan walker;World Of Walker;On My Way;66;193959;3BomnHfqKZCdPJC9bkGBjE
alan walker;Different World;Sing Me to Sleep;66;187800;1tfVpMI8G6EakZU4rEja4w
alan walker;Don't You Hold Me Down;Don't You Hold Me Down;66;132597;0d1ujEcFwTqA4kWliTSJim
alan walker;Different World;Lost Control;65;222320;0lG6QM1jjbbX5UUn3DPmrZ
alan walker;Hello World;Hello World;65;171585;1zS7wXUlPhxdOgGZ7RorQ2
alan walker;Different World;All Falls Down (feat. Juliander);65;198880;1HvCFAUIWQsWV9zud3UhDl
alan walker;Tired;Tired;64;192111;3b5Li4QKDVBx1x7fQuu54a
alan walker;All Falls Down (feat. Juliander);All Falls Down (feat. Juliander);64;199111;5yFSF6qQA1rcLsQRnBsZgb
alan walker;World Of Walker;Paradise;63;183344;2sVcG5mresyV79qpYr3M1C
alan walker;Different World;Diamond Heart;63;240333;0nrWZWkJM62ftQJSI8fDc0
alan walker;Different World;Different World (feat. CORSAK);63;202906;4heFQCyiW0RUEX1Q1lb008
alan walker;Alone;Alone;63;161200;0JiVRyTJcJnmlwCZ854K4p
alan walker;Fake A Smile;Fake A Smile;62;168118;6rAGFY9D3ah6Lb7fUgbNNH
alan walker;Darkside;Darkside;62;211866;1snWlbcbgQpJfknoI30DWG
alan walker;Believers;Believers;61;159077;4bMLBGnjAGVFpjAfIkD0UY
alan walker;Different World;I Don't Wanna Go;60;161666;7kVDkZkZc8qBUBsF6klUoY
alan walker;Sing Me to Sleep;Sing Me to Sleep;60;189333;2Fjz5ZC5BvFdCqcnTZ3ilH
alan walker;On My Way (Da Tweekaz Remix);On My Way - Da Tweekaz Remix;60;204198;4Sp0jLZN8MgPnoGDufJS7N
alan walker;Origins;Fade;60;264048;0ICvpUuQrVd65WeZjVX44u
alan walker;Heading Home;Heading Home;59;184889;22O2Zdfj3jnJZDSzlDMAJp
alan walker;Routine;Routine;57;166973;19TSNGmvdTtlxYn4YqYUMf
alan walker;Time (Alan Walker Remix);Time - Alan Walker Remix;57;150895;5H9S7RaxxSAgY77Mb0CSPz
alan walker;World Of Walker;Fake A Smile;56;165335;1Ph65gYzHdiNDs9yWh4ePY
alan walker;Different World;Do It All for You;56;174560;1xUZ6CgfpXspcQuEIOhf2v
alan walker;Walkerverse, Pt. I;Blue;55;157566;3WMnYYRj4VmziUS9Fzey8p
alan walker;Different World;Lonely (feat. ISÁK & Omar Noir);54;216053;6HMT7AzGA5wmn5m2t1BuZR
alan walker;Avem (The Aviation Theme);Avem (The Aviation Theme);54;199314;0NBD4g9Zwy1rMAMWBYS6Ju
alan walker;Live Fast (PUBGM);Live Fast - PUBGM;51;225096;23gk3dYysgp4FmWyZ2tOZF
alan walker;Faded (Lost Stories Remix);Faded - Lost Stories Remix;41;211165;6hF9F76wq0rpXxZxvmEA2e
anuv jain;Baarishein;Baarishein;76;207309;5iCY0TXNImK4hyKfcplQsg
anuv jain;Gul;Gul;71;217241;0NLkVxf0PyxsXBG3EuZcJf
anuv jain;Alag Aasmaan;Alag Aasmaan;70;212773;74kCarkFBzXYXNkkYJIsG0
anuv jain;Mazaak;Mazaak;68;212054;6BvRzfqi3sMAoQYnRpMVL0
anuv jain;Mishri;Mishri;64;200437;1xtkLqZcGPQZP9549WlmfH
anuv jain;Meri Baaton Mein Tu;Meri Baaton Mein Tu;62;213986;5nTbPFqLKmQdIg1SD8KgG4
anuv jain;Riha;Riha;61;287323;6Ln89sczgIcAJXGAIdS94R
anuv jain;Alag Aasmaan (Acoustic);Alag Aasmaan (Acoustic);58;211578;1gxmaTGnxEgZuV8485tevN
anuv jain;Maula;Maula;57;237882;5qyEyqpT0TBVun8W07MEmR
anuv jain;Ocean;Ocean;54;252630;4BL4aEbddW0OGv6fFYYFUt
nicky jam;Sin Novia;Sin Novia;75;188411;4IsO1J5LSrVwkQOIEdZ417
nicky jam;Intimo;X;74;172854;5YUyW9opqNsMSEzzecZih1
nicky jam;Fénix;El Perdón (with Enrique Iglesias);74;205906;7qCAVkHWZkF44OzOUKf8Cr
nicky jam;Fénix;Hasta el Amanecer;71;198706;5Fim1gaXBgsiFfsQAfQSDS
nicky jam;Fénix;El Amante;69;219506;3umS4y3uQDkqekNjVpiRUs
nicky jam;X (feat. Maluma & Ozuna) [Remix];X (feat. Maluma & Ozuna) - Remix;68;235746;6JjPBQfI2Y8nIjnm65X6Pw
nicky jam;Muévelo;Muévelo;68;194892;4VgYtXCVJ7IbWAZ5ryfvEQ
nicky jam;Fénix;El Perdón - Forgiveness;51;206666;7hOfyNuj2dLc0HAEYVDIYS
nicky jam;Fénix;With You Tonight (Hasta El Amanecer);46;208973;2GICtNjlmq5w1XIQ9s0D9y
nicky jam;X (Spanglish Version);X - Spanglish Version;45;172128;7lRp0mTu0oAaN3avFuouoQ
sade;Lovers Rock;By Your Side;70;274933;7H3ojI1BsVy0dEJENqMt1k
sade;The Best of Sade;Smooth Operator - Single Version;70;258693;1Hv1VTm8zeOeybub15mA2R
sade;Love Deluxe;No Ordinary Love;67;440466;1oaaSrDJimABpOdCEbw2DJ
sade;The Best of Sade;Kiss of Life;66;251333;65krtHkaYLPr0mEbjL61UP
sade;Diamond Life;Your Love Is King;65;219426;1j2LuIf7mv15ZVug1Xy5qz
sade;Promise;The Sweetest Taboo;64;277373;0sKfhhj6hYyJIXnTiZV9vf
sade;The Ultimate Collection;Smooth Operator - Remastered;63;256146;28XDE6yXI6Bp4U3nLSGqzp
sade;The Best of Sade;Hang on to Your Love;62;270466;6KIS5YIZAyeiFNx1aE1OhY
sade;The Best of Sade;Paradise;62;217466;4tReFKumS5bcFahdXDiM1b
sade;Love Deluxe;Cherish the Day;60;332133;22QiTJqDn1BIRSh4mkNJ5w
sade;Diamond Life;Smooth Operator;56;298893;7pLuEMFougkSHXrPBtNxTR
krissy & ericka;Twelve: Fifty One (International Version);12:51;64;246280;1FHCU1rDAeaPsBW9byjJ0Q
matt maher;All The People Said Amen;Lord, I Need You;64;205666;4EHWldZTas5KUyFtT0rQlY
qveen herby;EP 8;Sugar Daddy;64;203809;2ViSWfhT0kvEulXA1HH7Wk
little simz;GREY Area;Venom;64;154749;3A0ITFj6kbb9CggwtPe55f
james gang;Rides Again;Funk #49;64;246293;5h6SovHOYpIMlAkafxcbq3
them;The Essential Van Morrison;Gloria (feat. Van Morrison) - Stereo Version;64;156800;1DKyFVzIh1oa1fFnEmTkIl
jeremy passion;For More Than a Feeling;Lemonade - Ukulele Version;64;181504;5nJzWhlrBfn3cfDLlaAgAO
iithe1st;Antisocial;Antisocial;64;122553;57u3aZ3wDng54JbmWtM1ZL
alex cruz;Crazy;Crazy;64;232733;3dSufNX8zV2Dz6vmxcQW2w
f.r. david;Words;Words - Original Version 1983;73;209013;1HPJOoIVdUPuaebxzMrVaD
f.r. david;Words (Remix 2020);Words (Remix 2020);55;199678;5zAQ0EVwLhDESwDgoFtuLe
poolside;Pacific Standard Time;Harvest Moon;64;368783;35U4PXL3W3XIkAjEUdhr36
patrice rushen;Straight From The Heart;Forget Me Nots - Remastered;64;284506;4UQH52FfgGpzDShKDbBvEA
dan stevens;Beauty and the Beast (Original Motion Picture Soundtrack/Deluxe Edition);Evermore;64;194541;3Yn97I3qIj7Px0Bi4rkD2q
robin hustin;Light It Up;Light It Up;64;185390;6ibayfvVOby1NSKJFohtZp
graves;Blame (Tim Gunter Remix);Blame (Tim Gunter Remix);64;193714;4wzHOPBchA7Ab5wOmBHkiO
cher lloyd;None Of My Business;None Of My Business;64;184004;2SPEg45ZaUFJCg9GwNmRvw
sohodolls;Ribbed Music for the Numb Generation;Bang Bang Bang Bang;64;181640;0WTCo2nNtSRCrGCiQuZO8d
sohodolls;Bang Bang Bang Bang 2021;Bang Bang Bang Bang - Remastered 2021;64;168339;4Dku5HwdwweHyc9LrOL4AB
teen suicide;dc snuff film / waste yrself;haunt me (x 3);72;165671;1QUMpZT7HG6sO3RiBu1LAJ
teen suicide;i will be my own hell because there is a devil inside my body;no, the moon;56;152169;5ZGzNhBC1sEtYtQ1b6Cy53
shrimp;this body means nothing to me;this body means nothing to me;64;131437;2zQQai9nqofvLZ703t0Jxi
every avenue;Picture Perfect;Tell Me I'm A Wreck;64;219973;203zTFd1zbfG0fiOG9OREv
jane good;The One;The One;64;125347;2hT9vWmKp6uduKzmalqeMA
saco;Take Me Home;Take Me Home;65;171578;4Mg3YzlEp93OhGQol4VqXL
saco;Gotta Give Me;Gotta Give Me;63;199016;2WCcNcnj6YIiKTNMmQiBKI
therapie taxi;Hit Sale;Hit Sale (feat. Roméo Elvis);64;184400;3yndKI4zWEyC36BQYrdKBA
zwette;Go Solo (feat. Tom Rosenthal);Go Solo (feat. Tom Rosenthal);64;192893;6vhOyWiOnO7EzxnXBllmkQ
soul asylum;Grave Dancers Union (2022 Remaster);Runaway Train (2022 Remaster);72;266560;3TW48DvQ7ChwY1Yy1tkMaP
soul asylum;Black Gold: The Best Of Soul Asylum;Runaway Train;56;266066;3Ib3SJV8ZXuLvDiDb2w1As
otherwise;Soldiers;Soldiers;64;241848;1iWgFnhR0oW5Mup8yXDAPW
trustcompany;The Lonely Position Of Neutral;Downfall;64;191373;76xddM2irVQCbuBoVbaElZ
geto boys;We Can't Be Stopped;Mind Playing Tricks on Me;67;308733;63BokRfXSQhEU6Qi2dSJpZ
geto boys;Uncut Dope;Damn It Feels Good to Be a Gangsta;61;310600;0HOqINudNgQFpg1le5Hnqe
fugazi;13 Songs;Waiting Room;65;173266;2DBlfjL5chsdeULzhTp5K8
fugazi;Instrument Soundtrack;I'm So Tired;63;118933;6JgHKt0WwdwlXIht6M0mqa
kanika kapoor;Oo Bolega Ya Oo Oo Bolega (From "Pushpa The Rise Part - 01");Oo Bolega Ya Oo Oo Bolega (From "Pushpa The Rise Part - 01");64;226313;4oglYe270D9yn6Gc0JWc03
lehmber hussainpuri;Tanu Weds Manu;Sadi Gali;64;264900;1tEto4JrqNmBZFH5uAiYqb
poorvesh dave;LoFi Songs;Woh Lamhe Woh Baatein - LoFi;64;141955;5nm8oiPHEZTdFjFPiZakje
vampire weekend;Vampire Weekend;Campus;64;176466;5dUFfk2cwD8GiJPS03mYN0
princess chelsea;Lil' Golden Book;Cigarette Duet;64;260013;5zZt5BzzSrUXwytlRatvc2
charlie burg;Live in Peter's Attic;I Don't Wanna Be Okay Without You;70;243796;5HKv1sFHbXgmXBih203HxT
charlie burg;PlantedInMyMind.Memo;PlantedInMyMind.Memo;58;89072;4osxJNBTFLCMUhXThxGClU
ollie mn;Songs from the Swamp;Please Never Fall in Love Again;64;154000;42H6GeQfrBkT3vTUTdpB1M
j boog;Backyard Boogie;Let's Do It Again;64;192177;4TBtGrMgUYH7D5Tf5HLvyz
winner;FATE NUMBER FOR;REALLY REALLY;64;203056;4iJyTp1KwCeBKhf7h0SwsD
dreamcatcher;[Dystopia : Lose Myself];BOCA;64;189546;37Ctz6MOHM2thzNIOMo7Z0
davichi;Descendants Of The Sun Pt.3 (Original Television Soundtrack);This Love;64;225171;1mh5s6XJ3RLJBRPErACsHW
g-dragon;One of a Kind;Without You (Feat. ROSE);64;242677;3V375E3xldRPEEcIKiw83l
randy;Romances;23 (With Ape Drums);64;167504;1G7vCwBCxeTe8fB0EGMDdq
farhan akhtar;Zindagi Na Milegi Dobara;Senorita;64;229575;3TAhWtQnpoL5Vl9VQPl9fU
soham naik;Raanjhana Ve;Raanjhana Ve;64;283195;5cH3LTsDSGNdHMwWsY7gJ6
baani sandhu;8 Parche;8 Parche;64;210000;42ETKyApzUl8hTtytFAjen
aditya yadav;Deewane Hum Nahi (Version 1.0);Deewane Hum Nahi - Version 1.0;64;230000;4eK9eFdt832EyvTvACULdr
dino james;Dooriyan (feat. Kaprila);Dooriyan (feat. Kaprila);64;215217;4nKc9yiwXWlEByq1oMfHU6
uzair jaswal;Ek Paheli Leela;Tere Bin Nahi Laage (Male Version);64;222396;3u947zydbp5jVgVNlaRgv4
chitharth;Santhosh Subramaniyam (Original Motion Picture Soundtrack);Adada Adada;64;245629;43zT3oDEP3I5FiZWugfqCZ
deorro;Good Evening;Five More Hours;70;211975;3MOECVkNshqHYTPt5DZcdN
deorro;Five More Hours;Five More Hours;67;211975;6YwLgicpvVuMt1eE2OldwQ
deorro;Five Hours;Five Hours;61;326887;6r7FXNO57mlZCBY6PXcZZT
deorro;Bailar (feat. Pitbull & Elvis Crespo);Bailar (feat. Pitbull & Elvis Crespo);58;160304;1A5yplwEk6cJbAL63L6bkp
shocking blue;At Home;Venus;64;187533;0Z3xhSOhrawLV81YdiDiiJ
3oh!3;WANT (Deluxe);STARSTRUKK (feat. Katy Perry);65;202666;1hBM2D1ULT3aeKuddSwPsK
3oh!3;Dirty Mind;Dirty Mind;63;197601;0R97k5AJy1udJI6mGV82FJ
dirty heads;Vacation;Vacation;66;209721;7cdy4PbCdDZZNjyxoZyE0c
dirty heads;SWIM TEAM;Vacation;62;209721;7lgvGRC1gN0JGgY9VGXsQT
damian marley;Stony Hill;Medication;64;222466;2WQKHNETUytUGsD32TTNeO
the shirelles;Remember When;Will You Love Me Tomorrow;64;160864;25IiJu0DjOqsnQXgNHWp5i
the girl next door;ON TOP;ON TOP;64;131684;72j1jY006wieT3AdwLdLFl
sérgio mendes;Timeless;Mas Que Nada;64;262840;6U7GUjtamt2P0LcFod1dBT
ber;Meant To Be;Meant To Be;64;163226;0wxGIpOZbDR4RGy1sh3XhR
glen hansard;Music From The Motion Picture Once;Falling Slowly;64;244133;6EIVLz5xM1xE29r0OmIkWt
modal colours;Sonder;Sonder;65;181500;6c0Srq5sb8Bvh2SckSv9gy
modal colours;Moment To Moment;Moment To Moment;63;155202;4vOHJJO8fJudz8JVVG9av6
drone;Healing Alpha Sinus;Mystical - Alpha Sinus 54,8hz - 57,3 hz;64;235894;7zO8xgWtAGQpAKEG9n48Yb
elmer loyd;Answers;Answers;64;178000;2iOKDbXoqcTENod90jSmcH
judi khan;Drži me;Drži me;64;206124;2y5P7MecKp333IMNuKeOP7
juno reed;Patiently;Patiently;64;179787;5oHQkijiGG8oxR1FlyfNE1
boreal embla;Sineway;Sineway;64;141137;5BuUke8soY1IIEeJK4eNkk
boreal embla;Mellow;Mellow;64;213978;15SJMsBLp7GR8FH9WvamuG
tairata;Mirrors;Mirrors;64;138361;4AxLkuDH6lAh4zfAqnMk1n
jeff birma;Shimmering Above Clouds;Shimmering Above Clouds;64;177399;5qGiDfE4iUmc9ZChUCunTO
caius biel;Beatific;Beatific;64;196112;3ggQqaU6hdn5udlJEGt5Ut
dream flows;Ever So Slightly;If Only I Could Fly;64;107977;5YqXPRA1ErLjJ9UZCJxJyG
jirou soller;Deep breaths;Deep breaths;64;131666;1XhhBtMKmNGM4yfgMZQVxf
penny layn;Butterfly;Butterfly;64;181136;5bKOctkwgdfCktzgabUPne
rosetta arroyo;The Other Side;The Other Side;64;170000;7MRwNia7W4TCMUq1X8JbAU
carligo;The Riddle of Dreams;The Riddle of Dreams;64;147563;5HfIHltHzu31DBzxJwoVQg
dorian;La Ciudad Subterránea;La Tormenta De Arena;64;368360;55DfugJIh1351fCiwO2we2
zombie nation;Kernkraft 400 Single Mixes;Kernkraft 400 - DJ Gius Mix, Radio Edit;64;207266;7g8cjrj0sXScNE727685JE
darude;Before the Storm, Special Edition;Sandstorm;70;225493;6Sy9BUbgFse0n0LPA5lwy5
darude;Before the Storm;Sandstorm;65;225666;3dxDj8pDPlIHCIrUPXuCeG
darude;Surrender (The Remixes);Surrender - Hixxy Remix;57;204906;7qK0mNHVdVbnqt3Prd26Vs
yoasobi;祝福;祝福;76;196235;7ajpbW6tBpqUI9foCtwlLw
yoasobi;THE BOOK;夜に駆ける;75;258838;6MCjmGYlw6mQVWRFVgBRvB
yoasobi;夜に駆ける;夜に駆ける;74;261013;3dPtXHP0oXQ4HCWHsOA9js
yoasobi;THE BOOK;群青;74;248026;1zd35Y44Blc1CwwVbW3Qnk
yoasobi;怪物;怪物;71;206000;06XQvnJb53SUYmlWIhUXUi
yoasobi;THE BOOK;たぶん;68;256773;398dL22bDbKbAmiOnPaq7o
yoasobi;好きだ;好きだ;67;217512;7537JfhvVpEqkrY2CIY7zu
yoasobi;たぶん;たぶん;66;258666;62Lv9WcrfzJqhvYDbilJy3
yoasobi;群青;群青;66;248444;0T4AitQuq8IJhWBWuZwkFA
yoasobi;THE BOOK;アンコール;66;271440;465JzFiajJO59sUrDFsxdC
yoasobi;THE BOOK 2;怪物;65;205480;2vjY3jGKElvqXoaGNEuYef
yoasobi;あの夢をなぞって;あの夢をなぞって;65;242666;4BE1OloRc9xwjyqA4wFFuN
yoasobi;THE BOOK;あの夢をなぞって;65;240746;5ptl2PXkiSth54HCuGO7vN
yoasobi;ミスター;ミスター;65;187000;2YbNZLoiREBYZo4HeKB8Np
yoasobi;優しい彗星;優しい彗星;64;215333;19fhOFi6pNGeZe5uiFlm7c
yoasobi;三原色;三原色;64;224066;3FUCuf498nFHJXFYR1V9Bd
yoasobi;もう少しだけ;もう少しだけ;63;220200;2pXmohBUnD5Li93sgpbPSg
yoasobi;ハルジオン;ハルジオン;62;198000;7HneEBTvTra2CRYsxgMOAi
yoasobi;THE BOOK;ハルジオン;62;198600;08YwAPnX8sygJUXG9rvhDv
yoasobi;ラブレター;ラブレター;62;212400;185Wm4Mx09dQG0fUktklDm
yoasobi;THE BOOK;ハルカ;62;243613;5D9MPWdY2hjSeTIGE5n5kv
yoasobi;ハルカ;ハルカ;61;243613;6wKmxUeMJAoz2GpMrw95z5
yoasobi;Into the Night;Into The Night;60;262153;0JyJVPi4IBCgj2wTRKb0yN
yoasobi;ツバメ (feat. ミドリーズ);ツバメ (feat. ミドリーズ);60;217429;0yzX8MYYJHw7A3PLvgEc7e
yoasobi;THE BOOK 2;Romance;58;166426;0dSPApaBoWn6SA4GKWq9QK
yoasobi;THE BOOK 2;もしも命が描けたら;57;201626;5WYTSyhKonzQZ3hu14LNr6
yoasobi;E-SIDE;Into The Night;57;259661;2vwzbB62VEfzCARNu9Nrrm
yoasobi;THE BOOK 2;三原色;57;220253;2F9iSs6DypVQu26t5uaeFM
yoasobi;THE BOOK 2;優しい彗星;57;213240;5MUb136to9lnJLfIy5FZKI
yoasobi;Monster;Monster;56;205000;7M9lc2hHXKQobbHQ31Yg2v
yoasobi;もしも命が描けたら;もしも命が描けたら;52;201626;4RKXTsCXXXl9G06CqqJCBo
roop kumar rathod;Rab Ne Bana Di Jodi (Original);Tujh Mein Rab Dikhta Hai;71;281573;2LcXJP95e4HKydTZ2mYfrx
roop kumar rathod;Anwar;Maula Mere Maula;65;364329;4CGBTtlrjZj7ydpV52cgB4
roop kumar rathod;Musical Voice of Roop Kumar Rathod;To Chalun (From "Border");63;458693;5z36JzylwsiLGZ3JrtUEE6
roop kumar rathod;LoFi Songs;Maula Mere Maula - LoFi;56;160308;3iOcbCxe0jW1XrlFb0rvj2
janis joplin;Pearl (Legacy Edition);Me and Bobby McGee;70;271333;1IqFh00G2kvvMm8pRMpehA
janis joplin;Pearl (Legacy Edition);Cry Baby;63;238600;3L60Vu9qmY6fg2QroRIxgi
janis joplin;I Got Dem Ol' Kozmic Blues Again Mama!;Maybe;58;219133;0xGSeBsG4V8Scc5YqpZQ66
finger eleven;Them Vs. You Vs. Me (Deluxe Edition);Paralyzer;75;208106;28IEbk5a7twNTbUEvWslUb
finger eleven;Life Turns Electric (BonusTrack Version);Living In A Dream;59;184773;2HaUEu0wAO5AOT0UB3i0LO
finger eleven;The Punisher: The Album;Slow Chemical;57;198360;2h5Kce0Vt3PWgMYkYuUL3E
judas priest;British Steel;Breaking the Law;72;153840;2RaA6kIcvomt77qlIgGhCT
judas priest;Painkiller;Painkiller;68;365826;0L7zm6afBEtrNKo6C6Gj08
judas priest;Screaming For Vengeance (Expanded Edition);You've Got Another Thing Coming;67;310080;4f3RDq9nYPBeR1yMSgnmBm
judas priest;British Steel;Living After Midnight;64;210133;0IXpUl1fn2QZcBavfuq0H4
judas priest;Stained Class;Beyond the Realms of Death;56;409800;3Rtv6zRNKpeSygXoaF9kCm
judas priest;Angel Of Retribution;Angel;55;264200;0HSqXHUdHUbDjWxYIClohv
ashley kutcher;One Eighty;Love You From a Distance;70;204000;4bpyaPa1xruVgE2GtsYbIW
ashley kutcher;Love You More;Love You More;62;169765;6yaskcE6j8qsypsSxMSaeL
ashley kutcher;Emotionless;Emotionless;59;136480;7iKkBgyipYWWQuemhe8Fr6
sayulita;La Caoba;La Caoba;66;159744;7zwddyEol0Hg5K8HQd3srX
sayulita;Bella Unión;La Cascada;63;181000;2WGKo3sflN4aUNtesZw4Py
sayulita;Amado Nervo;Amado Nervo;62;189065;2Pob0B0xBaszDLVBDWNh0U
nik kershaw;Human Racing;Wouldn't It Be Good;65;277053;00FDHurakzVEiPutdUxXXq
nik kershaw;The Riddle (Expanded Edition);The Riddle;64;234840;6sn3FHCq2csvNkq2h9Au8V
nik kershaw;Human Racing;I Won't Let The Sun Go Down On Me;62;203853;65YtzNpiPhGVzg6GPzkotn
sara bareilles;Little Voice;Love Song;73;258826;4E6cwWJWZw2zWf7VFbH7wf
sara bareilles;The Blessed Unrest;Brave;70;220573;6Uy6K3KdmUdAfelUp0SeXn
sara bareilles;Little Voice;Gravity;67;232760;4oa14QBfWRDfJy2agySy0L
sara bareilles;What's Inside: Songs from Waitress;She Used To Be Mine;67;250266;2D4BSm5Z8Hq5zYbSgJwEOh
sara bareilles;The Blessed Unrest;I Choose You;63;218573;7jJH8F3PHlNvxfqEAAfFDl
sara bareilles;Kaleidoscope Heart;King of Anything;61;207493;3VA8T3rNy5V24AXxNK5u9E
sara bareilles;Amidst the Chaos (Bonus Version);A Safe Place to Land (feat. John Legend);57;269209;55fyE9Q754QhXpmcLtmmam
sara bareilles;Kaleidoscope Heart;Breathe Again;51;298280;0UgmLwOrTeOCUNwV07a5AD
mohammed irfan;Best Of Shraddha Kapoor;Banjaara (From "Ek Villain");67;336567;2S6N9pbnkhQRyAx80HmF79
mohammed irfan;Murder 2;Phir Mohabbat;65;329851;2b2HutIDmoeBnnKRWDLAtV
mohammed irfan;Yaariyan;Baarish;64;374938;6ABHr8kYCws5z6gC9Lwith
mohammed irfan;Ek Villain;Banjaara;63;336567;4eFnk661RcdOuH9ajiTO3j
mohammed irfan;Ultimate Love Songs - Arijit Singh;Phir Mohabbat (From "Murder 2");59;329851;4RCd3Gdtt3dNedof64hqRD
three days grace;One-X;Animal I Have Become;74;231400;56sk7jBpZV0CD31G9hEU3b
three days grace;Three Days Grace;I Hate Everything About You;74;231480;0M955bMOoilikPXwKLYpoi
three days grace;Three Days Grace (Expanded Edition);I Hate Everything About You;72;231480;6rUp7v3l8yC4TKxAAR5Bmx
three days grace;One-X;Riot;71;207586;1Q2fYlSdwuutWj3QplhY9q
three days grace;One-X;Never Too Late;70;209333;3HE50TVRquwXe9yv2HFoNL
three days grace;Human;Painkiller;70;179160;6OMO6WdRhSfjMPAiPT94wH
three days grace;EXPLOSIONS;So Called Life;70;206640;1QTQ3VNzabl4yF5GJE6hhK
three days grace;One-X;Pain;68;202973;5PZ2cqh9Yem2g6cTSOLllz
three days grace;Human;I Am Machine;68;200146;2UDumaw7osnyjH7RZ2DLpB
three days grace;Life Starts Now;Break;67;193106;4urxRqBRiaH0i20OKBsgxc
three days grace;One-X;Time of Dying;66;186373;7piw04hPQZ1OHZ9Fq9JOXR
three days grace;Human;Fallen Angel;64;186146;2iptAVf9jZerlywLwiGhak
three days grace;EXPLOSIONS;Lifetime;64;176226;19dNZyDyw00aKgr6S0Os6e
three days grace;Life Starts Now;The Good Life;64;173173;55KYlnsC6nYnr3IykbmJwE
three days grace;Three Days Grace;Just Like You;64;186893;0CA3RxBx2xSQXPfpmUBK1v
three days grace;Transit Of Venus;Chalk Outline;62;181986;0XGV1bem5W9ICY2rgleryV
three days grace;Outsider;The Mountain;62;198360;5adBpeh1CjHAzlM2i8nYFR
three days grace;One-X;Gone Forever;61;221093;2Xe2YAxNPqWCNpZ8RagBdO
three days grace;Life Starts Now;World so Cold;61;243000;0LPx8WfsRrXCF92YtINFtN
three days grace;Somebody That I Used to Know;Somebody That I Used to Know;59;209719;100lHmeZbp3OvinYgotmVc
three days grace;EXPLOSIONS;Neurotic (feat. Lukas Rossi);59;197253;6JfNf81zML3XVFXZbbtyZ8
three days grace;Life Starts Now;Lost in You;58;232813;1uiwlmWedlNpzAxDSRGqdK
three days grace;One-X;Get Out Alive;58;262493;6hHpXo2XMMKR5lIfa19aLM
three days grace;Outsider;Infra-Red;58;230933;6oe2HcrgnNU66Eyq8BY45Z
three days grace;Outsider;Right Left Wrong;57;236693;7Fma0rICvZeAECL8VoPuUO
three days grace;Life Starts Now;Last to Know;56;207466;1o4Pf2GIMDCD7ifIM2yI77
three days grace;Human;Tell Me Why;56;210733;0YFA0boMX3HBAZS1QfHKRR
three days grace;One-X;Over and Over;55;191906;6Dtq63g5m2sMIVd1Aw9ZDD
three days grace;One-X;It's All Over;54;249320;2QZxpZDfJjhEGclSszvMVX
higuchi ai;Akuma no Ko;Akuma no Ko;65;227679;5cRKj1kynNFqiliT2ndZ3y
higuchi ai;Saiaku Saiai;Akuma no Ko;62;229960;4pw7EuK2WTWGHI51jCKuGJ
brad paisley;Hits Alive;Whiskey Lullaby (feat. Alison Krauss);64;259453;4BXkf6yww23Vdju7E1fUrn
brad paisley;Mud On The Tires;Whiskey Lullaby (feat. Alison Krauss);63;259893;6iblnklMzUKIXAtjk5lzIy
christian french;head first;head first;64;154960;1nDOeWBfRKA5YNQ8bKWzMM
christian french;avalanche;avalanche;63;199512;1RlmAzI27AlIpvoRN3u6Iy
bülow;Damaged Vol. 2;You & Jennifer;65;159453;0g21KZ1XJuhwexWPLpuEt1
bülow;Sweet Little Lies;Sweet Little Lies;62;175066;6ZahaGPhyiXTi1pLEtGM6e
christian peterson-bergling;Midsommarnatt;Sommarvals;66;176557;0tL0JB08d5De5zBko245Y8
christian peterson-bergling;Sunnebovals;Sunnebovals;61;173519;0ob3wzPe3R3NpJtUEz0wUQ
tanishk bagchi;Raataan Lambiyan (From "Shershaah");Raataan Lambiyan (From "Shershaah");78;230292;2rOnSn2piaqLAlYjtfUBlY
tanishk bagchi;Makhna (From "Drive");Makhna;74;183000;0ZHILXmUaVSLEOCWxPQ1ga
tanishk bagchi;Kusu Kusu (From "Satyameva Jayate 2");Kusu Kusu (From "Satyameva Jayate 2");71;195616;6G699QfN1BWYWXfiblH51F
tanishk bagchi;Najaa (From "Sooryavanshi");Najaa (From "Sooryavanshi");70;191239;09vHbIezp9NP31CZWysk3v
tanishk bagchi;Shershaah (Original Motion Picture Soundtrack);Raataan Lambiyan;70;230292;1stiSonuKkZqhI1o9nZ9MT
tanishk bagchi;Tip Tip (From "Sooryavanshi");Tip Tip (From "Sooryavanshi");70;250287;5zfRl79umXWvKoA7p4KEPa
tanishk bagchi;The Punjaabban Song (From "Jugjugg Jeeyo");The Punjaabban Song (From "Jugjugg Jeeyo");70;199029;1XSSm7oKOzNE8oUapjIRWV
tanishk bagchi;Aafat (From "Liger");Aafat (From "Liger");66;163500;0C6G3mqMjVcIgTWbK9nFIE
tanishk bagchi;Bolna (From "Kapoor & Sons (Since 1921)");Bolna (From "Kapoor & Sons (Since 1921)");66;212832;3GrCQPpKqKzOcKfMAoqn82
tanishk bagchi;Naa Tere Bin (From "Ek Villain Returns");Naa Tere Bin (From "Ek Villain Returns");64;371112;0d5tgymZ98ERrAm8v01ltg
tanishk bagchi;Aafat (Remix By DJ Aqeel) [brah];Aafat (From "Liger") - Remix By DJ Aqeel;45;189790;6sOC569sksrnsrpSIihTtn
tanishk bagchi;Dhokha Round D Corner;Mere Dil Gaaye Ja (Zooby Zooby);18;216199;2yk5oILHrpqErkYTuu2nQm
bingo players;Get Up (Rattle) [feat. Far East Movement];Get Up (Rattle) [feat. Far East Movement] - Vocal Edit;69;166932;3wLPRjw2XQpmowqXUXb3UF
bingo players;Devotion (2020 Remix);Devotion - 2020 Remix;58;152131;039VxfSo5FErqE65169VZL
rønin;ALL GIRLS ARE THE SAME;ALL GIRLS ARE THE SAME;73;121949;4xhWfr0tyA7BGL7eXo8KnV
rønin;I JUST FKN HATE YOU NOW;I JUST FKN HATE YOU NOW;54;112692;07od6wz8rrAeXVYQoXZU2W
sleepless eye;Lull;Lull;65;179400;2HBNfSLfBwKWiaSL5bg5jF
sleepless eye;Revolve;Revolve;62;187200;0X33Oo6yg2qlTsrFiH1qta
cameron sinosa;Neblinoso;Neblinoso;68;234750;6uZF7xC32ewhpsm36IaM5T
cameron sinosa;Querencia;Querencia;59;194648;4VdLOyYe6ZEyLx0LbYdyvy
nadia bulic;Maglovito;Maglovito;65;130750;6FGF4Cx7hxKHwSCojfGSAT
nadia bulic;Nikad ne Zaboravi;Nikad ne Zaboravi;62;142621;717ijFnuktEjgu8yn7Qvw6
ali;LOST IN PARADISE;LOST IN PARADISE;69;327966;7kRKlFCFLAUwt43HWtauhX
ali;LOST IN PARADISE;LOST IN PARADISE;58;328960;145wBbokDZTFZLFHOtZrzG
mithoon;Shamshera;Fitoor;74;308459;7eNSk0grNnO7MqjLZzs6MM
mithoon;Jaan Ban Gaye (From "Khuda Haafiz");Jaan Ban Gaye;70;211673;30CDYWqqitNHUa0DGaUeIE
mithoon;Half Girlfriend;Phir Bhi Tumko Chaahunga;70;351587;35P2Xal9x3GAdOHytyEUFe
mithoon;Aashiqui Aa Gayi (From "Radhe Shyam");Aashiqui Aa Gayi(From "Radhe Shyam");67;260133;7I6mwEFQwpTu5ciVZWFpd4
mithoon;Shivaay;Darkhaast (feat. Arijit Singh, Sunidhi Chauhan);66;374205;1awtp7rf6ajhGY9BgzCHeZ
mithoon;Kitni Haseen Hogi (From "Hit - The First Case");Kitni Haseen Hogi (From "Hit - The First Case");64;330906;6h6kOAlIeWdsqNopumppU5
mithoon;Soch Liya (From "Radhe Shyam");Soch Liya (From "Radhe Shyam");64;283260;3gc2Rho0Tn8i4LBgf6f2O5
mithoon;Romantic Mashup 2;Romantic Mashup 2;64;325172;42WGQxg2lPIFBt8ZRHQ4Q4
mithoon;Sanam Re;Sanam Re;63;308714;0CVfovmUv7BnemOyTtOcbL
mithoon;Shivaay;Bolo Har Har Har (feat. Mohit Chauhan, Sukhwinder Singh, Badshah, Megha Sriram Dalton, Anugrah, Sandeep Shrivastava);61;294331;7rMqbvNImA6wy8lxlNUMmj
mithoon;Love Forever With Arijit Singh;Sanam Re (From "Sanam Re");61;308714;3XWBGyt7m2rZAjEj0awWnw
mithoon;Chal Ghar Chalen (From "Malang - Unleash The Madness") [Mithoon feat. Arijit Singh];Chal Ghar Chalen (From "Malang - Unleash The Madness") [Mithoon feat. Arijit Singh];60;340671;2U0BLmYoSESYOdwMxW2yA9
mithoon;Hamari Adhuri Kahani (Original Motion Picture Soundtrack);Humnava;58;328854;5lLRB1nnTy1p8nFaH1Vdyf
mithoon;The Train;Wo Ajnabee;58;302710;0ZNg3I2kga2XnqKp1Y9PeZ
mithoon;Radhe Shyam;Aashiqui Aa Gayi;57;260133;7Bnc9gWHdjZAmjSuTY42CJ
mithoon;Ji Huzoor (From "Shamshera");Ji Huzoor (From "Shamshera");57;249798;5qwl2ZdsMQVj3210r3yHRq
regina spektor;Far;Two Birds;73;195840;2n0U2OG5d6TuW5mKx7YrC0
regina spektor;The Call;The Call;61;187426;341863z079BT4EFPiSw9DP
regina spektor;Begin to Hope;Samson;56;189506;2JAUBPBVkimRLc5BGhAkfJ
original broadway cast of hamilton;Hamilton (Original Broadway Cast Recording);Yorktown (The World Turned Upside Down);64;242587;733tju3KUeatsbjcTRQ04i
original broadway cast of hamilton;Hamilton (Original Broadway Cast Recording);Stay Alive;63;159102;27MB0qHaYAZiTlwg25js1Y
original broadway cast of hamilton;Hamilton (Original Broadway Cast Recording);Who Lives, Who Dies, Who Tells Your Story;63;217229;7EsSVPxaYoAZjQwhspJBs2
karan aujla;Sheesha;Sheesha;72;160851;5uHy68Q7ZWe8Qq9k7EAprS
karan aujla;Way Ahead;Gangsta;72;190153;3Vmo13MxVRKBszmfK61ONH
karan aujla;Ykwim;Ykwim;67;194857;6qS40yL7kXVoChI8SSCQIQ
karan aujla;Way Ahead;Oouuu;67;147200;4hAmLeBT1Ryk2oxSMMiJ7z
karan aujla;Way Ahead;Game Over;64;154925;6dUGQzqCA18wKzVuiGttJF
karan aujla;Don't Look;Don't Look;64;186409;5f3PgI4zW2oErM3j3MWTWW
karan aujla;Way Ahead;They Know;63;144428;5aNAawi2jFEe0qGPJSogRp
karan aujla;Laut Aana;Laut Aana;62;217226;6BWssu3CWDgkZXHnSWiwSh
karan aujla;Bacthafu*up;It Ain't Legal;59;214405;3Fr1WmziIKmhU9s5fNKZrQ
karan aujla;Chitta Kurta;Chitta Kurta;59;217260;7mUuarQfB0E0Xs80Vzd2gw
karan aujla;Let 'em Play;Let 'em Play;59;195652;6S6HSSk9HzWe3pqvUJn6Vq
karan aujla;Adhiya;Adhiya;58;177397;5LEjxlKCcYH8irGpRtjbj0
karan aujla;Chithiyaan;Chithiyaan;57;198119;7HRvfjNicVkQnohrpOvjjL
five for fighting;America Town;Superman (It's Not Easy);70;221693;3TwtrR1yNLY1PMPsrGQpOp
five for fighting;The Battle for Everything;100 Years;66;244600;2lFlveK1y13WWp3vnQtrr3
five for fighting;Bookmarks;Heaven Knows;62;210612;0qJGlogD7AyMLAJfQ42aI2
five for fighting;Bookmarks;What If;55;207228;22KbVMZekQbkrHGrubQTpQ
potsu;i'm closing my eyes;i'm closing my eyes;69;118302;3NsuucK8qXpIJf7KPZX7vq
potsu;[oops];[oops];64;142182;7JgZbix8xDasAhbn3N7eIF
potsu;just friends;just friends;61;172800;5Mn3siu0XehRb9kTEPqotX
potsu;lovesick;lovesick;59;150966;3A2jJaOKYhmKEy9IyyEJF6
ninho;Jefe;Jefe;74;177705;6HTJgY7iWWlVLSDHsfHePf
ninho;Jefe;VVS;73;187027;5S12Ds2RswM2ITC0u1J01f
ninho;Destin;La vie qu'on mène;73;193443;0Jh6iWjna1wk5le0Ahn7No
ninho;Art de rue;Sur paname;33;145533;2UWM7TU0Qwe0gNBJIlrrUa
creepy nuts;堕天;堕天;70;172948;1ndUYRPchJVNQCM7XwN7Hq
creepy nuts;よふかしのうた;よふかしのうた;66;237913;0LQs5gRhqJKLOl8fFukRsQ
creepy nuts;アンサンブル・プレイ;ロスタイム;60;219506;1O4JEMG1V06Lmkw8JQMY52
creepy nuts;よふかしのうた;よふかしのうた;57;240000;1j6Agt1Sn2DjQ0NA33J3r2
nakash aziz;Ra Ra Rakkamma (From "Vikrant Rona");Ra Ra Rakkamma (From "Vikrant Rona");68;218418;0DLvpi8qTOTbS7Qet7AsCi
nakash aziz;Ra Ra Rakkamma (From "Vikrant Rona");Ra Ra Rakkamma (From "Vikrant Rona");67;218343;0stbF4C1ACmIvx0aW81ZXa
nakash aziz;Pushpa - The Rise;Eyy Bidda Idhi Naa Adda;61;236057;7e6J0HgooHYVi4SwdOB2OM
nakash aziz;Chal Mohan Ranga;Vaaram - First Look Somavaaram;57;235520;1RGbMd4J28QykKdQam9Ef6
atif aslam;Ajab Prem Ki Ghazab Kahani (Original Motion Picture Soundtrack);Tera Hone Laga Hoon;73;299827;0dLbrlAVPPjpPqnYfmJsWk
atif aslam;Ajab Prem Ki Ghazab Kahani (Original Motion Picture Soundtrack);Tu Jaane Na;72;341933;4iFPsNzNV7V9KJgcOX7TEO
atif aslam;Badlapur (Original Motion Picture Soundtrack);Jeena Jeena;72;228969;2GXXZFUxYg2LvG8SR0byOE
atif aslam;Laila Majnu;O'Meri Laila;72;281856;4qVStkAhz8A61r7bfLqPvM
atif aslam;O Saathi (From "Baaghi 2");O Saathi;71;251818;6fScgF2Y63ScU73nYju0ny
atif aslam;Pehli Dafa;Pehli Dafa;70;298771;4Tkb7zsDmsawB7S5TpKQV1
atif aslam;Race (Original Motion Picture Soundtrack);Pehli Nazar Mein;69;312892;17opN752ZQpNuoptelsNQ1
atif aslam;Phata Poster Nikhla Hero (Original Motion Picture Soundtrack);Main Rang Sharbaton Ka;68;263152;1yYM7dY6wSJFp5qmxPRLu1
atif aslam;Rustom (Original Motion Picture Soundtrack);Tere Sang Yaara;68;286380;4BOYIpYF7zTYtAkpjoD687
atif aslam;Zeher;Woh Lamhe Woh Baatein;66;320040;5fwRhPXAvGgzUxW62ZCvEg
atif aslam;Jab Koi Baat - Recreated;Jab Koi Baat - Recreated;66;192228;43GfQ1SC17rBWiHkOtdwK8
atif aslam;Tere Naal Love Ho Gaya (Original Motion Picture Soundtrack);Piya O Re Piya;66;292746;5a11x5PUFvJEadMRqtNtTr
atif aslam;Ramaiya Vastavaiya (Original Motion Picture Soundtrack);Jeene Laga Hoon;65;236933;3t3wsY5IdLVzB9WidegJSU
atif aslam;Prince (Original Motion Picture Soundtrack);Tere Liye;64;279826;0fCQRUbk8LIQTdQYGNtGyv
atif aslam;YRF Top 10 - Falling in Love;Dil Diyan Gallan;64;260536;0FBQ4NrrHUbR9kus7rzrOj
atif aslam;Darasal (From "Raabta");Darasal (From "Raabta");63;274354;3phw912iJRhtMfsdJ1k3Sr
atif aslam;Race 2 (Original Motion Picture Soundtrack);Be Intehaan;63;290867;6g0HHWLJwfe2PlbgHi8pBj
atif aslam;Genius (Original Motion Picture Soundtrack);Dil Meri Na Sune;62;236000;4ILc7H2NfGbzbrHBclNOtB
atif aslam;Ramaiya Vastavaiya (Original Motion Picture Soundtrack);Rang Jo Lagyo;61;296160;6q4GmJDbiZ7viOqLHP76cs
atif aslam;Tu Jaane Naa (Lofi Mix);Tu Jaane Naa (Lofi Mix);61;338875;0ThEdqK8ZBi4nKNs1fOpJD
atif aslam;A Flying Jatt;Toota Jo Kabhi Tara;61;305014;4x723mcckl6ToQHuXPhrIX
atif aslam;Kalyug;Aadat;60;333740;4yR2z3JafnCo86THA6ISZ4
atif aslam;Kismat Konnection (Original Motion Picture Soundtrack);Bakhuda Tumhi Ho;60;292493;0h73AwuEY2x44cBMOP58fO
atif aslam;Bol (Original Motion Picture Soundtrack);Hona Tha Pyar;60;221986;0KSOLEBixnBYIKNHF1VbzF
atif aslam;Tera Hua (From "Loveyatri");Tera Hua (From "Loveyatri");60;214002;3zqFsowz5iGbYIxZW5KlKw
atif aslam;Bajrangi Bhaijaan;Tu Chahiye;60;272680;3aaiAWCet6sbfOfLSn3g7i
atif aslam;Tajdar-E-Haram Coke Studio Season 8;Tajdar-E-Haram Coke Studio Season 8;59;616509;2TuNVD5u5iAslHp0moLlTn
atif aslam;Bas Ek Pal (Original Motion Picture Soundtrack);Tere Bin;58;275986;3DpedytYku64Hjf51064vO
atif aslam;Rafta Rafta;Rafta Rafta;58;203750;4SLWJ2ff0RHSJOSp2MPIHH
atif aslam;Be Intehaan (Lofi Mix);Be Intehaan (Lofi Mix);57;271846;5Ocj680ji44AtRXvjPbfIp
atif aslam;Main Rang Sharbaton Ka (Lofi Mix);Main Rang Sharbaton Ka (Lofi Mix);57;147000;11na2yXOmMbkUL8f5j6vxZ
atif aslam;Satyameva Jayate;Paniyon Sa;56;236239;7tl1En7BCSnD6Qb5OGlEIE
atif aslam;Tera Naam Doon (Lofi Mix);Tera Naam Doon (Lofi Mix);39;231428;3LOVW8lNXFD9ZAUDvLIOR5
sidhu moose wala;Moosetape;295;78;270000;5W7DOVGQLTigu09afW7QMT
sidhu moose wala;The Last Ride;The Last Ride;77;262247;7B4uYqxTpTOS1sgxFB9Ann
sidhu moose wala;Levels;Levels;76;228705;60YICjIPdL7LDBcCMK0tAk
sidhu moose wala;No Name;Never Fold (feat. Sunny Malton);74;183225;3JkVYvxNoGf2HCWJo61462
sidhu moose wala;So High;So High;72;218666;1W1dS4VnIrYnllQJ3CAcZy
sidhu moose wala;No Name;Everybody Hurts;72;173333;1w3exvIgbRFV2ijf6qyWm8
sidhu moose wala;No Name;0 to 100;71;108493;7cVe3mYMIfhOlz1NXFWv70
sidhu moose wala;No Name;Love Sick (feat. AR Paisley);70;232258;1skGwRjc7wYY70PJCAkKMr
sidhu moose wala;Moosetape;These Days (feat. Bohemia);70;209230;2zQE8TE5BQDJA11ggnope9
sidhu moose wala;SYL;SYL;69;249662;0JBnAsReYppHqCZJbqy5H8
sidhu moose wala;Outlaw;Outlaw;68;179375;7tZQznsUajYIVj4IwALXmz
sidhu moose wala;Moosetape;US (feat. Raja Kumari);67;230068;36cqlmc53NqlEUqPJdgUOx
sidhu moose wala;East Side Flow;East Side Flow;66;224211;0wGrTrI43CKmfzbFNNhftb
sidhu moose wala;Moosetape;Invincible (feat. Stefflon Don);66;244444;2NBYiYtI4v1ujkhHZBq3xw
sidhu moose wala;Moosetape;Celebrity Killer (feat. Tion Wayne);66;203333;19EZKr7Kf0XWCcspyWL8Rp
sidhu moose wala;Moosetape;Bitch I'm Back;66;230400;2mKvEIvd912eg3FZ8WamMS
sidhu moose wala;Moosetape;Signed to God;66;147741;3lRzVvMNG1QJcHlhLXM0lA
sidhu moose wala;No Name;Bloodlust (feat. Mr. Capone-E);65;159085;1O00WM9qGLUBA5gq2yw0WF
sidhu moose wala;Fuck Em All;Fuck Em All;64;234130;0Z2SFlnXH9yMN36djUeqyE
sidhu moose wala;Youngest In Charge;Youngest In Charge;64;198409;2V52mICuJnWB3C4lrJZd7v
sidhu moose wala;Moosetape;GOAT;64;214883;1kJL5ouqpWRitSej8fdTor
sidhu moose wala;Dollar (From "Dakuaan Da Munda");Dollar - From "Dakuaan Da Munda";64;157516;7rXDc2ImBGwcypUFbNqbFB
sidhu moose wala;Sohne Lagde;Sohne Lagde;64;209453;0ydyIEJ02X3kcZ6Bop6sHO
sidhu moose wala;Hathyar (From "Sikander 2");Hathyar - From "Sikander 2";63;276279;1iKqYeWSuNtpiv1L9IGAbB
sidhu moose wala;Pbx 1;Jaat Da Muqabala;63;204360;71Udwiv5GsZghU6XQ5LXQj
sidhu moose wala;Pbx 1;Dawood;63;197102;2erjvSbTPKGalbZZhPgcCL
sidhu moose wala;Moosetape;Built Different;63;247578;5tIr2cGQsj0oeqLk2tAU0L
sidhu moose wala;Moosetape;Brown Shortie (feat. Sonam Bajwa);63;208000;61gu4XQFyAfIUneEyW4EJu
sidhu moose wala;Moosetape;Burberry;63;203443;3mVpbUvLXvzPH2zL0p7Q2U
sidhu moose wala;Moosetape;Malwa Block;63;239294;4d3tiblcaqGdji7XvPGHiq
sidhu moose wala;Moosetape;Racks and Rounds (feat. Sikander Kahlon);63;225000;4RbRZYPR7Dwg8WRNn4UA8m
sidhu moose wala;Pbx 1;Death Route;62;217520;2Uik6DjW1n5CWbRNdZilV5
sidhu moose wala;Satisfy;Satisfy;62;280464;2SazZ5d4m9G5IWu5xdMjZf
sidhu moose wala;Legend;Legend;62;278622;0kzmBBR1Jjx5zBZKx9lsJr
sidhu moose wala;Jailaan (From "Moosa Jatt");Jailaan (From "Moosa Jatt");62;178604;1lIb7Ze8PHhWwdXDtPF00j
sidhu moose wala;Dhakka;Dhakka;62;246818;20tnxv4NAzTCayQQln3EZP
sidhu moose wala;Moosetape;G-Shit (feat. Blockboi Twitch);62;233571;5uuVGnkZEFHBz8unViC3iA
sidhu moose wala;Moosetape;Regret;62;311428;2TCrYxhFs1CTFupauXzbIm
sidhu moose wala;Moosetape;Aroma;61;256909;2J2da9welNmoeeBDLl9fUk
sidhu moose wala;Tibeyan Da Putt;Tibeyan Da Putt;61;308571;1sroeVHD561J3z28gphnlf
sidhu moose wala;Moosetape;Moosedrilla (feat. DIVINE);61;232173;67KTXqxMEyBMq3LApqCgNV
sidhu moose wala;Famous;Famous;60;249782;2QkUgk0UgTYBViwZKN0l3H
sidhu moose wala;Chosen;Chosen;60;264000;4LMQWQqpweFys6elnjBvR6
sidhu moose wala;Pbx 1;Selfmade;60;179513;5lNQ2M1yJ1HAQGHgUfLlY3
sidhu moose wala;Moosetape;B & W;60;245454;7JoI4RoMUdZXBgIs7ZkhHV
sidhu moose wala;Moosetape;Calaboose;60;245200;2wHTMZwkLbpM6LNkUBs2Xt
sidhu moose wala;Dark Love;Dark Love;60;232081;7nMFbXSPRgJDE01Tbfx7Qe
sidhu moose wala;Sin;Sin;60;187764;5vwpOLQh2PpIbuJSjHhFwZ
sidhu moose wala;B-Town (feat. Sunny Malton);B-Town (feat. Sunny Malton);60;182117;74Qks1cW4TkoZYUPUHTq46
sidhu moose wala;Pbx 1;Devil;59;245524;2gNC2UZGVSK0iW4Ymc56na
sidhu moose wala;Pbx 1;Trend;59;221818;6ElANRiS4S25oIn361o8Ye
sidhu moose wala;Unfuckwithable (Bonus Track from Moosetape);Unfuckwithable (Bonus Track from Moosetape);59;283636;4N0TO4VfONQDwynV2khBL1
sidhu moose wala;Snitches Get Stitches;Goat;59;80062;1gTD1rUFgz05rRyMvPPRtX
sidhu moose wala;Moosetape;Sidhu Son;59;217142;6cbW2scRULV7RnFT4u8gnA
sidhu moose wala;Pbx 1;Badfella;59;217531;58prIObJ1GMpyG51jnMjeS
sidhu moose wala;Issa Jatt;Issa Jatt;59;232000;2KJUr9U6a3balnh1W7hDwZ
sidhu moose wala;My Block;My Block;59;221539;4HEzmqZuqVk3qSwD6Dtk6K
sidhu moose wala;Scapegoat;Scapegoat;58;237176;7fm1Nbus8X19wI4oz6FFcb
sidhu moose wala;Its All About You;Its All About You;58;243157;0hAMknym1ZPciljhPuX8pl
sidhu moose wala;Forget About It (feat. Sunny Malton);Forget About It (feat. Sunny Malton);58;222312;56TXkBMhaHhmqNq1M30qlE
sidhu moose wala;Snitches Get Stitches;Aj Kal Ve;58;203720;0TYsZbl0ryJSUvyQeeLBRG
sidhu moose wala;8 Cylinder;8 Cylinder;57;188780;0cHjQQFedPu64QoHmJdUlu
sidhu moose wala;Moosetape;Me and My Girlfriend;57;203544;1cQQk3EyZsWrbIzRBz68P9
sidhu moose wala;Moosetape;Pind Hood Damn Good (RMG Intro);57;75000;1JxGjonVZMfWUxorsVLYQQ
sidhu moose wala;Jatti Jeone Morh Wargi;Jatti Jeone Morh Wargi;57;181333;3YikBQVdIZ8azTBglbehVu
sidhu moose wala;Moosetape;IDGAF (feat. Morrisson);56;176842;7F5O2pMgNNjONTbdqQx9b3
sidhu moose wala;Dear Mama;Dear Mama;56;186315;4wWugVbhblSjTsW1fjwf3u
augustana;All The Stars and Boulevards;Boston;63;245933;2WZyfujzMweFLnozyUJBkW
claris;ALIVE;ALIVE;63;217693;5cBmwNnKGLPRCQWzFS0r0Y
maretu;SIU;SIU;65;278808;22tot0Y6uKuWdAZnEQyB6g
maretu;Coin locker Baby;Mind brand;61;259230;2KvhjbZPPtNXTB6wib1rXB
muddy waters;King Of The Electric Blues;Mannish Boy;63;321133;58PSYdY0GFg0LFb2PxYk4T
vieux farka touré;Ali;Diarabi;63;301242;36huM0UOR9A17TYAape2Xg
leona lewis;Spirit;Bleeding Love;75;262466;7wZUrN8oemZfsEd1CGkbXE
leona lewis;Spirit;Better in Time;67;234173;2iXBZ32Fz5VDCLeE0JIdX5
leona lewis;Spirit;Bleeding Love;65;262693;6LtPIXlIzPOTF8vTecYjRe
leona lewis;Spirit;Run;62;314720;4hrAKlxfblnG7llBEEX7TR
leona lewis;Spirit;A Moment Like This;57;257293;5i9UKSttY3V7x9OnYZsMBX
leona lewis;AVATAR Music From The Motion Picture Music Composed and Conducted by James Horner;I See You (Theme from Avatar);52;260693;02TVrXmI9EBYpuSdmTr4gn
astn;Happier Than Ever;Happier Than Ever;76;109325;7es56D0QedGMsK39wl2yFX
astn;Butterflies;Butterflies;61;175225;6mCljAhAwsKTCsdaA0tIYF
astn;Gradually;Gradually;58;155960;2zQ0BWsBnGckZt5PwW2Rrj
astn;LA DON’T LOOK GOOD ON U;LA DON’T LOOK GOOD ON U;57;156340;391ld8zBXxJRJlspCe6kUR
b/t;Blossom;Blossom;63;161685;0zHm0VIyI9N86mfNXKcoIw
lexi jonga;I Don't Want;I Don't Want;63;105293;5Ge0VqIV199LhntVwdiAHa
alex1;Late Night Trips;Late Night Trips;63;97436;0hVvkB1j1SC9FQHShpQoYU
bag raiders;Bag Raiders (Deluxe);Shooting Stars;67;235813;0UeYCHOETPfai02uskjJ3x
bag raiders;Shooting Stars;Shooting Stars;59;227026;7tOcPDj3vyopZ404pY6UuP
the weather girls;The Best of Disco;It's Raining Men;64;211013;5g6nzsOxwxdoj6sqAl0NXB
the weather girls;Success;It's Raining Men;62;325426;2IvetNzSZMH5gwjInoyr18
lee cabrera;Gimme Gimme;Gimme Gimme - Club Mix;63;210476;5ptaFgbEZmXi2ONGq2LwOK
imagination;In the Heat of the Night;Just an Illusion;63;387866;4QT3YKobBj4BI7xCYRLr9u
dan hartman;Streets Of Fire;I Can Dream About You;63;249560;37nxLdGbmgEYQYrqe14xOp
darius;Romance;Hot Hands;63;253090;5yfHDmZHjMw2gLjbghG90V
baccara;The Collection & Tracklisting;Yes Sir, I Can Boogie;63;273866;2LScqpywMqGcnum6nNaxXX
ryllz;Nemesis;Nemesis;63;160529;3S9b5ink1kHrrKql3FdDI2
sara skinner;Dreams pt. II;Dreams pt. II;63;215196;7kaux342y0B446JgJgojAi
sabai;Million Days;Million Days;63;208551;0DzPnTBSmVRKBQAmH3EomR
loote;lost;tomorrow tonight;65;202600;4vsAUbPb6q9FpC4AGBFdVh
loote;lost;85%;63;174106;5teOR8KU4XNWY2WlVUDiIR
loote;Your Side Of The Bed (Remixes);Your Side Of The Bed (feat. Eric Nam);61;196160;3dz63QjQVZy7RYPzx6l3JU
axel thesleff;Bad Karma;Bad Karma;63;416000;5ZVujHtwnsqFJvLnqRSdch
what so not;High You Are (Remixes);High You Are (Branchez Remix);63;213340;4YIoQqE50AdyG4BQafCi3u
mackned;God Mom;North Star;63;123200;42rF3FLOvTSXRpVowkwTGY
slaughter beach, dog;Birdie;Acolyte;63;316468;2h0O3uXZW6ClktlgHWGpjy
the strumbellas;Hope;Spirits;63;203653;1VyiUi0mRnSKgtHa5dBoUd
leonard cohen;Various Positions;Hallelujah;64;277160;7yzbimr8WVyAtBX3Eg6UL9
leonard cohen;You Want It Darker;You Want It Darker;62;284373;5zb7npjQqoJ7Kcpq4yD9qn
jome;Tunnels;Cinnamon;63;204000;7pJ8EpupQvfomVNPtfneql
axel flóvent;Forest Fires;Forest Fires;63;210924;6Vejmu5dz6MMOnn2pIko9q
wave.;Memories (Jyrymy Remix);Memories - Jyrymy Remix;63;204787;59orINRme5lLjeK2oREPuV
broken back;Away From Home;Away From Home;63;149072;44EgTZXLY0a2NcKaZdnkyL
broken back;Shine;Shine;63;171870;5LI5DHVYrtMKJQaedaUhTS
joe dassin;Les Champs-Èlysées;Les Champs-Elysées;63;157626;4VWbPQUPvLes814r6T11Jz
moriarty;Gee Whiz But This Is a Lonesome Town;Jimmy;63;264826;6Zw0NBdfr1VlVJjDRFwUe1
mc kaique da vp;Taca a Xereca pra Mim;Taca a Xereca pra Mim;63;260832;2GqCEJpzmD81AJ2H0Hyz5T
marcus layton;Smalltown Boy;Smalltown Boy;63;144240;3QuJ4TqND9JE7cqAkIrgYr
collective soul;Hints, Allegations & Things Left Unsaid;Shine;70;306040;77YKoNCjP5hWqiXMRG2839
collective soul;Collective Soul;The World I Know;64;255466;1HSVpIU0XU1WuwiBLBWAZd
collective soul;Collective Soul;December;64;285000;7GNLvWRG9itrCk0zarYKmQ
collective soul;Dosage;Heavy;64;174912;0VbOBom0Ya2zrlSpv7II1C
collective soul;Dosage;Run;53;273466;3HxX5qcaz2phmsJVPskugD
the verve pipe;Villains;The Freshmen;63;269466;21jEuMn2lf37715rwjow2M
iron maiden;Piece of Mind (2015 Remaster);The Trooper - 2015 Remaster;75;252733;4OROzZUy6gOWN4UGQVaZMF
iron maiden;Fear of the Dark (2015 Remaster);Fear of the Dark - 2015 Remaster;72;438120;6p8eFfPw3nQkf37aT3AkmK
iron maiden;The Number of the Beast (2015 Remaster);Run to the Hills - 2015 Remaster;72;233506;4Zc7TCHzuNwL0AFBlyLdyr
iron maiden;The Number of the Beast (2015 Remaster);The Number of the Beast - 2015 Remaster;69;290586;3nlGByvetDcS1uomAoiBmy
iron maiden;The Number of the Beast (2015 Remaster);Hallowed Be Thy Name - 2015 Remaster;68;431093;469rBLYJUZHMJLtq2Wch3h
iron maiden;Somewhere in Time (2015 Remaster);Wasted Years - 2015 Remaster;67;309640;1HM7Vp84E4SMzdrZONg6bH
iron maiden;Powerslave (2015 Remaster);2 Minutes to Midnight - 2015 Remaster;66;363586;2SrVGpjv0mqCR6j9EZPSm2
iron maiden;Fear of the Dark (2015 Remaster);Wasting Love - 2015 Remaster;65;351026;2KKLuHN6zDxVnWtFKO8vo4
iron maiden;Powerslave (2015 Remaster);Aces High - 2015 Remaster;65;271906;3wFGRek61NIF330UwJCI52
iron maiden;Senjutsu;The Writing On The Wall;61;373898;20sXcaJkWP0DdzA58Colw3
iron maiden;Piece of Mind (2015 Remaster);Flight of Icarus - 2015 Remaster;61;230760;3vhKrSxe3fRuS5Ogis76VO
iron maiden;Brave New World (2015 Remaster);The Wicker Man - 2015 Remaster;59;275253;1diuZVsxD74xvtUSABRUoF
iron maiden;Brave New World (2015 Remaster);Blood Brothers - 2015 Remaster;57;434293;4q9YY8eorYGjpjk3Zko7l9
iron maiden;Dance of Death (2015 Remaster);Dance of Death - 2015 Remaster;55;516426;4YsgFGkP1KeSFDWfZqVioX
iron maiden;Senjutsu;Days Of Future Past;55;243754;2L42uB1e5wuanTTPEWVe64
iron maiden;From Fear to Eternity: The Best of 1990 - 2010;Dance Of Death;41;517173;5PkfL56EWMQlFrIakXjrsV
queensrÿche;Empire - 20th Anniversary Edition;Silent Lucidity - Remastered 2003;63;347760;6OSyCAmXT4Gkd3OQ2aPOaF
dynazty;The Dark Delight;Heartless Madness;63;239866;4QaxyJsbo5AR3bnEB7ko8h
raekwon;This Is East Coast Hip Hop;Still Strugglin';63;137253;2GjdI973iM4W4Pl7Tckcke
sachin-jigar;Shor in the City (Original Motion Picture Soundtrack);Saibo;73;195253;6udC4b4jOSnHb9ItnXgKLR
sachin-jigar;Nadiyon Paar (Let the Music Play Again) [From "Roohi"];Nadiyon Paar (Let the Music Play Again) (From "Roohi");69;164045;2PEo8JQ48mfEv8a2HLqDvt
sachin-jigar;Shuddh Desi Romance;Gulabi;62;230661;22kRCQPyNXWZSQEcDvCmGD
sachin-jigar;Meri Pyaari Bindu;Maana Ke Hum Yaar Nahin;62;264614;1O3WfEwaSpsgZ6tw8jNT8I
sachin-jigar;Odhani (From "Made in China");Odhani (From "Made in China");60;195397;2q0V50aNlI1RQXJyE5HDgD
sachin-jigar;Meri Pyaari Bindu;Haareya;58;214735;1VvGJIAjhGdB7InVP9NA7V
sachin-jigar;YRF Top 10 - Midnight Hour;Haareya (From "Meri Pyaari Bindu ");57;214735;678JJ0TF3KFkzw6bIFKcew
mika singh;Ishqam;Ishqam;70;194418;7FcQRdlqMvAKmQH1SXCk1s
mika singh;Ginny Weds Sunny (Original Motion Picture Soundtrack);Sawan Mein Lag Gayi Aag;61;226615;6oloWgrErtc8dG2WiV55gn
mika singh;Khiladi 786;Long Drive;58;268442;0sSapNABKrGwgaMhn0p8uL
jaura phagwara;Sarkar;Sarkar;66;210116;60suOlM8VpTVITPFeqth8r
jaura phagwara;Black Matte;Black Matte;60;214520;3HHOY3hOZRJf1ORqNSDS8B
brodha v;Aathma Raama;Aathma Raama;63;234863;6qJrmD6CXKWkWcsYwu9AV3
rav aulakh;Lethal;Lethal;63;151128;1t25hKpVYInuzw2opW97yJ
ranveer singh;Gully Boy;Apna Time Aayega;63;140463;5uaIbU3oHHcSOK6WFNK5nj
sunanda sharma;Mummy Nu Pasand (From "Jai Mummy Di");Mummy Nu Pasand (From "Jai Mummy Di");63;184609;74qF0JeFMVilMEeFDiQZ48
yashraj;Dhundhala;Dhundhala;63;182400;6PSGzXHJaQogb2G8m8gGZZ
oliver heldens;I Was Made For Lovin' You (feat. Nile Rodgers & House Gospel Choir);I Was Made For Lovin' You (feat. Nile Rodgers & House Gospel Choir);74;157205;2LxdNADWier3MKTei8FbOY
oliver heldens;Gecko (Overdrive) [Radio Edit];Gecko (Overdrive) - Radio Edit;68;165440;483XiZ5o13Cc1zoWV7jGml
oliver heldens;LOW;LOW;62;203288;4Ko0kuCmsJW0HMKkQM7Xw8
oliver heldens;We Don’t Need;We Don’t Need;62;188644;5URyPutSQvq9tTbBYybv5n
oliver heldens;Deja Vu;Deja Vu;59;198703;5w7sO0tWXMmctwKnJZu24v
oliver heldens;Details (feat. Boy Matthews);Details (feat. Boy Matthews);53;156912;5fYN8kPYyAWWJUBX57vmXb
sunwoojunga;Extraordinary Attorney Woo (Original Television Soundtrack) Pt. 2;Beyond My Dreams;63;185508;5NVkktUlAylhk7f0t63eth
kailee morgue;Siren;Siren;63;200266;4xb8JHIN56xixSl6vkSPjm
starla edney;Queen of Hearts;Queen of Hearts;63;191386;2e8zEzmedii6VKaV2852rl
martin landström;Maze of Tranquility;Maze of Tranquility;63;262707;06henIQqvVk2vAKj1yQtTp
monsta x;ALL ABOUT LUV;GOT MY NUMBER;63;171273;2QI91Tq1F2Tl0slIaSegs1
mino;Show Me the Money 4 Episode 6;Okay Dokey;63;248202;1R6qeTvAvaxB7hydIYVIY8
alexa;Wonderland (From “American Song Contest”);Wonderland (From “American Song Contest”);63;164723;12gIiC7uS9fvSVTvu66YDO
831;想見你想見你想見你(電視劇"想見你"片尾曲);想見你想見你想見你(電視劇"想見你"片尾曲);63;239794;69zgyr5HVKdInjeKpq1qHa
wig wam;Non Stop Rock'n Roll;Do Ya Wanna Taste It;63;176973;5XW4BwCrfYpci5zMbJxs4N
apocalyptica;7th Symphony;Not Strong Enough;63;216520;1mCNkrKh9NEgxJWUqHnEgo
ploxxio;Praxedis;Aufgang der Sonne;63;172813;4iCLo3ZjF6V1RW4Wz18KMz
tippu;Minnalae;Venmathiye;63;326960;1JVfJe7LQSePY6EyF1fBUX
kamaal khan;Pyaar Kiya To Darna Kya;O O Jaane Jaana;63;345240;7fl15uWBpbKrzrmEm48ZyP
karan randhawa;Phulkari;Phulkari;63;196133;1f660M0jwz7F4qlDjTSLmO
hansraj raghuwanshi;Laagi Lagan Shankara (Hindi);Laagi Lagan Shankara;63;236428;4nrqr2KVU3eoaL9743jwoB
krishh;Unnale Unnale;June Ponal;63;361533;6S6DFMfhwIZYHUffVzuWOI
ali azmat;Jism 2;Yeh Jism;63;230640;4sRcdrQrFilYpMIybCwgKU
mankirt aulakh;Judge;Judge;63;181394;6Ffl1BBRfr8I2ASR6iiRTe
ivan gough;In My Mind;In My Mind - Axwell Radio Edit;63;185624;2ud5ukcAgwOki5PyE53mPl
makj;Party Till We Die (feat. Andrew W.K.);Party Till We Die (feat. Andrew W.K.);63;158554;5AEs83CYoPApEjYEJGbTuJ
benny the butcher;Johnny P's Caddy;Johnny P's Caddy;63;225000;6AshXllQhobwSXsdpgp41w
dybbukk;I'm Only a Fool for You;I'm Only a Fool for You;70;61175;2egLcqqD1fz44PKq28fsKQ
dybbukk;It's Not So Bad;It's Not So Bad;69;140617;4E4DQVf8GNBvvOaLfvIcvZ
dybbukk;Enim er'u;Enim er'u;63;138657;1RCoXOLhKNpOdZA2Ay55ah
dybbukk;Badass;Badass;50;126336;2y73PKtgnWfkGyrqFDy5HN
frailty!;Hope;Hope;63;152595;5uOcEdo6l3TJNenLy6wd1n
zoid land;midnight sun (ramzoid x hal walker);midnight sun (ramzoid x hal walker);63;58053;7xcTzEFNkkfO5a60T93tdk
jbrisko;Slo Mo;Slo Mo;63;150822;53nBKGLDctuCMcKmYK2aL8
kuzu mellow;Sunflower Feelings;Sunflower Feelings;63;88644;3nuFetWG4SIUiQ5a7ZIpqi
austyn johnson;The Greatest Showman (Original Motion Picture Soundtrack);A Million Dreams (Reprise);63;60453;66y7x28jXOPrcmu3D5Zjh6
okieriete onaodowan;Hamilton (Original Broadway Cast Recording);The Story of Tonight - Reprise;63;115879;1CzeuSrm71wHP9qsjg7p3F
mike faist;Dear Evan Hansen (Original Broadway Cast Recording);Sincerely, Me;63;222960;4nna9JONFIwr98bcX6tlta
laufey;Everything I Know About Love;Valentine;63;168906;6cx5CvFhqN19efStehJqoW
luz;the author;the author;63;217213;0uqFo6F9DppKZtwm3zhG3s
wolves club;On the Davenport;Tirana Wolves;63;206426;6RsZg0rFSlLWqy5AKiny95
calming eyes;Graceful;For Your Relief;65;141510;2bBNdeBMLLOrpzewcEQIPl
calming eyes;Affection;Affection;63;202353;3B4B5r2IFmxVxE0fl7wQ6a
calming eyes;Devotion;I Care;61;180596;74HRY0gBSrL5XN7yj1jM9T
sanja göransson;Under Samma Himmel;Under Samma Himmel;66;171000;620GB7wI2P5ltdAy4hJVHZ
sanja göransson;Sömn;Sömn;60;168000;0RVsJTnSwdLQ6F8ruukszk
najma wallin;Nära;Nära;65;197500;0FTc7d89oQ0HpTYLjpPd3p
najma wallin;Med slutna ögon;Med slutna ögon;61;133500;6RuFOroO9VO0aMGEzirLHk
nite sky;sierra star;sierra star;63;201600;2dGmw1z9W32GGeofbAdNY1
spacetactular;Reappearance;Reappearance;63;122636;381txcpzL73JjcdV2690sm
serene & pax;Pause;Pause;63;163200;2IrOsuqSttz8KBastkZCzy
moomu;Aguatic;Cloudology;63;187970;6NGbBlz6b95e6zDDSDvf8J
eric ardouin;éternité;éternité;63;199488;1UH0Sxy2Ahx7T8XQ6csGku
will carano;Nostalgia;Nostalgia;63;161860;3SPPdz0CTI2RSZ8HROkHy8
petros idris;Simien;Simien;63;210624;3tf0epgGh6Zbh2skKajYjw
fkj;French Kiwi Juice;Vibin' Out;65;311837;6SEolIp22t0DzeBfCBo3hr
fkj;Ylang Ylang EP;Ylang Ylang;61;213000;2CuUB5MbfRShtunR8g5hjR
88glam;88GLAM2;Lil Boat;63;180813;3Zcv9IeYgCvEhxFTfsduaQ
baynk;Water;Water;64;175193;0bHLNUoBzK83c61N9W4ohF
baynk;Someone's EP II;go with u;63;231192;4PdLup4OaCGktZG8cvbkBz
baynk;ADOLESCENCE;Esther;62;192138;7JIFyFT89CwNK7EmhG2eqn
pol granch;solo x ti;solo x ti;68;198758;5DhPx1cy248eVvTBoTVrrB
pol granch;Platicamos;Platicamos;62;176721;5E2iOjnZGDVjfGZygtISw9
pol granch;Nena;Nena;59;195797;3HyPmMTJCrV6DlTYQVqIGN
rozalén;Vivir (with Estopa);Vivir (with Estopa);63;172000;0n2lJjskWdFCvLI3ExAGha
los ronaldos;4 Canciones;No Puedo Vivir Sin Ti;63;254840;1EC0JRoSi9YL5zExd3Euc3
loreen;Heal;Euphoria;63;214133;2knr7ikPt4l7bk92qS4ZXW
dead or alive;Evolution: The Hits;You Spin Me Round (Like a Record);76;195146;1ChulFMnwxoD74Me8eX2TU
dead or alive;Rip It Up;You Spin Me Round (Like a Record) - Rip It Up Version;50;267093;0xPJ7pJgqtGGEuQ4t9SU84
gary numan;The Pleasure Principle;Cars;63;238906;4QQEzkxcONBthDLfzqIh9S
jun togawa;好き好き大好き;好き好き大好き - 2016 Remaster;63;214413;6x1TTTokRumrQK4qqZONtG
the white stripes;Elephant;Seven Nation Army;84;232106;3dPQuX8Gs42Y7b454ybpMR
the white stripes;White Blood Cells;Fell In Love With a Girl;72;110093;21Qsj3cMVCx2xF2EVVNbEu
the white stripes;White Blood Cells;We're Going to Be Friends;67;140178;13lZDbwonGhOflQLQIfdtZ
the white stripes;Icky Thump;Icky Thump;67;254533;2LMq1O0NiqGhPOlXo3McYQ
the white stripes;Get Behind Me Satan;Blue Orchid;66;157560;4jU7NPkz4HVnM4hweqNhI1
the white stripes;Seven Nation Army (The Glitch Mob Remix);Seven Nation Army - The Glitch Mob Remix;65;257021;4IiuExPFijOGZnVxGsKWcc
the white stripes;Elephant;The Hardest Button to Button;63;212888;3RdQfyk7BBxxIx0zSnCBIw
the white stripes;Elephant;Ball and Biscuit;58;438551;0O2SYh5AZ0y8MAPOVC4Mxz
the white stripes;De Stijl;Apple Blossom;54;133293;5Z10YWrfpP2UAUwmmHIR8y
the white stripes;The White Stripes;St. James Infirmary Blues;50;144266;0ujFmyKkSXQnlVMBz4plMM
the white stripes;White Blood Cells;Little Room;46;50373;1ltf1XEP18QMCMRRQtFbAl
sufjan stevens;Carrie & Lowell;Fourth of July;81;279316;5Qnrgqy1pAm9GyNQOgyVFz
sufjan stevens;Mystery of Love;Mystery of Love;71;248960;5GbVzc6Ex5LYlLJqzRQhuy
sufjan stevens;Call Me By Your Name (Original Motion Picture Soundtrack);Mystery of Love;68;248964;4HbeGjbt7u3pvwDk1vN7P0
sufjan stevens;Carrie & Lowell;Should Have Known Better;65;307697;3AyuigFWbuirWHvidbMz8O
sufjan stevens;Carrie & Lowell;Death with Dignity;65;239508;73uJybGAhwGRD9MZYrOmTY
sufjan stevens;Carrie & Lowell;The Only Thing;64;284130;17UVxL0MYEmKzXppfUL5in
sufjan stevens;Call Me By Your Name (Original Motion Picture Soundtrack);Futile Devices (Doveman Remix);63;135443;5vTSnZTmS1gMiWuA9kDE19
sufjan stevens;Seven Swans;To Be Alone With You;61;168040;12homE4JpBey5cckgoepR7
sufjan stevens;Suite from Run Rabbit Run: I. Year of the Ox (Live from City Recital Hall, Sydney, 2019);Suite from Run Rabbit Run: I. Year of the Ox - Arr. Michael Atkinson. Live from City Recital Hall, Sydney, 2019;28;178480;4XnpqBC08oAeRor8r7hfWK
badshah;Jugnu;Jugnu;74;230400;2NTVtNcpC0i1R7LVGaCZCF
badshah;Namaste England (Original Motion Picture Soundtrack);Proper Patola;68;178604;39ujbBjTwwqUFySaCYDMMT
badshah;Voodoo (with J Balvin & Tainy);Voodoo (with J Balvin & Tainy);68;198130;4OUAXw3SXI7bUiNtKC7ErW
badshah;Garmi (From "Street Dancer 3D");Garmi (From "Street Dancer 3D") (feat. Varun Dhawan);67;182738;6q9XTgfWilsnyiFofvYrIF
badshah;Paani Paani;Paani Paani;66;174002;47Rqh5ZSamtIOFi7G6VgFJ
badshah;ONE (Original Never Ends);She Move It Like;65;181764;39vrbjCMTRXEdiIr2IsBgd
badshah;Sajna, Say Yes To The Dress;Sajna, Say Yes To The Dress;65;158055;3YV4Go0hpYXjGTGLJXjfda
badshah;ONE (Original Never Ends);Mercy;63;162404;04VUjNx30IrigVZU3CQmrQ
badshah;Genda Phool (feat. Payal Dev);Genda Phool (feat. Payal Dev);62;170769;0gzu5mm36VJH2Zqu8sQPTf
badshah;Bad Boy (From "Saaho");Bad Boy (From "Saaho");61;178496;5I3Xih0C2ID3fqngBrBbGv
badshah;Tere Naal Nachna (From "Nawabzaade");Tere Naal Nachna (From "Nawabzaade");60;166614;5DIt4eq2D6CZjX1s5jwrnP
badshah;Paagal;Paagal;60;169906;4gyPGtExOjj1rsByKW33LR
badshah;The Badshah of Party Hits;Kar Gayi Chull;60;187710;3fPgIknlkDWXs1l2noKZbp
badshah;Bad Boy X Bad Girl (feat. Nikhita Gandhi);Bad Boy X Bad Girl (feat. Nikhita Gandhi);59;199402;6LvHrLiW1z8PS7MIAiufKg
badshah;Chandigarh Mein (From "Good Newwz");Chandigarh Mein;59;205200;3Eb4VbsbXMpS5Mk9HWTDia
badshah;Tabahi;Tabahi;58;168500;3BApUOeS8cihFTyoMKQTVk
badshah;Kapoor & Sons (Since 1921) (Original Motion Picture Soundtrack);Kar Gayi Chull;58;187710;3BhjbaGeI7E0CiIjctfdD3
badshah;Retropanda - Part 1;Chamkeela Chehra;58;179076;7Kj2LjwzJFygTn24TFulwK
cigarettes after sex;Cigarettes After Sex;Apocalypse;84;290616;0yc6Gst2xkRu0eMLeRMGCX
cigarettes after sex;Cigarettes After Sex;K.;78;320030;1FWsomP9StpCcXNWmJk8Cl
cigarettes after sex;Cigarettes After Sex;Sunsetz;78;215150;0SpkyS1Q4MD8GaVcP5YjT4
cigarettes after sex;Cry;Cry;76;256799;3p4hRhMcb6ch8OLtATMaLw
cigarettes after sex;Cigarettes After Sex;Sweet;75;292110;6ilc4vQcwMPlvAHFfsTGng
cigarettes after sex;EP I.;Nothing's Gonna Hurt You Baby;72;286293;7cs7MLtAWvsdf3w5kBvfK2
cigarettes after sex;Cry;Heavenly;71;286773;70YTBH8vOGJNMhy6186yFm
cigarettes after sex;Cry;Falling In Love;68;245840;0O0bttAxJKKWqAqY2Nq4mC
cigarettes after sex;You're All I Want;You're All I Want;68;264453;4nvLuqwTOZdEJI1fcHXv8h
cigarettes after sex;Affection;Affection;67;311000;1lusH0zFDRV1ThaFYsUgfi
cigarettes after sex;Crush;Crush;65;266666;4WfV1CNg91SBp8oG0VY0VB
cigarettes after sex;Cry;Touch;65;292853;1l4pW7Tklvcc3k38rDFMkk
cigarettes after sex;Affection;Keep on Loving You;65;233010;5VYBergVrUDcb8QyEg70cF
cigarettes after sex;Cigarettes After Sex;Each Time You Fall in Love;65;290630;2hIsd0F6ZGfHCC1xa7vSad
cigarettes after sex;Cigarettes After Sex;John Wayne;65;258483;6TWcSqCntZhH5vyc35kkob
cigarettes after sex;Cry;Don't Let Me Go;64;262560;4b3khTm3ufGRTyZwuYdasn
cigarettes after sex;Cry;Kiss It Off Me;63;269933;2UKvxuMTM7JwprZrnpxgY1
cigarettes after sex;EP I.;Dreaming of You;63;322218;5DZNSYxhFA1WA9WEJg9TNY
cigarettes after sex;Neon Moon;Neon Moon;63;225767;7nbAMKGkPMjc4EuNNsjXqZ
cigarettes after sex;EP I.;Starry Eyes;62;206000;3YL4zMqcyFu0OfLI1sZ66Z
cigarettes after sex;Crush;Sesame Syrup;62;303296;53k1gKFpKrDbktUzrB80f0
cigarettes after sex;EP I.;I'm a Firefighter;61;271018;73ptBTOgUcD3Wyrq0B9eAW
cigarettes after sex;Cigarettes After Sex;Flash;60;274576;6VJYENs5BugMc1dCVepivD
cigarettes after sex;Cigarettes After Sex;Opera House;60;365150;6XdoudbyF67XLcwarEPy0L
cigarettes after sex;Cigarettes After Sex;Young & Dumb;59;273896;514vvD0m17sJuYzoOqcE2Q
cigarettes after sex;Cigarettes After Sex;Truly;59;244110;2yyQmFCUPenLlfpfUxBnAd
cigarettes after sex;Cry;You're the Only Good Thing In My Life;59;275186;37xXDxPzfk5lnU8aNSRXfw
cigarettes after sex;Cry;Hentai;57;285146;4SjEdGI6Otmo5DRxAXKS9o
cigarettes after sex;Cry;Pure;55;254626;0byw9oyQKnZ1fUWHfLQ9Wq
cigarettes after sex;Sweet;Sweet;51;252576;0ZWQmP2oi3rHYvJZngIJLU
cigarettes after sex;Apocalypse;Apocalypse;50;290146;1WTlony1MLK4u5OaG8uTLg
cigarettes after sex;Heavenly;Heavenly;49;288594;5oxWFclzZaZZWlo0BZWz6j
cigarettes after sex;K.;K.;48;319560;3Mlhgm39yBpuCwyZB8d8Md
cigarettes after sex;Falling In Love;Falling In Love;47;245840;3VbWnPbVYxJ4rmwFGJw0D2
cigarettes after sex;Each Time You Fall in Love;Each Time You Fall in Love;45;290160;2G0HnuRXjzOZVX07JIi3eU
mohit chauhan;Anjaana Anjaani;Tujhe Bhula Diya;67;279429;4r8JqkhpTb5tzSKKHnVJIJ
mohit chauhan;Rockstar;Phir Se Ud Chala;66;268833;1kcV2LJxt5v0s2cEGtEJ5i
mohit chauhan;Love Aaj Kal (Original Motion Picture Soundtrack);Dooriyan;65;337360;5F79ZdjOwGOhUKRHx94sr1
mohit chauhan;Rockstar;Tum Ho;64;316500;7uNnlVit5qDvfOje0pqICF
mohit chauhan;Rang Lageya;Rang Lageya;63;227962;7mSzDKajY2wUtstQSLdzMK
mohit chauhan;Tamasha;Matargashti;62;328052;5GeBgck1MU2tlIkMpsn8uT
mohit chauhan;Delhi-6;Masakali;62;288647;5iyNH1Dmxif1k4Nl1gMeuh
mohit chauhan;Heropanti;Rabba;60;293209;5jOHD4c6UayVZn9Xm7IvyO
mohit chauhan;Rockstar;Saadda Haq;56;362662;7k3jpyYPnVnbO0p7iejWxL
luke chiang;Shouldn't Be;Shouldn't Be;71;210480;7F6PtLP6fJPVtA1FWVkl8K
luke chiang;May I Ask;May I Ask;61;230592;3BajoSb3TjPbcOC873OjbD
luke chiang;Paragraphs;Paragraphs;60;233544;2p9Ac0KQAUfOIXXWAxlzmM
luke chiang;Used to Me;Used to Me;59;179544;5NF5TV9zGZ9QLKLf7Oq05T
unknown mortal orchestra;II;So Good At Being in Trouble;67;230146;2lwi35A2ym3FAmSlvOGnQp
unknown mortal orchestra;Sex & Food;Hunnybee;65;268333;6AAYNz8jXvVlgG9IpYi42Z
unknown mortal orchestra;Multi-Love;Multi-Love;60;250800;1XKAeevAbxSSMuTcRT0APS
unknown mortal orchestra;II;Swim and Sleep (Like a Shark);59;165226;1UcgqK04vVmW8aXV2OxGiZ
neha kakkar;Taaron Ke Shehar;Taaron Ke Shehar;67;230082;1r6sFC5J0p9r3jcfIoSGDM
neha kakkar;O Saki Saki (From "Batla House");O Saki Saki (From "Batla House");67;191089;4cFwhwH5ydnHgB0Tv3lZsm
neha kakkar;Dilbar (From "Satyameva Jayate");Dilbar (From "Satyameva Jayate");66;184432;4tjLYTXFqZhkUDga4bQ0yl
neha kakkar;Gali Gali (From "Kgf Chapter 1");Gali Gali (From "Kgf Chapter 1");66;174711;5x72Q1SyiDHJ4IF2mRzfkg
neha kakkar;Yaad Piya Ki Aane Lagi;Yaad Piya Ki Aane Lagi;65;256678;0TkquWzzuxcrwbCWlTrKYF
neha kakkar;Baarish Mein Tum;Baarish Mein Tum;65;227091;4xA7TokHI9HTapV4wO3W5I
neha kakkar;O Sajna;O Sajna;64;245131;1SVE8yjAt2m9JWjeOaGG4Q
neha kakkar;La La La;La La La;60;192000;7oDykOViQGiV9M3enF7u4Y
neha kakkar;Ek Toh Kum Zindagani (From "Marjaavaan");Ek Toh Kum Zindagani (From "Marjaavaan");60;190345;6oDHAjaJJjwwgoAuMIeY9K
neha kakkar;Satyameva Jayate;Dilbar;58;184432;0Ms1V2flsPzr2bVqImelCB
neha kakkar;Laal Ghaghra (From "Good Newwz");Laal Ghaghra;58;268888;3fpVYSLnxkadjYwQPTyo4H
neha kakkar;Do Gallan;Do Gallan;57;251224;69zSOewOfa2IvIRMveL1Cc
the fray;How To Save A Life;How to Save a Life;80;262533;5fVZC9GiM4e8vu99W0Xf6J
the fray;The Fray;You Found Me;74;241853;4IoYz8XqqdowINzfRrFnhi
the fray;How To Save A Life;Look After You;71;266773;5l6hpyTGBK0LAAxgPnqTQL
the fray;How To Save A Life;Over My Head (Cable Car);70;236266;1N62wozuHCvczCkY4QidpP
the fray;The Fray;Never Say Never;68;256613;57uX2vR9j9DNiANDYfXw1i
the fray;Scars & Stories;Be Still;56;168853;3URt4lJQlANOstDBAWQJA7
the fray;Helios;Love Don't Die;56;183093;6IDDwI0YOCAUDhMZltQekS
the fray;Live From Soho;How to Save a Life - Live in NYC - 2009;54;290266;3OPVsn0Dk3s8vWhXxnK35p
the fray;Scars & Stories;Heartbeat;53;220693;2atYprr9JsQaLynGhrWhld
the fray;The Fray;Ungodly Hour;45;304520;6V2SKZhymLim16ri8A7K6h
hikaru utada;One Last Kiss;One Last Kiss;65;252026;5RhWszHMSKzb7KiXk4Ae0M
hikaru utada;First Love;First Love;65;257293;39HrUxcvKF3jtLz7fUDWXc
hikaru utada;BADモード;One Last Kiss;58;249904;6DaKMsQDmHMJbKYyU7AUFA
itssvd;Missing;Losing Interest;76;120546;55XrFge2dEZwYzNl128DwN
itssvd;tape for when i'm sad;i don't feel part of the world anymore;68;84176;11iiMB7TmFTtaXT4YJAltw
itssvd;Safe;Safe;67;78214;4AuLkMqJdyQyGeShCU5ik3
itssvd;Missing;Love Again;62;89340;6ncsVXsY8FaxpK5yg1eMHI
itssvd;tape for when i'm sad;i'm lonely now;57;93276;75HBk4yWNK20Q1TpSFSEGA
itssvd;Start All Over Again;Start All Over Again;46;134794;3fpke3MB2sCBmFSTcVOPVj
sam wills;Breathe;Traingazing;68;214159;0edtKj1oW6rJ9f4wRtLPPH
sam wills;Traingazing;Traingazing;60;214159;1QIIQ1B2syNBSvQULkXgTa
sam wills;Breathe;Breathe;60;91773;1KO29IUHcexH583hBewKof
sky mccreery;i looked into your eyes;i looked into your eyes;68;148556;0CwLue2qwkPcQpovNGNtVx
sky mccreery;just to break my heart;just to break my heart;62;152727;4T2UFptnPrq5O4PTNU7e6h
sky mccreery;Insane;Insane;58;166389;3mLFCocZgUvih60frphM6l
gaullin;Seven Nation Army;Seven Nation Army;68;173658;4SCbD68sf3dBfaE2X8uDSP
gaullin;Moonlight;Moonlight;65;173066;0A5gdlrpAuQqZ2iFgnqBFW
gaullin;What's Up;What's Up;63;147540;12yj178KaJo8PrddT0StaL
gaullin;Sweater Weather;Sweater Weather;63;171133;6siDDghVE7fxel5o7fE4OF
gaullin;Say It Right;Say It Right;60;130563;1iBBTmmRoPsvjr6Tt1jwlN
gaullin;All the Things;All the Things;57;174729;0OsAQfkwbPwT0Jv7g3oTqh
killbunk;Chanel Bag;Chanel Bag;67;158667;4d16JADh71pTeqx0vlHL69
killbunk;PILOT;Chanel Bag;66;158660;6FQhXdQCiGEwEdsph5W78h
killbunk;Nascar;Nascar;61;113815;4jh5xTsu4kWGzeh4TaRs7a
killbunk;Outta Time;Outta Time;60;125753;661BYxmgtbIFtG5K2GDhip
killbunk;On The Run;On The Run;59;153621;0Mh43KXY0lD3Re7Z9lGsR4
fat joe;Jealous Ones Still Envy (J.O.S.E);What's Luv? (feat. Ja-Rule & Ashanti);74;267093;2mKouqwAIdQnMP43zxR89r
fat joe;All The Way Up (feat. Infared);All The Way Up (feat. Infared);66;191942;61QSuw5VlC0LTS8WMO356g
fat joe;Sunshine (The Light);Sunshine (The Light);64;149725;6nL0wIy3rcQPqHNAtm61Gh
fat joe;Plata O Plomo;All The Way Up (feat. Infared);63;191900;7Ezwtgfw7khBrpvaNPtMoT
fat joe;All Or Nothing;Lean Back (feat. Lil Jon, Eminem, Mase & Remy Martin) - Remix;61;290266;2uiEqPjMmIJXOKplzsEASP
fat joe;All The Way Up (Remix) (feat. French Montana & Infared) - Single;All The Way Up (Remix);60;284830;2AYTGaclgKXACh13nJRVcV
fat joe;All The Way Up (Remix) (feat. French Montana, Infared & GLOWINTHEDARK) - Single;All The Way Up (Remix);50;211836;44xuQEWJJd4aWSaFUrPOlA
anirudh ravichander;Arabic Kuthu - Halamithi Habibo (From "Beast");Arabic Kuthu - Halamithi Habibo (From "Beast");76;279677;6yvxu91deFKt3X1QoV6qMv
anirudh ravichander;Vikram (Original Motion Picture Soundtrack);Vikram - Title Track;74;218823;6FQQiTpYnfc5803p84bQp1
anirudh ravichander;Dippam Dappam (From "Kaathuvaakula Rendu Kaadhal");Dippam Dappam (From "Kaathuvaakula Rendu Kaadhal");74;209032;2vkNA9I029dTwX0y6d59Sc
anirudh ravichander;Pathala Pathala (From "Vikram");Pathala Pathala (From "Vikram");74;211384;5WWplXimzIjlJiN2N7T9Q3
anirudh ravichander;Vikram (Original Background Score);Lokiverse - Background Score;73;156330;209pScL6fUhISxcLWkB6rf
anirudh ravichander;Vikram (Original Background Score);Rolex Theme - Background Score;72;53247;3Vb8KkT6Ub5fFGPYJCJyLh
anirudh ravichander;Vikram (Original Motion Picture Soundtrack);Once Upon a Time;72;143709;4wCy7erulqUfFQNVaZBD9b
anirudh ravichander;Life of Pazham (From "Thiruchitrambalam");Life of Pazham (From "Thiruchitrambalam");72;234514;6A6mDExVoAEJmc5JyVSQeK
anirudh ravichander;Bae (From "Don");Bae (From "Don");71;242628;5D507IC1VOAg7bKkmOblr6
anirudh ravichander;Private Party (From "Don");Private Party (From "Don");71;216774;6eYsOcDdB5b6rTO5ubMxeV
anirudh ravichander;Jalabulajangu (From "Don");Jalabulajangu (From "Don");71;202607;4HdzYTQiouB9BVYX7JOrhh
anirudh ravichander;Prince (Tamil);Bimbilikki Pilapi;71;247000;1Hdz67JES35Z4h3Yd4PXvV
anirudh ravichander;3 (Original Motion Picture Soundtrack);Nee Paartha Vizhigal - The Touch of Love;70;264506;0xttqqTj7ZAGyVkfOYxQ4F
anirudh ravichander;David;Kanave Kanave;70;284784;6sPW145Y3LSXd4p1LjBOcS
anirudh ravichander;Naan Pizhai (From "Kaathuvaakula Rendu Kaadhal");Naan Pizhai (From "Kaathuvaakula Rendu Kaadhal");69;243570;1UUgngRGzFWfgpyN0WAN1r
anirudh ravichander;3 (Original Motion Picture Soundtrack);Idhazhin Oram - The Innocence of Love;69;204866;6NwEpX2JUWHVKWfDDfcqC4
anirudh ravichander;Vikram (Original Background Score);Pablo Sandhanam - Background Score;68;45055;5iUbq311UD3MZYmfi2a1Ob
anirudh ravichander;3 (Original Motion Picture Soundtrack);Po Nee Po - The Pain of Love;68;251786;6zdikHQs2PBFgGIZBxqOeV
anirudh ravichander;3 (Original Motion Picture Soundtrack);Kannazhaga - The Kiss of Love;67;205946;2MwCoo4GeXpi8soWn9EiPo
anirudh ravichander;Beast Mode (From "Beast");Beast Mode (From "Beast");66;220350;1aQ58u4guUf999iQX3J2HF
anirudh ravichander;Two Two Two (From "Kaathuvaakula Rendu Kaadhal");Two Two Two (From "Kaathuvaakula Rendu Kaadhal");66;176345;6C8JJFoGC4dkVtAHVK3iif
anirudh ravichander;Vanakkam Chennai (Original Motion Picture Soundtrack);Oh Penne;66;276400;1zAkNzJZVPrWDCnowb1vpZ
anirudh ravichander;Porkanda Singam (EDM Version) [From "Vikram"];Porkanda Singam (EDM Version) [From "Vikram"];65;149433;12LE4Omy9ze8xTOMofMVB3
anirudh ravichander;Vikram (Original Background Score);Sandhanam Theme - Background Score;65;106495;525NKU3UFgZQtCXWBWE0al
anirudh ravichander;Vikram (Original Motion Picture Soundtrack);Porkanda Singam;65;198000;3yqkV2Vd0u4l9lUnlaFNZT
anirudh ravichander;Vikram (Original Motion Picture Soundtrack);Wasted;65;182608;2dpMdklbSc5CmZ3ijhknZ5
anirudh ravichander;Why This Kolaveri Di? (The Soup of Love);Why This Kolaveri Di? - The Soup of Love;64;259293;2VGs7EmaIxq96Wcog6DQOc
anirudh ravichander;So Baby (From "Doctor");So Baby (From "Doctor");64;252631;0t0mHozF8Xsif9w8bemh9D
anirudh ravichander;Chellamma (From "Doctor");Chellamma (From "Doctor");64;236500;0fGclndst25Qqy8j4u5De5
anirudh ravichander;Don (Original Motion Picture Soundtrack);Private Party;63;216774;5OotwkHgMpNYfsCwAOs4jP
anirudh ravichander;Velai Illa Pattadhaari (Original Motion Picture Soundtrack);Po Indru Neeyaga;63;223326;7fttjqzmvgvpRQoOzyYng3
anirudh ravichander;Thangamagan (Original Motion Picture Soundtrack);Enna Solla - The New Life of Tamizh;62;215999;2109dBho14Lqh2wr8goqAP
anirudh ravichander;Enakenna Yaarum Illaye (From "Aakko");Enakenna Yaarum Illaye (From "Aakko");62;260812;6sAdmaffuMijDszeFrGF1H
anirudh ravichander;Master (Original Motion Picture Soundtrack);Andha Kanna Paathaakaa;62;194500;0qvoxfYodIfe14gaidhnsV
anirudh ravichander;3 (Original Motion Picture Soundtrack);Kannuladha - The Kiss of Love;62;206253;1vnDu8pbmwz88G6RDugerQ
anirudh ravichander;Vikram Vedha (Original Motion Picture Soundtrack);Yaanji;62;270375;5NEGfbKMcNuEWOzpWufScA
anirudh ravichander;Kaathuvaakula Rendu Kaadhal (Original Motion Picture Soundtrack);Dippam Dappam;62;209032;3LEMmV0BgtM7TaJk40PFZU
anirudh ravichander;Remo (Original Motion Picture Soundtrack);Sirikkadhey;62;245888;4NQBqInyE7zvjIiP4j1dmy
anirudh ravichander;Agnyaathavaasi;Gaali Vaaluga;61;258333;5pOY1Vg2TIIbVBfR6yAg0C
anirudh ravichander;Halamithi Habibo (From "Beast");Halamithi Habibo (From "Beast");61;279677;2oEHcVe21whTKWQBqRAYPp
anirudh ravichander;3 (Original Motion Picture Soundtrack);Po Ve Po - The Pain of Love;61;254280;4ngIVcfL0Pm564bTpDIS8H
anirudh ravichander;Master (Original Motion Picture Soundtrack);Vaathi Coming;61;228257;2BcPFQ7nrtUObgAs72xaac
anirudh ravichander;Remo (Original Motion Picture Soundtrack);Senjitaley;61;251333;2RB3zzgxWc2RRBaJOkSEka
anirudh ravichander;Velai Illa Pattadhaari (Original Motion Picture Soundtrack);Udhungada Sangu;61;209640;24GlSNySJ9tAwkvZPuVb63
anirudh ravichander;Thangamagan (Original Motion Picture Soundtrack);Oh Oh - The First Love of Tamizh;60;276705;3B4Wf3Fo11BXSuVPi1dtDO
anirudh ravichander;Vikram (Original Motion Picture Soundtrack);Pathala Pathala;60;211384;0obvnPQaTe8fRAQHWyOWBv
anirudh ravichander;Master the Blaster (From "Master");Master the Blaster (From "Master");60;92250;2cVJDlu9jmkPUeuJxA6v8i
anirudh ravichander;Naanum Rowdy Dhaan (Original Motion Picture Soundtrack);Yennai Maatrum Kadhale;60;274678;6RXJKdpBp6AVL6H6sHyNp0
anirudh ravichander;Vaathi Coming (From "Master");Vaathi Coming (From "Master");60;228257;4dJrjWtAhEkW7VdPYSL1Ip
anirudh ravichander;Vikram (Original Background Score);Porkanda Singam EDM Version (Additional Song);60;149433;0iJPMG79hgWnDHjufnoplb
anirudh ravichander;Master (Original Background Score);JD Intro - Background Score;60;80000;7KqmDr9lTjwXnX5krMIKiC
anirudh ravichander;Vikram (Original Background Score);Amar Theme - Background Score;59;148023;2zVOFcdPAurQMbP1D6czwo
anirudh ravichander;Ethir Neechal (Original Motion Picture Soundtrack);Ethir Neechal;59;270720;1LFTKTSfPQRM3a8mOvNtnE
anirudh ravichander;Kaththi (Original Motion Picture Soundtrack);Aathi;59;304920;6wKu6jqzVtxikYztRUWkoS
anirudh ravichander;Gang Leader (Original Motion Picture Soundtrack);Hoyna Hoyna;59;271937;7mNQwVYgoB3mtjkjCKsbXM
anirudh ravichander;Maari (Original Motion Picture Soundtrack);Don'u Don'u Don'u - The Don's Romance;59;195709;2kbxGCtWSV0f1ON720Bd4O
anirudh ravichander;Soul of Doctor (Theme) [From "Doctor"];Soul of Doctor (Theme) [From "Doctor"];59;63711;6GFtWQYco30oKpMr5xJwy2
anirudh ravichander;3 (Original Motion Picture Soundtrack);Nee Paata Madhuram - The Touch of Love;58;263826;6fP7zEaXUaGmzTDyvA79Ng
anirudh ravichander;Naanum Rowdy Dhaan (Original Motion Picture Soundtrack);Thangamey;58;262539;62KDpF0Hv7KJLZrrKXsz8r
anirudh ravichander;Doctor (Original Motion Picture Soundtrack);Chellamma;58;236500;7fdsoKCtpx2hYXDRMoActW
anirudh ravichander;Petta (Original Motion Picture Soundtrack);Ilamai Thirumbudhe - From "Petta";58;217000;4IUGuoJ41g5fLIqsO1MJoU
anirudh ravichander;Velai Illa Pattadhaari (Original Motion Picture Soundtrack);What a Karavaad;58;267942;5EjVRbQFSLYyeNLlO7qGLY
anirudh ravichander;Master (Original Motion Picture Soundtrack);Vaathi Raid;58;209500;4PML5RtrVcYAwTTS46otXB
anirudh ravichander;3 (Original Motion Picture Soundtrack);Yedhalo Oka Mounam - The Innocence of Love;57;207026;38nwBRjoNg7FeNsn7ebFOk
anirudh ravichander;Mathuga Mathuga (From "Vikram Hitlist");Mathuga Mathuga (From "Vikram Hitlist");57;211384;4bbeXHwW95npFQuPa2D8e1
anirudh ravichander;Nava Manmadhudu (Original Motion Picture Soundtrack);Emannavoo;57;214765;36ylvIx1fVaM4i5pux7Ea1
anirudh ravichander;Vikram Hitlist (Original Motion Picture Soundtrack);Vikram Title Track - Telugu;57;218823;2mldMnu7kHSm4l5se4Zo7Y
anirudh ravichander;Kaathuvaakula Rendu Kaadhal (Original Motion Picture Soundtrack);Two Two Two;57;176345;7mhJ08BCG6goQ8mPpk9TuZ
anirudh ravichander;Vikram (Original Background Score);Moaning Theme - Background Score;57;84650;3Qm35fbJSuclok2fQB2rzZ
anirudh ravichander;Kanne Kanne (From "Ayogya");Kanne Kanne (From "Ayogya");57;225558;6i5QcWVTuzM67pXgD9Q7Vw
anirudh ravichander;Maari (Original Motion Picture Soundtrack);Maari Thara Local - Here Comes Maari;57;230252;7w4kFO2slzHCu1qEOMaPkl
anirudh ravichander;Petta (Original Motion Picture Soundtrack);Marana Mass - From "Petta";57;216000;7j7fS14vlwVk0Pfnr0hovC
anirudh ravichander;3 (Original Motion Picture Soundtrack);Why This Kolaveri Di? - The Soup of Love;57;260013;5AjYjRsiIPAKjRP182ocKB
anirudh ravichander;Ethir Neechal (Original Motion Picture Soundtrack);Velicha Poove;57;312280;3ywjIbXWgG5Vjom6zhA2aP
anirudh ravichander;Kaththi (Original Motion Picture Soundtrack);Pakkam Vanthu;56;258359;65usiCnRUHhBgd1CIlwGf5
anirudh ravichander;Vikram (Original Background Score);Ghost Unmasked - Background Score;56;74410;0wgOTeDbMblOxncPcXLCvf
anirudh ravichander;Agnyaathavaasi;Baitikochi Chuste;56;206666;7MtXu7mXRMdICKyTOb8CuR
anirudh ravichander;Nenjame (From "Doctor");Nenjame (From "Doctor");56;256500;491DwnBb3MA8RzyA2E0Skt
anirudh ravichander;Velai Illa Pattadhaari (Original Motion Picture Soundtrack);Udhungada Sangu;56;209640;4ClGSEMFkurgnJV1JULiyP
anirudh ravichander;Wunderboy Anirudh;Yennai Maatrum Kadhale;56;274678;0veda7gIbScyRAp2fWjDQh
anirudh ravichander;Kaththi (Original Motion Picture Soundtrack);Kaththi - Theme;55;63706;7KtQd5BN1cGQIvefTWEZLq
yusuf / cat stevens;Tea For The Tillerman (Remastered 2020);Wild World;77;200560;7mjSHL2Eb0kAwiKbvNNyD9
yusuf / cat stevens;Tea For The Tillerman (Remastered 2020);Father And Son;74;221120;476V2d6iA2tWXgQboKmTtA
yusuf / cat stevens;Teaser And The Firecat (Remastered 2021);Morning Has Broken - Remastered 2021;69;199453;5y8d8RHvxb0KiTa9Nq0xWp
yusuf / cat stevens;Teaser And The Firecat (Remastered 2021);The Wind - Remastered 2021;67;102986;0wEo4mwfs6tXYgCem9m9wP
yusuf / cat stevens;Teaser And The Firecat (Remastered 2021);Peace Train - Remastered 2021;65;253293;4d0d2llNcQIHmaCgYTrODQ
yusuf / cat stevens;Teaser And The Firecat (Remastered 2021);Moonshadow - Remastered 2021;61;168120;5p3nvmoaAY03qGmBQApn0w
yusuf / cat stevens;Tea For The Tillerman (Super Deluxe);If You Want To Sing Out, Sing Out;61;165133;340t55txxJWQmTFK7wARZh
yusuf / cat stevens;Buddha And The Chocolate Box;Oh Very Young;59;156773;7eiNxeOC8dvYAJWgTOu6xn
yusuf / cat stevens;Tea For The Tillerman (Remastered 2020);Tea For The Tillerman;57;65946;26uDUal1TkjwwOaQQt1Uwy
yusuf / cat stevens;Tea For The Tillerman (Super Deluxe);Don't Be Shy;54;171293;5zZqoeBLuXCDVdcjggDQdS
yusuf / cat stevens;The Very Best Of Cat Stevens;The Wind;44;102640;4w6PEs8WP6Uat3lQsjL5Qs
hozier;Hozier;Take Me To Church;83;241688;3dYD57lRAUcMHufyqn9GcI
hozier;Swan Upon Leda;Swan Upon Leda;70;222026;3TjoLn6AliBGi3QbwwTxKp
hozier;Hozier;Like Real People Do;68;198029;4LGJ2pLDvTRnul3EcZoYkX
hozier;Hozier;Cherry Wine - Live;67;240147;4Q66chx9WzqWcLItXoZ5r4
hozier;Hozier;Someone New;67;222813;22sS7JkzeVeq4vOPCB6Fbj
hozier;Wasteland, Baby!;Shrike;65;298880;3ieUtb4ecQgEYxae8dzEUi
hozier;Hozier;From Eden;63;283466;0bkW98npv8EsWQ2fXFzK56
hozier;Hozier;Work Song;63;229715;35PKfoynRpVFoAUE3D5Kc6
hozier;Wasteland, Baby!;Almost (Sweet Music);63;217480;7uttm8Iurm5uK67Vr9G2Sp
hozier;Wasteland, Baby!;Movement;62;237800;0SFq19lgG4qbQAZaNZ3xhO
hozier;Hozier;Angel Of Small Death & The Codeine Scene;62;219214;1SCXzqKZdif5b33POmzwI4
hozier;Wasteland, Baby!;Would That I;60;268293;0L3oQdYUvVbsOOPJSkZ3C3
hozier;Hozier (Special Edition);Arsonist's Lullabye;60;266611;7lpmIGFw7Kc9qIdq4cGs34
hozier;Hozier;Jackie And Wilson;60;223120;5xo1Gj4WTssjQgQ0w03cf2
hozier;Wasteland, Baby!;Wasteland, Baby!;58;266466;1IbgYIuVwJsibCcT5GFYHy
hozier;Hozier;Sedated;55;207669;4C4Pduzp8LfAtQXHAGQWM5
hozier;Wasteland, Baby!;Sunlight;55;257346;0bgP0aKOxvdFxB2EfDrulY
hozier;Wasteland, Baby!;Talk;54;206546;29bXfCo3mQVzohwPJXohaU
hozier;Nina Cried Power - EP;NFWMB;53;259253;30SxaBvjxjuIzl6nnDJObx
masaki suda;LOVE;まちがいさがし;63;223640;55Ww4Pa1iIQMhh0MLMetjo
masaki suda;虹;虹;62;258733;7AIj86wFWqm7X1TZ2hzHwS
rainbow;Down To Earth;Since You Been Gone;68;197160;6xq5DxZWGgdStAxGAil0yw
rainbow;Ritchie Blackmore's Rainbow;The Temple Of The King;64;282013;0gaMmmhGi5buPXpquSAfxg
rainbow;Rising;Stargazer;60;506160;1aDNYyeU62BuQsBAY18i48
rainbow;Ritchie Blackmore's Rainbow;Catch The Rainbow;58;396466;7FtRUrOEDUHTvenvp1BqZo
sagun;I'll Keep You Safe;I'll Keep You Safe;71;185875;01Rc6yXYtujAnMaR1NME11
sagun;I'm Drunk And Confused;I'm Drunk And Confused;54;156000;1RyqyDFFz4pInsbaNvyIXr
slchld;my insecurities, not yours;she likes spring, I prefer winter;66;207436;3vWeZSOhhmOai0Go0zKm5j
slchld;you won't be there for me;you won't be there for me;64;182645;7vwhqiIfU8HqXhNgyy8ubR
slchld;modern breakups;maybe we need a break;61;184833;2P2r0647uy5pKUikGZ7q9B
slchld;camellia;camellia;59;151211;7kpe2K0hdSssLj4G4YjxdU
burak yeter;Tuesday (feat. Danelle Sandoval);Tuesday (feat. Danelle Sandoval);72;241874;7EVk9tRb6beJLTHrg6AkY9
burak yeter;Tuesday (feat. Danelle Sandoval) [Radio Edit];Tuesday (feat. Danelle Sandoval) - Radio Edit;53;193333;3jb6qb2BtrOeQP0UprQ67y
old sea brigade;Old Sea Brigade;Love Brought Weight;64;185746;66deoxrDAEK7Qg1p0Vioxe
old sea brigade;Ode to a Friend;Hope;61;184013;0DOUO2YQnDrD5ad3qXA0vO
the landers;Gustakhiyan;Gustakhiyan;67;152727;3X3BiiDYiPVIn5gEpO9HiF
the landers;Rule Over (Putt Jattan Dey);Rule Over (Putt Jattan Dey);65;140800;51hrri99KuNwhALxbRRJnq
the landers;Kamm Koi Na;Kamm Koi Na;60;177391;5YctxMWPzEXjnmHLA0mYUN
the landers;Still Here;Swad Kutde;58;120000;6ULjJomtdRstnT9BPMAf9d
bilal saeed;Baar Baar Dekho (Original Motion Picture Soundtrack);Teri Khair Mangdi;67;225273;3uHisD8WxXOYLaxeOl098L
bilal saeed;Baari;Baari;66;235297;0HTb4JfMtMkMYUtyd19In3
bilal saeed;Uchiyaan Dewaraan;Uchiyaan Dewaraan;60;227976;1CYn0jiSz0gubTpYJbuTMS
bilal saeed;Snapchat Story;Snapchat Story;57;199998;5I35M1ruDXFzK63YCg7Ijw
varinder brar;12 Bande;12 Bande;64;204507;6dgYHmc5yBnQFI4FSCbp6y
varinder brar;Jatt Life;Jatt Life;61;242772;0eFNR4nWuhgvBw6vSDyVHj
gaho;ITAEWON CLASS (Original Television Soundtrack) Pt.2;시작;65;202440;4kIpBfvK44bxqX7zo8K1oP
gaho;ITAEWON CLASS (Original Television Soundtrack);Start Over;60;202440;3e4tHEcyzEtngkCw8ZBSMS
cnco;Primera Cita;Reggaetón Lento (Bailemos);73;222560;3AEZUABDXNtecAOSC1qTfo
cnco;CNCO;Hey DJ;68;206920;1XgpK29CGGjZnxPYkiRbh4
cnco;CNCO;Reggaetón Lento (Remix);66;188800;58gqyeFXhOttZW3yetJGPN
cnco;Hey DJ (Remix);Hey DJ - Remix;60;189363;3cR5ZtQ4JqGj4VHBb1gvFf
cnco;Pretend;Pretend;55;200566;78Nyf6RlqBANlMhSnKyClT
cnco;Glory Days (Expanded Edition);Reggaetón Lento (Remix);53;188786;5YH1A3YttSay4lgAR75tk3
ash king;Half Girlfriend;Baarish;69;276380;16BGhwv8wYXkv2mMJF7ryv
ash king;Nazar Na Lag Jaaye (From "Stree");Nazar Na Lag Jaaye (From "Stree");63;206175;0cWLJcdvM6QlOQ7UJdB4jb
ash king;Bang Bang (Original Motion Picture Soundtrack);Meherbaan;61;307407;0Ose0T05P8Ou0GvhwmMKcf
ash king;Bandook Meri Laila (From "A Gentleman");Bandook Meri Laila (From "A Gentleman") (feat. Raftaar, Sidharth Malhotra);57;214510;3eDsxtliwduBeC3UAdOMG5
raj barman;Likhe Jo Khat Tujhe - Raj Barman;Likhe Jo Khat Tujhe;63;132571;7pEmx31C31gIXolEdmjxj6
raj barman;Tu Mile Dil Khile - Raj Barman;Tu Mile Dil Khile;62;197716;5OCFWPgrCCNBukB3YrDD90
ammy virk;Manmarziyaan (Original Motion Picture Soundtrack);Daryaa;63;261918;5voGwQrvBz8ZlhU05NZvw4
ammy virk;Qismat;Qismat;62;243870;3EqgnmFJIarfSqSdBWMI8r
sex pistols;Never Mind The Bollocks, Here’s The Sex Pistols;God Save The Queen;63;199453;2mHchPRtQWet3iIS3jANr1
sex pistols;Never Mind The Bollocks, Here’s The Sex Pistols;Anarchy In The UK;62;212480;5moTxUGPZXgGmosl4rIELm
ritchie valens;Ritchie Valens;We Belong Together;69;116626;7caj6X6NMX3tlhWnu1du6V
ritchie valens;Ritchie Valens;La Bamba - Single Version;66;126960;2aEeghgUcnu75tzcolFMfs
ritchie valens;Ritchie Valens;Come On, Let's Go;58;124586;4cRfSR0QxDlXRHTKyEOu93
ritchie valens;Ritchie Valens;Donna - Single Version;57;150973;0VE4ayVlGs5DBoqOdgJ0Zv
alex brightman;Beetlejuice (Original Broadway Cast Recording);Say My Name;66;235286;3PzAUMMxPcaXEfWEvMx469
alex brightman;Beetlejuice (Original Broadway Cast Recording);The Whole "Being Dead" Thing;59;223564;7BKbcBpIS7jMKsjbry09JF
hatha priya;Peaceful Patterns;Peaceful Patterns;66;169482;0EGpuh2uzSDi5mnMIvgFui
hatha priya;Peaceful Patterns - Yoga Version;Peaceful Patterns - Yoga Version;59;169474;5LvTXUwvXcq348o5LdAVZJ
don mazuck;In Between Dreams;In Between Dreams;64;185716;0ShzszsULs5leraLg97XNG
don mazuck;Through Your Eyes;Through Your Eyes;61;169412;1DERFIlUdiUtFCoLQIGdLj
kaua correia;Duende;Duende;64;192000;3MbMFTSftlRSYJe58yqBDl
kaua correia;Leticia;Leticia;61;186500;69zMzxv7BgdLXTauZvOCm3
a.r. rahman;Vendhu Thanindhathu Kaadu (Original Motion Picture Soundtrack);Mallipoo;79;245365;3i7qScF9Oyp31O9bAutJez
a.r. rahman;Ponni Nadhi (From "Ponniyin Selvan Part -1") [Original Motion Picture Soundtrack];Ponni Nadhi (From "Ponniyin Selvan Part -1") - Tamil;77;290526;1uJ2czshFLqimctgvsxfv2
a.r. rahman;Rait Zara Si (From "Atrangi Re");Rait Zara Si (From "Atrangi Re");72;291462;4uK0M8AI6gyFmyzUneQpbi
a.r. rahman;Mimi (Original Motion Picture Soundtrack);Param Sundari;72;200218;3KeMulXbLDJBQdY5PZbGEh
a.r. rahman;OK Jaanu (Original Motion Picture Soundtrack);Enna Sona;71;213632;6bdpj89aYEBjhpsenXAsmO
a.r. rahman;Jodhaa Akbar (Original Motion Picture Soundtrack);Jashn-E-Bahaaraa;70;315173;1O5mTSQa0sCce9ghhDqIZl
a.r. rahman;Adheeraa (From "Cobra");Adheeraa (From "Cobra");70;259139;4381FmKZc1uT2zzhBiknH7
a.r. rahman;Rockstar;Kun Faya Kun;69;470500;7F8RNvTQlvbeBLeenycvN6
a.r. rahman;Raanjhanaa (Original Motion Picture Soundtrack);Raanjhanaa;69;254653;5OMUXgfXsSukZ0zxelpC3b
a.r. rahman;Chola Chola (From "Ponniyin Selvan Part -1") [Original Motion Picture Soundtrack];Chola Chola (From "Ponniyin Selvan Part -1");69;219638;57IXQJZFawJUwC2PCKn56Y
a.r. rahman;Ponniyin Selvan Part-1 (Original Motion Picture Soundtrack);Devaralan Aattam;69;273228;1O5AqyUHm8vH8XGr173ugY
a.r. rahman;I (Original Motion Picture Soundtrack);Ennodu Nee Irundhaal;68;352710;7mLEUzAulFygMchoGMrP8E
a.r. rahman;Marakkuma Nenjam (From "Vendhu Thanindhathu Kaadu");Marakkuma Nenjam - From "Vendhu Thanindhathu Kaadu";68;258319;4Jr0O3zgoKEk71sIlABkLp
a.r. rahman;Atrangi Re;Rait Zara Si;68;291462;3gOXq3FPPesm7VLPKmef6j
a.r. rahman;Ponniyin Selvan Part-1 (Original Motion Picture Soundtrack);Ponni Nadhi;68;290526;1n1IDjxVczGQoNg4GMl670
a.r. rahman;Ponniyin Selvan Part-1 (Original Motion Picture Soundtrack);Alaikadal;68;314207;7kcMEKsmqgfq68gSQk6F9c
a.r. rahman;Raanjhanaa (Original Motion Picture Soundtrack);Tum Tak;66;304466;1wnozUBSe7OMpmZiTPJC5j
a.r. rahman;Guru (Original Motion Picture Soundtrack);Tere Bina;66;309640;4FeczSomVWVyU4FW7xDeAI
a.r. rahman;Ponniyin Selvan Part-1 (Original Motion Picture Soundtrack);Sol;66;134204;5g1i02FYQMmVj4L17Gis1C
a.r. rahman;Vendhu Thanindhathu Kaadu (Original Motion Picture Soundtrack);Marakkuma Nenjam;66;258319;6WAfYZXIKo2ufmQZQR9L8E
a.r. rahman;Cobra (Original Motion Picture Soundtrack);Adheeraa;66;259139;5SXwKl2nWY1No4wZ0FJDHN
a.r. rahman;OK Jaanu (Original Motion Picture Soundtrack);The Humma Song;66;179657;7heMX7gyHP0mhTlNgd7Lxd
a.r. rahman;Vendhu Thanindhathu Kaadu (Original Motion Picture Soundtrack);Unna Nenachadhum;65;236955;43BSpcCWtZKt6HUZujyY6O
a.r. rahman;Sillunu Oru Kadhal (Original Motion Picture Soundtrack );Newyork Nagaram;65;378020;0cVrLxeQjiAcftuGzp32qY
a.r. rahman;Kaalathukkum Nee Venum (From "Vendhu Thanindhathu Kaadu");Kaalathukkum Nee Venum - From "Vendhu Thanindhathu Kaadu";65;293546;1NoaJoxPKQr9XNLOuKTyNV
a.r. rahman;Sol (From "Ponniyin Selvan Part-1") [Original Motion Picture Soundtrack];Sol (From "Ponniyin Selvan Part-1");64;134204;0XosgadxA79fBBV6meKDAs
a.r. rahman;Raavanan (Original Motion Picture Soundtrack);Usure Pogudhey;64;366506;5jOi67yXzjpMdl6KFNWSIe
a.r. rahman;Ratchasa Maamaney (From "Ponniyin Selvan Part-1") [Original Motion Picture Soundtrack];Ratchasa Maamaney (From "Ponniyin Selvan Part-1");64;289942;6aNiR1YsERzcABil2gYQ1b
a.r. rahman;Highway;Maahi Ve;64;240784;1sbW5E7w8tnqpYk0Frx8QG
a.r. rahman;Maryan (Original Motion Picture Soundtrack);Innum Konjam Naeram;64;313533;5KJSI1MjQeXEBHBYMjgP41
a.r. rahman;Vendhu Thanindhathu Kaadu (Original Motion Picture Soundtrack);Kaalathukkum Nee Venum;64;294000;0aQLKZl2mXdJHpxDteJdNo
a.r. rahman;Roja (Original Motion Picture Soundtrack);Yeh Haseen Vadiyan Yeh Khula Aasman;63;320013;6NmGIj2leVHRKkHEGyechJ
a.r. rahman;Vinnathaandi Varuvaayaa (Original Motion Picture Soundtrack);Hosanna;63;330546;3l7JaDIJmWMpvcJqhTJjrk
a.r. rahman;Vinnathaandi Varuvaayaa (Original Motion Picture Soundtrack);Anbil Avan;63;251973;1QuZBM0iHDlr1oRVyeZypC
a.r. rahman;Achcham Yenbadhu Madamaiyada (Original Motion Picture Soundtrack);Thalli Pogathey;62;268055;6wBXSf1chpnyXGOSvANs0a
a.r. rahman;Raanjhanaa (Original Motion Picture Soundtrack);Nazar Laaye - Reprise;61;235973;3h44S4bynHkbKVP2mogqdX
a.r. rahman;O Kadhal Kanmani (Original Motion Picture Soundtrack);Mental Manadhil;61;205759;4mOmWSdTmf6fSAibGWCKp7
a.r. rahman;I - Manoharudu (Original Motion Picture Soundtrack);Nuvvunte Naa Jathagaa;61;352613;5dG3KI5rIUwiUQNNr3Y1to
a.r. rahman;Vinnathaandi Varuvaayaa (Original Motion Picture Soundtrack);Mannipaaya;61;416320;7mMkw0JFKnyMS6oGRT6b3O
a.r. rahman;Ekk Deewana Tha (Original Motion Picture Soundtrack);Hosanna;60;331400;5NChQ2tXB9q9D8kdkLTWOL
a.r. rahman;Rockstar;Nadaan Parinde;60;384000;6Z394Nd4gW6Ts9hmu3NUjx
a.r. rahman;Jodhaa Akbar (Tamil) [Original Motion Picture Soundtrack];Muzumathi;60;312453;5q2MZwkvdw28qv0WPsRPHA
a.r. rahman;Guru (Original Motion Picture Soundtrack);Aaruyire;60;308786;3RVKJOoIVKXicFvNO7b2iK
a.r. rahman;Saathiya;Saathiya;59;357433;78KKYDENYsw6jYfuEZsqJl
a.r. rahman;Lagaan (Original Motion Picture Soundtrack);Radha Kaise Na Jale;59;334706;0wnLMEOQlyW3Es1ag0HMVV
a.r. rahman;Kadal (Original Motion Picture Soundtrack);Moongil Thottam;59;275093;5PNZX8yqzqqAMPpl3UAoaP
a.r. rahman;Bombay;Andha Arabi Kadaloram;59;312839;1Uuw9nSChAnmwbFmnuCx5S
a.r. rahman;Rang De Basanti (Original Motion Picture Soundtrack);Roobaroo;59;282973;3vqJY3pVELLIxqXXyI08yr
a.r. rahman;Jab Tak Hai Jaan;Saans;59;326112;3X5Jbz7VhZfbPqIRmYIj8c
a.r. rahman;Muthu's Journey (From "Vendhu Thanindhathu Kaadu");Muthu's Journey - From "Vendhu Thanindhathu Kaadu";59;82698;3gGtlAYUQjUv2EiKtugkhr
a.r. rahman;Sakkarakatti (Original Motion Picture Soundtrack);Marudaani;59;387200;7gaysiOWpGoNQocrSwa1yM
a.r. rahman;Jab Tak Hai Jaan;Challa;59;320417;6wXPV6dNRAhFavrRaCdMXT
a.r. rahman;Aayitha Ezhutu (Original Motion Picture Soundtrack);Yaakkai Thiri;58;273426;1AU04y9Bvi5UxomIoBMpCy
a.r. rahman;Alaikadal (From "Ponniyin Selvan Part-1") [Original Motion Picture Soundtrack];Alaikadal (From "Ponniyin Selvan Part-1");58;314207;7MSQGZBn01h5QrAZDjMg2M
a.r. rahman;Rang De Basanti (Original Motion Picture Soundtrack);Luka Chuppi;58;396506;500H9ENeR5AYbKU1ScK6ME
a.r. rahman;Devaralan Aattam (From "Ponniyin Selvan Part-1") [Original Motion Picture Soundtrack];Devaralan Aattam (From "Ponniyin Selvan Part-1");58;273228;4Tq1eNoLWXqJsizbNnobSz
a.r. rahman;Dil Bechara (Original Motion Picture Soundtrack);Khulke Jeene Ka;57;246741;1XFZMenJ30FfGOsj8X5sqf
a.r. rahman;Ninne Thaladanne (From "The Life Of Muthu");Ninne Thaladanne - From "The Life Of Muthu";57;294298;7fdjQVY9LFagl8kzwSVdLr
a.r. rahman;I - Manoharudu (Original Motion Picture Soundtrack);Poolane Kunukeyamantaa;57;308106;4ZXsuOSu0vWtWMfmf1Gl3j
a.r. rahman;Atrangi Re;Tumhein Mohabbat;57;187326;2TKBCWeVnjdyzOL4xgYLmo
a.r. rahman;Mohenjo Daro;Tu Hai;57;238688;3vjkllvtOIKpVvXSWsu1ta
a.r. rahman;Vendhu Thanindhathu Kaadu (Original Motion Picture Soundtrack);Muthu's Journey;57;82698;1jWDguXNP8StgZSmir5DKG
a.r. rahman;OK Jaanu (Original Motion Picture Soundtrack);Ok Jaanu Title Track;57;206250;7a77VY7mjvK6EiaBeOosmk
a.r. rahman;Uyir Urugudhey (From "Cobra");Uyir Urugudhey (From "Cobra");57;313333;4UKTifFM0LKxkhqyGndZHi
a.r. rahman;Ambikapathy (Original Motion Picture Soundtrack);Ambikapathy;57;256360;0QBuP7vvKyoGAMlUBDJVWn
a.r. rahman;Guru (Original Motion Picture Soundtrack);Barso Re;57;329600;32DWojMZeZebVrfBkhAkKy
a.r. rahman;Yemaaya Chesave (Original Motion Picture Soundtrack);Ee Hridayam;56;329320;7wFL4hNlhotHNU6qZi9bHR
a.r. rahman;Tharangini [From "Cobra (Telugu)"];Tharangini (From "Cobra (Telugu)");56;220923;0okgxWuKUEAo5fe3WXmFUw
a.r. rahman;Porattam (From "Vendhu Thanindhathu Kaadu");Porattam - From "Vendhu Thanindhathu Kaadu";56;122175;7CcxIeSvx9NE2X8EumKGJL
a.r. rahman;Jodhaa Akbar (Original Motion Picture Soundtrack);Khwaja Mere Khwaja;56;416573;4Zuei1UAP5pB5ovra9dnnp
a.r. rahman;Thallipogathey Female Cover Version (From "Acham Enbadhu Madamayada");Thallipogathey Female Cover Version (From "Acham Enbadhu Madamayada");42;303000;7un5s8HYQ9QJG1ClQtomNB
jimi hendrix;Electric Ladyland;All Along the Watchtower;77;240800;2aoo2jlRnM3A0NyLQqMN2f
jimi hendrix;Axis: Bold As Love;Little Wing;71;145746;1Eolhana7nKHYpcYpdVcT5
jimi hendrix;Are You Experienced;Purple Haze;71;170813;0wJoRiX5K5BxlqZTolB2LD
jimi hendrix;Are You Experienced;Hey Joe;70;210160;0NWPxcsf5vdjdiFUI8NgkP
jimi hendrix;Electric Ladyland;Voodoo Child (Slight Return);68;313373;2AxCeJ6PSsBYiTckM0HLY7
jimi hendrix;Electric Ladyland;Crosstown Traffic;63;146573;1ntxpzIUbSsizvuAy6lTYY
jimi hendrix;Are You Experienced;The Wind Cries Mary;63;200733;5H6Jp0syB5yEPk7SWYdlmk
jimi hendrix;Axis: Bold As Love;Castles Made of Sand;62;168920;3qebSLgUwaEqbwCM5sj5Kh
jimi hendrix;Are You Experienced;Foxey Lady;61;198773;23MrkN7g6Q5U7GLIxNHN1B
jimi hendrix;Are You Experienced;Red House;58;230360;3XxBSvDZKH5YvZZjTpn6eR
jimi hendrix;Both Sides of the Sky;Jungle;57;208120;4f5nUYzeUioPwNbz2mGx5S
jimi hendrix;Axis: Bold As Love;Bold as Love;57;251013;0uco0wQkB909zpPlHvu5Cc
jimi hendrix;Axis: Bold As Love;One Rainy Wish;56;221826;5Zyv0v4rPcrXjkaeImuodv
jimi hendrix;People, Hell & Angels;Hear My Train a Comin';52;341800;4DmBVImaIhE3RyNvbtZTTz
jimi hendrix;Experience Hendrix: The Best Of Jimi Hendrix;Voodoo Child (Slight Return);51;312426;6d3I7THB2bONUkxOo1DvmZ
amaal mallik;Airlift;Soch Na Sake;71;281322;6mTvwBzWTGDOVeCNQEqtOE
amaal mallik;Main Rahoon Ya Na Rahoon;Main Rahoon Ya Na Rahoon;69;309457;6f3ANRNQ8nCiPZ6VqXqq93
amaal mallik;Heer Raanjhana (From "Bachchhan Paandey");Heer Raanjhana (From "Bachchhan Paandey");66;240117;4lmtILzOIIvOzMBPMUzvKx
amaal mallik;Chale Aana (From "De De Pyaar De");Chale Aana (From "De De Pyaar De");63;271023;6vuMdb0E8buJeSHArN3dXk
amaal mallik;Kapoor & Sons (Since 1921) (Original Motion Picture Soundtrack);Buddhu Sa Mann;63;206858;1dxbiVeiV7nQ2V9qXnhJiB
amaal mallik;Hero;O Khuda;62;307451;5bdX7jiXtSbHX35pgxJo8p
amaal mallik;Jaan Hai Meri (From "Radhe Shyam");Jaan Hai Meri (From "Radhe Shyam");60;274947;38TO59989lXAdlTJfEzGeg
amaal mallik;2016 Shinning Star - Armaan Malik;Hua Hain Aaj Pehli Baar (From "Sanam Re");60;309272;4TAdD9qxGEZR8hQQL3DXH8
amaal mallik;Ghar Se Nikalte Hi;Ghar Se Nikalte Hi;58;282686;1Dw8GkFpFjUpNTUpfF5lee
amaal mallik;Sanam Re;Hua Hain Aaj Pehli Baar;58;309272;2ygHwkk6BE4o1YKF2jhrFX
amaal mallik;Mesmeric Vocalzz - Tulsi Kumar;Salamat (From "Sarbjit") (feat. Arijit Singh, Tulsi Kumar);57;269996;0oyXtweTvTKBU8YlQFma0G
hybs;Ride;Ride;67;181622;7fyVBKYJYMP42nNr9RFTAT
hybs;Making Steak;Ride;64;181622;37HhnXqIRFSSJXWsysl6B7
hybs;Dancing with my phone;Dancing with my phone;63;203532;4Zh9zZmEBoDLTKQRjXwict
hybs;Making Steak;Dancing with my phone;59;203532;6ppefZt5uQ62aHAfSa1Jx9
hybs;Making Steak;Would You Mind;59;202750;5kbvcxWFMPNY1zPI3y0wHa
hollow coves;Wanderlust;Coastline;74;233973;4sDbdBjuYQVdNNB4PiHUPo
hollow coves;Wanderlust;Interlude;66;60013;4cJsJdwEp3y4K1slV5fRZm
hollow coves;Blessings;Blessings;63;250933;4QpnTJdniesQvZfHfzLTXJ
hollow coves;The Woods (Acoustic);The Woods - Acoustic;63;239960;7MIMNleq34UeRnlLRdPpGY
hollow coves;Wanderlust;The Woods;61;241546;5377z0OljWvRR7CdSQrJxP
hollow coves;Evermore;Evermore;60;223846;7LdUTzOChvJJbJPZNhJj5X
hollow coves;Moments;The Open Road;60;200133;2Dj9OOoQHG5f0jlL5vt7Ve
hollow coves;Wanderlust;These Memories;58;313480;3ZOD3aghbxBkgKsLu2jOEK
hollow coves;Purple;Purple;56;265962;5zzbToGMuEli0E7RVFIhDA
pnl;Que la famille;J’comprends pas;74;283493;1CxtymiucDK0AB9vgGZ6q2
pnl;Deux frères;Deux frères;73;247459;6hzi3AGB39FjxFqcjgbWs7
pnl;Deux frères;Kuta ubud;40;304795;5aIED8wcFVv4Kbi1uX9O4h
la bouche;Best Of La Bouche feat. Melanie Thornton (feat. Melanie Thornton);Be My Lover;68;240866;3vSn1frPgFcRXrjWOfhMLl
la bouche;Greatest Hits;Sweet Dreams;62;204586;2wz5weI4PREzpexKfrKgwv
la bouche;Best Of La Bouche feat. Melanie Thornton (feat. Melanie Thornton);Sweet Dreams;57;204586;1M3Im6Xjl0QUKbP9VAXxVf
delaney bailey;j's lullaby (darlin' i'd wait for you);j's lullaby (darlin' i'd wait for you);71;290132;7LNm1oWd6PniO9wRYpNY5o
delaney bailey;Finish Line;Finish Line;62;158048;1FzXRK8g8TxVdL8UjSWaRC
delaney bailey;Oh Love;Oh Love;54;164666;28Obqqr7EtnSNul1TJiQcX
kavita seth;Rangi Saari;Rangi Saari;69;214000;3F2BSn4ayglzMwquBRHZq6
kavita seth;Iktara (Lofi Flip);Iktara - Lofi Flip;66;173973;7JOFplrLQfYkuEcWCASZDo
kavita seth;Neerja;Jeete Hain Chal;52;248778;7kl1KAzW5O4gOAesaHxiq0
bump of chicken;SOUVENIR;SOUVENIR;74;264126;7qOsSOpiL3R8RKyiBtIYNQ
bump of chicken;Butterflies;Hello,world!;58;248453;1YqVJ2YSgwxWpfuENocF2t
bump of chicken;アカシア;アカシア;55;262106;0tvPnYDLySJL9g7OHNJeyb
jatin-lalit;Fanaa;Chand Sifarish;72;275931;5EYZZvmNAH5VZCwuzYJqoA
jatin-lalit;Kabhi Khushi Kabhie Gham (Original Motion Picture Soundtrack);Bole Chudiyan;65;408133;1uzkWkIaWaxzHJgJ4Fy5rO
jatin-lalit;Fanaa;Mere Haath Mein;64;285857;6oUK2k9OJ0WvmVveyauFB7
jatin-lalit;Kuch Kuch Hota Hai;Kuch Kuch Hota Hai;64;297866;4RixtPhUXlci9ad4qIMj23
jatin-lalit;Mohabbatein;Aankhein Khuli;62;422713;16XEVyPh5NT31CAAqPbxQF
jatin-lalit;Kabhi Haan Kabhi Naa (Original Motion Picture Soundtrack);Ae Kash Ke Hum;61;310426;1qyib2Wb5YTbNzZi7QMhEY
jatin-lalit;Kabhi Khushi Kabhie Gham (Original Motion Picture Soundtrack);Yeh Ladka Hai Allah;60;327226;0IYpKZhCeoXB85BslBg3q5
jatin-lalit;Hum Tum;Hum Tum;59;329221;6YRbDkyTzsizAWFz8kwiI7
jatin-lalit;Fareb;Yeh Teri Aankhen Jhuki Jhuki;58;200751;13sdG92svhRtVjDLpmW5wG
jatin-lalit;Mohabbatein;Humko Humise Chura Lo;58;473025;4T3VAoUDvCJkX5OSYXnng0
enhypen;DIMENSION : ANSWER;Polaroid Love;78;184601;5elW2CKSoqjYoJ32AGDxf1
enhypen;BORDER : CARNIVAL;FEVER;77;172106;0UzymivvUH5s8z4PeWZJaK
enhypen;MANIFESTO : DAY 1;Future Perfect (Pass the MIC);77;180750;6PRy17C5LiiN7VCLS6IA98
enhypen;BORDER : CARNIVAL;Drunk-Dazed;75;193260;1wcr8DjnN59Awev8nnKpQ4
enhypen;MANIFESTO : DAY 1;ParadoXXX Invasion;72;187490;3OC2C8IpFhbUJTeMe55QYn
enhypen;MANIFESTO : DAY 1;SHOUT OUT;72;228115;5Z2DNRAhs6r4VdINVkRhYY
enhypen;BORDER : DAY ONE;Given-Taken;71;183090;69WpV0U7OMNFGyq8I63dcC
enhypen;DIMENSION : ANSWER;Blessed-Cursed;71;170805;7ecbsiAQ6PNdiAq0hplVZo
enhypen;DIMENSION : DILEMMA;Tamed-Dashed;70;196170;1zoyteFQmeUUqyOl2Xznpy
enhypen;One In A Billion;One In A Billion;69;196392;66wQlkJP6zHNOzRkyo5yZS
enhypen;MANIFESTO : DAY 1;TFW (That Feeling When);69;197795;3bI34Ts8OMPfIpoPqzyZgM
enhypen;DIMENSION : DILEMMA;Go Big or Go Home;67;201707;6IqKFke4ZhKbGYULllEezY
enhypen;I Need The Light;I Need The Light;66;185293;69mhZKG0nDbSK7NoINWEsE
enhypen;BORDER : DAY ONE;Let Me In (20 CUBE);66;189858;4eOcd47wPU3ixxYw0spREl
enhypen;BORDER : CARNIVAL;Not For Sale;66;181196;3dG1jxbfBIZvzyFwAcsmS0
enhypen;MANIFESTO : DAY 1;Foreshadow;65;147485;2RmGQmFyJetffds9FSRm3c
enhypen;DIMENSION : DILEMMA;Just A Little Bit;65;167820;3QdjLOemIcMZovVOnvJP7P
enhypen;DIMENSION : DILEMMA;Upper Side Dreamin’;64;189402;6oSCR9n71tmwWL3GFb65Ec
enhypen;BORDER : DAY ONE;Flicker;63;144370;3TgPwLFXV6GEIsDZANHktY
enhypen;BORDER : CARNIVAL;Mixed Up;62;183259;6S0By3u06ttb3kU2XEtWnw
enhypen;Make the change;Make the change;61;187000;3nV2Yjy2aJjUl74p0tEfWf
enhypen;HEY TAYO;Hey Tayo - Tayo Opening Theme Song;61;111386;2A7A3KF4NHFjW3ygFSt7In
enhypen;DIMENSION : DILEMMA;Attention, please!;61;167594;59qDYPZPkMPl8qSYRig1xn
enhypen;DIMENSION : DILEMMA;Blockbuster feat. YEONJUN of TOMORROW X TOGETHER;59;227453;08XshFxOo9rcQagObgcoK6
enhypen;Always;Always;59;186872;6bLZ6JV1mAGz4xfS1ZwOMV
enhypen;DIMENSION : ANSWER;Go Big or Go Home;58;201707;0nh0uf3eB4JEjv4jQxj5eP
enhypen;DIMENSION : ANSWER;Tamed-Dashed;58;196170;5W5PhqcQDV539PJP9jdmrT
enhypen;MANIFESTO : DAY 1;WALK THE LINE;58;123822;0xDVPc5W2jYqO6p9NisCI4
enhypen;BORDER : 儚い;Forget Me Not;58;203893;3QA3KfGs1UvSEZkWcio81R
enhypen;DIMENSION : ANSWER;Just A Little Bit;56;167820;0nyjSQaOraSpDDnadBJU49
enhypen;DIMENSION : ANSWER;Upper Side Dreamin’;56;189402;7vVgN04eLKRBb7MW7pfOT0
enhypen;DIMENSION : ANSWER;Attention, please!;55;167594;3MdLQBiKHUO4DpXNiodNTY
enhypen;DIMENSION : ANSWER;Blockbuster feat. YEONJUN of TOMORROW X TOGETHER;54;227453;6J6C4MvMeIxNMxysfkyMKU
enhypen;DIMENSION : 閃光;Tamed-Dashed - Japanese Ver.;54;195920;6pu3d534uImXPTd2ef7Yr2
enhypen;DIMENSION : 閃光;Always;53;186920;3xGTUo0WtGSwCSxLIhCn0r
enhypen;DIMENSION : 閃光;Drunk-Dazed - Japanese Ver.;52;193146;2PE9H3nIrrQvHuWCbKglpe
enhypen;BORDER : CARNIVAL;Intro : The Invitation;52;130882;6gGpF8V8miC4O0GZUqSZ9a
enhypen;BORDER : 儚い;Given-Taken - Japanese Ver.;52;184600;2T7E6Gl6XxB8UnuqrufqYT
enhypen;BORDER : DAY ONE;Intro : Walk the Line;52;108633;3yXUG6wZczeYgCE3L0z2pD
enhypen;DIMENSION : ANSWER;Outro : Day 2;50;112289;4mFOAfQQZ1U3NVBoamJfGR
enhypen;BORDER : DAY ONE;Outro : Cross the Line;50;115433;3jkDtDzZKCmWtDccH7UUsq
mehro;SKY ON FIRE;chance with you;71;215515;7qFtcljd0PZ5kJZos70YjT
mehro;SKY ON FIRE;perfume;70;149668;1kvkYrjZh561EJwERr8EsK
mehro;SKY ON FIRE;hideous;64;193803;0c0uFehhA1ekbQmqZ0HKeb
mehro;SKY ON FIRE;the same;63;204457;03OjIsSVv8mwp58p3iK87o
mehro;Dark Corners;pirate song;61;191241;0wnZAXlg3CPUgAKFQblzff
mehro;SKY ON FIRE;lightning;60;188335;5tlMPoBvqEWIV8XOyM6Zcd
mehro;like you're god (AWAY Remix);like you're god (AWAY Remix);47;185142;1B4KDy5VAXxR8FayLvWlJu
monty datta;Can't Love Myself;Can't Love Myself;68;122723;0MO1qNhm8aRZchi8CJlIRo
monty datta;Say Goodbye;Say Goodbye;64;150415;3xNIVmBIe839tAsoGe3A4b
monty datta;Sing to You;Sing to You;64;153627;36KJECppZif5yIwfwk1V0U
monty datta;With Somebody Else;With Somebody Else;53;161406;04BwBjVvvHshN9RbqNXfWQ
vancouver sleep clinic;Revival;Someone To Stay;72;254013;2xlV2CuWgpPyE9e0GquKDN
vancouver sleep clinic;Someone To Stay;Someone To Stay;60;254013;7tMbZ0RGW0jFsBw7ipEPEV
vancouver sleep clinic;As It Was;As It Was;59;190000;7a7gUCiBV0dgXziowAlR96
vancouver sleep clinic;Middle Of Nowhere;Middle Of Nowhere;58;402654;7gUpHwmxXyJ4JVra6UHpKA
shafqat amanat ali;Ra-One;Dildaara (Stand By Me);69;249660;6ZoCBDOB308GqUdt2AJrV2
shafqat amanat ali;Yaariyan;Allah Waariyan;62;314522;6YYVzVapUF3UnZQ0igasl3
shafqat amanat ali;Jodi Breakers;Darmiyaan;59;353500;163jamCc6vC1HQKpbu2jxC
shafqat amanat ali;Patiala House;Kyun Main Jaagoon;59;342064;6wsMVa2M6Ktea2UbnVoMvO
zac efron;Rewrite The Stars;Rewrite The Stars;74;217440;630sXRhIcfwr2e4RdNtjKN
zac efron;The Greatest Showman (Original Motion Picture Soundtrack);Rewrite The Stars;74;217440;65fpYBrI8o2cfrwf2US4gq
zac efron;High School Musical 2 (Original Soundtrack);Gotta Go My Own Way;67;222360;5rWIO1uP0GwAoU45RTBJ2F
zac efron;The Greatest Showman: Reimagined (Deluxe);Rewrite The Stars;34;217440;3TpQSUTOSzTUwrgtvl4lRa
elle king;Drunk (And I Don't Wanna Go Home);Drunk (And I Don't Wanna Go Home);75;245625;0QULNNd9z5s35entfiiXoa
elle king;Love Stuff;Ex's & Oh's;73;202173;70eDxAyAraNTiD6lx2ZEnH
elle king;Love Stuff;America's Sweetheart;61;245546;2NcstvY8H9PVQ0DMNGHckh
elle king;I Know Where I've Been (from the Netflix Film "Luckiest Girl Alive");I Know Where I've Been - from the Netflix Film "Luckiest Girl Alive";52;219973;6Nm4X6HWL4TNSMGClw52Xf
elle king;Shake The Spirit;Baby Outlaw;50;199840;6duWrSlajEdgjAfaiKZV31
the who;Who's Next (Deluxe Edition);Baba O'Riley;76;300400;3qiyyUfYe7CRYLucrPmulD
the who;Who's Next (Deluxe Edition);Behind Blue Eyes;71;221426;0cKk8BKEi7zXbdrYdyqBP5
the who;Tommy;Pinball Wizard;68;180943;6LbbHFEajG9e4m0G3L47c4
the who;Who's Next (Deluxe Edition);Won't Get Fooled Again - Original Album Version;67;511400;0cJPLFrlV7TTCyPLupHzcH
the who;Who Are You;Who Are You;65;381626;23IJ5wLRhEZ9DOuia5mPiZ
the who;My Generation (Stereo Version);My Generation - Stereo Version;65;198706;4u9f8hqstB7iITDJNzKhQx
the who;Meaty, Beaty, Big And Bouncy;The Seeker - Edit;63;190373;5orygsZ5Ga0jEOvftsXqw2
the who;My Generation (Stereo Version);I Can't Explain - Stereo Version;53;125967;0xHxeH4QTqlfNrQvczkoTA
the who;Stranger Things: Soundtrack from the Netflix Original Series, Season 3;Baba O'Riley - ConfidentialMX Remix;48;153986;5iq0Tela3gm73ZW72XZ5dm
the who;The Who By Numbers;Blue Red And Grey;46;166906;6XtsMEFQ0M0X2yzMcqLSF6
jillian rossi;Give Me A Reason;Give Me A Reason;65;135306;1qWV2QMhVwWRDAbirrkkf1
jillian rossi;Fever Dream;Fever Dream;64;171000;6YNdQ5utvFnK4CTAnBga06
jillian rossi;Not Used To Normal;Not Used To Normal;63;122831;7hOCTGGlJBfdenJDrjduht
jillian rossi;Hurt Again;Hurt Again;62;126562;3gdiyrJ3d1FGnYnCrVKwph
jillian rossi;under the weather;under the weather;57;151459;11D34qsYDowIcDVzJaHz1X
jass manak;No Competition;No Competition;67;205500;1TRgZ55GFCKSbrTb62rmra
jass manak;Prada;Prada;63;182115;6wWxQMhQgOCbmQkdOGslT4
jass manak;Naah;Naah;62;185574;50BYymJYX2k7hnmfiXnYXs
jass manak;Naah Lofi;Naah Lofi;61;198995;7B8WJgjZzzV1uS7v9z8FGX
jass manak;Tera Mera Viah;Tera Mera Viah;61;197142;1XWCqa4qi714D7THtTk4Xk
jass manak;Age 19;Viah;59;162441;12V0iduYsoXxsQYTSeFB2H
huma;Ons;Ons;71;193239;07UDTaRYJAsIhUZTyZSUzM
huma;Sálvora;Sálvora;64;173097;4DQQVW7EsOWJKd4OMRBB0x
huma;A Illa;A Illa;62;202281;2VTvUT7mn0fEh39q5yh0KW
huma;Vilán;Vilán;62;171815;6Qsxgw4T1okHKm2oPkLOxC
huma;Candieira;Illa Pancha;59;160000;1aU0CFHRycE2Va7CVmDZEX
huma;Cíes;Cíes;55;155777;1JuU4qEEZgSZbXotwMRpQF
armaan malik;Kabir Singh;Pehla Pyaar;76;272532;0ojpEubhy4JNeVftmVuiN7
armaan malik;Tu/You - Spotify Singles;Tu / You;71;142511;4L6hCEc9xFf01U4d66JzK0
armaan malik;2016 Shinning Star - Armaan Malik;Jab Tak (From "M.S.Dhoni - The Untold Story");66;174039;6tkl6rjuXWtVOCaXSSSCz2
armaan malik;Baar Baar Dekho (Original Motion Picture Soundtrack);Sau Aasmaan;66;234737;0zHZSO80CTxNtvtRhveHRJ
armaan malik;You;You;65;194477;52INmBPUsLUQ6to3WnGWUm
armaan malik;Kaun Tujhe (Armaan Malik Version);Kaun Tujhe (Armaan Malik Version);65;160485;5fjIpQa7O7ttgx64TN9lZR
armaan malik;M.S.Dhoni - The Untold Story;Jab Tak;64;174039;35RWttZt8zGGzT0mWtlXpn
armaan malik;Ala Vaikunthapurramuloo;Buttabomma - Telugu;64;198782;0dnDTvdUco2UbaBjUtPxNS
armaan malik;Azhar;Bol Do Na Zara;63;292826;6eO9LvEiMqh1CAsa6y3wXP
armaan malik;Dil Mein Ho Tum (From "Cheat India");Dil Mein Ho Tum (From "Cheat India");62;326765;1mjWhM7GQTTxJxg2F0iCRS
armaan malik;2016 Shinning Star - Armaan Malik;Bol Do Na Zara (From "Azhar");61;292826;3XQ15TDH5wMJMJr0X6u2Yc
armaan malik;Tholi Prema;Ninnila;60;234883;2DDOQBKGmkv7bPoYF1bELz
armaan malik;M.S.Dhoni - The Untold Story;Besabriyaan;60;255738;0pWcUM0z72DhTW7j0fa0QM
armaan malik;Memu Aagamu;Memu Aagamu;59;167547;4C81bkQ2tkMmYk4bGFCrv5
armaan malik;Tere Mere (From "Chef");Tere Mere (From "Chef");58;343544;4lBO4Q7Pa816Mk3ptYcYUz
armaan malik;Hate Story 3;Wajah Tum Ho;58;357633;4RzaXbufKNBwaFuzJhGur5
armaan malik;De De Pyaar De;Chale Aana;57;271023;4clW7QGXTCYU5F5dTyfFJ2
armaan malik;Baaghi;Sab Tera;56;228116;5uUEytfFSWfTzu5EqZxQju
armaan malik;Vikram Vedha;Yaara;48;232164;19gWKISRrdEpywKRkZHphI
amos lee;Amos Lee;Colors;64;160453;72SPsHheqN6J3sI520jT9E
amos lee;Amos Lee;Arms Of A Woman;60;251440;37pK088xTo1ZpR3y23wsFk
joy williams;Front Porch;Front Porch;64;231813;5sVyefkGgQeYCgnqr4KslQ
joy williams;Front Porch;The Trouble with Wanting;60;235586;5ZUObJNpVt2l9GogUSfALc
layto;Ghost Town;Ghost Town;62;193846;1b7DozY0xHWXU1T84Lck1z
sanctus real;My God Is Still The Same;My God Is Still The Same;66;205146;18QN5s8wxFP61qsKPLiBue
sanctus real;Changed;Confidence;58;181812;2u9FerEIRu8IbfHUbPjERP
missio;Loner;Twisted;66;222706;4TQcARE7Fd58akNhr3N7AE
missio;Loner;Bottom Of The Deep Blue Sea;58;231586;6AvslIXIi9iaGvukefyVVK
phosphorescent;Muchacho;Song for Zula;62;370200;6Thn8AOHIwPCkf2O4ZgfC2
baby queen;The Yearbook;Dover Beach;62;218053;5BCYtpbTyUQSMRwDVPb5wk
louis capone;Bars No Jutsu;Bars No Jutsu;62;148642;5H9VMgnzuU62NYzWdJlqae
the blue stones;Black Holes;Black Holes (Solid Ground);62;185960;6JsiDFQRx7GHcuf2UroSYB
john smith;Headlong;Far Too Good;62;219333;1WUHeOPayLKPMG35uBJVUj
atarijones;Early Catch;Make It (feat. The Weeknd) [DJAmg Remixer];62;102243;6q4EtrwC14rUa98NhI0vKx
fatboibari;Moonlight Shawty;Moonlight Shawty;71;167994;7wkgkIBYBH3xV2ob9Zmh87
fatboibari;Romance Garbage;Romance Garbage;60;122070;3HbzI6XvbXEl0rm9E2yQwa
fatboibari;Chill Calling;Chill Calling;55;99474;5ufI5Y3qHuOkt9xXQrXktF
jesse gold;Stupid Hours;One In A Million;62;178635;6m6Xew8uyUBkVqQ0EbJNSN
mounika.;I Need Space;Tender love;63;203500;1CM16VHSXw4CcvZUPsa8CU
mounika.;How Are You;Cut My Hair;61;127137;3DYZKxjG8SZrWpVcoUilqQ
jesse barrera;Constant;Constant;62;190348;12ZYXSzFJUSrFyO1u3Ylqx
tob duke;$ad Boy;Spaceship;62;151658;2424U9txykZM3ts7f5gsq3
meynberg;Lights Go Down;Lights Go Down;62;158769;2Od3Ysez43Zq6SgUijASW1
jack;One Wish;One Wish;62;189511;6lAZBhpYBqxuiM95lMEjGp
eruption;4 Hits: Eruption;One Way Ticket;62;213200;68MSCSP7Y6PnzXcW1IlN7G
kevin mckay;Summer Of Love;Gimme Gimme (feat. Bleech) - Club Mix;62;210476;7h302xynmk4C047bIwq5t7
delegation;Oh Honey;Oh Honey;62;356200;3TiCuJiisBOB9HzKAM6FDG
phats & small;Turn Around - Single;Turn Around - Radio Edit;62;212146;2nx86MrPkXWQctveAEFJBf
atlantic starr;All In The Name Of Love;Always;62;288493;2TQaMcc3BEAF5Srn7FCipl
the three degrees;The Three Degrees;When Will I See You Again;62;178746;02srSkeu2pzybuVr2B9TJm
mbnn;ilomilo;ilomilo;62;181045;5zZaxeRo4e09KUJ5sbEC7Q
big gigantic;Brighter Future;All of Me (feat. Logic, ROZES);62;228169;3ISiZ0GzocM9ssIwqRn1AW
omenxiii;Corrupted;LED;70;134451;0s1MIn7UaPbAfq85CnKVl6
omenxiii;Misfit;Drop Dead;54;144090;6Hp3xWVKOJF2G2qWIVR7FQ
cold hart;Me and You;Me and You;65;224813;3f1ChZHm6v4KdUaEW5y5qd
cold hart;The OC Season 3;Dying;59;209583;4tRSUIr61rjZd4oUQuGVDe
wett brain;Suicidal;Suicidal;62;142988;4RPSpwcOe5NgQloQS2CDGp
guardin;i think you're really cool;i think you're really cool;62;160660;78cIbVjU1xn7mbQ9i35avl
there for tomorrow;A Little Faster;A Little Faster;62;184546;0YwqJeTUyviMJw70jRt9ET
killstation;Extinction;Extinction;62;84558;3nF5bxOE63ZU6JiU4IJQB8
killstation;The Two of Us Are Dying;Sarcoma;62;134209;6gTbAJOvivFXwkOEhSIOtS
killstation;Spiralia;Spiralia;62;78926;63yPnzpuLKgNPITWaP1eFG
yunggoth✰;Idk How to Kill Myself;Idk How to Kill Myself;62;136620;5ZJUvZxyzvJmi3sWQaWTHL
wifisfuneral;Wya?;Wya?;62;124231;4N7CYBbsvCggth7pXcVgOy
hugo;Old Tyme Religion;99 Problems;62;137426;7hN5TKSdRb56uytwIpcUES
daniela andrade;La Vie En Rose;La Vie En Rose;62;105500;0VxocBntP1XTZRsR9ZURPS
aquilo;Silhouettes;Silhouette;62;230416;0ygOBx60exSPPvnI4sS28r
fink;Hard Believer;Looking Too Closely;62;310693;7bhI6rnvaVw8qgZPn32qE0
hayden calnin;Warm With You;Warm with You;62;247749;0Pj6KjqwmJNdIOttPShZC9
lissom;Lissom;Doppelgänger;62;209814;7qjF1j0sMTLcmiTKXwVh09
indigo pool;Broken Waves;Broken Waves;62;146351;7ID9hY0L3R4GKtvUThHa0q
two another;Keeping Me Under;Keeping Me Under;62;218926;79ZQoLroAAQYHM9sJ1kbGh
yung bae;Bad Boy;Bad Boy;62;187570;1dtTRXifeGC51adYy0902s
acestoaces;Memory Lane;Memory Lane;62;135019;5QOhIyCkKcHzBSHLHZaF39
high sunn;Hopeless Romantic;Ramen Waitress;62;150244;2f4AQJ0A6IRWxSxudtzS5k
i am king;Impossible;Impossible;62;225883;0aJglfKKlSuhwws0EU6Q5v
m.o.p.;Warriorz;Ante Up (feat. Busta Rhymes, Teflon & Remi Martin) - Remix;62;247693;5osSw3tL07Tuid7AWsvYcc
guri;Nira Ishq;Nira Ishq;69;181514;0Id2IzhR3w50aP2PHfMUE3
guri;Billian Billian;Billian Billian;59;177600;1FdbP9ZAcqQnOcda55boaL
guri;Yaar Beli;Yaar Beli;58;211796;12afGworQ5MJaw8M8hBd9b
hiphop tamizha;Imaikkaa Nodigal (Original Motion Picture Soundtrack);Neeyum Naanum Anbe;66;285250;0zsA45R0SQPfqC5TyDOqY8
hiphop tamizha;Meesaya Murukku (Original Motion Picture Soundtrack);Sakkarakatti;65;189358;1PaxAUxLEVpi75l0nDtwu1
hiphop tamizha;Imaikkaa Nodigal (Original Motion Picture Soundtrack);Kadhal Oru Aagayam;64;161762;6EwRpLL5QThnF2k1sZzQpC
hiphop tamizha;Thani Oruvan (Original Motion Picture Soundtrack);Kannala Kannala - The Melting Point of Love;63;215456;4nSwWiwtieiNmRAjy9fEXN
hiphop tamizha;Takkunu Takkunu (From "Mr. Local");Takkunu Takkunu - From "Mr. Local";62;212727;4FL8i7miD18FuMN08XGKcM
hiphop tamizha;Vilambara Idaiveli (From "Imaikkaa Nodigal");Vilambara Idaiveli - From "Imaikkaa Nodigal";61;273396;4sCcDvX30uu39ozvxcRsqB
hiphop tamizha;Kathakali (Original Motion Picture Soundtrack);Azhage;59;218158;2Racq7HrXkYvF8w9zXvlTp
hiphop tamizha;Mr. Local (Original Motion Picture Soundtrack);Nee Nenacha;56;268683;2gp0OtnltLdrcNhKHVL2qM
kahlon;Gucci di Sole;Gucci di Sole;62;168020;6RVmuLStrBGHGJ0CJhRh0U
nobodyknows+;vulgarhythm;Hero's Come Back!!;62;273493;7weHG0yOwtAcZ0qBhyODLF
ryokuoushoku shakai;Shout Baby;Shout Baby;62;265986;5K1m4aaPCxwnm9SKlWW1vh
raspberries;Raspberries;Go All The Way;62;205346;75GQIYnRaBg7ndHxhfYuQy
miles davis;Kind Of Blue (Legacy Edition);Blue in Green (feat. John Coltrane & Bill Evans);63;337733;0aWMVrwxPNYkKmFthzmpRi
miles davis;Kind Of Blue (Legacy Edition);So What (feat. John Coltrane, Cannonball Adderley & Bill Evans);61;562640;4vLYewWIvqHfKtJDk8c8tq
three four trio;A Simple Book;Evening Silence;62;267893;3ObWIAbtVhxTPguDsHT9vf
ailee;Guardian (Original Television Soundtrack), Pt. 9;I Will Go To You Like the First Snow;66;229678;2BPXILn0MqOe5WroVXlvN1
ailee;Doom at Your Service (Original Television Soundtrack) Pt. 1;Breaking Down;58;223706;4qXVjZZ48aShiyCqxhkuJP
gummy;Descendants Of The Sun Pt.4 (Original Television Soundtrack);You Are My Everything;62;240590;4s80CRYk3rRPZE56NvmFi7
younha;UNSTABLE MINDSET;WINTER FLOWER(Feat.RM);62;221133;4Eefey3uN90Abhbr47zKmC
oh my girl;NONSTOP;Nonstop;62;202760;5joNJn9LUvYcamWwa2iYCL
taeil;Twenty-Five Twenty-One OST Part 1;Starlight;62;225817;00Coyxt9mTec1acC52qtWa
joe flizzow;Satu Malam Di Temasek;Satu Malam Di Temasek;62;217184;5nsfVwWz1M1sug2ILCVygq
w.m.l;I'm Alive;I'm Alive;62;172282;0FfNFvy5KRRyB2snvK39zL
trash;Holy Trip!;終究還是因為愛;62;285222;53yiHIP3ptxWtT4ambRcgb
fozzy;Judas;Judas;62;250792;2QQDH8gt4nyxFu2XX6bhG8
miracle of sound;Valhalla Calling (Duet Version);Valhalla Calling - Duet Version;64;240759;3K92Zoo7QRawQAWQFXBF3V
miracle of sound;Level 11;Valhalla Calling;60;222539;6wt8KAK3PEPAixC4aqlHNt
aaren hughes;Summer Light;Summer Light;62;132681;3d8ujibjeeCh4tgyMwz2jk
james quinn;A Gentle Sunlight;A Gentle Sunlight;62;117625;2QV0SPhmLDd9jqshZRnLY5
carluccio;Adesso;Adesso;62;147000;0t0X7v3Qcq7wMviNjWaWDO
verney pépin;Je vous ai trouvé;Je vous ai trouvé;62;140505;4PLaetqDYcJK1e6VFb361C
milo liana;Aquiver;Aquiver;62;119234;3QaYNoyQzsOFfek0pTgqWi
maya åström;Om än bara för en stund;Om än bara för en stund;62;158591;37aia1wG2Ncz8AWjM4tPlY
tamara blake;Whirling sky;Whirling sky;62;169874;0ngwNemhn1nKmYHYZnJZmB
dean demir;Raconteur;Raconteur;62;107717;6a2LtHG5EH3GSjkkFVFFNK
saindhavi;Mayakkam Enna;Pirai Thedum;68;332711;7tMn4y7eBEMcUFIWZPaHCM
saindhavi;Deiva Thiirumagal (Original Motion Picture Soundtrack);Vizhigalil Oru Vaanavil;56;362533;4ccJUGIKd3Ul2IUYetNlWB
sean roldan;Mehandi Circus (Original Motion Picture Soundtrack);Kodi Aruvi;66;260310;7gXkeV2BHU3eLOMtsWs6nz
sean roldan;Vaayai Moodi Pesavum (Original Motion Picture Soundtrack);Kadhal Ara Onnu Vizundhuchu;58;225310;7IO5iU84tFIZ4kfvhrg4oZ
mayday parade;Punk Goes Pop, Vol. 5;Somebody That I Used To Know;62;205320;6JBX1drGsMrTE8JrAYYoou
del shannon;Runaway with Del Shannon;Runaway;62;137306;45Szkclj1lt4ubm7RFK68t
shae ot;Super Smash Bros Brawl Drill Beat (Life Ain't Fair);Super Smash Bros Brawl Drill Beat (Life Ain't Fair);62;189650;73PPGDE65hW7SaZ1zO5mud
letoa;GLOCSTARR V1;ICE COLD;62;156606;6uF3fb3UxjoVl7Ic781L9N
hugo & vitor;Respeita Minha Dupla (Ao Vivo / Vol. 1);Problemão - Ao Vivo;62;137957;2XP7Is6c69WaPgX2Kr65l7
jamie muscato;Heathers the Musical (Original West End Cast Recording);Meant to be Yours;62;210440;6zQPRiKYLdpAIn5HDtzDYc
christy altomare;Anastasia (Original Broadway Cast Recording);Once Upon a December;62;179840;3jMy7ITBiLgVwC15RBK9Hp
zoe clark;Zero Feelings;Zero Feelings;62;154759;1b5qdsOkBg9R0S12ng3Ees
trang;Chỉ Có Thể Là Anh;Ngã Tư Không Đèn;62;218250;73fFRs03s0gtjggfMW213L
pearl melendez;Tiniebla;Tiniebla;69;209250;1uGy4uNI3SeVUien40Dtzo
pearl melendez;Lejano;Lejano;55;200150;0MhfZWXe9tMrtB80z974QY
mila harper;Mo Chroidhe;Mo Chroidhe;66;182741;01yqm6MIIlCdOXCtrYJpRx
mila harper;Reoite;Reoite;61;142638;6DCLjXH0ak1YerLNW2hwcI
mila harper;Gan Duille;Gan Duille;59;151522;1Xs8qLgBD1IeblneE69YsV
universo;Galaxia;Viento Estelar;66;185943;0f5IlhiVWUUq4SGHyrRxIt
universo;Planetas;Ciclo Solar;63;193607;5igYXEgB6IPo7LNtQ71ZMT
universo;Universo;Universo;57;176952;48mOMNLnlbok3W6anP7sTS
lumi couri;Luova;Luova;64;124805;1fMnqF3hdQWXiC5Amb9EI0
lumi couri;Taivas;Taivas;60;144121;7lKhxWhv5sPG9MBaDfdJL7
aysha mathis;Winter Morning;Winter Morning;62;215000;5eKSEgKZA7CL7mA6BDX5I2
aysha mathis;Unavailable;Unavailable;62;199491;3JvHEEbo89vp4EJw0PZMPJ
sailors of the 7 seas;Shape Of A Dream;Shape Of A Dream;62;186218;7M7YsLJWsyu87my5ZnAxau
eleonora feldt;Allt finns kvar;Allt finns kvar;65;239224;6eTRQbYbCnrnm0ghn4eUNd
eleonora feldt;Ljusa Drömmar;Ljusa Drömmar;59;158982;5HkG3ZdLOVZQI4rpUdGZCa
prescient liquids;Heliotropism;Monrovia;62;210000;7JYgex93ldydsVqr6Um2nD
the lay-backs;Close At Heart;Close At Heart;62;215439;6HTFfsnSvXpraVQrrYDN3U
månvarv;Nattljus;Nattljus;62;199250;5pGG0eGQcA71HLo4jKQY90
norris melcher;Cloud Study;Cloud Study;62;190000;3rAchCb8ZxPuKJVXxQX6ui
invisible motion;Luminous;Luminous;62;178285;3KbmeqpwQMymXHdhzaAFms
de seu;Origami Age;Origami Age;62;170565;121YyIOmTlu4Da9HgkZrJU
klaangen;Sequoia;Sequoia;62;173381;52uw4LhiFFnIHduoLVILMm
shaker;Next;Next;62;177548;4DcsVmrZKyKWhNOKbMMMQH
álvaro de luna;Juramento eterno de sal;Juramento eterno de sal;66;205546;23E53f3C9SJ9MqBh1f6hEw
álvaro de luna;Levantaremos al sol;Levantaremos al sol;64;223630;3QAzPYumpjW6pi9ah0056Y
álvaro de luna;Levantaremos al sol;Juramento eterno de sal;60;205546;0tu5F0rmLZYIdUMEvfRXAo
álvaro de luna;Levantaremos al sol;Levantaremos al sol;58;223630;7iW1sJFKISpdIwcduuNigj
nolasco;Como te dé la gana;Las cosas pequeñitas;62;277546;2MfzKUwj8ZTswNxY0A8GEA
besmaya;Matar la Pena;Matar la Pena;62;152553;0MN2EfM4BDyFaLgSWbf1Fq
hens;Batmóvil (Remix);Batmóvil - Remix;63;210000;3yOmf3oK10XIVRc99bwSyO
hens;Hensito;Dos Días al Mes;61;170322;4Ws1SBzrc8MgbtxVyXFfyP
guitarricadelafuente;Guantanamera;Guantanamera;62;190762;5QAya5bSSiKlh1h4qeeq38
natalia lacunza;Otras Alas;nana triste;62;187016;721Lxh9pNJJhNERON4Zjmw
rammstein;Rammstein;Deutschland;77;322339;2bPGTMB5sFfFYQ2YvSmup0
rammstein;Sehnsucht;Du hast;75;234226;5awDvzxWfd53SSrsRZ8pXO
rammstein;Zeit;Dicke Titten;75;218593;5KTBaWu8IOczQ0sPWzZ7MY
rammstein;Mutter;Sonne;74;272440;3gVhsZtseYtY1fMuyYq06F
rammstein;Zeit;Armee der Tristen;74;205589;514GW1c9Jn21KgZmO6mZIE
rammstein;Zeit;Zick Zack;72;244365;2w7Ca8DNYXBCgA6Bht7o0N
rammstein;Rammstein;Ausländer;72;231603;7j43FohbLVulScL7S9sQZk
rammstein;Zeit;Angst;72;224801;0UuNO0yYvsMPlyLF7RfQlg
rammstein;Sehnsucht;Engel;70;264266;0xrkyEMkG4dVa5OMLQZOX8
rammstein;Rammstein;Radio;70;277397;5vZ4IeUenK2cHub2d7yfWk
rammstein;Zeit;Zeit;70;321686;2KsHzM4L7ThhNJB6MHXkPx
rammstein;Mutter;Ich will;69;217106;3X0K6fII7VIwL1URPrp8Ko
rammstein;Reise, Reise;Amerika;68;226760;1a8JpAL3vbAdXYrEABvOtb
rammstein;Mutter;Feuer frei!;68;188600;5aNH8inF5BsbThDeOLs7zs
rammstein;Rammstein;Zeig dich;68;255845;3d3k8g4GTVx9EFIFlOZOEX
rammstein;Herzeleid (XXV Anniversary Edition – Remastered);Du riechst so gut;68;291660;4yUcHLkHUwAPpKN0Uvdo8I
rammstein;Zeit;Giftig;68;188263;3Ye7vnZdrO2Gq5IyyH3cOp
rammstein;Mutter;Mein Herz brennt;67;279893;5ArNGisLzrNOIVwWajRRdt
rammstein;Rammstein;Puppe;67;273706;2iFgHPoa7FNHwgLnjXzu7F
rammstein;Mutter;Links 2 3 4;65;216733;52XYwQKlXp7scE7KrBBCID
rammstein;Rammstein;Was ich liebe;65;269045;4anzVbFPUuZTw0KQeZ0qnu
rammstein;Herzeleid (XXV Anniversary Edition – Remastered);Asche zu Asche;65;231449;407eqFGqQc40KPf43YrQ44
rammstein;Zeit;Adieu;65;278211;56SLMIzWKrEOWIQ5LCzKXV
rammstein;Herzeleid (XXV Anniversary Edition – Remastered);Rammstein;64;267743;0Zfh4uDmJz3D44Qy9nYMqu
rammstein;Zeit;Schwarz;64;258108;2UK4qw712yzFh8vYYJGv2B
rammstein;Reise, Reise;Ohne dich;63;271173;4aFC7Mes7CW5vHcb8ZApAx
rammstein;Mutter;Mutter;63;268600;7jfZybgHr6yzp4iuMS2K8u
rammstein;Reise, Reise;Mein Teil;63;272413;39RKlCfLoqb8o2aXfpVfjW
rammstein;Rosenrot;Rosenrot;63;234706;50LmbBKCBeDRKYvpR7ApjG
rammstein;Liebe ist für alle da (Special Edition);Ich tu dir weh;63;301853;7ritPWOWvsthxFDxOz1OjH
rammstein;Liebe ist für alle da (Special Edition);Waidmanns Heil;63;212800;2qiNfSncVqWp4Do6D4a3Le
rammstein;Zeit;Meine Tränen;63;237045;0qGZkkxnyfGrUBLflKwBQG
rammstein;Zeit;OK;63;243720;1l0arEkM2grgUYMim5SggS
rammstein;Zeit;Lügen;63;229844;1LvyuaK3gMkd4MLxSEf9MO
rammstein;Herzeleid (XXV Anniversary Edition – Remastered);Wollt ihr das Bett in Flammen sehen;63;315850;2MC5MLUdhrVUWGHUFHvaLF
rammstein;Herzeleid (XXV Anniversary Edition – Remastered);Heirate mich;63;284648;33LTCp3HM36k7KuB7M3IHd
rammstein;Reise, Reise;Keine Lust;62;222933;7eeDeUM9E7b0vkDfRz20Zt
rammstein;Reise, Reise;Reise, Reise;62;251146;6bvTzuFABmFnAAmVZ3nlMh
rammstein;Liebe ist für alle da (Special Edition);Pussy;62;239080;50AB24h51HlBrp6PqOg50k
rammstein;Made In Germany 1995 - 2011 (Special Edition);Mein Land;62;233186;1Cssm6TMieYSFz8gQyPzxa
rammstein;Liebe ist für alle da (Special Edition);Haifisch;62;224906;5392GpKmAP3UvIAfHC8LAW
rammstein;Reise, Reise;Moskau;61;256306;4L9UGREMQBfYLmGwlACgTV
rammstein;Sehnsucht;Sehnsucht;61;244426;3oWFQPp5lL5x907hCcCRa9
rammstein;Herzeleid (XXV Anniversary Edition – Remastered);Weisses Fleisch;61;215998;3c02RAbOojbCSXQebk6Sf1
rammstein;Raritäten (1994 - 2012);Halleluja;61;224706;5lGk2d6vYXSv5RiLMHLsCZ
rammstein;Deutschland;Deutschland;60;322339;1T8IRUJBga0JXioJZvxjBR
rammstein;Rosenrot;Mann gegen Mann;60;230560;0GxIAMtKFYTQZpR1avO6HB
rammstein;Rosenrot;Benzin;60;226000;1XanLfYUUBB6bLbnSh1KyU
rammstein;Rosenrot;Te quiero puta!;60;235626;0KwqP13BnZMIycfxnqWtK1
rammstein;Sehnsucht;Bück dich;59;201533;0HSVba6oa1QdUkco67C3e3
rammstein;Rammstein;Sex;59;236529;15f16lrsDzFeNpHYBTzHLI
rammstein;Rammstein;Tattoo;59;251658;6X5zsgjDlssIkv0sVYZgx1
rammstein;Zick Zack;Zick Zack;59;244365;5hPxC9i9lj9pJwg7DK2MvC
rammstein;Zeit;Zeit;59;321708;6eOGjyegLDZqCvCZ3divgp
rammstein;Angst;Angst - RMX by twocolors;58;240000;1kqx2Z9AXjbUCbPkUVbIRM
rammstein;Liebe ist für alle da (Special Edition);Rammlied;58;318666;1jBL8PB3CqDYjR0luCpX00
rammstein;Rammstein;Diamant;58;154298;1UZs9dauJnxrqYxMIzxnwC
rammstein;Sehnsucht;Tier;57;226066;0S2UfCA5A275xChEi9a6vU
rammstein;Mutter;Spieluhr;57;286173;0KFwkmCpsFqUs09Bs8iVFP
rammstein;Rammstein;Weit weg;57;260915;0sMmtnF7by7WPNeRXCam9H
rammstein;Herzeleid (XXV Anniversary Edition – Remastered);Der Meister;55;250558;5ft9yiGXI9o4bnbznZFP3U
rammstein;Mutter;Adios;54;228493;3zPvL6ZCSVAHvSZXNoAbkl
rammstein;Angst;Angst;54;224801;5N4vv1ax6LiMK7DCpIZt8l
rammstein;Mutter;Zwitter;54;257493;3Q70zeuBGJzhCOtzeBXoPS
rammstein;Rammstein;Hallomann;54;251634;2bHRnMtpXMUmzDHZrAyxne
rammstein;Herzeleid (XXV Anniversary Edition – Remastered);Laichzeit;54;262798;7lL7AgPCYvDHz8AI4nergA
rammstein;Reise, Reise;Amour;53;290906;1pOkWIJCshtoREcAcXmYSk
rammstein;Mutter;Rein raus;53;189973;4fPrxIohi60EZfNy2TlD44
rammstein;Reise, Reise;Los;53;263520;6IUhPMJf4iJQ3Go1CkHDsa
rammstein;Rosenrot;Zerstören;53;328933;4HLcqGelHzQY7nAhxhh1hO
rammstein;Made In Germany 1995 - 2011 (Special Edition);Sonne;52;245853;6VS4C2HnOQPivcjcAAlUMj
rammstein;Reise, Reise;Dalai Lama;52;338493;7fL0Tc5DGA7wLeXzkckiLW
rammstein;Reise, Reise;Morgenstern;52;239866;0gf9HMeZDXRexbuM5CihZg
rammstein;Rosenrot;Wo bist du;51;235360;2mZ7SXzf5mZkohPfDFIUET
rammstein;Sehnsucht;Bestrafe mich;51;216866;5QueZSIpWUbH4nLZlkjjkP
rammstein;Sehnsucht;Eifersucht;51;215866;2R5Zsb2TtsjHAEJFUZvf7v
wham!;Make It Big;Wake Me Up Before You Go-Go;80;231333;0ikz6tENMONtK6qGkOrU3c
wham!;LAST CHRISTMAS;Last Christmas;74;262960;2FRnf9qhLbvw8fu4IBXx78
wham!;Make It Big;Everything She Wants;65;302693;5hXEcqQhEjfZdbIZLO8mf2
wham!;Fantastic;Club Tropicana;64;265600;6tASfEUyB7lE2r6DLzURji
wham!;The Final;I'm Your Man;62;243093;2gG7E5OZi5D5QLRIctv63z
wham!;Make It Big;Freedom;60;302200;0PhU6i6Kei6x0CH3jocvA3
wham!;Twenty Five;Last Christmas - Remastered;59;267160;6wn2nmFn3wDuiMldRiuRuL
wham!;George Michael & Wham! Last Christmas: The Original Motion Picture Soundtrack;Last Christmas;56;264960;38p8YDx5gepOiK4SnEfoB4
wham!;Music From The Edge Of Heaven;The Edge of Heaven;56;270800;5AhRNIjYPBleR1lfHphcrE
wham!;Make It Big;Heartbeat;43;283666;6iQz54AGEoITB0wgFi3zfz
king;The Carnival;Tu Aake Dekhle;81;270000;0yCWDaAgOtg6TKlNCg9rwA
king;OOPS;OOPS;75;163200;5RrOyaV2xOAnf62uWj24dB
king;Ektarfa;Ektarfa;71;230903;70wFZWY6cKFxp3Qcq8uxH4
king;Champagne Talk;Maan Meri Jaan;66;194653;1418IuVKQPTYqt7QNJ9RXN
king;Pablo;Pablo;66;279120;1pW5BQT2ltq0NPSlbkev0v
king;Khwabeeda;Sinner;63;229104;4Znd47cztY1DEmoWWVcP74
king;The Carnival;IICONIC;63;178339;7xHG6LdShPMXeL5SllDprP
king;The Carnival;She Don't Give A;61;206134;4BWOTlwOwhdOGRZni7nxin
king;Champagne Talk;Dejalo;60;202826;0M4HcGtxIWVVH4rSNp6XhQ
king;Baazi;Baazi;59;208800;1vDK1yoxF0mOkckgDfPDj2
king;Tum Saath Rehnaa;Tum Saath Rehnaa;59;215536;4Ft4Tj0l8kzfKBv8vGuR4t
king;Champagne Talk;Champagne Talk;58;163008;7sp9SYjIBBniAJ7xa1nkZh
king;Champagne Talk;Na Ja Tu;57;202105;2JHX4L5wNhzxVMPwc7UMAw
king;Champagne Talk;Pablo;57;279120;4ggG5qVYvi1tzluIU0MXoo
king;Champagne Talk;OOPS;57;163200;20EQiQQYSyuifv6YMj64qP
king;The Carnival;Dracula;56;182400;0RRPAATvIWbP1BsvCaOYsO
king;The Gorilla Bounce;Desi Dan Bilzerian;56;201379;5vdWj5rEzg9lg5qbE98PmX
king;Champagne Talk;Broken Dreams;55;197351;5qoxoGIbLCLSMJXpxr5COw
king;Champagne Talk;Me & Me;55;276096;7I4JOGn1A3GzTiaEMsp3Ur
lucky luke;Cooler Than Me;Cooler Than Me;71;179760;525GY0mXYnxajolwgS8Eaz
lucky luke;Give It to Me;Give It To Me;68;186239;295xtgZ3JSGn94tYWbM5QG
lucky luke;F.E.E.L.;F.E.E.L.;59;204716;4pH3ZfOYekw7xcROweHa66
lucky luke;Drüg;Drüg;57;219260;5Q5TNh4wr6CPoXKrI2H6gx
lucky luke;Ghost Town;Ghost Town;54;143076;5MLDKUv7AkpIlmjy0hCBPf
aronchupa;I'm an Albatraoz;I'm an Albatraoz;72;166848;5MhsZlmKJG6X5kTHkdwC4B
aronchupa;The Woodchuck Song;The Woodchuck Song;61;154394;265SFiKBPvo5ojatV1egRk
aronchupa;Rave in the Grave;Rave in the Grave;60;162732;6Sf2YqGzNmVfSNpLFWuYbz
aronchupa;Little Swing;Little Swing;59;163809;66U0ASk1VHZsqIkpMjKX3B
aronchupa;Llama In My Living Room;Llama In My Living Room;57;181885;5OYUtKjALXnNjXRwTVStCK
bad wolves;Zombie;Zombie;69;254805;1vNoA9F5ASnlBISFekDmg3
bad wolves;Disobey;Zombie;66;254805;1eadPrzB2P0ikQcqhKSAtv
bad wolves;N.A.T.I.O.N.;Sober;57;195477;6Uaqf3LCwuVebfm5u3ndq9
bad wolves;Zombie EP;Zombie (Acoustic);55;259253;4Y2bR875LdPq9JILrY2FSw
eric carmen;The Definitive Collection;Hungry Eyes - From "Dirty Dancing" Soundtrack;74;251066;31H6au3jhblhr6MMJiXnCq
eric carmen;Dirty Dancing (Original Motion Picture Soundtrack);Hungry Eyes - From "Dirty Dancing" Soundtrack;62;248426;7eafuv44YprITfOdzfVLoU
eric carmen;Dirty Dancing: Anniversary Edition;Hungry Eyes;56;247320;3sTSo8X7UCDTVUVMJ63LJO
eric carmen;The Essential Eric Carmen;Hungry Eyes - From "Dirty Dancing" Soundtrack;55;251066;1VCo8IjwPT2xtZPWX4esyY
eggplantegg;閣愛妳一擺;閣愛妳一擺;66;278010;07plVccQ0N6FTTTonk3c2M
eggplantegg;愛情你比我想的閣較偉大 -《當男人戀愛時》電影主題曲;愛情你比我想的閣較偉大 -《當男人戀愛時》電影主題曲;64;232400;4fJlSLYLiu5trFCMZdSQDC
eggplantegg;卡通人物;浪子回頭;59;259373;2YA5IfmQwAmVzHRP3SVnEd
eggplantegg;我們以後要結婚;浪流連;58;253723;7a6VJHMS9ttKsj55cKC51G
diljit dosanjh;Drive Thru;Peaches;74;189176;3mZLiEDAHIjZ8ms5Lxq33F
diljit dosanjh;Drive Thru;Lemonade;74;166666;3ZGJhN4unVspOqpwGvUL2W
diljit dosanjh;MoonChild Era;Lover;71;190000;0XwRlvv3KlOu4HWlOH34XG
diljit dosanjh;Chauffeur;Chauffeur;71;205040;2L1OXzqVPpVxotHfLglUcB
diljit dosanjh;G.O.A.T.;Born to Shine;69;213333;4XxfOvudrnBRdlgzEaq1sd
diljit dosanjh;Jugni;Jugni;68;193190;0gHFDbhx2RFBrhJplPxlcT
diljit dosanjh;Drive Thru;Vanilla;66;171627;2z7k8UytNaiMIJQNc1XZcZ
diljit dosanjh;Koka (From "Babe Bhangra Paunde Ne");Koka;65;150566;1saDM1hv3pTHf9ulsxm5Iy
diljit dosanjh;MoonChild Era;Black & White;65;166757;5wiSbeDm2p5yniuus7eH4J
diljit dosanjh;G.O.A.T.;G.O.A.T.;65;223636;46QbY78ha62aiu6gBgC7lS
diljit dosanjh;Peaches (feat. Anne-Marie);Peaches (feat. Anne-Marie);63;189882;6oEAcSY98NPIgD9UumQwIg
diljit dosanjh;Sauda Khara Khara (From "Good Newwz");Sauda Khara Khara;63;211034;4LLvxxkWtt818FNO3cbsdo
diljit dosanjh;MoonChild Era;Champagne;62;182000;7fYE7BT9Na8XpALQwuhIwX
diljit dosanjh;MoonChild Era;Vibe;62;155250;44gJjTJwY4eba0jpNnrlld
diljit dosanjh;Drive Thru;Red Chilli;62;152500;2ZxdwRUfd0LiAshQclfQZb
diljit dosanjh;G.O.A.T.;Clash;60;176385;7krGSbOnw13S7tIpgVEWAo
diljit dosanjh;Chauffeur JBEE Remix (feat. Tory Lanez);Chauffeur JBEE Remix (feat. Tory Lanez);59;205440;44g0ftxbp0OAgAXK28ltHj
diljit dosanjh;Do You Know;Do You Know;58;211764;1aHRhPwlNTNdMsDcYicxb6
diljit dosanjh;MoonChild Era;Luna;58;186000;1Hy2ZRkFGC3P47r6lDX2sy
diljit dosanjh;Jind Mahi;Jind Mahi;58;175000;3SJVCbBFTxR6UvvTWRNbMp
diljit dosanjh;Chauffeur Capo Remix (feat. Tory Lanez);Chauffeur Capo Remix (feat. Tory Lanez);52;205440;4JDRj3h78yCb2u9o2Xd6aD
diljit dosanjh;Babe Bhangra Paunde Ne;Koka;50;150566;0Tgpz39v8JfkKCfEbAHKlt
diljit dosanjh;Babe Bhangra Paunde Ne;Hass K Kude;45;144578;2a47PFpfagr3qdvQVVFWwt
diljit dosanjh;Babe Bhangra Paunde Ne;Nazarey;41;145909;0q9RjmJFjBcsh7S5Ex4V5K
brb.;my type;my type;68;132000;1tvxzDoafjqs4yvjZW4n2K
brb.;move;move;62;148571;2Ryp5LkAWyJwRqoFd8N7Kk
brb.;juice;juice;62;195692;0W1jDXkALMfPqheeSEEk5x
brb.;honeymoon;honeymoon;60;167832;2cAJkVpApCQuM6fYvioE9M
brb.;your love;your love;60;155923;1BrB7PB1sOwaVZsrLaWInN
brb.;relationshit;do me right;58;178560;2GcypFJcULDmhmbqFdm9qi
home;Odyssey;Resonance;71;212881;65r94rVdiMwqXyQFEr3tqT
home;Before the Night;We're Finally Landing;61;272039;1aayZc3JciIs2GhZcSlCrw
home;Hold;Hold;53;206608;6xw5MhprxsbnXINmOjEzuT
jeff bernat;She Loves Me Not;Still;65;226926;6sv7ZmasB6qSiF8hWJNpDG
jeff bernat;The Gentleman Approach;Call You Mine (feat. Geologic Of The Blue Scholars);61;215125;4m5HKGwULoA0SvhaXiDMPR
jeff bernat;This Time;This Time;59;185991;07tYyJZJyu7SYYG4EWKkGS
jay pryor;All This;All This;64;187692;74EsBpSsjhH7VrnCqtc7c8
jay pryor;Good for Me (feat. Anna Straker);Good for Me (feat. Anna Straker);63;144960;1S69G657rrHOIfPkKNihwH
jay pryor;So What;So What;58;135499;22Ckl8uaVR71UMChg6NLRQ
paul woolford;Looking for Me;Looking for Me;63;211452;17bGtGqqaXOgVnhnfx5NlE
paul woolford;Do You Dance?;Looking For Me;62;211452;2KYnSFIrSbaKUXWetW7Klt
paul woolford;Can You Pay?;Can You Pay?;60;133573;2sjwKudWZUa5Dyf7Fo842f
au/ra;Panic Room;Panic Room;72;237772;7uUahoeqGNRMbpdeiLj1rS
au/ra;Ghost;Ghost;58;177630;5TgS4dcUAU8EEb506d8wAT
au/ra;Dead Girl! (Shake My Head);Dead Girl! (Shake My Head);55;194790;4inWxO0vnDzZsq32p0cHJm
ilytommy;Forever;Forever;71;108695;7uHRKSQ9WIlBBuBY7BHcbq
ilytommy;Princess Bubblegum;Princess Bubblegum;68;95708;2O9KgUsmuon6Gycdmagc6t
ilytommy;Us vs the World;Us vs the World;61;122150;4EfcBQEzf6D3h2VrLD4tsX
ilytommy;Lonely Nights;Lonely Nights;61;185901;0n6Dh4G6Uoq7ZoKeYWu7Rr
ilytommy;Tunnel of Love;Tunnel of Love;58;142364;1K4OfBFaLleSUaUVjp1l2X
ilytommy;Somebody Else;Somebody Else;51;161776;21dEmra5kv0n1uPkPaazVg
stephen zechariah;Adi Penne;Adi Penne;68;301862;6XmBh5HSdVzEAaqzEftL9t
stephen zechariah;Nesamaguren;Nesamaguren;64;263600;6P8dmbcOEz7XPFQjd1V6d5
stephen zechariah;Usuraiya Tholaichaen;Usuraiya Tholaichaen;61;339442;12D1SCxBRDjbROUa5GQkf1
stephen zechariah;Adi Penne (Dad's Love);Adi Penne - Dad's Love;61;191650;6OcnzwOfKQc0ZWJoMuFQam
stephen zechariah;Sagiyae;Sagiyae;58;184500;47mlmMUesrgqCzSdTz6DXF
stephen zechariah;Saaral Mazhaiyaa;Saaral Mazhaiyaa;58;279066;6pW1AQhs75Cc5WTgoRQ8vi
paradox;Hustle 2.0;Jaadugar;66;192000;0gmEt2nKOssVRStyUmjSpE
paradox;Hustle 2.0;Bt Ho Gayi;62;160851;0TzpHT6hJ5pb3P6CqIduh3
paradox;Hustle 2.0;Gang wale munde;57;153000;1pLKHyfC7VPp7NPJqwxzMp
sohail sen;Ek Tha Tiger;Saiyaara;67;252160;1ocYa8PoVd5e2vPn0xHJcA
sohail sen;Mere Brother Ki Dulhan;Isq Risk;62;295079;0rxEPf4Y6uBmV3hkrV340a
sohail sen;Gunday;Asalaam-e-Ishqum;56;278987;7gw6rSstVq9CmuQAaZhWm8
amit trivedi;Kedarnath;Namo Namo;71;322250;5QtQFSdyZEl0w4iDxAyv76
amit trivedi;I Love You...Forever;Iktara (From "Wake Up Sid");70;253773;0bmp0lE3ArELHqda9PBMVG
amit trivedi;Andhadhun;Naina Da Kya Kasoor;69;210951;4JQxGJ8jsKW8pOUVoAgOZr
amit trivedi;Dear Zindagi (Original Motion Picture Soundtrack);Love You Zindagi;65;232505;6k3XXCE1ZzwevQlxf8dNaw
amit trivedi;Dear Zindagi (Original Motion Picture Soundtrack);Tu Hi Hai;62;199643;5b9x5sRIzAgXQw0dhGORO1
amit trivedi;Celebrate Kai Po Che (Original Motion Picture Soundtrack);Shubhaarambh;61;232533;5ckJAMv3Ixm6orTgfkmtbf
amit trivedi;Aisha (Original Motion Picture Soundtrack);Sham;60;284626;5Q58RkKyUafm15Syxg79DW
amit trivedi;Moti Veraana (From Songs of Faith);Moti Veraana (From Songs of Faith);59;256399;6qhTVtHIsK8WVf7biagk7O
amit trivedi;Ishaqzaade;Ishaqzaade;59;316865;74dP5hqakjK6WAs05TqOwb
amit trivedi;Kai Po Che (Original Motion Picture Soundtrack);Shubhaarambh;59;234093;6qGCJLF0V7SuHTOOGUcDsv
amit trivedi;Lootera;Zinda;58;241962;1gEHNfJRSXpDVaEicwRRfe
amit trivedi;Songs of Love;Madhubala;57;243333;3hcwpXiJtR7kwDrWllcH0v
amit trivedi;Songs of Love;Lagan Laagi Re;57;278653;3bM0sCyyhglscs8EvsBZ36
amit trivedi;Ishaqzaade;Chokra Jawaan;56;310151;0hL7tvMKBLW30sige6ctu7
hrvy;Good Vibes;Good Vibes;71;170280;53kWAAfx7IopXRa31MQHB8
hrvy;Talk To Ya - EP;Personal;70;198040;33KJ2xFYONOlIYDBg6wPx8
hrvy;Million Ways;Million Ways;61;169887;3wuR0YSNdT9rgWfFi1lctv
hrvy;Told You So;Told You So;59;177013;1uIwVtzdG5tZT32O9wdXk9
hrvy;1 Day 2 Nights;1 Day 2 Nights;47;138200;7bRu6qrKsJlwbxf04aZiTT
europe;The Final Countdown (Expanded Edition);The Final Countdown;78;310333;3MrRksHupTVEQ7YbA0FsZK
europe;The Final Countdown (Expanded Edition);Carrie;70;272133;29wJiSQcze8HEmxkUQykyp
europe;The Final Countdown (Expanded Edition);Rock the Night;62;247306;3J9NEWkd9Cx1MwSSvDySkL
europe;The Final Countdown (Remixed);The Final Countdown - Remixed;50;297797;5S1TBgi9opW9tmK7aXaZyq
europe;Prisoners In Paradise;I'll Cry For You;48;321266;5fPIx4t5vomPE9cWnTL6gv
guru randhawa;Nain Ta Heere (From "Jugjugg Jeeyo");Nain Ta Heere (From "Jugjugg Jeeyo");71;216328;3NpbGCDrcQTERaZb5dHhd3
guru randhawa;Man Of The Moon;Moon Rise;66;174056;3oWv5qDKYN7MH6FdlglMN5
guru randhawa;Naach Meri Rani;Naach Meri Rani;63;212692;1orM67pmkNc4alrZkWjYkV
guru randhawa;Hits Of Guru Randhawa;Suit Suit;63;190131;2mwBSO58y92EYmEFpDfmS7
guru randhawa;Lagdi Lahore Di (From "Street Dancer 3D");Lagdi Lahore Di (From "Street Dancer 3D");61;215368;5I2wbDvSI98HLVB42YO9sU
guru randhawa;Designer;Designer;60;219095;7HNHIRAYrKeuobsj6n3l1y
guru randhawa;Morni Banke (From "Badhaai Ho");Morni Banke (From "Badhaai Ho");60;198025;2Wu9PNpLUCBl3W1GaPqkhl
guru randhawa;High Rated Gabru (From "Nawabzaade");High Rated Gabru (From "Nawabzaade");60;179099;1ozrNv9W4KlprAmvgH0Yrq
guru randhawa;Baby Girl;Baby Girl;59;207493;0FoAlOXHI6KJ4RHP9v8jnw
guru randhawa;High Rated Gabru - Guru Randhawa;Ishare Tere (From "Ishare Tere");59;189151;3bHI0o9TLQ2jJzjr0ES7dX
guru randhawa;Enchantic Tulsi Kumar;Lagdi Lahore Di (From "Street Dancer 3D");59;215368;5ZQnQnbUVtBO0pl3ShqVHG
guru randhawa;Ishq Tera;Ishq Tera;58;211931;1aUfggX5E0nKDikNuiDQ3D
izzamuzzic;Shootout;Shootout;78;295308;4pTkDIlpFNoeWbahu8pVXW
izzamuzzic;Shootout (Sped Up);Shootout (Sped Up);76;242142;3r44Otr6SVUja3SYsCuhVY
izzamuzzic;Shootout (Slowed + Reverb);Shootout (Slowed + Reverb);67;140142;1S7ca5mJlpHn7GCE88jejz
izzamuzzic;Shootout (8D Version);Shootout (8D Version);56;293142;2SYciSIUYvHMPItZhWY3mI
izzamuzzic;Adventure;Adventure - Original Mix;55;319225;7mxpWt3f6U2lG0uzlimbKG
izzamuzzic;Hymn For The Weekend;Hymn For The Weekend;53;268975;5VpNPtwollTGlk1l5XwAPj
izzamuzzic;Rain is;Amour;46;384014;5W53E6GB06g0jCCtm1Kaaj
yo yo honey singh;Desi Kalakaar;Desi Kalakaar;69;253352;7m4CgL81VVIHaaiSxyH922
yo yo honey singh;Desi Kalakaar;Love Dose;69;224444;1QZRCi2Z1DQQaR6bGAzhtN
yo yo honey singh;Blue Eyes;Blue Eyes;68;220943;7wW9scVNLYFLsmBb1yAUmS
yo yo honey singh;Dheere Dheere;Dheere Dheere;66;212412;4fyR24BKznXBLNkK8LwWla
yo yo honey singh;Paris Ka Trip;Paris Ka Trip;63;196430;4t22MCG1GHjKlXRCIlJlDd
yo yo honey singh;International Villager;Brown Rang;62;211394;3yRLROmAcKJBqTrdEczFB8
yo yo honey singh;The Neha Kakkar Collection;Manali Trance;61;203206;3OZr3vo7SmYpn5XqeQEAOM
yo yo honey singh;Urvashi;Urvashi;60;215483;342pJxy678kgQrZXCL9RG7
yo yo honey singh;Chaar Ikke;Brown Rang;59;211394;3JbIyrSNumxS5LHpAvLYF5
yo yo honey singh;Yo Yo Honey Singh Is Back;Chaar Botal Vodka (From "Ragini Mms 2");59;225837;0QHEWicUbdyWuHsMcVd1Ka
yo yo honey singh;One Bottle Down;One Bottle Down;59;196556;3hVc5y5mbcIEPADRGGGru9
yo yo honey singh;Bhaag Johnny;Aankhon Aankhon;59;244831;78PDj0uocOvtSJCdOt65qy
yo yo honey singh;Chaar Ikke;Dope Shope;58;211764;0Yzg5gttgeusAFIDCNPR77
yo yo honey singh;Saiyaan Ji;Saiyaan Ji;57;205450;39QJ7KkN3L8LLqQqsO85W1
yo yo honey singh;Together Forever;Together Forever;54;229218;2YMlGrhVHdbXeDejv0R77R
6ix9ine;DUMMY BOY;MALA;78;206550;4epHhc2lvhFYzMlKA23O3G
6ix9ine;DUMMY BOY;FEFE;72;179404;1M6SuEJZJkZf2S419vIPkB
6ix9ine;DUMMY BOY;BEBE;72;217822;3eqOaTqnyb0GEgv6JInG6W
6ix9ine;TattleTales;GOOBA;71;132303;1XdbvPWz4lhyRBMz9cBy8b
6ix9ine;Day69: Graduation Day;BILLY;67;112666;5KhFaq45chTw8RGfWo8T8J
6ix9ine;Day69: Graduation Day;GOTTI;65;166851;27oFpFktCq9JIXjJQRuv7a
6ix9ine;DUMMY BOY;KIKA;65;136031;0IFMbLUK5ttPmXyK16qUQu
6ix9ine;TattleTales;TROLLZ (with Nicki Minaj);64;202666;3JwxpSpGaXmGqLwWN6D6eC
6ix9ine;Day69: Graduation Day;GUMMO;63;157643;4HbiCvH1R7mVOJ7KY7JQBD
6ix9ine;DUMMY BOY;TATI;62;154565;78MLMKaMyZvRUKUyVhyRi0
6ix9ine;DUMMY BOY;WAKA;62;128769;6ZyjQTlZxDtdjYKDwcAWNk
6ix9ine;GINÉ;GINÉ;61;134844;4SCdkCFsbnQD6qnVc9l5Bt
6ix9ine;Day69: Graduation Day;KOODA;61;142582;0tYHqwTW4s6VuPWDSD7n7K
6ix9ine;DUMMY BOY;MAMA;60;192405;1wcaN0MSG6KQ43UNjpRvid
6ix9ine;Day69: Graduation Day;KEKE;60;151914;14PlDNjNh3pXyHXzkhX8n5
6ix9ine;DUMMY BOY;STOOPID;59;152000;2SjOYQ127lPP8Gerv1qSVh
6ix9ine;TattleTales;PUNANI;57;115254;3ld2fjhbRmMXHOeF1nzOdr
6ix9ine;YAYA;YAYA;57;149857;6EfBMJQwe2xLgldra6DaYp
6ix9ine;DUMMY BOY;TIC TOC;55;135739;1q8PAOcnI1tciyj3BVpVhw
6ix9ine;TattleTales;TUTU;52;164000;6qnqHO6zpVCrPQiHDiKUc6
6ix9ine;TattleTales;LOCKED UP PT. 2;52;203333;52EVeEEPT1H7EIEtN9lC13
6ix9ine;TattleTales;YAYA;52;149857;0zTHFbBAoOdSUksLEGBMvz
6ix9ine;TattleTales;NINI;48;137755;7Chnwq8Ulcnyns0zPt6Njr
ant saunders;Yellow Hearts;Yellow Hearts;68;223257;2W4yABdLc4Jnds67Poi5Nl
ant saunders;Yellow Hearts (feat. Audrey Mika);Yellow Hearts (feat. Audrey Mika);55;180672;3oVGjguICRU4UVS1ZPwH2D
dwllrs;Blue Spirits;Blue Spirits;64;188307;7xXUNbWepi09rzwW1Il61B
dwllrs;Float Through The Ceiling;Float Through The Ceiling;59;165245;7aYv3jUbXvySVnHgVwXoaJ
tankz;London Scammer;London Scammer;65;193258;7xD50fgMxpy8SFzyYiLntI
tankz;London Scammer (Remastered);London Scammer - Remastered;58;193515;3VuC6fpot8GhWsVdhXgazv
ottawan;Hands Up;Hands Up - Single Version;66;208573;5xQr5TxQ77siaKfuyiJbT0
ottawan;D.I.S.C.O.;D.I.S.C.O. - Single Version;57;196506;7KkdYJqxvq4ZFq9gvFy06v
revelries;Blinding Lights;Blinding Lights;64;176406;0wI0S42Cg41DVGqIIVimTM
revelries;Ayo Technology;Ayo Technology;59;165739;3rdxkiSVNtrYwleW3TJMFs
yoke lore;Goodpain;Beige;74;204208;7uYQELhe7g6QLIzZDOlhbW
yoke lore;Spotify Singles;Truly Madly Deeply - Recorded at Spotify Studios NYC;65;190392;0ApIlfcdY0hVdVEVUyS2Zf
yoke lore;Beige (unburdened);Beige (unburdened);61;196493;5t3Uyzbw2XISfoks8ujnIC
yoke lore;Absolutes;Homing;46;217269;3royvp9WhpT2oNRtInEGgU
jako diaz;Mirror;Mirror;63;242000;3uRAxz8ic40d9IuNe8fnsb
jako diaz;Sunrise;Sunrise;60;229850;5x1RPNP8Uydtz23MR0T2UG
mc kevin o chris;Incendeia;Incendeia;80;239999;4m1mqQuy34Nzh0480VR364
mc kevin o chris;Morena Cor do Pecado;Morena Cor do Pecado;43;133877;3N6isgIE6SAFbRfRIbQ3sd
mc stan;Insaan;Basti Ka Hasti;67;195428;3k9PtGmPNnQtt32TKWm6f3
mc stan;Shana Bann;Shana Bann;66;228112;5ZTsPwtt7aCuzbWd5rDGys
mc stan;Insaan;Bitch;64;186666;3Blsc8iWj4LLgnCe0DhnU0
mc stan;Snake;Snake;64;281088;0MYof8K1RPjc1Htnr7CDa6
mc stan;Broke Is A Joke;Broke Is A Joke;62;215409;1J9OoW4eLxIjwo10lBB83x
mc stan;Tadipaar;Ek Din Pyaar;62;186600;0uk9sQ7MjK0CdAUinD4xBV
mc stan;I'm Done;I'm Done;58;170847;4uW8CuyO9r7vOXgYf1eqCz
mc stan;Astaghfirullah;Astaghfirullah;58;213333;01AKiTk6iF60Kpvitd1Ih1
mc stan;Kahan Par Hai;Kahan Par Hai;57;219758;6YtlaPxgVWZHO7OB1atIEf
mc stan;Tadipaar;Tadipaar;57;466285;6EP117i3gizdFg9neGen0s
daler mehndi;Hanuman Returns;Aasman Ko Chukar;64;274081;5aa4zMfrJ16iDnS6UIKtlL
daler mehndi;Uri - The Surgical Strike;Jagga Jiteya;59;191489;2kLFzLJgHtreNbNlbVzQy4
pain;Party in My Head;Party in My Head;64;188111;0iqJIE15UsLphh2BdZ3aoh
pain;Nothing Remains The Same;Shut Your Mouth;59;192986;3kS2bx6TkbG64bUP68KvbP
the happy fits;What Could Be Better;She Wants Me (To Be Loved);64;199413;0owmJNkGcGNq4hb6qt3ufd
the happy fits;What Could Be Better;Hold Me Down;59;223813;2e62x0Mhv46Zx1ph0W4B3d
falguni pathak;Maine Payal Hai Chhankai & Other Hits;Maine Payal Hai Chhankai;66;279026;51EUKH2M1QGN50iGUlnxmU
falguni pathak;Maine Payal Hai Chhankai & Other Hits;Saawan Mein;57;295466;4F980Cg1WU6owq3V1fOBSN
dev negi;Kedarnath;Sweetheart;66;212195;6qrb4ganbSTzcDDOo1pzMT
dev negi;Sabki Baaratein Aayi;Sabki Baaratein Aayi;57;202352;45UvRmYIm61xlTgaZPebiq
little richard;Here's Little Richard (Deluxe Edition);Tutti Frutti;65;144226;2iXcvnD3d1gfLBum0cE5Eg
little richard;Here's Little Richard (Deluxe Edition);Long Tall Sally (The Thing);64;127426;507IFqPuG8mBQoKebfGG9t
little richard;Good Golly!;Good Golly, Miss Molly;61;129132;0ZvgXNstN4o2ZXPomtBYVp
little richard;Good Golly!;Lucille;56;143826;4YXKKnIZuk7UtXH5oC0ffa
juhani ahonen;Tauko;Tauko;64;166497;2CzrYJ8mxMNWHSFrc0J2A6
juhani ahonen;Crevice;Crevice;59;159913;5DH1vidFEjKOWjpwEoI8CS
marie protivová;Pomalu;Pomalu;62;204000;12Oywn6DYHxxnq1DUFrwRR
marie protivová;Touha;Touha;61;176000;3TCIHrNMw2vupAQfg3krlO
lil cobaine;Let It Play;Let It Play;62;115215;5Z8YgNhAqCmTZObiM59Ods
lil cobaine;Monday Magic;Monday Magic;61;146128;2DoHygz0t3WBEgXQKeA2QL
pole.;Rumbapop;Rumbapop;65;158857;1sLotMFghANlkVzI4ln2uW
pole.;Los Domingos No Se Toman Decisiones;Los Domingos No Se Toman Decisiones;62;200892;2Dl25j4QfSCpyXy7VvnTcz
pole.;Dale;Dale;62;164181;5JnASEjM04jp20CjK6PqfI
pole.;Tus Besos;Tus Besos;61;138071;4dOoEYZjHIiCQbt7u4lJ9h
pole.;Quédate conmigo;Quédate conmigo;61;216058;5tzOL69W6lCp4gAomIXMnJ
pole.;San Blas;San Blas;58;161280;7EpUiSSMKvvIOzKXb5idSK
fito y fitipaldis;Lo mas lejos a tu lado;Soldadito marinero;68;254373;0eVborSuxUeSg0meWYd9dZ
fito y fitipaldis;Por la boca vive el pez;Por la boca vive el pez;65;269373;24UStI5AYA7g5ufFDh3LH0
fito y fitipaldis;Lo mas lejos a tu lado;La casa por el tejado;63;267760;428cFrawSqeLoyooQjAW9d
fito y fitipaldis;Antes de que cuente diez;Antes de que cuente diez;63;285040;3xiNRrrVROKlHrflHGNTfG
fito y fitipaldis;Por la boca vive el pez;Me equivocaría otra vez;62;306240;5SMdW9cbM4wTMMPI8Ck08a
fito y fitipaldis;Por la boca vive el pez;Acabo de llegar;58;375119;5LlXYUfSei584BdUJ05Lo3
fito y fitipaldis;A Puerta Cerrada;Rojitas las orejas;57;224133;42R5irny7qThOYUThAL7VW
fito y fitipaldis;Cada vez cadáver;Cielo hermético;56;239258;2O82EzPmpQZfWO0hfTHOJL
men without hats;Greatest;The Safety Dance;63;164866;5O4NFbDqJ8SOfbjnIhdPDt
men without hats;The Safety Dance;The Safety Dance;60;164866;4UB3TaEGEY9WoOpxYNMgy4
nirvana;Nevermind (Remastered);Smells Like Teen Spirit;83;301920;4CeeEOM32jQcH3eN9Q2dGj
nirvana;Nevermind (Remastered);Come As You Are;79;218920;2RsAajgo0g7bMCHxwH3Sk0
nirvana;In Utero - 20th Anniversary - Deluxe Edition;Heart-Shaped Box;79;281160;11LmqTE2naFULdEP94AUBa
nirvana;Nevermind (Remastered);Something In The Way;76;232146;4gHnSNHs8RyVukKoWdS99f
nirvana;MTV Unplugged In New York;The Man Who Sold The World;76;261093;15VRO9CQwMpbqUYA7e6Hwg
nirvana;In Utero - 20th Anniversary Remaster;Dumb;75;151893;5gRcv46AMTrosmTOqrOV3Q
nirvana;Nirvana;About A Girl;74;166640;55yvzYuvJYG2RUEnMK78tr
nirvana;Nevermind (Remastered);Lithium;73;257053;5vHLwhxxlGzmClMcxRRFPr
nirvana;In Utero - 20th Anniversary Remaster;All Apologies;72;233173;1Ic9pKxGSJGM0LKeqf6lGe
nirvana;In Utero - 20th Anniversary - Deluxe Edition;Rape Me;71;170000;5Rizj5FLb2AyNKu9esjYY6
nirvana;MTV Unplugged In New York;Where Did You Sleep Last Night;69;306066;551qy5vUgrUfEUc4dCNfht
nirvana;Nirvana;You Know You're Right;69;217000;5O8L4I2S4izFGDjvP7xAKv
nirvana;MTV Unplugged In New York;Lake Of Fire;68;175973;4UJmPSJsBsIR1U0N79BU1g
nirvana;Nevermind (Remastered);In Bloom;67;255080;2mvffzYUJ9Ld9xhsF5DUjU
nirvana;Incesticide;Aneurysm;66;275600;0Pie5DFAHHxpkONFUsAI6s
nirvana;MTV Unplugged In New York;Come As You Are;65;253906;3sYWyVGfPuit80szWXhrRA
nirvana;Bleach;Love Buzz;65;215203;5muVpPu8Fj9fXfDbbqDdrZ
nirvana;Incesticide;Sliver;64;136493;3BtHClmMmURD8UHF2fiyxt
nirvana;MTV Unplugged In New York;About A Girl;64;218000;48YkpE5enOln5c7jXSTuHL
nirvana;Nevermind (Remastered);Breed;63;184040;3PyPpABRA2bTGhNwPd66H6
nirvana;In Utero - 20th Anniversary - Deluxe Edition;Marigold - B-Side;63;154280;40VSbBSYbPN10vJYeZq4tm
nirvana;Bleach;Blew;62;174134;7pETV41GUutaZ6KMHMAYIH
nirvana;Nirvana;The Man Who Sold The World - Live Version;62;227466;1XnPVbzLhuBv0sHaCTgyoi
nirvana;Nevermind (Remastered);Drain You;61;223880;0bTLGlCqwZXwJGWGE2Dywg
nirvana;With The Lights Out - Box Set;Sappy;61;205493;7tUtvGeKB2V5W5ms6uBlyC
nirvana;MTV Unplugged In New York;Oh Me;61;206160;2vfCSwToh0Am0O4zgHXfn7
nirvana;MTV Unplugged In New York;Plateau;61;218133;2smax1OWAxOo63p14G8KZx
nirvana;In Utero - 20th Anniversary Remaster;Serve The Servants;61;217173;3w5Ekq9O8g0gGFEsT77Ydi
nirvana;Bleach;School;60;162115;0EY1Z9UmZnYZyM7zHs6C0j
nirvana;MTV Unplugged In New York;Jesus Doesn't Want Me For A Sunbeam;60;277266;7oBazz4xCO7Ul3MJHhKy0Q
nirvana;In Utero - 20th Anniversary - Deluxe Edition;I Hate Myself And Want To Die - 2013 Mix;60;179680;1kwsUMjFuePZBNB56gQYoA
nirvana;MTV Unplugged In New York;All Apologies;60;263226;3bH8PZsfbCRIoeNiFm7JmU
nirvana;Nevermind (Remastered);Lounge Act;59;156426;1o5jmMhhk2UZ9YP1X5fXfj
nirvana;Nevermind (Remastered);Territorial Pissings;59;142946;6oZYLz0vZy8HhqwioRYtTp
nirvana;In Utero - 20th Anniversary Remaster;Frances Farmer Will Have Her Revenge On Seattle;59;250013;06B04lID9HGPwPWwBkTQfU
nirvana;In Utero - 20th Anniversary Remaster;Very Ape;59;115813;0hUit24g1EIoATdKYWUiRj
nirvana;Nevermind (Remastered);Stay Away;58;211440;0w7k0ZhHzkfEBsDmwp49xA
nirvana;In Utero - 20th Anniversary Remaster;Pennyroyal Tea;58;218813;3z53rfQOg6Eb5pBCRsd7Uu
nirvana;Bleach;Negative Creep;58;175744;5IeTFRymTDiza7DciBD1Gk
nirvana;MTV Unplugged In New York;Dumb;58;172933;725QAOexNLmGZiFMN7U8pF
nirvana;In Utero - 20th Anniversary Remaster;Heart-Shaped Box;58;281160;66w5OYw2ja8lnmaA3Ns0PU
nirvana;MTV Unplugged In New York;Polly;58;196466;0xHch89AN9RlN8Nm4kJzs3
nirvana;Incesticide;Molly's Lips - BBC John Peel Session 1990;58;114133;0brL7VMo7onJJTGMSdajic
nirvana;In Utero - 20th Anniversary Remaster;Rape Me;57;170000;2i5K0EdMY5zFs9t7KfYK3k
nirvana;MTV Unplugged In New York;Something In The Way;57;241533;1tlTFxB34VorrZnJNfRWcs
nirvana;Incesticide;Dive;57;235000;6G2baGa99QcqUUTmkEgeZl
nirvana;Nirvana;Smells Like Teen Spirit;56;301453;6y1etHPLRsgA467gLBOgBm
nirvana;Nevermind (Remastered);On A Plain;56;194426;2xIlEsioAFODKpsVgVNrrQ
nirvana;MTV Unplugged In New York;Pennyroyal Tea;56;220506;6DX6W2QXiVlKYQLrQN8y83
nirvana;Bleach;Floyd The Barber;56;138047;0aMqNFBj9KtPTD3c3tByRT
nirvana;MTV Unplugged In New York;On A Plain;56;224733;2RyiGdY33PR4aCTUolEhk7
nirvana;Incesticide;Downer;55;103800;4e0MJaiXSwXBhrQZHyoK8c
nirvana;Bleach;Mr. Moustache;55;203929;5TZbtpZcTWKEn81Du4hiTb
nirvana;Incesticide;Been A Son - BBC Mark Goodier Session;55;115600;4dXBG3zz9SzaPBtm4Fv91x
nirvana;With The Lights Out - Box Set;Verse Chorus Verse - Outtake;54;196200;27sz8XfkjnUqTRJwxjHrS1
nirvana;Bleach;About A Girl;54;168428;2SHTKB8YYlawTGIuJ2b2ok
nirvana;In Utero - 20th Anniversary - Deluxe Edition;Moist Vagina - 2013 Mix;53;213453;3fP8KXXUoBenEM46UZZgSG
nirvana;In Utero - 20th Anniversary Remaster;Scentless Apprentice;53;228053;54UFDHWI2q7WHfrGbSNWph
nirvana;In Utero - 20th Anniversary Remaster;Milk It;52;234746;4rtZtLpriBscg7zta3TZxp
nirvana;Nevermind (Remastered);Endless, Nameless;51;403293;5KV9bNW1Ta4Z4PdHgu84TA
nirvana;In Utero - 20th Anniversary - Deluxe Edition;All Apologies;51;230960;7yaCciuyB1IhgMvLBE8Wa4
nirvana;Nevermind (30th Anniversary Super Deluxe);Smells Like Teen Spirit - Remastered 2021;49;300893;4TMhakloPMPS84lNHNTSa3
nirvana;Nirvana;Come As You Are;49;219040;0LnkNEgEXv83bVVvgnB9Et
xxxtentacion;17;Revenge;87;120026;5TXDeTFVRVY7Cvt0Dw4vWW
xxxtentacion;?;Hope;86;110886;2ZRo7axmMPeSVUvDbGkJah
xxxtentacion;17;Everybody Dies In Their Nightmares;85;95466;3GVkPk8mqxz0itaAriG1L7
xxxtentacion;17;Jocelyn Flores;84;119133;7m9OqQk4RVRkw9JJdeAw96
xxxtentacion;17;Fuck Love (feat. Trippie Redd);83;146520;7AQim7LbvFVZJE3O8TYgf2
xxxtentacion;?;SAD!;83;166605;3ee8Jmje8o58CHK66QrVC2
xxxtentacion;?;Moonlight;83;135090;0JP9xo3adEtGSdUEISiszL
xxxtentacion;Look At Me!;Look At Me!;82;126345;7floNISpH8VF4z4459Qo18
xxxtentacion;?;changes;80;121886;7AFASza1mXqntmGtbxXprO
xxxtentacion;?;the remedy for a broken heart (why am I so in love);79;160184;4UKCKdYiLN6IMA5ZESUTL7
xxxtentacion;Revenge;I Don't Wanna Do This Anymore;77;87560;5de9Ho64dovuQI8Uhn5gPD
xxxtentacion;Revenge;RIP Roach;76;169978;658I1uDnmLSiltFCf98AWE
xxxtentacion;Revenge;YuNg BrAtZ;76;101851;2ooF4088y5L72c4YTEJQoB
xxxtentacion;Bad Vibes Forever;bad vibes forever;75;150475;03eJ2DclFWXYU8GWgANdmZ
xxxtentacion;?;NUMB;75;186267;01TnVDiet1DFTsyWKUKovl
xxxtentacion;17;Carry On;75;129720;2yZax79pOrYuyIFVW2cZY2
xxxtentacion;Riot;Riot;75;78680;4aOOExMBUyxKnEYb39SrTg
xxxtentacion;?;infinity (888) - feat. Joey Bada$$;74;176590;7J2gyNghNTzl4EsLhXp01Q
xxxtentacion;Bad Vibes Forever;Ex Bitch;73;121671;40KuvsFD0zpUFuCcmt5Xm0
xxxtentacion;SKINS;BAD!;72;94245;22An65gG31JLf9n18qjdhZ
xxxtentacion;vice city;vice city;72;220708;6MOst484piqXpzPPRRe8i5
xxxtentacion;17;Depression & Obsession;71;144733;2H3wWrnO758y0fPH7Ilerg
xxxtentacion;?;Floor 555;71;93447;6r7ULK6c5CLVvImjTIztl1
xxxtentacion;Arms Around You (feat. Maluma & Swae Lee);Arms Around You (feat. Maluma & Swae Lee);70;198902;2LskIZrCeLxRvCiGP8gxlh
xxxtentacion;17;Save Me;70;163201;2UwbhMie1EAYuTZ0QXeMwl
xxxtentacion;Bad Vibes Forever;ATTENTION!;69;120055;0RjJSBBEolCDJ6wDiuVCmh
xxxtentacion;Revenge;King;68;112800;1Wh5LO3TWAvaeDrwp4FZgo
xxxtentacion;LOOK AT ME: THE ALBUM;#ImSippinTeaInYoHood;68;173320;2z6W6oeZvBaO56Mg587v0w
xxxtentacion;LOOK AT ME: THE ALBUM;King Of The Dead;67;219560;46OkOaarmTsAQQFfZSsruW
xxxtentacion;?;ALONE, PART 3;66;109986;2oe6dDthgthqUkfL3czpEd
xxxtentacion;SKINS;what are you so afraid of;66;150769;57nOpVSc3j9o03Cr928ZM4
xxxtentacion;LOOK AT ME: THE ALBUM;FUXK (feat. Ski Mask the Slump God);65;160506;2y55JzTDe2kFDChkBZUOUS
xxxtentacion;SKINS;I don’t let go;65;121630;4axYWgXASdsCBHuwInAubT
xxxtentacion;SKINS;Guardian angel;65;108034;7uqcLJFlSYjVPLUz1vPxkY
xxxtentacion;XXXTENTACION Presents: Members Only, Vol. 3;Off the Wall!;65;203493;0GRmh4ZlobfhvDE9L4CbOs
xxxtentacion;Bad Vibes Forever;HEARTEATER;64;136357;0MW5zwGXciXyVdFwQbvBq8
xxxtentacion;LOOK AT ME: THE ALBUM;vice city;64;220773;17wxJ7IZKboyECnxZw7Vo1
xxxtentacion;XXXTENTACION Presents: Members Only, Vol. 4;Sauce!;64;144724;3jq1RpStaB1YGyN3rRZGca
xxxtentacion;?;going down!;64;115194;7CkbRn6S0itJqcqn88AtSV
xxxtentacion;? (Deluxe);hate will never win;64;103986;3TzgIJC8U7o57nx8xnWvnt
xxxtentacion;?;I don’t even speak spanish lol - feat. Rio Santana, Judah, Andrez Babii;63;192229;14boA065HMHWvqyPPEeN4y
xxxtentacion;LOOK AT ME: THE ALBUM;NEVER;63;220173;5J4tp32gF3lWNk4RqvsjsO
xxxtentacion;Bad Vibes Forever;Triumph;63;166032;3arQDLbkZnujJVfhoyEDlM
xxxtentacion;A GHETTO CHRISTMAS CAROL;A GHETTO CHRISTMAS CAROL;63;104960;1QKDXegQxJBzSs8ZBNtGbT
xxxtentacion;?;$$$ - with Matt Ox;63;130403;65u1dHQyQyE4y4aN2eDmMF
xxxtentacion;Revenge;Looking for a Star;62;137173;1B3TX5FbmcVROMv2riOwyE
xxxtentacion;17;Ayala (Outro);62;99706;5xbrhx2tMMcN68IT3cJbhS
xxxtentacion;BAD!;BAD!;61;94245;4CH66Rxcjcj3VBHwmIBj4T
xxxtentacion;Revenge;Look At Me!;61;126345;6eYxmK9fdL4hwLnXG2zY3s
xxxtentacion;Bad Vibes Forever;IT'S ALL FADING TO BLACK;61;151683;0R6dvBlNevqkzioHLoygbI
xxxtentacion;Bad Vibes Forever;wanna grow old (i won't let go);60;131214;5RZt3aBokyH2EEqWBef7uS
xxxtentacion;Bad Vibes Forever;numb the pain;60;82470;4rhr8LgQoPtWkQaXVPSNOO
xxxtentacion;A GHETTO CHRISTMAS CAROL;hate will never win;60;104071;0fWkWSpXp1V8nWslbA25Sg
xxxtentacion;SKINS;One Minute (feat. Kanye West & Travis Barker);59;197758;0T6RSXxFhW8dRTWHI604ld
xxxtentacion;?;schizophrenia;58;80190;5b6zjsBrZCqe6RFycLz2tc
xxxtentacion;?;Pain = BESTFRIEND - feat. Travis Barker;58;101516;4zI04ezdmrN0lT2pHykYrd
xxxtentacion;?;love yourself (interlude);58;48422;1Znlc3UZAbSodFaMBjdpsX
xxxtentacion;?;SMASH! - feat. PnB Rock;58;109556;6rAGFgcGtlIdYxlhDizXNo
xxxtentacion;Bad Vibes Forever;LIMBO;58;194608;2hv3PVAj6KKDOVNhyRfjeG
xxxtentacion;SKINS;Train food;58;164082;5lar0mCUejpILVkAz50s2J
xxxtentacion;Bad Vibes Forever;Kill My Vibe;57;128039;3KJ7n1lICe3OZuuwZQlWDQ
xxxtentacion;Bad Vibes Forever;Ecstasy;57;240068;4s7U2mS26ab7GFtgeUcwKA
xxxtentacion;Bad Vibes Forever;UGLY;57;91800;2QfkJ9lURgRpcFT2Y0B1e3
xxxtentacion;LOOK AT ME: THE ALBUM;rare;57;94746;2WnUmrdEsvWeJJRtZDO5jr
xxxtentacion;Bad Vibes Forever;School Shooters;57;93913;0DWrG09StYVhLbeNLwAJ5w
xxxtentacion;SKINS;STARING AT THE SKY;57;85123;4KpKyRFwN0gcwj58Uqjv7q
xxxtentacion;Revenge;Revenge;57;120058;5SFTZsHW3HdCp9f1zbzitS
xxxtentacion;Look At Me!;Look At Me!;56;139311;1m5HcIPX2T3wSoiHWhgwpA
xxxtentacion;bad vibes forever;bad vibes forever;56;150475;69dXVFCMiz3SL1L7M24NdX
xxxtentacion;XXXTENTACION Presents: Members Only, Vol. 3;What in XXXTarnation;56;164520;79R3qLqdbwUSYWX4cEOpbJ
xxxtentacion;LOOK AT ME: THE ALBUM;FAILURE IS NOT AN OPTION (Interlude);55;43840;1st5ppYJ8p8yvicelw94zx
xxxtentacion;#PROUDCATOWNERREMIX;#PROUDCATOWNERREMIX;55;157293;5dkZ2DrcPJrqwlRQe6Q35e
xxxtentacion;Revenge;Slipknot;55;209098;3QVIBuVrIe5IHOZepa7JBZ
xxxtentacion;XXXTENTACION Presents: Members Only, Vol. 3;Bowser;55;187653;3axhnTsNa4YefoyLGxjdWz
xxxtentacion;Bad Vibes Forever;I Changed Her Life;54;108213;1SaxT2eggG2xalUM21tUSw
xxxtentacion;LOOK AT ME: THE ALBUM;Willy Wonka Was a Child Murderer;54;108840;2hEJo0SnOLcKWI0zsQhnri
xxxtentacion;HEARTEATER;HEARTEATER;54;136613;17UwOJOXHbggzJfAreIgII
xxxtentacion;What in XXXTarnation;What in XXXTarnation;54;164597;3wBAhQLR9VjWfyYO3u4oPR
xxxtentacion;Bad Vibes Forever;Hot Gyal;53;134400;2sssyogPeYk581LqeMZOQu
xxxtentacion;? (Deluxe);A GHETTO CHRISTMAS CAROL;53;104600;5aZhp4FuKlrLz7gfJlBtcR
xxxtentacion;Bad Vibes Forever;before i realize;52;94786;4lLR14DyqhM5LBj6iHI0Al
xxxtentacion;Bad Vibes Forever;the interlude that never ends;50;148759;6Q0KBExmZVG7KVoFA8CRag
xxxtentacion;Bad Vibes Forever;Royalty;50;203519;5n9O3DqswW3Vm5b3Z07zcB
xxxtentacion;? (Deluxe);Hope;50;110886;6Kg7OhjYmLap8DXVHivRPC
xxxtentacion;Bad Vibes Forever;Daemons;50;172242;4CuxcBpQnw3Itmp5VQoCHj
xxxtentacion;Bad Vibes Forever;Eat It Up;50;105210;1WGRoqWrqDkXifw5JBayUi
xxxtentacion;? (Deluxe);Moonlight;50;135090;2sp5BRWoPsQsJeDX72M2tu
xxxtentacion;Bad Vibes Forever;THE ONLY TIME I FEEL ALIVE;49;163591;71hGntRHMOByPYua7WbnGG
xxxtentacion;? (Deluxe);the remedy for a broken heart (why am I so in love);49;160184;2nLXZbiP2QzdV7YdmXPJSS
xxxtentacion;Bad Vibes Forever;Voss;49;107061;6crBVhm5d0JnAJhVHYkJTZ
xxxtentacion;? (Deluxe);NUMB;48;186267;4C1t2nqv76ZfvQPOAACauL
xxxtentacion;Bad Vibes Forever;CHASE / glass shards;47;138590;62VGbS3xXFRGDBD8F2ZgPl
xxxtentacion;? (Deluxe);SAD!;47;166605;500rrRPwBWD2slEEljcha2
xxxtentacion;? (Deluxe);the remedy for a broken heart (why am I so in love) - Instrumental;44;113506;7vUZEGiBy9oZ2LxRnIEbs8
xxxtentacion;? (Deluxe);changes;44;121886;3jLk18JaCL9sFo9xSDup4A
xxxtentacion;Tik Tock 2021;Hope;33;110886;1HUONmrq0euHYmiIrmYqPq
xxxtentacion;slow songs;changes;27;121886;46O95G64syn8lDSFBMzfOP
xxxtentacion;Bad Boy Club;SAD!;0;166605;3MxwkxdOyQxGjT3UeOqCEk
eric clapton;Slowhand 35th Anniversary (Super Deluxe);Wonderful Tonight;76;225026;6zC0mpGYwbNTpk9SKwh08f
eric clapton;Slowhand 35th Anniversary;Cocaine;69;221640;2udGjDmpK1dH9VGyw7nrei
eric clapton;Rush (Music from the Motion Picture Soundtrack);Tears in Heaven;66;271760;1kgdslQYmeTR4thk9whoRw
eric clapton;461 Ocean Blvd. (Deluxe Edition);I Shot The Sheriff;63;263746;0UOxp1BpnD8uPQMKU4wKjz
eric clapton;Slowhand 35th Anniversary (Super Deluxe);Lay Down Sally;62;236093;6io0LJIP9ntX35hTfaxwQG
eric clapton;Forever Man;Change the World - 2015 Remaster;58;234813;1o2QE6KUthclwKuEDweROU
eric clapton;Riding with the King;Riding with the King;57;264240;618hiI74zBL8UVgAvfmkLj
eric clapton;Eric Clapton & Friends: The Breeze - An Appreciation Of JJ Cale;Magnolia;54;221693;3KePc5zqybSrshHWzo65pk
eric clapton;Slowhand 35th Anniversary;Wonderful Tonight;48;225026;6a79Oo6RXOx8AuD9eOlCTJ
passenger;All the Little Lights (Deluxe);Let Her Go;75;252733;2pUpNOgJBIBCcjyQZQ00qU
passenger;The Boy Who Cried Wolf;Simple Song;63;228480;70HWRkitkAKfos500LBk0T
passenger;Songs for the Drunk and Broken Hearted (Deluxe);Sword from the Stone;62;201720;32PwKptR5PhpP4Gxv8Lvps
passenger;The Boy Who Cried Wolf;And I Love Her;59;162666;0Dv23k5ErS9XO9U2BYRI0F
passenger;All the Little Lights (Deluxe);Let Her Go (Acoustic Version);58;266613;3ebXp4osCnAAuvDDqh8aAK
passenger;Sunday Night Sessions;Fast Car (Cover);57;235812;1YMVXl39bk37KZGuUhzRw6
passenger;The Way That I Love You;The Way That I Love You - single version;56;159761;7DZ8n63a46dU6iUyN9OeRl
mick gordon;Doom (Original Game Soundtrack);Rip & Tear;67;257734;5soMJpcVhSrGrB4prvPL6P
mick gordon;Doom (Original Game Soundtrack);Bfg Division;66;506762;4COR2ZPEyUn0lsbAouRWxA
mick gordon;Doom (Original Game Soundtrack);At Doom's Gate;63;70770;2UKgx2oba7CltHLACr3xdT
mick gordon;Doom (Original Game Soundtrack);Rust, Dust & Guts;56;461854;19Ww94Uzf6DTXzRkRUQ3XA
mick gordon;Doom (Original Game Soundtrack);Hellwalker;55;305480;1xrfci6PJJIBzCbKTmfuX3
chri$tian gate$;NUMB;NUMB;73;112500;1BPBwKueIEMnUcbbs2te7B
chri$tian gate$;Dangerous State of Mind;Dangerous State of Mind;67;115620;4iwjEJYExvmBM5w75RTuLv
chri$tian gate$;Lost;Lost;60;179670;5fX1B90cPSFyyjORcHW8aC
chri$tian gate$;Run out of Love;Run out of Love;54;132010;4IEuu9hpG5FqrAxiDai9mu
chri$tian gate$;Love No One;Love No One;53;113502;63hcZI0I4dinNwIevUADXm
jeet gannguli;Hamari Adhuri Kahani (Original Motion Picture Soundtrack);Hamari Adhuri Kahani (Title Track);70;398799;3HiobOOpSpMsi95WBKPBYk
jeet gannguli;Khamoshiyan (Original Motion Picture Soundtrack);Khamoshiyan;64;335709;6zCQF5tu7HVwU9shhKqiuF
jeet gannguli;Khamoshiyan (From "Khamoshiyan");Khamoshiyan (From "Khamoshiyan");63;335709;5Gy67YHzPZTk9Q0D73LAGH
jeet gannguli;Hamari Adhuri Kahani (Title Track) [From "Hamari Adhuri Kahani"];Hamari Adhuri Kahani (Title Track) [From "Hamari Adhuri Kahani"];60;398799;3eQL03MvTJQkLqXryJ8Fja
jeet gannguli;Citylights (Original Motion Picture Soundtrack);Muskurane - Romantic;60;334331;6fW78cd0p3ZDUzoqvx2Xqe
jeet gannguli;Musical Bond: Jeet Gannguli & Arijit Singh;Baatein Ye Kabhi Na (From "Khamoshiyan") - Male;59;289012;6CV2iSJV2W6yAITDxSSes3
jeet gannguli;Jalebi (Original Motion Picture Soundtrack);Mera Pyar Tera Pyar;59;275371;22DrqPUQfcOkv6QmjvHFcB
jeet gannguli;Khamoshiyan (Original Motion Picture Soundtrack);Baatein Ye Kabhi Na - Male;56;289012;0PxMHdQ6bSz9q0eJj3kJzb
raftaar;Ghana Kasoota (feat. Surbhi Jyoti);Ghana Kasoota (feat. Surbhi Jyoti);64;168640;0mvcsYusnTYlAkOZ077lDb
raftaar;All Black;All Black;61;218145;7n6AQKpZUGiJM2auF3yuDY
raftaar;Zero to Infinity;Baby Marvake Maanegi;59;187541;79MHQXymz8cGX8OOAjXn7J
vickeblanka;Black Catcher;Black Catcher;68;195000;5RXmLhscstsdvWPN0XtUa0
vickeblanka;wizard;Black Rover;66;209573;0OGw7V8wAI6OsZIQ12JkTP
vickeblanka;Devil;Black Catcher;66;196946;2y7f8qkrgIqY5KsfPNcuix
vickeblanka;Lucky Ending;Lucky Ending;45;255633;3ZYKbGJ6I5adT5ozf0N6OH
nick mulvey;First Mind;Fever To The Form;67;252960;1QJnDJuYOGj05iSc4eWGr5
nick mulvey;In Your Hands;In Your Hands - Single Version;61;230164;7tJHvRoGvkckZkZk5ORUot
nick mulvey;Wake Up Now;Mountain To Move;60;236280;7zGyIkunvMO11FByE93lzZ
nick mulvey;Wake Up Now;Imogen;57;255533;0X61Ud5Uzv44RvY3s1SsuO
temple of the dog;Temple Of The Dog;Hunger Strike;69;246266;0W7AbEauB7cP4pidLclApe
temple of the dog;Temple Of The Dog (Deluxe Edition);Hunger Strike - 25th Anniversary Mix;62;246266;3CtphwpjC0XjIVpLFvGiQR
temple of the dog;Temple Of The Dog;Say Hello 2 Heaven;59;384466;4L2S9GbwEgwfSbHjTCvNQX
temple of the dog;Temple Of The Dog;Call Me A Dog;55;304506;5MRRZxscYnbYKHvOQdxtdw
the strokes;The New Abnormal;The Adults Are Talking;79;309053;5ruzrDWcT0vuJIOMW7gMnW
the strokes;Room On Fire;Reptilia;75;219826;57Xjny5yNzAcsxnusKmAfA
the strokes;Is This It;Last Nite;74;193506;7kzKAuUzOITUauHAhoMoxA
the strokes;Comedown Machine;Call It Fate, Call It Karma;72;204773;3Y4rUyw7XBCK6hGHCOt6rp
the strokes;First Impressions Of Earth;You Only Live Once;72;189226;4fPBB44eDH71YohayI4eKV
the strokes;The New Abnormal;Selfless;71;222093;2t0wwvR15fc3K1ey8OiOaN
the strokes;Is This It;Someday;70;183573;56NkIxSZZiMpFP5ZNSxtnT
the strokes;The New Abnormal;Why Are Sundays So Depressing;68;275666;1aOxOpH4AkGAd8OMrKjyNY
the strokes;Angles;Under Cover of Darkness;68;235546;6u0x5ad9ewHvs3z6u9Oe3c
the strokes;The New Abnormal;Ode To The Mets;67;351786;1BLOVHYYlH4JUHQGcpt75R
the strokes;Room On Fire;12:51;65;153133;6Yu1OL8I0D4vjOzYdsXYGK
the strokes;The New Abnormal;Bad Decisions;64;293360;55N8cxpE1QDoeaaNqUnoZ2
the strokes;The New Abnormal;Brooklyn Bridge To Chorus;64;235946;2mDYYGaGd9uXKkK2YhDA3i
the strokes;Angles;Machu Picchu;64;209626;6mVD1SfTvlFAPVi7txFL5H
the strokes;Is This It;Hard To Explain;63;224426;2LMloFiV7DHpBhITOaBSam
the strokes;Comedown Machine;Welcome To Japan;63;230826;7bfocP7GYoLOutUYpTI8tx
the strokes;First Impressions Of Earth;Heart In a Cage;63;206173;3mYCd23hPxJW5okSvMoy3x
the strokes;The New Abnormal;Eternal Summer;62;375320;6IRzBP4gVoV4D2zHmocoWy
the strokes;Room On Fire;What Ever Happened?;62;169506;78Gzxi27GuNHTfkn2BylG4
the strokes;Is This It;Is This It;61;151333;2pAD0PKMUMtxlMvz33tYzB
the strokes;The New Abnormal;At The Door;60;310373;7lu6YLrlB1MU7HW8DJSuPa
the strokes;The New Abnormal;Not The Same Anymore;59;337333;5ncofiedz9Ej6YkvvXMKVn
the strokes;Angles;Life Is Simple in the Moonlight;59;255240;4ileLT7ldd2uX8bMemWqbm
the strokes;Comedown Machine;One Way Trigger;59;242293;5GKVcvTgnFYtfh25qKQtRg
the strokes;Room On Fire;Under Control;58;187306;3kKb3U3a8jmUJQB9ypE1Jl
the strokes;Angles;Taken for a Fool;58;203240;6SdAztAqklk1zAmUHhU4N7
the strokes;Is This It;Barely Legal;57;234733;4KC2Z9dL4jL61Ys35N6srg
the strokes;Is This It;The Modern Age;57;208306;1EsgUWQsxGBwnu3NATDjiU
the strokes;Future Present Past;Threat of Joy;57;264724;37ZgsOy8t4vMnGtMExr6ah
the strokes;Room On Fire;I Can't Win;57;162040;7eX5SypK35V8Y9d9pS6rWy
the strokes;First Impressions Of Earth;Razorblade;57;208133;4UF1eupXP9Zz5GpYepyOxI
the strokes;Comedown Machine;Chances;56;216786;718purgMpFb2Axhuz0Hbq1
the strokes;Comedown Machine;Tap Out;56;222360;2ThdB23G9Rgf1ExndFGEEg
the strokes;Room On Fire;The End Has No End;56;185560;0dy6iXYIF0piirySAzCBwF
the strokes;Comedown Machine;80's Comedown Machine;55;298613;2lffRiAET2Xt6BNb4EmkS2
the strokes;Is This It;Soma;54;153933;7G8hUONVhvJnkD3Ak8mNF1
the strokes;Future Present Past;Oblivius;54;299232;6y4ySPeb68KGoAi1dk130F
the strokes;Is This It;Trying Your Luck;53;202960;37cb7mzkQKksGm0noGDXeh
the strokes;Is This It;Take It Or Leave It;53;196133;0J2OnBNKwt0KICDyDFPUvl
the strokes;Room On Fire;Meet Me in the Bathroom;53;176160;08l9WKDuRyGeStQ9ojTlFh
the strokes;Room On Fire;You Talk Way Too Much;53;186266;6lnnaGN20kl0jEYJSxCgU9
the strokes;Is This It;Alone, Together;52;188800;4pXyK9GW7fuT645U0DLYYF
the strokes;Is This It;New York City Cops;52;210746;7xuu4ByQkm8qhnwJQk994r
fiona apple;When The Pawn...;Paper Bag;65;219266;0IVkP59yJ9GFF6B7IrvrxA
fiona apple;Tidal;Criminal;63;341533;6PNvv1dmDbOWrAYwEcuKBX
fiona apple;Pleasantville -Music From The Motion Picture;Across the Universe;60;307333;6ZQgooEk8PvsLxedYaT6Oa
fiona apple;Fetch The Bolt Cutters;I Want You To Love Me;59;237713;73SBAGI4fPFm4VkB3NjXq8
fiona apple;When The Pawn...;I Know;59;295133;0uhYgQQ6WX9rCONnum7Fmw
347aidan;TROUBLED MEMORIES!;MEMORIES!;76;137806;27XMmSWSOXJ7eVb40tH93T
347aidan;Dancing in My Room;Dancing in My Room;74;180138;6Pgmqg15yVexuOgtzuxwoX
347aidan;Demons and Monsters;Demons and Monsters;66;197902;7u9BIFBgxuqntGW7wO5lMs
347aidan;IDWK;IDWK;61;123428;3awnZSyvKdi7rBLttHk36K
347aidan;WHEN THE DEVIL CRIES;WHEN THE DEVIL CRIES;57;148324;2oeMjGwvO0mDjEYGxO1iLG
347aidan;so what!;so what!;57;124187;1UTnLtgadp10wkFrDWXn3u
347aidan;Normal;Normal;56;162197;5j2O2yeurM9fD2rgCPt7pD
347aidan;Misfit*;Be Happy;56;202240;3C39BgVuWsJCJWOMYIoi9C
347aidan;BAD KIDS;BAD KIDS;56;107111;3s4WVKaSU112SfRBjvyXKp
347aidan;till the sun comes;till the sun comes;53;161906;042IeGMfDUfLZDwfo82JJw
rini;My Favourite Clothes;My Favourite Clothes;70;257000;2ZwIO3ufWLFYxtEoam9ydu
rini;After the Sun;Meet Me in Amsterdam;65;301448;3LRbalLzZcuvSR6jVnqclh
rini;After the Sun;Aphrodite;62;271000;3A7Etq2wGE9cYqLIma97Tt
rini;Constellations;Out of the Blue;61;197580;3w6qEOd9WRwi2ABP347c5H
rini;Constellations;Red Lights (feat. Wale);56;219686;2A9l1TsM78JQqQMYqAQEZe
rini;Selfish (feat. BEAM);Selfish (feat. BEAM);53;211307;0hKlMpG1YsUvUe4TE8qFdB
jeon somi;XOXO;XOXO;66;207650;2ZMkjvuOQOD9HLplTDjbTA
jeon somi;XOXO;Anymore;65;197701;5ysBBGHvIGTqgQb5xdL3Lf
jeon somi;XOXO;DUMB DUMB;63;147240;6HAbPNraOVHwShFFtRVTik
jeon somi;DUMB DUMB;DUMB DUMB;59;149213;6dG2zPUOWXk3eMC7Hb3wh3
jeon somi;XOXO;What You Waiting For;58;175375;26YSv4NFDACPUKGX5Aj079
jeon somi;XOXO;BIRTHDAY;56;185944;2vThhzagG4by8ybBs3Q08v
six;Six: The Musical (Studio Cast Recording);All You Wanna Do;64;410089;1U0hiOuodfSsxdcTYXGEdT
six;Six: The Musical (Studio Cast Recording);Ex-Wives;64;350218;03GBiorLGTk7T4IScIl4jj
six;Six: The Musical (Studio Cast Recording);No Way;61;241501;2ldBp6eNIE4wk8C3j0bz8n
six;Six: The Musical (Studio Cast Recording);Haus of Holbein;60;126870;6bo3wF9Gfmr7iFlIaGfo1g
six;Six: The Musical (Studio Cast Recording);Heart of Stone;60;311301;3akeuMy9bqJbqDlfYevbwN
six;Six: The Musical (Studio Cast Recording);I Don't Need Your Love;58;367989;34TY5bMvFrfPlZ7jqeGxi4
the smiths;The Queen Is Dead;There Is a Light That Never Goes Out - 2011 Remaster;80;244586;0WQiDwKJclirSYG9v5tayI
the smiths;Hatful of Hollow;Heaven Knows I'm Miserable Now - 2011 Remaster;77;215760;1xaTREM89RbIxkcjlpf4Uw
the smiths;The Smiths;This Charming Man - 2011 Remaster;77;162920;1FvDJ9KGxcqwv1utyPL3JZ
the smiths;Louder Than Bombs;Back to the Old House - 2011 Remaster;74;186626;6LUGvXEAK8WxIBYK43uoTb
the smiths;Hatful of Hollow;How Soon Is Now? - 2011 Remaster;72;408173;1YrnDTqvcnUKxAIeXyaEmU
the smiths;Hatful of Hollow;Please, Please, Please, Let Me Get What I Want - 2011 Remaster;70;112706;6BrMEbPSSj55nQhkgf6DnE
the smiths;Louder Than Bombs;Heaven Knows I'm Miserable Now - 2011 Remaster;70;215760;1H5N26VqHR4JhuaRKY2I0u
the smiths;The Queen Is Dead;Bigmouth Strikes Again - 2011 Remaster;70;193320;2OErSh4oVVAUll0vHxdr6p
the smiths;Hatful of Hollow;This Night Has Opened My Eyes - 2011 Remaster;69;221533;69Kzq3FMkDwiSFBQzRckFD
the smiths;The Queen Is Dead;I Know It's Over - 2011 Remaster;67;349186;3M2bD9SMYnJIPdrTKUnBd3
the smiths;Louder Than Bombs;Asleep - 2011 Remaster;65;253560;7LZgdL0MxiElfaKZbuuE4l
the smiths;Timeless Rock Hits;Bigmouth Strikes Again;2;193320;4M8ak2tOeQBos27ReHNtX2
the smiths;Alternative Rock Mixtape;How Soon Is Now?;1;408173;2LGj1sOH9OEN5y1fF3TPoL
the score;ATLAS;Unstoppable;73;192106;6rrKbzJGGDlSZgLphopS49
the score;ATLAS;Legend;71;189120;3SWqGa1J0M7hSBUDM0KePD
the score;Carry On;Born For This;69;237375;7uCBGNn991AM68fR4tSDco
the score;ATLAS;Revolution;67;231986;7Fv8Qp3tTSbSS2VjryUF7L
the score;Carry On;Stronger;66;190048;3CrsuTJomWZmeXIvKhV45l
the score;Pressure;Born For This;65;234013;5Sco7mbJy7p7vdDtJW10fZ
the score;Metamorph;Fighter;65;156666;4gi2kndWShH9kDbb9kBfs6
the score;Pressure;The Fear;62;183853;2cppGOIz0cuDnKoGzrDsJQ
the score;ATLAS;Never Going Back;61;197680;5k02Wjsu2MdpF3c9VFQD0k
the score;Pressure;Stronger;61;190986;0VeoSHlgashtg5JYPJjl15
the score;ATLAS (Deluxe);Money Run Low;61;185466;3LhGRE7ZNOEZhrqazWMYRI
the score;ATLAS (Deluxe);On And On;60;215706;65Ce0h4SA18GuH6nuI1QWe
the score;Pressure;Glory;60;166693;6hypt8VPJxeMXTTcRUHS86
the score;ATLAS;Higher;60;214613;0sJ4NbFdEhgLOtInlbRmFl
the score;Metamorph;Enemies;60;161592;3LBLmC8gqvt1l43kdpx43w
the score;ATLAS;Miracle;59;206400;6A6PDawvZIfnJHW40sBHzz
the score;Pressure;Dreamin (with blackbear);59;198640;2EtDBM1HREttw143IwZvJ0
the score;Metamorph;Head Up;59;169977;4Y4ldFPbe39m81tRLOcIWd
the score;Carry On;The Champion;56;159741;5AU57UY8wDFicbZw8E6mw2
the score;ATLAS;Who I Am;55;215746;4zIJHigfguvdm3O8c9KPeo
the score;Stay;In My Bones;55;169121;6e7HeiJ73JX3VWTWsElnIr
the score;Carry On;Can You Hear Me Now;54;194235;027qrQMWGsHo13amwdaBkI
the score;Victorious;Victorious;53;196616;6GGaeNKmqQQfQmTlNoUezD
the score;Bulletproof;Bulletproof (with XYLØ);53;190106;2xVyWv5f31wI37XeYbXjWJ
james blake;Assume Form;Mile High (feat. Travis Scott & Metro Boomin);65;193600;4cQrSREMqBSvJ8ZzBZjVb8
james blake;Friends That Break Your Heart;Coming Back (feat. SZA);65;195905;2pSsHnjAgEPjHmet7ChlHQ
james blake;Overgrown;Retrograde;64;223600;2IqjKEBiz0CdLKdkXhxw84
james blake;The Colour In Anything;I Need A Forest Fire;59;257219;0TLAptKgYxe7F0KewWH6X6
james blake;Are You Even Real?;Are You Even Real?;52;231807;2k0HXdTDW28JFAaS8TaHeA
pharoahe monch;Simon Says;Simon Says;64;173159;67IvfvAMYQzJEeHopvwMMW
pharoahe monch;Internal Affairs;Simon Says;58;173373;62l1ZGNoUlJlVwhwMKu2T6
erik nieder;Faithful;Faithful;61;284422;0sw4u9EcSC2E6rtCCdglHZ
joe hisaishi;FREEDOM PIANO STORIES 4;Merry-Go-Round of Life - from 'Howl's Moving Castle';68;311106;39uLYYZytVUwcjgeYLI409
joe hisaishi;Spirited Away Soundtrack;One Summer Day;65;189800;3gFQOMoUwlR6aUZj81gCzu
joe hisaishi;Howl's Moving Castle Soundtrack;The Flower Garden;64;178506;6IZF8hi9J6EtFDLQqOlSbu
joe hisaishi;Howl's Moving Castle Soundtrack;You're in Love;62;71800;3Lsdp3mbD27MjxvTeFm0v3
joe hisaishi;Howl's Moving Castle Soundtrack;Opening Song - Merry-Go-Round of Life;60;153573;3cIKojC2JBVIno9b35MJWn
joe hisaishi;Kiki's Delivery Service Soundtrack Music Collection;A Town with an Ocean View;59;180333;2ZJ28Rm7OXMYJshLtp5uff
joe hisaishi;Spirited Away Soundtrack;The Sixth Station;57;218240;0id1qkWX2s92QjBJcQZj8r
joe hisaishi;The Wind Rises Soundtrack;A Journey (A Dream of Flight);53;175186;1zZQCz81Mr1XiiQ7SkRanG
conscience;Hasty;Hasty;63;135728;5Bme4jcIfvFAF1A0jE2Hpk
conscience;Everything's Alright;Everything's Alright;59;203428;3JXsIGWUG94RE2lMhu2OlE
deco*27;GHOST;Ghost Rule;61;210000;1OAp6qN5KmoGUQ2edICKsC
gary clark jr.;Come Together;Come Together;61;193714;45HAjqRWiNv6mMPw4NvZrU
stevie ray vaughan;Texas Flood (Legacy Edition);Pride and Joy;67;219586;1a2iF9XymafjRk56q7oCxo
stevie ray vaughan;Couldn't Stand The Weather (Legacy Edition);Little Wing;61;408480;5XNpdKmlLJPUbwKQceX2tW
stevie ray vaughan;Texas Flood (Legacy Edition);Mary Had a Little Lamb;60;166960;0nFZ2HQRnIxiwraCm2X6Uq
stevie ray vaughan;Texas Flood (Legacy Edition);Lenny;56;297373;0h4jHdNzUrV9eGR2PT5R8c
william walton;This is the Day: Music on Royal Occasions;Henry V: Henry V: Touch her soft lips and part;61;93840;5WEmDvDiRpE7p3y8SMMAPJ
muffin songs;70 Best Kids Songs with Muffin Songs;The Finger Family (Daddy Finger);61;63570;2v4Tr06c6pj4omEgluFfIh
untrusted;eyes blue or brown, can't remember;eyes blue or brown, can't remember;66;180833;3VOgOT6SNjrRjhjuisphY7
untrusted;woo x I was never there (tiktok version);woo x I was never there (tiktok version);60;212142;3AvQO9AjUzXv8Lhe92uV6b
untrusted;sweater weather / i wanna be your girlfriend;sweater weather / i wanna be your girlfriend;57;235161;3NKUFgqI2sMrtIRGx5IHwx
prxz;Love Wounds;Love Is More Depressing Than Depression;64;133267;6x2vJWVX5xaYvkISLVu7Kz
prxz;Love Wounds;Cigarettes and Sex;58;120053;20hpe9YNgbtggM66QipgWf
92914;Okinawa;Okinawa;61;348445;1CfcKv1RLdJBWhRHAZgVdf
dwsdmusic;Talk It Out;Talk It Out;61;170482;5VujK2veNOmeh7jNj9zq1p
laica;Forever;Close to Me;61;211746;4jPr49jXRJHftXlwTEA2w4
rainlord.;Call Me;Call Me;61;144054;37HRd8gZ7F1l1Awm6debTv
russell!;SCARLETT'S WEEKEND;SCARLETT'S WEEKEND;61;111696;5eiD8KqhdRr2mI9oVq6yex
restless road;Growing Old With You;Growing Old With You;65;196007;5n4kMW5dn7MHFhXQuJb9zG
restless road;Restless Road - EP;Take Me Home (with Kane Brown);57;201749;4pMRIhO6qGmtEIBurzIutp
eric ethridge;Eric Ethridge;If You Met Me First;61;193832;5BJSIhaHPpnTkAahlmOQ1h
david j;Lost My Heartbreak;Lost My Heartbreak;61;157213;5fjoMV6IwPKFsmm0LQuv0m
j capri;Whine & Kotch;Whine & Kotch;61;217200;5o5yQsdZblzaqzgBFDVJTv
tez cadey;Seve (Radio Edit);Seve - Radio Edit;69;210853;6UqRGwjwYL0stXbaodTxwo
tez cadey;Seve (Slow Version);Seve - Slow Version;53;333333;3QXEVqeemynLGRqke5zOrC
sylow;There Is No Wonderwall;There Is No Wonderwall;61;218400;6oDYIYQKJZqOSm3Xwd2cBC
new times;Summer Jam;Summer Jam;61;137704;4cVP9woK6lIsoK71wHl6FO
keys & copper;Let's Stay Together;Let's Stay Together;61;134285;07sTQf36JLUSSp5aaaEwpl
tom zanetti;Didn't Know;Didn't Know;61;168896;3kNWyHdLVW1x6pn9EnSQ1H
breakbot;Baby I'm Yours;Baby I'm Yours;61;215786;5jr6pG3khBcBXZRm8NogSe
flight facilities;Down To Earth;Crave You;61;234776;2cEVcPslk7RwcqDpLA6Mhu
maikkis;Kosandra;Kosandra - Remix;61;178561;2xy57NLEmzuQQeBRORdaOq
chester young;PYRO;PYRO;61;148364;3aDhgouoRk6awklXL4QBGQ
elektronomia;Sky High;Sky High;61;236254;61k7xAKMsuvTf2j2YnieSi
deaf kev;Invincible;Invincible;61;279600;5KcKUpTEHMfcoAps9d5BvY
heather sommer;you heard me;you heard me;61;178686;2uFTnCmw9n08yGWU6qf1vk
leat'eq;Tokyo;Tokyo;61;174117;2Anpk7AihEt38POoMEDqRb
disfigure;Blank;Blank;61;208901;7ucAyhKPjKsLrP14q4mcyo
greyson chance;portraits;shut up;61;170363;7m97u5zpSWqkDjN4uwY2LP
joy.;Same Place;Same Place;61;225071;51HoKwuVUVcv0DHPT0x2Qi
charlotte lawrence;Charlotte;Slow Motion;61;183849;30I7kdtPa1Nmun5I5bns7Q
sak noel;Tocame;Tocame;61;157500;5ZESanTyKmIOXBu7se7z6U
tropkillaz;Bola Rebola;Bola Rebola;66;193440;1OUPXna2MCgAt3VNmXJBtg
tropkillaz;Bola Rebola (Remixes);Bola Rebola - M3B Remix;56;149567;1FAjjAWCMbsIR9fCqC2sRm
nouvelle vague;Nouvelle vague;In a Manner of Speaking;61;238000;4ygRdvjxDYngbgddCtXDjT
romare;Love Songs, Pt. 1;Hey Now - When I Give You All My Lovin';61;146842;3MYUHaITeEQh3WjMkHr67z
bomba estéreo;Amanecer;Soy Yo;61;159800;4Egb5xP6cniUx0kgZd5zLB
dandelion hands;It's All In Your Head;How To Never Stop Being Sad;67;130742;6ZLt6fyonW1xOGMBC9vJPJ
dandelion hands;It's All In Your Head;I Like You;55;167126;4mlqHOqOXja92BT4M51lkj
lil tracy;Anarchy;Beautiful Nightmare;61;185886;4IOmpWHND1FVjT7EFeZhLp
tomo;Coffee Cups and Cigarettes;Coffee Cups and Cigarettes;61;207598;27rlIFzVI6vn4zj4GeiTI8
lavern;Move Me;Move Me;63;140000;6LptEwO1ObZvVQXlU0BPIJ
lavern;Sunshine;Sunshine;59;142674;66BDXKHZOvvz4CwZovEMwH
coy;Forever in My Mind;Forever in My Mind;61;108224;5fOAqQede0xm3pocMD3X8u
friends & i;Does It Mean I Love U;Does It Mean I Love U;61;150000;5ixnguUMnrlwoUH7hhb6gQ
bon entendeur;Aller-retour;Le temps est bon;64;203160;2U5kSevItDmL0XzSDyemRp
bon entendeur;Aller-retour;L'amour, l'amour, l'amour;58;187360;6OGpURRDL26WAeouxgnfX9
moi je;Profite (Remixes);Profite - Kazy Lambist Remix;61;198688;7fbdTbr12vcmJhWgp58dvO
remzcore;Sweater Weather;Sweater Weather;61;230389;3ezoEY4TKU8frUXAYFJstC
mc bruninho;Sou Favela;Sou Favela;61;209952;4lEVoOnIybtRqi4knZwdPZ
plums;Jen;Parking Lots;61;206354;5PSplhA4PEZHqw0bOfelEp
atb;Your Love (9PM);Your Love (9PM);79;150052;5YaskwnGDZFDRipaqzbwQx
atb;Movin' Melodies;9Pm (Till I Come);64;193880;1CgbwsrNDlFrRuk2ebQ7zr
atb;Your Love (9PM) [Tiësto Remix];Your Love (9PM) - Tiësto Remix;57;186531;3ZUGQQQdTteMWdPg2bvLsp
atb;No Silence;Ecstasy;54;261093;0wYVNC09iLBVIqHB07Hckt
atb;Ecstasy (Morten Granau Remix);Ecstasy - Morten Granau Remix;51;350487;17pKBF6PSmtlRxIgdTAkVn
marc streitenfeld;Robin Hood (Original Motion Picture Soundtrack);Charge;61;78893;3gDMowCL0zgKSKLXQcaCTN
marc streitenfeld;Robin Hood (Original Motion Picture Soundtrack);The Legend Begins;61;87680;2qomKwhtqtbQWk7dwAmFXg
warrant;Dirty Rotten Filthy Stinking Rich;Heaven;61;236866;2dEgwtRjYl6TJkIwjRwn6z
juelz santana;What The Game's Been Missing!;There It Go (The Whistle Song);61;180493;50UkypyQJbSQLaXHke5Yep
epmd;Back In Business;Da Joint;61;208360;28AvvchUP85ihRe9xCzcfB
story of the year;Page Avenue;Until the Day I Die;66;235200;0DKNNR9iDjwfCEpMiFXMJq
story of the year;Real Life;Real Life;56;164621;3WcZqa5zOjq3FnEBZCriMw
neeraj shridhar;Cocktail (Original Motion Picture Soundtrack);Tum Hi Ho Bandhu;71;283693;7H3mfOvtPNA8YDF3EdKy0L
neeraj shridhar;Love Aaj Kal (Original Motion Picture Soundtrack);Twist;58;299440;7gl8XJ8EmiObfSFppTATt6
neeraj shridhar;Love Aaj Kal (Original Motion Picture Soundtrack);Aahun Aahun;58;290493;1n1b2lwdRdWF5RAaA0vewk
neeraj shridhar;Love Aaj Kal (Original Motion Picture Soundtrack);Chor Bazaari;57;257440;4gqHEia13bp5EFWGitiKWx
vishal dadlani;Talaash;Jee Le Zaraa;65;215202;2r32XiAWtZbT3eLUvf4pag
vishal dadlani;Kudi Nu Nachne De (From "Angrezi Medium");Kudi Nu Nachne De (From "Angrezi Medium");63;172381;4YIhJmihoXwjtbY4vsV9Nh
vishal dadlani;Bang Bang (Original Motion Picture Soundtrack);Tu Meri;62;257089;2E2G88mTTJjbbmEpqTkbaV
vishal dadlani;Break Ke Baad;Adhoore;60;264210;298atiKYvG84VfbXNbZiX5
vishal dadlani;Zindagi Na Milegi Dobara;Ik Junoon (Paint It Red);60;299119;7e6qTHVfRdaYsio90s1fHC
vishal dadlani;Chennai Express;One Two Three Four (Get On The Dance Floor);60;228323;3XyFQxpSlGowWpZkIn3ISA
vishal dadlani;Udta Punjab;Ud-daa Punjab;59;274701;7yn0E97MoGLBaW8mqIwqNr
vishal dadlani;Jai Jai Shivshankar (From "War");Jai Jai Shivshankar (From "War");59;230557;6lfSsCL894Qw15xbt7cSUy
ajay-atul;Agneepath (Original Motion Picture Soundtrack);Abhi Mujh Mein Kahin;65;364786;73y649QhnXdcm6fRdvfraO
ajay-atul;Agneepath (Original Motion Picture Soundtrack);Deva Shree Ganesha;63;356826;6Ozx2ngGtXrqznTKhKBlrT
ajay-atul;Agneepath (Original Motion Picture Soundtrack);Chikni Chameli;62;301586;1vSXwYeKnzsVvekSpqVabx
ajay-atul;Sapna Jahan (From "Brothers");Sapna Jahan (From "Brothers");61;341780;6uQkoo1UGWThtEpNEYc6Ga
ajay-atul;Brothers (Original Motion Picture Soundtrack);Brothers Anthem;59;353676;3uZiNvBNQldjl4OJiKsuxe
ajay-atul;Dhadak;Zingaat;59;226501;5raWEZXYAapq6Qw1GIEIkU
ajay-atul;Chandramukhi;Chandra (Featuring. Shreya Ghoshal);58;315653;4mtGAPsQCIlD4ZXdpRi0wf
wajid;Partner;Soni De Nakhre;61;261013;4tBMbRwLJa5BjwJ6FrBlks
amar sandhu;Bapu Tere Karke;Bapu Tere Karke;61;230561;4enBboQxIXJ104dP5MFQGw
arjun;Punjabi Mashup;Punjabi Mashup;61;306572;79blZUG11a6vtTL3Nt9J78
andro;MOON FLAME;Иса;61;159529;0pPMSxTHDxROblb7yID8Ar
dr zeus;Unda Da Influence;Kangna;61;210680;1C5e7ZRscn79tjMEc3swc7
hayasa g;The Banjo Beat;The Banjo Beat;61;102000;08y5oWUpZoBgQ6UdUaPQk3
clmd;DANCE;DANCE;61;174448;6TfeXwJihJRuBW3mFpib6J
pranav das;Pagal Iravai | Maraigirai;Pagal Iravai | Maraigirai;61;288166;2jQQTuzwJWEtwayffAADIe
beach house;Depression Cherry;Space Song;73;320466;1ujxjsoNvh4XgS2fUNwkZ2
beach house;Teen Dream;Take Care;49;348440;0D2m3GX6mNfNB6dKJQjCgM
forrest nolan;Summer Vibe;Summer Vibe;61;200292;1SdItcSOTD14tvIo8UzA6k
10cm;Our Beloved Summer (Original Television Soundtrack), Pt.1;Drawer;61;237266;1OQ3PoRZRtE7RH0NIh3p1O
chillies;Cứ Chill Thôi;Cứ Chill Thôi;61;270000;014DA3BdnmD3kI5pBogH7c
ryn weaver;The Fool;Pierre;61;202733;2vpVR1L7Qfkd7D6qFNuorq
reneé dominique;Could I Love You Any More (feat. Jason Mraz);Could I Love You Any More (feat. Jason Mraz);61;189500;6TbDpqKCksZNJjriFhPum8
もさを。;ぎゅっと。;ぎゅっと。;61;269746;6nqfKM9JvQIiuAuzWZFvGW
heize;Hotel del Luna (Original Television Soundtrack) Pt.5;내 맘을 볼 수 있나요;63;225785;2oVHb8wyg6oC2iNpGBNvx1
heize;Guardian (Original Television Soundtrack), Pt. 14;Round And Round;59;201658;3vAncbML0jhNrp63DKhsCo
soyou;Guardian (Original Television Soundtrack), Pt. 7;I Miss You;61;169448;3SfbB0Y3saMIQnNctxMVhj
seori;Lovers In The Night;Lovers In The Night;61;210546;2dX2W20qzwqM6G910woDKo
kimsejeong;Love, Maybe (A Business Proposal OST Bonus Track);Love, Maybe (Acoustic Ver.);61;171680;3V2fMXzPJLkIQyRgwOLgip
the hu;The Gereg;Wolf Totem;61;338000;5hISmTJXBXdOes4htbUhGk
the hu;The Gereg;Yuve Yuve Yu;61;282920;7dH9Qnbb7pwDahy1Vb9ZQa
dayseeker;Without Me;Without Me;63;223800;1d46ed3h4U9ws3YsvUOMon
dayseeker;Sleeptalk;Sleeptalk;63;223026;2NDH7pMWv3UQHOCN4tnXbI
dayseeker;Neon Grave;Neon Grave;60;239353;46b5EPoX1k0Q1VymqWZ35R
dayseeker;Sleeptalk;Burial Plot;60;237573;0v1QET6Q1YD7HQK4FBT8on
dayseeker;Dreamstate;Dreamstate;59;219354;59PzGWG2yXtvQiznMaFTVg
underoath;They're Only Chasing Safety;A Boy Brushed Red Living In Black And White;62;268000;47IWLfIKOKhFnz1FUEUIkE
underoath;Define The Great Line;Writing On The Walls;60;242413;313yF0VXTCmFFoYEJF7nBQ
gunnel boek;Hommage d'amitié;Hommage d'amitié;67;136648;5DezuV0RFcMcgA11UGdGBR
gunnel boek;Wiegenlieden;Wiegenlieden;55;158000;3U6R2JSOzgPzQo57fZFsDZ
davignon;Dualities;Dualities;64;129306;5t9WS1mp1WGOqz6lJut8za
davignon;Laredo;Laredo;58;167500;4T9ej7a6gtJyQ5yFRO1vXc
miriam raye;River Running Free;River Running Free;61;136000;2qCzkyUdNWxGY0lQh0jp8F
miriam raye;Sempiternal;Sempiternal;61;128000;6aPNSFUv5X13wjZsjJAbYW
tamara eden;Horizon;Horizon;61;142614;1nQ2WCJTn89CnirpfDHV60
andrew mcmahon in the wilderness;Andrew McMahon In The Wilderness;Cecilia And The Satellite;61;223879;1MSM3Fo2fvnwVqMcz8Jhjq
jackson browne;The Next Voice You Hear - The Best Of Jackson Browne;Running on Empty;61;298093;3UrDYCWfY6fTsiA63NNL27
vishal-shekhar;Bachna Ae Haseeno;Khuda Jaane;72;333583;0gPgdRfB4jdGrlyXS0Vx78
vishal-shekhar;Ghungroo (From "War");Ghungroo (From "War");71;302935;0WdbnNKO0Jt4BZACSDQh44
vishal-shekhar;Student of the Year (Original Motion Picture Soundtrack);Ishq Wala Love;70;257972;1hQia6rxgfM1ly2hE3StWp
vishal-shekhar;Befikre;Nashe Si Chadh Gayi;69;237875;0biCSADTAblvLTLtJz4pXO
vishal-shekhar;Tashan;Falak Tak;68;356179;0IudGhdeJZwJ0Ps6ndtQDt
vishal-shekhar;Tiger Zinda Hai;Dil Diyan Gallan;68;260536;5MnAi6ZF7cE8pAz7wYr9Ta
vishal-shekhar;Jayeshbhai Jordaar;Firecracker;67;166600;324Y55zUTRSMdtFwc91csa
vishal-shekhar;Hasee Toh Phasee (Original Motion Picture Soundtrack);Ishq Bulaava;66;303640;1fkjRQA8wXPPyxqYLbxuqy
vishal-shekhar;I Hate Luv Storys (Original Motion Picture Soundtrack);Bahara;64;325706;1gwO79MdYdumgIjxq8eCxB
vishal-shekhar;Hasee Toh Phasee (Original Motion Picture Soundtrack);Zehnaseeb;63;217440;3xF15SqY32Mno3UUMBirhU
vishal-shekhar;Alcoholia (From "Vikram Vedha");Alcoholia (From "Vikram Vedha");63;231022;4SjKsDIVQessPLdN42FZlm
vishal-shekhar;I Hate Luv Storys (Original Motion Picture Soundtrack);Bin Tere;63;330360;3bZPdEskcnMdepwCaDSJRl
vishal-shekhar;Salaam Namaste;My Dil Goes Mmmm;62;452832;3Uv8BQFN3bQfhkregyMbnx
vishal-shekhar;Sultan;Bulleya;61;357067;3tgdOveYac7YMEAQD9sGLf
vishal-shekhar;Student of the Year (Original Motion Picture Soundtrack);Vele;61;230546;31phvnfUfwzi0nf3dO814j
vishal-shekhar;Hasee Toh Phasee (Original Motion Picture Soundtrack);Manchala;60;227506;3zAXHUL5YcYOA41rruvjy4
vishal-shekhar;Student of the Year 2;The Jawaani Song;60;253160;3IzQc4KEAFd8lIc90X7FZr
vishal-shekhar;Student of the Year (Original Motion Picture Soundtrack);Radha;58;341360;6f7zyAEUCZuvX4Zty62Z5o
vishal-shekhar;YRF Top 10 - Nightout Sounds;Ghungroo (From "War");58;302935;1Ef0TmgS1QrVO6tKHrMMmH
vishal-shekhar;Sultan;Sultan;57;280137;3kSBSSsXtebECjCggW87yq
vishal-shekhar;Dostana (Original Motion Picture Soundtrack);Jaane Kyun;57;277986;6M2UnI1LnXuXlWU54CKmKx
vishal-shekhar;Sultan;Jag Ghoomeya;57;281991;4KCbZcshgibfJSCAkg87Lv
vishal-shekhar;Student of the Year 2;Fakira;56;288019;3gCljMiGFfcum5sOHTMfwZ
vishal-shekhar;I Hate Luv Storys (Original Motion Picture Soundtrack);Sadka;56;343586;4dPeCbg2Op44s9kwyMS3ZT
vishal-shekhar;Vikram Vedha;Alcoholia;40;231022;0QVO7axWflWmczCHPc4iLG
vishal-shekhar;Vikram Vedha;Oo Saahiba;39;234126;3Y3nlkoozI2XsL1dzyWdHB
sooraj santhosh;Kannum Kannum Kollaiyadithaal;Kanave Nee Naan;63;124996;16ASkQZ0cTrSdUYU1TB2nt
sooraj santhosh;Kumbalangi Nights (Original Motion Picture Soundtrack);Uyiril Thodum;59;234929;3bbzeZcfsK0ac7rdN2s7WX
zubeen garg;Gangster;Ya Ali;61;295800;5HCrm5tm2Lrvc18TFt4dCJ
steve angello;Show Me Love;Show Me Love - Radio Edit;61;184846;2WIwmd809qDTOn4UJgDnNi
the brian jonestown massacre;Their Satanic Majesties' Second Request;Anemone;61;334466;70WSr32oW4jC1na5I0j0D6
the byrds;Mr. Tambourine Man;Mr. Tambourine Man;64;149466;2HCaIYjkvWSZzaSKUoOh3d
the byrds;Turn! Turn! Turn!;Turn! Turn! Turn! (To Everything There Is a Season);64;229360;5qBqBdfTEIWJwAS0Jm2F5R
the byrds;Younger Than Yesterday;My Back Pages;55;188240;1yexhSDARSLVvRCBU3wDAm
the jesus and mary chain;Psychocandy (Expanded Version);Just Like Honey;61;182493;1LwP9g1Hjbs64jXM2Qsxry
mod sun;Stay Away (feat. Machine Gun Kelly & Goody Grace);Stay Away (feat. Machine Gun Kelly & Goody Grace);61;151890;00okrW9OfjmG0PZJSY3fJd
k'naan;Troubadour;Bang Bang;69;186533;61YzdCCBPM5Pc7lIiD5i8C
k'naan;Troubadour (Champion Edition - Asian Version);Wavin' Flag - Coca-Cola® Celebration Mix;67;212520;4nOygULhEuDO5ZBRNPFaso
k'naan;Troubadour;Wavin' Flag;59;220520;0zREtnLmVnt8KUJZZbSdla
k'naan;Wavin' Flag (Orange Monkey Version);Wavin' Flag - Black Chiney Remix;49;224533;3wxYm9dG25xd0eAGAkqy7W
little eva;Llllloco-Motion;The Locomotion;61;139120;5xzdDMhFYiuUONB0Mha9VS
the del-vikings;Come Go With Me: The Best Of The Del-Vikings;Come Go With Me;61;162293;4IYyGIbMS5ZkxDXGfPIrXr
shibb;Giant Steps Tomorrow;Giant Steps Tomorrow;61;195751;2KiBZ6xU6dnj47aT71G28P
leo baumgart;Versuchen;Versuchen;62;136654;5dhj9EMLIeq5R1zEo3PSni
leo baumgart;Stimmung;Stimmung;60;138177;6mmma8gbZNJcTkG40Nr2vx
manolakas;Blua Aero;Blua Aero;61;128727;3ff3N25wTsj8T1mf2gMTQp
jupiter breeze;Jupiter One;Arrival;61;185840;3jaCuiu5pvF2e7XnSi1NBw
calil;Pure Air;Pure Air;61;211150;5dMI1sHkCxUWvh8vksx0Rz
unwritten skies;Hopeful;Hopeful;61;162782;6OTCHM8icoVQmWYdULItOz
joan magana;Primrose;Primrose;61;218624;5tIbsGFsbxljVv1KxUUXKV
nils august valentin;Endless Sky;Endless Sky;61;106214;0BFGPgLej2COqSzwxKmpkU
judithe abelsen;Hovering;Hovering;61;225000;0EkOXlinAFTDIVPbbaRDJL
laila wollo;Arnasa;Arnasa;61;190956;0IazKTDsOeV4v3NfILh3LW
mia pandosa;Within the Light (Ambient Version);Within the Light;61;149765;6Di2mEmryP7AAak4VZMLVJ
jack rosslyn;From Above;From Above;61;139271;3bmicq5CCRnFGlvZY8mQYP
from alfie;The Thread;Mind;61;151851;7DvR34weBiIehUpND2sN6O
a.chal;EXOTIGAZ;000000;61;165214;5QeUZ1Z4xSCegBXutW3IIt
stwo;Neither Do I;Neither Do I;61;220000;3OuXuCuaZ889JdW2cX1dDw
jadu heart;Hyper Romance;Burning Hour;61;278900;2dje3ZBu1j1r0QfR7mtS0l
¿téo?;In Your Body;In Your Body;61;203777;2VRJKXrqR4ztn6WgJ28R9r
amir obe;None Of The Clocks Work;CIGARETTES;61;190000;3TfTZ3fGLYtR1azsY8iEp4
joy crookes;Feet Don't Fail Me Now;Feet Don't Fail Me Now;61;198800;1GVkrFVc94CTjm9bdSmGjp
nao;And Then Life Was Beautiful;Antidote (feat. Adekunle Gold);61;202626;7IehzBxyvb9egSpZFXZwTe
nil moliner;MENEITO;MENEITO;67;198196;2nSNqawExgEYd5k0CATOwO
nil moliner;LA PLAYA;LA PLAYA;63;214193;1bosDxu5WS8An28jgQdLbd
nil moliner;Libertad;Libertad;61;218079;6Qi1MNFHCLo4bVsV14MOmz
nil moliner;Hijos de la Tierra;Esperando;59;173653;4rz8jIEKtWacDUJvJkvEy9
nil moliner;Un Secreto Al Que Gritar;Libertad;59;218079;1kG7gfH4HDUlDht0VZYkiP
nil moliner;Me Quedo (feat. Ana Mena);Me Quedo (feat. Ana Mena);57;163353;1MdsletWuIR9ItEnitWRwp
enrique urquijo y los problemas;Desde Que No Nos Vemos;Aunque tú no lo sepas;61;144840;2VybHZvsshGs8GpOaB0wS1
marmi;Tu Foto Del DNI;Tu Foto Del DNI;61;179653;1eWWdO6oIBdJT8SCXaYCYV
nena daconte;Retales De Carnaval;Tenia Tanto Que Darte;62;204560;3Th2of8xIYyImVLXUbzaTp
nena daconte;He Perdido Los Zapatos;En Que Estrella Estara;60;140666;1msphInQ8bBBQGFZkll7FX
los delinquentes;El Sentimiento Garrapatero Que Nos Traen Las Flores;El aire de la calle;61;186733;2PaETSKl3w3IdtLIbDnQXJ
charlie sparks (uk);Welcome To London;Welcome To London;61;415594;3rcabUHPdv5Ulw8B6Khkxc
captain hollywood project;Love Is Not Sex;More And More - Single Version;61;253573;0JXXm3RqxU8EKzX4P8M0n3
age of love;The Age Of Love (Charlotte de Witte & Enrico Sangiuliano Remix);The Age Of Love - Charlotte de Witte & Enrico Sangiuliano Remix;64;489480;6X6Ow0iioCrYQSK1QDHQbC
age of love;The Age Of Love (Charlotte de Witte & Enrico Sangiuliano Remix) [Charlotte de Witte & Enrico Sangiuliano Remix - Edit];The Age Of Love (Charlotte de Witte & Enrico Sangiuliano Remix);58;489480;6R84ZlQF7gGkPB6o3GLZXB
dario g;Sunchyme;Sunchyme;61;235850;2YOuBWIyHgyvHnLMpjzBf2
odesza;The Last Goodbye (feat. Bettye LaVette);The Last Goodbye (feat. Bettye LaVette);72;358983;4XeIiGpUBshIfs9yrBDVZC
odesza;A Moment Apart;A Moment Apart;66;234244;59wlTaYOL5tDUgXnbBQ3my
odesza;The Last Goodbye;The Last Goodbye (feat. Bettye LaVette);65;358983;2gQK13gXYZRq2MgvPJyHx8
odesza;The Last Goodbye;Forgive Me (feat. Izzy Bizu);65;208017;3IUiA6msgyFl3f8kzbdgQP
odesza;In Return;Say My Name (feat. Zyra);65;262956;1LeItUMezKA1HdCHxYICed
odesza;The Last Goodbye;Wide Awake (feat. Charlie Houston);65;215039;5OLfObog5za3O71jQgZFsB
odesza;In Return;Sun Models (feat. Madelyn Grant);64;160000;7jZHUhAmW5oq1cq6s8IxmK
odesza;A Moment Apart;Line Of Sight (feat. WYNNE & Mansionair);62;237140;2WWfjbHALIb3e7FMcj9mr4
odesza;The Last Goodbye;Behind The Sun;60;250634;0dhKGbQFIUnfjozzISQvuj
odesza;A Moment Apart;Higher Ground (feat. Naomi Wild);60;215130;7KT7VGnPU5QVXN3q1BOeqb
odesza;Summer's Gone;How Did I Get Here;60;131250;4aJnMRNeuDZSQN7FaSNGtM
odesza;A Moment Apart;Late Night;59;228154;5Nu5Uyoauauy9LFePYL1Z3
odesza;A Moment Apart;Falls (feat. Sasha Alex Sloan);57;232936;6oNZ0WxqptE7V0qpjtyJ4a
odesza;Behind The Sun;Behind The Sun;53;250634;7tRXTDi87CiAqU5sIBQfIC
odesza;A Moment Apart (Deluxe Edition);It’s Only (feat. Zyra) - ODESZA VIP Remix;52;240440;2XyNLoEWc4IDt9OVzXZUXl
odesza;Loyal;Loyal;50;207826;6jKVU3e0gnQLj3iifJBvVN
mustafa zahid;Aashiqui 2;Bhula Dena;63;240723;0WNCYgCd33LnBnw22WFuq8
mustafa zahid;Heropanti;Tere Binaa;63;203180;1DsQyEshUaan0BBb7fUQHr
mustafa zahid;Ek Villain;Zaroorat;61;368852;32U1XMh3DKlm45uvpofhvY
mustafa zahid;Awarapan (Original Soundtrack);Toh Phir Aao;60;348280;4chxJYv0qsOKQukt6cKp97
mustafa zahid;Awarapan (Original Soundtrack);Tera Mera Rishta;60;347040;2PxZSFOv7RebkeSEwQTjr7
mustafa zahid;Ragini Mms 2;Maine Khud Ko;58;329072;05REArTDZQd59A9Y4XC0Aq
rangga jones;confidence in me;confidence in me;62;162151;5c1tswRpjj7Fyv9xb5a8RJ
rangga jones;Call Me;Call Me;62;172500;67OZSzWvhMgLzUwYOpt3eY
rangga jones;Favourite Things;Favourite Things;61;173333;5qDfGiZz9Soxb9Xn2jQ8hk
rangga jones;Other Half;Other Half;60;215647;2gCh5vjwMIRldOwvXby3Qy
rangga jones;End of The Day;End of The Day;59;157714;1mAlS0axMpVgtuCKeNHtvo
shankar-ehsaan-loy;Jhoom Barabar Jhoom;Bol Na Halke Halke;68;306834;0u8wprNfOdcWpUlWnfMcpP
shankar-ehsaan-loy;Kal Ho Naa Ho (Original Motion Picture Soundtrack);Kal Ho Naa Ho;67;321240;251PNRmJU9KcUnFQAB5t6I
shankar-ehsaan-loy;Kabhi Alvida Naa Kehna (Original Motion Picture Soundtrack);Mitwa;66;382973;4BTPzhEsyW3blWcxcuhLM0
shankar-ehsaan-loy;My Name Is Khan (Original Motion Picture Soundtrack);Sajdaa;63;365706;395gJWcJQK0C3GJfHAn7f6
shankar-ehsaan-loy;Kal Ho Naa Ho (Original Motion Picture Soundtrack);Maahi Ve;63;366853;7Czm0vv2sYL5z4P51KY66e
shankar-ehsaan-loy;My Name Is Khan (Original Motion Picture Soundtrack);Tere Naina;62;278546;3hoXhwP0ub9LdSJV4olDIc
shankar-ehsaan-loy;Bhaag Milkha Bhaag (Original Motion Picture Soundtrack);Zinda;61;211120;7vZz8oJ5qAqB9MghufRK5k
shankar-ehsaan-loy;Kabhi Alvida Naa Kehna (Original Motion Picture Soundtrack);Tumhi Dekho Naa;61;347453;2ILhVeTkbDAYEvesCCBsNo
shankar-ehsaan-loy;Bandish Bandits (Original Series Soundtrack);Chedkhaniyaan;60;198260;30PPEJ1pEhtVnrgVNK5MEw
shankar-ehsaan-loy;Kabhi Alvida Naa Kehna (Original Motion Picture Soundtrack);Kabhi Alvida Naa Kehna;58;483920;4uXShFWajd1PTQzlW3P4jj
shankar-ehsaan-loy;Lakshya (Original Motion Picture Soundtrack);Lakshya;57;375706;7o1yzUVkQt2Gto5yYvzo2T
shankar-ehsaan-loy;Kill Dil;Sajde;57;325459;7kiZ6Zf66oX6yMovt3gC1a
shankar-ehsaan-loy;Bhaag Milkha Bhaag (Original Motion Picture Soundtrack);O Rangrez;57;385000;5JCDVLwteSXuwVqjCa7SwH
shankar-ehsaan-loy;Bhaag Milkha Bhaag (Original Motion Picture Soundtrack);Slow Motion Angreza;56;260506;0JX7Es2j556FwtR6YqMKzP
shankar-ehsaan-loy;Wake Up Sid (Original Motion Picture Soundtrack);Kya Karoon?;56;236160;4Yp8zw7b35bheMVTp39o5O
chema rivas;Algodón de azúcar;Algodón de azúcar;65;168000;6CHYyL3462Y2Bb2uWIIBkE
chema rivas;Entre Tú y Yo;Entre Tú y Yo;62;224000;1CGhHQZF487xpWITQW1bam
chema rivas;Mil Tequilas;Mil Tequilas;62;255450;3VvyD7SxO6SO3IuCODFAfW
chema rivas;Si Tú Te Vas;Si Tú Te Vas;54;167535;4iWMZ0GgMiQBUztVWnYZOs
evgeny grinko;Outtakes;Jane Maryam;64;90984;46xC5pDq9vxl4JcHkb1QkX
evgeny grinko;Outtakes;Wind Brought;61;84948;43f3oGrYrjcB06aNPVXH2T
evgeny grinko;Silent Like Water;Field;59;113050;3zWfjRtvm3gFEAjqeWScEl
evgeny grinko;Orange Marmalade;See You Tomorrow;59;91303;63UlcXS3kWJXph9FL5zeWA
arijit singh;Badhaai Do (Original Motion Picture Soundtrack);Atak Gaya - Arijit Singh;74;199407;5WzfGg2ueNoOS5aIkaR9qX
arijit singh;Mere Yaaraa (From "Sooryavanshi");Mere Yaaraa (From "Sooryavanshi");73;285163;0tpwqQhdfJXRcUDSNRjb9O
arijit singh;Tujhe Kitna Chahne Lage (From "Kabir Singh");Tujhe Kitna Chahne Lage (From "Kabir Singh");72;284779;2Fv2injs4qAm8mJBGaxVKU
arijit singh;Kedarnath;Jaan 'Nisaar (Arijit);71;238369;6pzlnyHTVYi5FOmrgOmC95
arijit singh;Aashiqui 2;Tum Hi Ho;71;261974;56zZ48jdyY2oDXHVnwg5Di
arijit singh;Kedarnath;Qaafirana;71;341823;0xkGTPTijMU84dtHr3KQQi
arijit singh;Raees;Zaalima;71;299333;4fgJe7zBjVXvs8HxtE21Y9
arijit singh;Pal Pal Dil Ke Paas- Title Track (From "Pal Pal Dil Ke Paas");Pal Pal Dil Ke Paas- Title Track;71;254516;7lGhrfren1Zpwh0ds0zuUg
arijit singh;2 States;Mast Magan;69;280161;3uL1IBFhg52VcQqOwAG01E
arijit singh;Heartless;Main Dhoondne Ko Zamaane Mein;69;262986;75p6BrziB5urmwPCeXl3y7
arijit singh;Kabir Singh;Tujhe Kitna Chahne Lage;68;284779;5QtEFRYavs5S3GHtFEq7A4
arijit singh;Darlings (Original Motion Picture Soundtrack);La Ilaaj;67;264915;5uYHDSKVHfHxBLgYf4H6SH
arijit singh;Ek Villain;Humdard;67;260590;1OEmd2iXU8pWG7CrKNpGUg
arijit singh;Kesari;Ve Maahi;67;223999;4t1DkxexoMbIHfSHS4Uiyr
arijit singh;Dhokha;Dhokha;67;245160;2aV8nAkyt5nsWdQTruzgmJ
arijit singh;Thodi Jagah (From "Marjaavaan");Thodi Jagah (From "Marjaavaan");67;218048;3f0wz6zcA7XkQiGm0qNF5r
arijit singh;Ultimate Love Songs - Arijit Singh;Humdard (From "Ek Villain");67;260590;2PvaburAUlhNHxVhw5lvOq
arijit singh;Genius (Original Motion Picture Soundtrack);Tera Fitoor;66;310000;1YMLgvsQdE27r30q0fsLeV
arijit singh;Arijit Singh Broken Strings;Main Dhoondne Ko Zamaane Mein (From "Heartless");66;262986;43YkTTlOD203o9E5ZxhUjF
arijit singh;Mary Kom;Sukoon Mila;65;200437;4nydCE0L7G13XLKPzvLlNs
arijit singh;Pachtaoge (From "Jaani Ve");Pachtaoge (From "Jaani Ve");65;226789;5QVHNa0ppJUOoqSd36ovQS
arijit singh;Rustom (Original Motion Picture Soundtrack);Dekha Hazaro Dafaa;65;207751;7AV1hh76pC1mg4iSH796Vp
arijit singh;Groove With Arijit Singh;Mast Magan (From "2 States");65;280161;4wIWWEhbdgKAxhR68eE0Ye
arijit singh;Simmba;Bandeya Rey Bandeya;64;254841;69EBg5Kl8SwvDfxFQ1aPNY
arijit singh;Fitoor;Yeh Fitoor Mera;64;283070;3hp6JfJIxkv3sl7E6p7DQj
arijit singh;Shaadi Mein Zaroor Aana (Original Motion Picture Soundtrack);Main Hoon Saath Tere;64;280084;4dljlmVE5RTpAiEwCi6kkD
arijit singh;Ultimate Love Songs - Arijit Singh;Tera Yaar Hoon Main (From "Sonu Ke Titu Ki Sweety");64;264805;1NX33DecZrq4ZUGDc47AfN
arijit singh;Roy;Sooraj Dooba Hain;64;264854;48pyUxg9RYuwie5M9R7qRn
arijit singh;Love Dose Arijit Singh;Kabhi Jo Baadal Barse (From "Jackpot);64;254300;2dOWkdPfiT9SU2Wm734Rh6
arijit singh;Ultimate Love Songs - Arijit Singh;Itni Si Baat Hain (From "Azhar");64;294846;4OEBP1iwGmLtcM8UKRLm80
arijit singh;Aashiqui 2;Milne Hai Mujhse Aayi;63;295798;2iGnFW7m517taq3AJIE6DK
arijit singh;Sanam Teri Kasam (Original Motion Picture Soundtrack);Tera Chehra;63;274000;3trnNo4KeaUlFuUiV7iRCj
arijit singh;Mickey Virus;Tose Naina;63;263549;2dPUug9YiNL4ypu8UF8SnD
arijit singh;Mitra Re (From "Runway 34");Mitra Re - From "Runway 34";63;221936;4SmMVj2SnYXPA2M9LhtCnO
arijit singh;Love Dose Arijit Singh;Tose Naina (From "Mickey Virus);63;263549;2fMlezwwP5Hr1UwuAknN4o
arijit singh;24 (Original Motion Picture Soundtrack);Naan Un;62;288360;3V2ricb6fi4OCJu2rjhL1A
arijit singh;Mahi Mera Dil (From "Dhokha Round D Corner");Mahi Mera Dil (From "Dhokha Round D Corner");62;180117;68WsICkbiK1IOpDEQMdrjB
arijit singh;M.S.Dhoni - The Untold Story;Phir Kabhi;62;287422;4jk4CaqBMBbMZhf3PuR1ai
arijit singh;Aashiqui 2;Aasan Nahin Yahan;62;214470;06zJUeKU5KFy50Cho6pDcr
arijit singh;Ultimate Love Songs - Arijit Singh;Saware (From "Phantom");62;321613;2y0hUGvHaKm2p5xmJF4HBe
arijit singh;Ultimate Love Songs - Arijit Singh;Tum Hi Ho (From "Aashiqui 2");62;261974;7ouBSPZKQpm7zQz2leJXta
arijit singh;Groove With Arijit Singh;Sooraj Dooba Hain (From "Roy");62;264854;5HcBFhFQEtqKrsRkr95XYu
arijit singh;1920 Evil Returns;Uska Hi Banana;61;327029;5TJOAIWHRYW8pRBpnvLUo1
arijit singh;Tera Hua (From "Cash");Tera Hua (From "Cash");61;253500;6HDBzDFSDYSmKzadobMr7e
arijit singh;Jackpot;Kabhi Jo Baadal Barse;61;254300;3MVPReTwLNOBFb6KjiIRNM
arijit singh;Gabbar Is Back;Teri Meri Kahaani;61;331443;14eFqoEf1NBm7kh2jWc3TU
arijit singh;Raaz Reboot;Lo Maan Liya;60;300274;2wJ9d1Gfj8OqcznPAroqvh
arijit singh;Desh Mere (From "Bhuj The Pride Of India");Desh Mere (From "Bhuj The Pride Of India");60;203186;2HbrsAxOZfG0s1xCQuk6nB
arijit singh;Kabir Singh;Bekhayali (Arijit Singh Version);60;370444;47Il9B5GJ2FEkiwiIH3xX0
arijit singh;Arijit Singh Broken Strings;Uska Hi Banana (From "1920 Evil Returns");60;327029;3h6Xvd0lISog6GxTk4X6MK
arijit singh;Goliyon Ki Raasleela Ram-Leela (Original Motion Picture Soundtrack);Laal Ishq;59;387169;4hXHlAc9ZOJY5pGbdfuWsa
arijit singh;Bekhayali (Arijit Singh Version) [From "Kabir Singh"];Bekhayali (Arijit Singh Version) [From "Kabir Singh"];59;370444;6aPMWbbdhDhiJHlknZb9Yx
arijit singh;R...Rajkumar (Original Motion Picture Soundtrack);Dhokha Dhadi;58;249730;2lALqW28yjkmb6LCBBUc7j
arijit singh;Heropanti;Raat Bhar;58;325581;3ctaMit7CuiHIPVYrRvm15
arijit singh;2016 Shinning Star - Arijit Singh;Phir Kabhi (From "M.S.Dhoni - The Untold Story");58;287422;77gskLti3ilCnuwlDq0m8j
arijit singh;Ultimate Love Songs - Arijit Singh;Roke Na Ruke Naina (From "Badrinath Ki Dulhania");58;278401;0ZyJDDqBjI0rDnn31qHgbg
arijit singh;Groove With Arijit Singh;Chal Wahan Jaate Hain (From "Chal Wahan Jaate Hain");58;326121;6qElTDh0OatDTUoROu0vup
arijit singh;Valentine's Mashup 2021;Valentine's Mashup 2021;58;198380;1jkNF7kVO0tzNiGXzpC6fQ
arijit singh;Bajirao Mastani (Original Motion Picture Soundtrack);Aayat;57;261996;16R1Fq1nFxm9DJyzBzKjQk
arijit singh;Good Newwz;Dil Na Jaaneya (Unplugged);57;183902;6xULxfhlT3TBpTHBiaLcAt
arijit singh;Best Of Arijit Singh - Revisited;Lambiyaan Si Judaiyaan (From "Raabta");57;238243;1vsLKoccuY0NxkRJjZgcMr
arijit singh;Arijit Singh Broken Strings;Milne Hai Mujhse Aayi (From "Aashiqui 2");57;295798;24b9eObMccIrDSs3NvdrRd
arijit singh;Creature 3D;Sawan Aaya Hai;57;288176;2znIV62IxtbY9gSEPdIAho
arijit singh;Tum Bin 2;Dekh Lena;56;281525;4K7l6gzsSPKkB3mzokEDKQ
arijit singh;All Is Well;Baaton Ko Teri;56;280250;23CkVQ84EestqfkEy4fhOQ
arijit singh;Youngistaan;Suno- Na Sangemarmar;56;201675;0RrR3wg4ezBVwm7lyeybir
arijit singh;Tum Bin 2;Ishq Mubarak;56;296600;4M513o3dSYspKeT6UNJpcx
arijit singh;Pal Pal Dil Ke Paas (Original Motion Picture Soundtrack);Pal Pal Dil Ke Paas- Title Track;56;254516;5CiHCfXZQyQEkmSeEj39PF
arijit singh;Badrinath Ki Dulhania;Roke Na Ruke Naina;56;278401;2k7RoJQR0mi8WVWK0Och93
arijit singh;Padman;Aaj Se Teri;56;312240;4ws4fIFJDtQAjNQ53KYVl2
arijit singh;Commando 3 (Original Motion Picture Soundtrack);Akhiyaan Milavanga;56;302319;3Nb0sHsDac1jX6nO8tA4Nf
arijit singh;Love Dose Arijit Singh;Suno- Na Sangemarmar (From "Youngistaan);56;201675;2ESscisnKdryn50fPeHd7O
arijit singh;Arijit Singh Broken Strings;Tera Yaar Hoon Main (From "Sonu Ke Titu Ki Sweety");56;264805;1aIhAX6324JZmhNnGltwkK
arijit singh;Simran;Meet;55;215411;4OCpBhcJxiSd1azaBOy21U
arijit singh;Arijit Singh Broken Strings;Lambiyaan Si Judaiyaan (From "Raabta");55;238243;5Jgv5IaPCgj1rldWSlw6m3
arijit singh;Sajde - LoFi Mix;Sajde - LoFi Mix;31;227741;6YsPRqQl1anHQDKEnsJvVn
arijit singh;Dhokha Round D Corner;Mahi Mera Dil;29;180117;3nFCZ39UfurEsVPT7y5vvJ
arijit singh;25 Love Telugu Collection;Nacchite Ye Panaina (From "Dohchay");0;210619;4BtzfRDLEl5aWtOp2SrNpO
fly by midnight;Automatic (feat. Jake Miller);Automatic (feat. Jake Miller);68;157472;6FoUUkUM4fVdh5pLZyxgjz
fly by midnight;Happy About Everything Else...;Love Me Like a Friend;65;202266;0110a0AM2nOV8yYa9u6kjQ
fly by midnight;Silver Crane;Tomorrow;64;185474;0b7qBgsDlYz5koxoIdTZTe
fly by midnight;What If I Wasn't Done Loving You?;What If I Wasn't Done Loving You?;63;175562;5y8liVmpsvn6Kg4JFijj4Z
fly by midnight;Lost Without You (feat. Clara Mae);Lost Without You (feat. Clara Mae);58;165814;56pZSBGVI5BOlITppHLGVp
fly by midnight;In The Night;In The Night;55;206000;30Lcy59RiXJKMVVkwhfdle
fly by midnight;Silver Crane;Settle Down;52;178339;3GoJ58X4Mqh8xW76GBB1fn
a1 x j1;Night Away (Dance) (feat. Tion Wayne);Night Away (Dance) (feat. Tion Wayne);75;175774;7z5G2LOdV8okZn4yWg3q5g
a1 x j1;Latest Trends;Latest Trends;71;158117;7pnQ23WgZca9jEfMts9qsR
a1 x j1;Latest Trends (feat. Aitch) [Remix];Latest Trends (feat. Aitch) - Remix;65;158000;7htmRcPbmrY9oenatxz9UL
a1 x j1;Don’t Lie (feat. Nemzzz);Don’t Lie (feat. Nemzzz);63;138591;6tgfPk01WoB2cK78rDEq2m
a1 x j1;Baby (feat. Deno);Baby (feat. Deno);58;183428;60BGYIyhys7MCxLAKyfrEN
a1 x j1;Don’t Lie (feat. Nemzzz);Don’t Lie (feat. Nemzzz);32;138624;6eB1m5L1EAihjWwc6O76Ei
nujabes;Modal Soul;Feather (feat. Cise Starr & Akin from CYNE);63;175360;2ej1A2Ze6P2EOW7KfIosZR
nujabes;Modal Soul;Luv(sic.) pt3 (feat. Shing02);60;336866;4xlpJ99yL9xYQtzG6c3hwk
nujabes;Luv(sic) Hexalogy;Luv (sic);59;286320;6SNGzhVrisdq63Ndz58ovT
kelsea ballerini;I Quit Drinking;I Quit Drinking;73;171200;6OcCk1dbAb7XNHsC098oEM
kelsea ballerini;SUBJECT TO CHANGE;MUSCLE MEMORY;66;211843;3rLEBpW17OHOovVl0kcFKZ
kelsea ballerini;Unapologetically;I Hate Love Songs;43;191186;5N1OpDajUX3bIMiDEVEK0U
arem ozguc;Astronaut In The Ocean;Astronaut In The Ocean;68;156205;0uTEaevJy8TUD8MgzuEOc5
arem ozguc;Infinity;Infinity;58;201919;4MDrGVm2yYsMj97CLGdhdI
arem ozguc;The One;The One;56;133375;3jxn92KU8l5RPjwLTGlMyg
martin jensen;Solo Dance;Solo Dance;69;174933;10AsRVRdU07cMAFHeGYO3c
martin jensen;At Least I Had Fun;At Least I Had Fun;69;170613;7jqXDgGWkV4w2ctdb2g59o
martin jensen;One Day;One Day;68;152990;1MDEvpaFk2Ins7N8hGfFlA
martin jensen;Can't Come To The Phone;Can't Come To The Phone;62;175305;0I5pVidtNjNXeaqHnwhrva
martin jensen;Nobody;Nobody;61;211040;2qfEcCkEo5NscA9GL7ER72
martin jensen;Running;Running;59;185015;4hsRzEQg0t9qgtB4iXEGB5
martin jensen;Somebody I'm Not;Somebody I'm Not;55;167726;60dLzTKOP5Q37wThC9VVjB
martin jensen;All I Wanna Do;All I Wanna Do;53;194360;1Cq23W4ZxHTY8QbP40qjEc
martin jensen;Wait;Wait;50;165083;4d8QCee0JKfsBwZFAzfLy1
catching flies;Silver Linings;Satisfied - Edit;62;223336;378c4bnvmnfAoMTSIOveDX
catching flies;Silver Linings Remixed;Satisfied (Ambient Reprise);61;195959;2k5SEAK05D29ZkqbnFgIVL
catching flies;GLY;GLY;59;220623;6yGNvSOyCZvNOCtHs3hfrH
the turtles;Happy Together;Happy Together;76;176293;1JO1xLtVc8mWhIoE3YaCL0
the turtles;The Turtles Present The Battle of the Bands;Elenore;60;151306;4DWFSrNnZXow1aB96gByho
the turtles;All the Singles;Happy Together - Remastered;46;174489;2admbUc576sC6M0QeUkg2C
william cas;Hour of Rest;Hour of Rest;65;112653;0sCPbmOcdRcTWVDjHh22id
william cas;All the Same;All the Same;60;113200;5xy2cj5d2WOTjPkkHuVH84
william cas;Drifting Sand;Drifting Sand;57;140544;2ElVZ4JztgEiG6vfb0ZdB2
con alma;Zephyr;Zephyr;62;160694;0CNhH6mjashU1e7z0j1LXl
con alma;Libre;Libre;62;143624;4v1nkqzbzajcLBxEnJ1AP3
con alma;Halcyon;Halcyon;58;150500;7nEWerH9vQDQ1wNoH8J3K6
adnan sami;Tera Chehra;Tera Chehra;62;392525;14uXhHNINQqjl2hngD21s9
adnan sami;Salaam-E-Ishq;Dil Kya Kare;61;327880;648GXyKI62FhbeBq0levWr
adnan sami;Bajrangi Bhaijaan;Bhar Do Jholi Meri;59;499383;52qnHAlqWpo3kgEteAPjRf
prompto;Japanese Stutter;Japanese Stutter;63;127750;49fsYdg1kdM5FDwyuUAtSx
prompto;Scargazer;Scargazer;63;144000;3HD9BE49dhRLZxFIzoRJg0
prompto;Air Station;Ed, Edd N Eddy;56;126000;1TlJuD7pVQnzBtcUNoumP8
melendi;Destino o casualidad;Destino o casualidad;74;258504;2sMxswHr9wX7kTUHULvJBJ
melendi;Lágrimas desordenadas;Tu jardín con enanitos;71;236975;6yCjU5j6YHbux2VQCBTTE1
melendi;Un alumno más;La promesa;67;233040;2GJyBJWPmnM7pK961cB6iV
melendi;Que El Cielo Espere Sentao..;Caminando por la vida;66;211680;3v1dCP3hk2djfWryqfp7sx
melendi;Ahora;Déjala Que Baile (with Alejandro Sanz & Arkano);64;219600;2KK9N6iBAisA0booTu3bGd
melendi;La Boca Junta;La Boca Junta;62;227312;0wA3AZzA0gp0wfSS0SpZt5
melendi;Quítate las Gafas;Desde Que Estamos Juntos;61;273293;66VmioeXL4i1TCfHIO8R9t
melendi;Aún Más Curiosa La Cara De Tu Padre;Un violinista en tu tejado;60;222720;6IBPbunlI7QcV7wzE0NSVx
melendi;Likes y Cicatrices;La Boca Junta;60;228866;0rFD2VyCIu2ToXbkvlsKJv
melendi;Lágrimas desordenadas;Lágrimas desordenadas;60;229308;1dp62fHaXUP0Zh45voegpI
melendi;Sin Noticias De Holanda;Sé lo que hicisteis - 2006 Remastered Version;59;228546;15BdyloOmohWRWcnO4QILo
melendi;Likes y Cicatrices;Por si las Moscas;58;231973;3exoEpRfk1AzrA8EHEOA3X
melendi;Sin Noticias De Holanda;Con la luna llena;57;228213;5VwYcCKNAgDqDJ9ah9tDGl
melendi;Love is Forever;Tu jardín con enanitos;30;236975;1cXJSK183Kpc1tj8A77x6B
the righteous brothers;Just Once In My Life;Unchained Melody;75;218013;2qhASBzpbFhPRtrnZ5lLnz
the righteous brothers;You've Lost That Lovin' Feelin';You've Lost That Lovin' Feelin' - Single Version;63;226453;6AeyHqzNHJthYJbn0tvJ4b
the righteous brothers;The Very Best Of The Righteous Brothers - Unchained Melody;Unchained Melody;61;216266;1jFhnVoJkcB4lf9tT0rSZS
the righteous brothers;The Very Best Of The Righteous Brothers - Unchained Melody;You've Lost That Lovin' Feelin';59;225426;5GMw6X6BbCDGO9gApQYRSa
the righteous brothers;The Righteous Brothers;Time of My Life;45;201600;4PrjkjbIYtnA4BY9YQ21Zf
zack tabudlo;Pano;Pano;75;254400;08MFgEQeVLF37EyZ7jcwLc
zack tabudlo;Episode;Give Me Your Forever;74;244800;4mzP5mHkRvGxdhdGdAH7EJ
zack tabudlo;Asan Ka Na Ba;Asan Ka Na Ba;73;241132;5MYPzdIWgx3pMLRGlq2fVq
zack tabudlo;Nangangamba;Nangangamba;70;210354;1dcNEEtODRVZEevQ20Cgmy
zack tabudlo;Episode;Habang Buhay;69;244067;63bmIgH9sS6sX5Sc7MetGq
zack tabudlo;Habang Buhay;Habang Buhay;69;244067;0zANeX4R6uWb82gCQAguOD
zack tabudlo;Binibini;Binibini;67;221538;2X5AFygz5SDYlXagyPw8kX
zack tabudlo;Yakap;Yakap;66;178947;3h8uWt8HNyDNubPSEBgTPG
zack tabudlo;Episode;Binibini;65;221538;55RMhrPQYA6vLu5YMgXxFD
zack tabudlo;Pero;Pero;65;256648;1i7JnFAxC15AuF1dsosbYM
zack tabudlo;As You Are;As You Are;60;183969;7vu53hQrIoH7UGeh6qcct1
zack tabudlo;Give Me Your Forever;Give Me Your Forever (ft. Billkin);58;244800;7g3ryXLtXExZ0OFCj17Ae1
zack tabudlo;Episode;Heart Can’t Lose;55;240952;5e9DrLUUZraUE7mmniufjn
zack tabudlo;Binibini (Last Day On Earth);Binibini (Last Day On Earth) (feat. James TW);54;219692;6j9kSGlYLZdZ9sZkY9DjzY
zack tabudlo;Episode;Calm Me Down;51;282950;2CsHDQ1WFLQBBpIEuLcL3z
zack tabudlo;Take Me Back;Take Me Back ft. Yonnyboii;50;149000;68Yc9ylRZZPtsuVgtrxcDj
zack tabudlo;Episode;First & Last;49;192631;5eIF4WZrpcnpEXi2Bu7i2t
zack tabudlo;This Is Love;This Is Love;49;206451;6iIylwvWuTqFRhvXMn09KF
zack tabudlo;In The Mood For Love;Give Me Your Forever;32;244800;6pTZ8Oy1xGKGCE4saVScoy
the cure;Wish;Friday I'm In Love;77;215160;4QlzkaRHtU8gAdwqjWmO8n
the cure;Three Imaginary Boys;Boys Don't Cry;77;155973;1QFh8OH1e78dGd3VyJZCAC
the cure;Kiss Me, Kiss Me, Kiss Me;Just Like Heaven;72;212013;4NnWuGQujzWUEg0uZokO5M
the cure;The Head On The Door;Inbetween Days;68;177986;4CRpOsjhvgxjF7rQufmyZ1
the cure;Disintegration (Deluxe Edition);Lovesong - Remastered;67;208266;2mIrfke7vosXAEWfz6ucyo
the cure;Disintegration (Deluxe Edition);Pictures Of You - Remastered;62;448306;2o49Twc3qrNMOt8gq9W06L
the cure;90's Music Grandi Successi;Friday I'm In Love;1;214400;502YAAGo4tiKD8xIqa3M5N
jordan sandhu;FAME;Freestyle;68;175714;7rlulUEMn27TLbdHpNPugE
jordan sandhu;Black Effect;Black Effect;62;175890;2a7zxjZ1I88Z6sYm0ThuSc
jordan sandhu;Teeje Week;Teeje Week;62;190203;000RDCYioLteXcutOjeweY
jordan sandhu;FAME;Majhail 1.0;61;169230;5NeP5LxzlLaGlsVFHviHUj
jordan sandhu;FAME;Balcony;59;163404;6qDHgeUBJFKYAGPBj3eVD6
jordan sandhu;Positivity;Positivity;59;170714;4Wy1PEoKfF3wPikE3GcWLl
jordan sandhu;Band Theke;Band Theke;58;187835;0PcbVYxqG9Gx5vkEomupjJ
jordan sandhu;Blood Talks;Blood Talks;58;188000;0SlwcOEjRSEdkOD7DRcPvg
jordan sandhu;Do Vaari Jatt;Do Vaari Jatt;58;163580;68BrFM98WyShOImDZ58sah
aaron espe;Making All Things New;Making All Things New;65;159600;6VwAh8Z1d5YKoSWoEaV4db
aaron espe;Only Time;Only Time;56;178546;6QXolVfFVjUHPp5TVzsjIF
drew holcomb & the neighbors;Good Light;What Would I Do Without You;64;172213;11TK5KLtLZUdKr1C549bAw
drew holcomb & the neighbors;Medicine;American Beauty;63;158013;7K36drJq6lInkW6Kkojucp
drew holcomb & the neighbors;Without a Light;Without a Light;60;142200;1CYBnHYYbOAsuDCGa0zrw0
drew holcomb & the neighbors;A Million Miles Away;I Like to Be With Me When I'm With You;55;230773;0VDhK4DIjbsAHo1GDe9VfM
hojean;Over 85;Over 85;63;204014;6KhT7CK6FL0BnI3nVPqv4F
hojean;You Feel Like;You Feel Like;58;195882;1EGtfMlDM9qOb0C0vQYz8H
fern.;Want U Bad;Want U Bad;61;222000;5mk76DcUc1oQqOgcczreKB
fern.;Fern.;Lie 2 Me;60;240298;1Aqv0cWmfxE2KMHoXmGxbY
knock2;dashstar* (VIP);dashstar* - VIP;61;140481;0zXiTthYKCfvfwixJdn92o
knock2;dashstar*;dashstar*;60;198095;0dAfw35k2hBsnbSl74AVJF
trinix;She Said (Big Jet Plane);She Said (Big Jet Plane);71;173750;3HeZam86SuxGp1wZ3XMIjE
trinix;Now or Never;Now or Never;62;182750;6nNXTSvVO6ue9Ywshh4PZ4
trinix;Sweet Dreams;Sweet Dreams;61;161652;53rjOcc3HVPKvGG5MLYl3O
trinix;5th Avenue;5th Avenue;61;184888;0mpkpO26XkXjT5t3vyl8PA
trinix;Replay;Replay;58;152553;3hkFFtJqJOXAlEPVWl15zS
trinix;No Sleep;No Sleep;50;182400;4BhAN9ph0KpIOCvDxkKhFz
jakob;Bedroom Tapes;You Might Be Sleeping;67;147093;2KvbRojbZGMsWr1Nuj5n2f
jakob;Velvet Light;Velvet Light;66;141587;41o2ydrj7Xm9Yt5odIBqq4
jakob;All Your Love;All Your Love;57;175241;7G7zCzvyqz39BFE7TqPM3O
jakob;Bedroom Tapes;Let It Pass;52;126697;2HLtRAcBAWd4y7TfVVoIpm
delinquent habits;Merry Go Round;Return of the Tres;61;254640;4XYsx8ga3fGwEFOOcauPZC
delinquent habits;Merry Go Round;Return Of The Tres;60;254640;5qVF2rEf75oPrZHhmZmDKk
divine;Punya Paap;3:59 AM;67;272197;2gNMXJDKRmKWuevBGjN8wo
divine;Kaam 25 (Sacred Games);Kaam 25 - Sacred Games;66;149524;6Kynli1iHBqJRWUCohcV9h
divine;Gunehgar;Gunehgar;65;163404;4hzDCJUFDyk66oIBirPiCl
divine;Punya Paap;Satya;64;182640;1xSCr5uIndaHKFdO4s2V6B
divine;Kohinoor;Chal Bombay;60;174000;6AooRgSRDzbCYL4NZ4RCjU
divine;Gully Boy;Sher Aaya Sher;58;134351;2qPNdVlqZl1cYqsNc3MXnA
divine;Mirchi;Mirchi;57;192923;5KkCsYIgMK5H7Ih31Dnd2Q
divine;Kohinoor;Vibe Hai;56;201000;4LCNHHhUJB0rqvmlxwstmN
divine;One Side;One Side;56;161839;2e1tIq1uwyKO2oeLQOqaXs
divine;Teesri Manzil;Teesri Manzil;56;205880;4oKcFaWmBSF3SGGYo4qq6R
satinder sartaaj;Seasons of Sartaaj;Udaarian;64;342585;3K3mo4LoxPKk18oqIC3hQC
satinder sartaaj;Titli;Titli;57;277500;5m62bM6EN1ysBb3nnedLBR
david hugo;Die Right Here;Die Right Here;62;127620;7fXYFuCTmNrYRGwEUUf5iz
david hugo;Blossom Hill;we made it.;59;164662;0KpAm8TtyHPZmxdPO7npYO
須田景凪;porte;veil;63;209636;1dGF5ymTyBB2ZmOypkeU1F
須田景凪;Billow;veil;58;209636;1QkEUbGSlp70DYNFcxcxYI
melomance;Love, Maybe (A Business Proposal OST Special Track);Love, Maybe;67;185000;2X45nVBeYzmDlrXji9Av0Q
melomance;A Business Proposal OST;Love, Maybe;54;185000;3YsCMGLIVo1yuTRL0MzUAl
holding absence;The Greatest Mistake of My Life;Afterlife;66;226546;7ridH3hy4aXG6Kn1XomKrO
holding absence;Gravity;Gravity;55;262432;1s1G7P7dp7M5v8Jo4ZikMT
regnør;Night Sky;Night Sky;61;146973;0DXsxu0TJ8TtrOklnsL6nj
regnør;In The End;In The End;60;166320;23FvAAvnx3NzbTmMiod5nf
anand raj anand;Welcome;Kiya Kiya;63;302210;0YCPCY9WhQFMFtoSpj6dhL
anand raj anand;Masti;Dil De Diya Hai;58;366746;2zT6KfK583MkcLIHLBO8De
anu malik;Dum Laga Ke Haisha;Moh Moh Ke Dhaage (Female);63;322899;7uubRr0u9Zxc1Y84hEn7Xf
anu malik;Dum Laga Ke Haisha;Moh Moh Ke Dhaage (Male);58;322899;189DQylImZ1hGZaIpAQUzx
funkadelic;Maggot Brain;Can You Get To That;63;169856;5lc9L9FeLBwlJPgEbq9uEw
funkadelic;Maggot Brain;Maggot Brain;58;619263;5WJU527RQNyMLuKecjsL8V
sadboyprolific;Dead and Cold;Dead and Cold;74;89624;33LizV83s7z1gwtmLiKlmv
sadboyprolific;Natsukashii;Walk Away;68;120189;6mhMFztI38c0CZr8CEnPrD
sadboyprolific;Alone;Alone;68;160061;50OPOdJbRx9iCJXGultmUf
sadboyprolific;Midnight Thoughts;Midnight Thoughts;64;124865;1O28T70fY6eyL9vygOqCQi
sadboyprolific;Not Enough;Not Enough;62;108120;4kHhC8x1CakRsiRJhsEDIU
sadboyprolific;Natsukashii;Worried;57;122122;5Uf25ZStTPaO356JtYEa8Y
sadboyprolific;Blood Moon;Broken Trust;57;122880;34eD3YuDcGztZE8yc1MGB4
sadboyprolific;Walking Through The Rain;Walking Through The Rain;52;174566;03Nx63Qf5HnqGF3KkGIJ6l
sadboyprolific;Heartbreak;Heartbreak;52;205714;5P81xqBL6MrGVjZKvSIwo0
sadboyprolific;Merlin;Merlin;51;192738;5ZEc110fxhvZTkIxnBC8hD
parker jack;Self Talk;Self Talk;61;100355;1E2dhjasJrVyhtoel7EHhI
parker jack;CRY;CRY;60;135418;07xOTRcQijB89eBXDMTAoa
los secretos;Dos Caras Distintas;Pero a tu lado;61;195226;3JOXwHPhtdRU3kYKcf64Gj
los secretos;Los Secretos;Déjame;60;160000;74anwTmdyvA3f8RUtCQqKD
noizu;Summer 91 (Looking Back);Summer 91 (Looking Back);67;180000;4FEcEwbE2vsqhxbTPtiNTL
noizu;More Love;More Love;63;191612;5PY9fTLp4MPXsbeRouS8gd
noizu;Summer 91;Summer 91;60;149280;7pARbCUoO1CTzU5ucMEaVF
noizu;Middle;Middle;57;181662;7pk1VW7qa7zBQDbqMWydUD
noizu;Catch My Love;Catch My Love;55;148571;0C0LsZeUyAG50xJKEIpBgY
lucky ali;Sunoh;O Sanam;65;223027;5oYRr51VatOtkFeEOursuZ
lucky ali;Tamasha;Safarnama;63;251402;6w458kA8WOAIZr1ublxnK9
lucky ali;Kaho Naa Pyar Hai;Na Tum Jano Na Hum;59;383213;7s6yy0SWZ4rluoQZsvJa2D
lucky ali;Anjaana Anjaani;Hairat;59;247072;6512hyAQxOng8v4R71IV47
lucky ali;Kaho Naa Pyar Hai;Ek Pal Ka Jeena;56;397426;5iwPZEPu8bxy1fAWnhYT7J
verzache;The Loser;The Loser;72;131586;0yTGQpPOgcsS8Xqp5bQO58
verzache;Needs;Needs;68;177479;0WKmVAD4VWk5EdTyCFILi4
verzache;January;January;57;196363;4ufN2o3Rf6LN5Z0XaqJXIz
verzache;My Head is a Moshpit;All I Need;55;203750;4K6e6JiR1KFohWedXSnvob
verzache;Juvenescence;Juvenescence;55;150167;5VqCEVBScatH05aM7KbABm
verzache;D97;Waiting for You;55;230000;1olz3HctPa2yXmSniaCNLN
kid francescoli;Play Me Again;Moon (And It Went Like);66;390638;24upABZ8A0sAepfu91sEYr
kid francescoli;Nopalitos;Nopalitos;60;230089;7mTu2ZcNb2Ip79YEzZZnrf
kid francescoli;With Julia;Blow Up;55;315086;7dNqszkx1prIf0m33E8gDw
wazir patar;Keep It Gangsta;Pind Da Riwaaz;62;188181;0OvC1QkWdBI3ORrp2lEhNO
wazir patar;Notorious;Notorious;62;180000;0e9DDb2TnNwSv8lV1EpMuD
wazir patar;Keep It Gangsta;Chup Chup;57;155714;1gwu4J4HIbbQrPUHHRc415
motionless in white;Disguise;Another Life;72;205394;0YZEYxd1oiqZRFhnnmTKKi
motionless in white;Graveyard Shift;Voices;66;224000;0SnvI0twJ1Mnh0rJlBRrf0
motionless in white;Scoring The End Of The World;Masterpiece;65;206648;3c9kVsKF68xMzlS0NikVn3
motionless in white;Scoring The End Of The World;Sign Of Life;65;220066;73QoCfWJJWbRYmm5nCH5Y2
motionless in white;Reincarnate;Reincarnate;62;220040;4vVUoi4U6ikqH2wIoE2fmG
motionless in white;Disguise;Brand New Numb;62;222461;0vPkRB52RENZMpHybpFKYK
motionless in white;Somebody Told Me;Somebody Told Me;61;199477;1KF6uW84ksAUlTMy08gP1R
motionless in white;Scoring The End Of The World;Werewolf;61;212082;1e1rQNYCZToyBDDka1Io34
motionless in white;Masterpiece;Masterpiece;60;206648;2gF7u3yLBTy6vGrxwQBoGF
motionless in white;Disguise;Disguise;60;237500;6LNKeK9iJ66iwe16VxG43H
motionless in white;Disguise;Thoughts & Prayers;60;240450;0y0v0SDevDcGW5rsDElup3
motionless in white;Graveyard Shift;Eternally Yours;59;312351;11EVeW30HHEMZZsWgWzdfN
motionless in white;Scoring The End Of The World;Meltdown;59;268919;6w3hTgFYPaUo6WFz2tEOtX
motionless in white;Scoring The End Of The World;Slaughterhouse (feat. Bryan Garris Of Knocked Loose);59;263947;2ClgEn1FZxchrqRZ04JZzj
motionless in white;Graveyard Shift;Soft;59;210000;7petzbAJP403GAY6F3Zfbx
motionless in white;Scoring The End Of The World;Cyberhex;58;275247;2vNUATEUKbavRo2gMjHs2S
motionless in white;Scoring The End Of The World;Scoring The End Of The World (feat. Mick Gordon);57;228354;0Tkgl0sQyr6QO0IGmS8aa5
motionless in white;Cyberhex;Cyberhex;56;275247;5nYKbDASgvCDV4BLVmuGv4
motionless in white;Disguise;</c0de>;56;228333;3p3t4C8mvtZrFBRs6OE7eY
motionless in white;Disguise;Headache;56;209027;1zVuDtGYWtwg2Id64zrL2K
motionless in white;Slaughterhouse (feat. Bryan Garris Of Knocked Loose);Slaughterhouse (feat. Bryan Garris Of Knocked Loose);54;263947;4DzJ41A6qR14hHtS1djvdX
shaan;Dil Chahta Hai;Woh Ladki Hai Kahan;62;306133;2tO0QPdCA0jgDBshTuYYkc
shaan;3 Idiots (Original Motion Picture Soundtrack);Behti Hawa Sa Tha Woh;60;302142;2XfmRXh6SsEk22Hz8zahl3
shaan;Om Shanti Om;Deewangi Deewangi;59;352388;7emLx4rVwr0tPyjktu7A7U
tujamo;Drop That Low (When I Dip);Drop That Low (When I Dip);69;159999;0WSjVLITbxV6kVXndziQDm
tujamo;Underwater;Underwater;69;141895;3c9IKwzgIPcCweCl9so748
tujamo;Drop That Low (Tujamo's Secret Weapon 2022);Drop That Low (Tujamo's Secret Weapon 2022);62;184761;0AukI6rH3HqIbVcKX8FjNk
tujamo;Lonely;Lonely;60;168725;5LOJdJPzuevskkoAtLj8hb
tujamo;Techno Party;Techno Party;60;197142;4GT1NVYkxsN3grh7zclyLa
tujamo;Drop It;Drop It;59;175714;6BwN05qKw4Q8bNoq3rYuz7
tujamo;I Don't Wanna Go;I Don't Wanna Go;55;186480;5RQmbhnkrt6llPrxqRsym4
tujamo;Taking You Home;Taking You Home;55;152727;580VDxu67H9yZyBFyfpUrZ
tujamo;Booty Bounce (Radio Edit);Booty Bounce - Radio Edit;54;200760;4WgM2becr135oJ7DfVNaCd
chubby checker;It's Pony Time/Let's Twist Again;Let's Twist Again;68;137360;1INWPr855fwWdAOeecbu0W
chubby checker;Dancin' Party: The Chubby Checker Collection (1960-1966);The Twist;62;155040;4YCnTYbq3oL1Lqpyxg33CU
chubby checker;Best of Rock 'n' Roll Music: 100 Originals from the 50s & 60s;Let's Twist Again - Radio Version;51;145786;5LtcgqtM9HE9faSEOJg4EB
i prevail;TRAUMA;Gasoline;68;153613;6Q1m1GyNxyOwZ2ud3p7XoS
i prevail;TRAUMA;Hurricane;68;223173;2GFwwTIVLjnOrtP7m9luHC
i prevail;TRUE POWER;Self-Destruction;68;146176;4UhMvTR5tHf2ecfoz0KV92
i prevail;TRUE POWER;Bad Things;66;228260;3jTWNaSfBQvv3HPTqQjkkM
i prevail;TRAUMA;Bow Down;65;242680;5qD3Qv8Wu3r5uRD0DahcZy
i prevail;Lifelines;Scars;65;229773;6WaYiQUPel70HUaCZj5eND
i prevail;TRUE POWER;There’s Fear In Letting Go;65;234945;2OYtcqflvzQwh3cMPmTHs4
i prevail;Heart Vs. Mind;Blank Space;63;240927;2ZiJidFdQ30nVJEP4u44l3
i prevail;TRUE POWER;Deep End;62;206142;27Nkg5NHILTJUcCyBkvVHt
i prevail;TRAUMA;Every Time You Leave;62;216626;5icbZiF6lcuEORG0UzMsS2
i prevail;Bad Things;Bad Things;62;228260;4b3f0U8gOfJKyxB8cYdCiw
i prevail;TRAUMA;Breaking Down;62;206146;4bE3cBcwAe7T5SklvbkiYZ
i prevail;TRUE POWER;Body Bag;62;196979;650iZCPhzCPtSmynGnUnhT
i prevail;Lifelines;Come And Get It;62;181426;44M12pkcMqqdbNNooHCZ6C
i prevail;TRAUMA;Paranoid;61;144546;7dENhnDxTHnzGtpMrsJ72w
i prevail;TRUE POWER;FWYTYK;61;197981;0XX1yoKE6UQzweWOmgsIg2
i prevail;TRUE POWER;Fake;61;171606;0MBYfuf0BxZH1FJf6jHTus
i prevail;TRAUMA;Rise Above It;60;184520;6QyBWey7P8ILuhS5RO7xYe
i prevail;TRUE POWER;Choke;60;182388;7jm63qwHLmemNcMzORjwfi
i prevail;Lifelines;Lifelines;59;201480;0ofLz0b9mmXXvDgQp7XPRd
i prevail;TRUE POWER;Visceral;59;164073;1ZJNyOtk0bdYbPi1zlyFj5
i prevail;TRUE POWER;Judgement Day;59;166331;7d1GHT3e3Y5HtX8TOqL5kD
i prevail;Lifelines;Stuck In Your Head;59;215000;6T38YYdc9GkLO07TRI3li2
i prevail;TRAUMA;Let Me Be Sad;58;214226;5jmYu7XY4zd3mJfizA8t1K
i prevail;Lifelines;Alone;58;221000;6c9xVWbPeVPgrmWTYYeMTr
i prevail;Body Bag;Body Bag;58;196979;1vuhNiQZTPkmnNJ0xNsf5S
i prevail;TRUE POWER;Closure;58;189596;5bnH51lYXOGVVjW7ABkKTW
i prevail;TRUE POWER;Long Live The King;58;180727;1cetZ53ybwRhTCi6N2KHTS
i prevail;TRUE POWER;The Negative;58;140441;4FtWn9oF9YneHguKyz6YYJ
i prevail;TRAUMA;Deadweight;55;184333;7N1t3vT849WXqA4QA1IjoV
i prevail;Lifelines;RISE;54;194626;46QdfDL0LnGlHLKmREiXP5
i prevail;DOA [Feat. Joyner Lucas];DOA [Feat. Joyner Lucas];52;218571;78fUyqhfdpL5aaD12QSGCi
i prevail;TRAUMA;Low;52;165360;345k7youQ1IzZaijlTwhZf
i prevail;TRAUMA;I Don't Belong Here;51;221933;2JEuoW7VtugjY2XtxK034T
santhosh narayanan;Thenmozhi (From "Thiruchitrambalam");Thenmozhi (From "Thiruchitrambalam");79;173225;1Nr46gjiP50uPsz30gYhAd
santhosh narayanan;VadaChennai (Original Motion Picture Soundtrack);Ennadi Maayavi Nee;65;251000;47Cd4WP1ZOK8WXC68kqZ03
santhosh narayanan;Kaala (Tamil) (Original Motion Picture Soundtrack);Kannamma;62;289853;3gJbCMoDT9rUmPS1GPd6kn
santhosh narayanan;Manithan (Original Motion Picture Soundtrack);Aval;61;266639;4LK8863ScRhhT6hitFfBI5
santhosh narayanan;Mahaan (Original Motion Picture Soundtrack);Evanda Enakku Custody;60;212857;64NPSUK9QT49jEDKl3FK1a
santhosh narayanan;Dhoom Dhaam (From "Dasara") - Telugu;Dhoom Dhaam;59;242019;0M3Mp9NSPMxPAb9oUZh80o
santhosh narayanan;Rakita Rakita Rakita (From "Jagame Thandhiram");Rakita Rakita Rakita (From "Jagame Thandhiram");58;247455;2oNRoniEFnPdaCfkOQ9m0C
santhosh narayanan;Thattaan Thattaan (From "Karnan");Thattaan Thattaan - From "Karnan";58;290117;3CsMijWZuND9wiLCJOOIPy
santhosh narayanan;Meyaadha Maan (Original Motion Picture Soundtrack);Idhayam Love (Megamo Aval);58;291121;1t99uhmctVeG4FbC5giRCM
santhosh narayanan;Evanda Enakku Custody (From "Mahaan");Evanda Enakku Custody (From "Mahaan");57;212857;4rGLwg8ej2ar25UJ5Rw7xz
santhosh narayanan;Manithan (Original Motion Picture Soundtrack);Poi Vazhva;56;239177;3JHqj3WfflTssLpj1Ymsw2
santhosh narayanan;Kabali (Original Motion Picture Soundtrack);Neruppu Da;56;217934;19PknyOL6OWvABerPEyweT
santhosh narayanan;Kabali (Original Motion Picture Soundtrack);Maya Nadhi;55;275042;3unti8bdiV2N4wzFTtR4EF
the beatles;Abbey Road (Remastered);Here Comes The Sun - Remastered 2009;82;185733;6dGnYIeXmHdcikdzNNDMm2
the beatles;Let It Be (Remastered);Let It Be - Remastered 2009;77;243026;7iN1s7xHE4ifF5povM6A48
the beatles;Abbey Road (Remastered);Come Together - Remastered 2009;77;259946;2EqlS6tkEnglzr7tkKAAYD
the beatles;Help! (Remastered);Yesterday - Remastered 2009;76;125666;3BQHpFgAp4l80e1XslIjNI
the beatles;Please Please Me (Remastered);Twist And Shout - Remastered 2009;75;155226;5ZBeML7Lf3FMEVviTyvi8l
the beatles;Rubber Soul (Remastered);In My Life - Remastered 2009;74;146333;3KfbEIOC7YIv90FIfNSZpo
the beatles;The Beatles (Remastered);Blackbird - Remastered 2009;74;138386;5jgFfDIR6FR0gvlA56Nakr
the beatles;1 (Remastered);Hey Jude - Remastered 2015;74;425653;0aym2LBJBk9DAYuHHutrIl
the beatles;1 (Remastered);I Want To Hold Your Hand - Remastered 2015;72;145746;4pbG9SUmWIvsROVLF0zF9s
the beatles;Abbey Road (Remastered);Something - Remastered 2009;72;182293;0pNeVovbiZHkulpGeOx1Gj
the beatles;The Beatles (Remastered);Ob-La-Di, Ob-La-Da - Remastered 2009;71;188960;1gFNm7cXfG1vSMcxPpSxec
the beatles;Rubber Soul (Remastered);Norwegian Wood (This Bird Has Flown) - Remastered 2009;70;124693;1H7gMYGykdtwZOV6s1N0by
the beatles;The Beatles (Remastered);While My Guitar Gently Weeps - Remastered 2009;70;285000;389QX9Q1eUOEZ19vtzzI9O
the beatles;Help! (Remastered);Help! - Remastered 2009;70;139560;7DD7eSuYSC5xk2ArU62esN
the beatles;Magical Mystery Tour (Remastered);Strawberry Fields Forever - Remastered 2009;69;247320;3Am0IbOxmvlSXro7N5iSfZ
the beatles;Revolver (Remastered);Eleanor Rigby - Remastered 2009;69;126533;5GjPQ0eI7AgmOnADn1EO6Q
the beatles;Yellow Submarine Songtrack;Eleanor Rigby;68;125226;6EOKwO6WaLal58MSsi6U4W
the beatles;The Beatles 1967 - 1970 (Remastered);Don't Let Me Down - Remastered 2009;68;215733;3evG0BIqEFMMP7lVJh1cSf
the beatles;A Hard Day's Night (Remastered);And I Love Her - Remastered 2009;68;149693;65vdMBskhx3akkG9vQlSH1
the beatles;With The Beatles (Remastered);All My Loving - Remastered 2009;68;127853;4joiWvli4qJVEW6qZV2i2J
the beatles;Sgt. Pepper's Lonely Hearts Club Band (Remastered);Lucy In The Sky With Diamonds - Remastered 2009;68;208466;25yQPHgC35WNnnOUqFhgVR
the beatles;Please Please Me (Remastered);Love Me Do - Remastered 2009;68;141693;3VbGCXWRiouAq8VyMYN2MI
the beatles;Abbey Road (Remastered);Oh! Darling - Remastered 2009;67;207240;2mxByJWOajjiVsLWjNXvDJ
the beatles;A Hard Day's Night (Remastered);A Hard Day's Night - Remastered 2009;67;154200;5J2CHimS7dWYMImCHkEFaJ
the beatles;Please Please Me (Remastered);I Saw Her Standing There - Remastered 2009;67;173946;3KiexfmhxHvG5IgAElmTkd
the beatles;Love;Hey Jude;66;238854;1eT2CjXwFXNx6oY5ydvzKU
the beatles;Let It Be (Remastered);Across The Universe - Remastered 2009;66;228133;4dkoqJrP0L8FXftrMZongF
the beatles;Rubber Soul (Remastered);Michelle - Remastered 2009;66;162373;5By7Pzgl6TMuVJG168VWzS
the beatles;Sgt. Pepper's Lonely Hearts Club Band (Remastered);With A Little Help From My Friends - Remastered 2009;66;164106;2RnPATK99oGOZygnD2GTO6
the beatles;1 (Remastered);Day Tripper - Remastered 2015;66;169000;29b2b96jozyD9GPCkOrVLs
the beatles;1 (Remastered);She Loves You - Mono / Remastered;66;140920;6nEkxYIEnrbYH7h1hJ8Xn6
the beatles;Let It Be (Remastered);Get Back - Remastered 2009;66;189386;4MLBqAEzNN89o2M9h92Z26
the beatles;The Beatles (Remastered);Back In The U.S.S.R. - Remastered 2009;65;163453;0j3p1p06deJ7f9xmJ9yG22
the beatles;Magical Mystery Tour (Remastered);All You Need Is Love - Remastered 2009;65;230386;68BTFws92cRztMS1oQ7Ewj
the beatles;Help! (Remastered);You've Got To Hide Your Love Away - Remastered 2009;65;129120;4F1AgKpuFRMLEgtPETVwZk
the beatles;Rubber Soul (Remastered);Drive My Car - Remastered 2009;65;148893;06ypiqmILMdVeaiErMFA91
the beatles;Help! (Remastered);Ticket To Ride - Remastered 2009;65;189680;7CZiDzGVjUssMSOXrDNYHL
the beatles;A Hard Day's Night (Remastered);Can't Buy Me Love - Remastered 2009;65;131866;3SdingSsFcZDZAyvcJbgAw
the beatles;Abbey Road (Remastered);Golden Slumbers - Remastered 2009;64;91760;01SfTM5nfCou5gQL70r6gs
the beatles;Let It Be (Remastered);The Long And Winding Road - Remastered 2009;64;218186;3mlMpmY8oZIBFc39D9zLbh
the beatles;Sgt. Pepper's Lonely Hearts Club Band (Remastered);A Day In The Life - Remastered 2009;64;337413;0hKRSZhUGEhKU6aNSPBACZ
the beatles;Revolver (Remastered);Here, There And Everywhere - Remastered 2009;64;144880;2B4Y9u4ERAFiMo13XPJyGP
the beatles;Beatles For Sale (Remastered);Eight Days A Week - Remastered 2009;64;163600;1Dg4dFJr3HW7sbA7vPejre
the beatles;1 (Remastered);Let It Be - Remastered 2015;63;230440;4qsVPnhbvEooD1bSNqvvh0
the beatles;The Beatles (Remastered);I Will - Remastered 2009;63;105933;09x9v1o51dbqi5H0u7UGfp
the beatles;Sgt. Pepper's Lonely Hearts Club Band (Remastered);When I'm Sixty Four - Remastered 2009;63;157666;1NrbnHlR2BFREcyWXHIHip
the beatles;Rubber Soul (Remastered);Nowhere Man - Remastered 2009;63;163693;5SUlhldQJtOhUr2GzH5RI7
the beatles;Abbey Road (Remastered);Octopus's Garden - Remastered 2009;63;170720;0suLngfo7rJoetk7Ub6N8l
the beatles;Magical Mystery Tour (Remastered);Penny Lane - Remastered 2009;63;180893;1h04XMpzGzmAudoI6VHBgA
the beatles;Magical Mystery Tour (Remastered);Hello, Goodbye - Remastered 2009;63;208840;0vZ97gHhemKm6c64hTfJNA
the beatles;The Beatles 1967 - 1970 (Remastered);Revolution - Remastered 2009;63;205293;3UDmHZcBTQp8Iu8droNtUl
the beatles;The Beatles 1967 - 1970 (Remastered);Hey Jude - Remastered 2009;62;431333;3m7V717IKZqZLW5qUIOxdD
the beatles;Tomorrow Never Knows (Take 1);Tomorrow Never Knows - Take 1;62;212880;0u2WxM0Jw062o0XyNv1RDT
the beatles;Revolver (Remastered);For No One - Remastered 2009;62;119813;1kDkaFlmkdEZiVUogaP9OZ
the beatles;Sgt. Pepper's Lonely Hearts Club Band (Remastered);Sgt. Pepper's Lonely Hearts Club Band - Remastered 2009;62;122893;4fUKE8EULjQdHF4zb0M8FO
the beatles;Magical Mystery Tour (Remastered);I Am The Walrus - Remastered 2009;62;275866;6Pq9MmkDQYZiiCDpxnvrf6
the beatles;1 (Remastered);I Feel Fine - Remastered 2015;62;139346;5hhF25sWnZvXhimOHLjTRE
the beatles;Yellow Submarine Songtrack;Yellow Submarine;61;159160;1tdltVUBkiBCW1C3yB4zyD
the beatles;Abbey Road (Remastered);I Want You (She's So Heavy) - Remastered 2009;61;467320;3Z25k4ZF6QENy2d9YatsM5
the beatles;With The Beatles (Remastered);Till There Was You - Remastered 2009;61;133506;0ESIjVxnDnCDaTPo6sStHm
the beatles;Revolver (Remastered);Yellow Submarine - Remastered 2009;61;158880;50xwQXPtfNZFKFeZ0XePWc
the beatles;A Hard Day's Night (Remastered);If I Fell - Remastered 2009;61;139466;1hgvykolO4kBIEozATmpyj
the beatles;1 (Remastered);We Can Work It Out - Remastered 2015;61;135693;1hTUFqJuQAMjXVGwUPWDqi
the beatles;The Beatles 1962 - 1966 (Remastered);I Want To Hold Your Hand - Remastered 2009;60;146720;5Qe7NHxeLAn8KoLTNLSdwe
the beatles;Beatles For Sale (Remastered);I'll Follow The Sun - Remastered 2009;60;108853;45WX2cfbL8bCIqv3rOq1G3
the beatles;Rubber Soul (Remastered);Girl - Remastered 2009;60;151720;6tQvjqDIK9GXWIC6mejms8
the beatles;Taxman (2022 Mix);Taxman - 2022 Mix;60;158266;1NcQkuennLBhTIqms4b6ob
the beatles;Help! (Remastered);I've Just Seen A Face - Remastered 2009;60;125040;788U1Sqej9M6c4iikuDGxO
the beatles;Please Please Me (Remastered);Do You Want To Know A Secret - Remastered 2009;60;117013;7Aobt67JnaF7qN8jCCKvHq
the beatles;1 (Remastered);Yesterday - Remastered 2015;59;125320;4E5rL7YL0hVUPqeMSpjEF2
the beatles;Revolver (Remastered);I'm Only Sleeping - Remastered 2009;59;180320;2ylCrFiBu98SC0vFfaCent
the beatles;Abbey Road (Remastered);Carry That Weight - Remastered 2009;59;96466;5eZrW59C3UgBhkqNlowEID
the beatles;The Beatles (Remastered);Dear Prudence - Remastered 2009;59;235773;5NQYyej46WQkgCbnzGD21W
the beatles;1 (Remastered);Paperback Writer - Remastered 2015;59;138200;0Ui8KPWZbJJQ2Y0CIQuVqX
the beatles;Revolver (Remastered);Got To Get You Into My Life - Remastered 2009;59;149240;3tGhRLgcCP6SIZU3tbGl7l
the beatles;1 (Remastered);Eleanor Rigby - Remastered 2015;58;125866;0Wv8IXRUDZOfmFJHC1VOFI
the beatles;Love;Help!;58;138285;6EdSN1iGtLPhcz43QDRkdK
the beatles;Abbey Road (Remastered);Maxwell's Silver Hammer - Remastered 2009;58;207920;2S8xyNRJX1XQdo3qnTuovI
the beatles;Sgt. Pepper's Lonely Hearts Club Band (Remastered);She's Leaving Home - Remastered 2009;58;215160;3PjMtNzwhDHqxoKudm6GvF
the beatles;Abbey Road (Remastered);Because - Remastered 2009;58;165666;1rxoyGj1QuPoVi8fOft1Kt
the beatles;Revolver (Remastered);Taxman - Remastered 2009;58;158853;4BRkPBUxOYffM2QXVlq7aC
the beatles;Abbey Road (Remastered);You Never Give Me Your Money - Remastered 2009;58;242973;1jOLTO379yIu9aMnCkpMQl
the beatles;The Beatles (Remastered);Happiness Is A Warm Gun - Remastered 2009;58;164546;71LsKf3xISiOlY1mj7FFPP
the beatles;Rubber Soul (Remastered);I'm Looking Through You - Remastered 2009;58;146386;5E3BVY66TEDexFutOO5GeS
the beatles;Please Please Me (Remastered);Please Please Me - Remastered 2009;58;120853;6EHuOufBeL6vk3TvVJB5qo
the beatles;1 (Remastered);From Me To You - Mono / Remastered;58;116160;1euKWJfJSfPhgSendPrcXb
the beatles;Let It Be (Remastered);Two Of Us - Remastered 2009;58;216813;0CaBBQsaAiRHhiLmzi7ZRp
the beatles;A Hard Day's Night (Remastered);I Should Have Known Better - Remastered 2009;58;163080;3pU1CUgPiFfxPCpscwIwQR
the beatles;1 (Remastered);Lady Madonna - Remastered 2015;58;136826;1raiIrqaqRAqZmQWZlLuBd
the beatles;Revolver (Remastered);Good Day Sunshine - Remastered 2009;58;129293;7HTH1ppjkkOe7RLoBDKXYJ
the beatles;Let It Be (Super Deluxe);Don’t Let Me Down - First Rooftop Performance;57;209453;40XeGNGFchGYw7y0ue1GiG
the beatles;Get Back (Rooftop Performance);Get Back - Rooftop Performance / Take 2;57;204186;4z3RNAUb0whdaLAudM9EHE
the beatles;Let It Be (Remastered);I've Got A Feeling - Remastered 2009;57;217560;3gwRWIbr5ycEVLIAXrWaw7
the beatles;Revolver (Remastered);Tomorrow Never Knows - Remastered 2009;57;179546;00oZhqZIQfL9P5CjOP6JsO
the beatles;Abbey Road (Remastered);She Came In Through The Bathroom Window - Remastered 2009;57;118626;2jtUGFsqanQ82zqDlhiKIp
the beatles;Revolver (Remastered);And Your Bird Can Sing - Remastered 2009;57;120493;4KRgqwb4kvBuTz1utbYxfb
the beatles;Please Please Me (Remastered);Anna (Go To Him) - Remastered 2009;57;177133;2baEFuU0gQon0hgVRioI1o
the beatles;Magical Mystery Tour (Remastered);The Fool On The Hill - Remastered 2009;57;179106;6rHh8urosEFRI67xVa6fzU
the beatles;1 (Remastered);A Hard Day's Night - Remastered 2015;57;152920;1pctwlBtIcKIjQMzsVcGHB
the beatles;1 (Remastered);All You Need Is Love - Remastered 2015;57;227760;6KqiVlOLfDzJViJVAPym1p
the beatles;The Beatles (Remastered);Rocky Raccoon - Remastered 2009;57;213106;1ITQbrueGLl581a25XXm9c
the beatles;Sgt. Pepper's Lonely Hearts Club Band (Super Deluxe Edition);Penny Lane;56;182053;1sjmKmR4u9xDeJHjDCn2bZ
the beatles;The Beatles 1962 - 1966 (Remastered);Day Tripper - Remastered 2009;56;169613;3hNUYt4dMM9RhcWmty8oKF
the beatles;Abbey Road (Remastered);The End - Remastered 2009;56;141613;5aHHf6jrqDRb1fcBmue2kn
the beatles;1 (Remastered);Love Me Do - Mono / Remastered;56;140173;4aX3n1Pn6jiCbvqBL8eqyP
the beatles;Abbey Road (Remastered);Sun King - Remastered 2009;56;146266;4nwKdZID1ht0lDBJ5h2p87
the beatles;1 (Remastered);Can't Buy Me Love - Remastered 2015;56;131213;38Vb1J5W5LOs0i7SAF76pa
the beatles;1 (Remastered);Penny Lane - Remastered 2015;56;180520;7afyyi8zn4FzWbcJ70F56V
the beatles;1 (Remastered);The Ballad Of John And Yoko - Remastered 2015;56;179480;1F7s27lLKshLPt9TPCgMDL
the beatles;With The Beatles (Remastered);Please Mister Postman - Remastered 2009;56;154160;6wfK1R6FoLpmUA9lk5ll4T
the beatles;1 (Remastered);Help! - Remastered 2015;56;139240;3Smida2eCUsLzDcmZqXEZ3
the beatles;1 (Remastered);Get Back - Remastered 2015;56;191773;6zmQ8bzlDIfngjy0Ba3w46
the beatles;Rubber Soul (Remastered);You Won't See Me - Remastered 2009;55;199960;4LLBKnNCrSRrSjSTuiwjE9
the beatles;The Beatles (Remastered);I'm So Tired - Remastered 2009;55;123493;2X9H5BokS1u5O46YpNYNsZ
the beatles;Abbey Road (Remastered);Mean Mr Mustard - Remastered 2009;55;66533;4JOyMhad5dD81uGYLGgKrS
the beatles;Please Please Me (Remastered);Baby It's You - Remastered 2009;55;160520;2VmB1rF9FtfKUmFHDVnq8Q
the beatles;Abbey Road (Remastered);Polythene Pam - Remastered 2009;55;72640;1FTCA6wQwulQFokDddKE68
the beatles;A Hard Day's Night (Remastered);I'm Happy Just To Dance With You - Remastered 2009;55;116373;0gd50I2gKioJ59C827EdAY
the beatles;With The Beatles (Remastered);Roll Over Beethoven - Remastered 2009;55;165466;3idqWaBn3mRdsIodCU6uBi
the beatles;1 (Remastered);Eight Days A Week - Remastered 2015;55;163320;5ylLypaOksxWd75YrGtx2N
the beatles;Help! (Remastered);You're Going To Lose That Girl - Remastered 2009;55;138666;70HNt0eoBVqr4ss68U8x3B
the beatles;The Beatles (Remastered);Julia - Remastered 2009;54;176666;5FnpXVgDOk2sLT58qM22Of
the beatles;Let It Be (Remastered);I Me Mine - Remastered 2009;54;145586;2BMqay80iBzZTa608Y1eG1
the beatles;Beatles For Sale (Remastered);No Reply - Remastered 2009;54;136066;4ltC6PrqkTtpcRNi5lvS4z
the beatles;Sgt. Pepper's Lonely Hearts Club Band (Remastered);Getting Better - Remastered 2009;54;168120;3LtOmWpTXLhilL5odoKysR
the beatles;Sgt. Pepper's Lonely Hearts Club Band (Remastered);Fixing A Hole - Remastered 2009;54;156826;3pKKxkeB1pOUMHwWBmKc3Y
the beatles;Revolver (Remastered);She Said She Said - Remastered 2009;54;156040;3VSuWxZM6x6V3ig5nYtikL
the beatles;1 (Remastered);Yellow Submarine - Remastered 2015;54;158800;7zRmGvtSy36Jr19U5OInJT
the beatles;Rubber Soul (Remastered);Run For Your Life - Remastered 2009;54;141093;4gUYV3ktbaOeAK5KrXMWV5
the beatles;The Beatles (Remastered);Glass Onion - Remastered 2009;54;137840;2jAojvUaPoHPFSPpF0UNRo
the beatles;Help! (Remastered);The Night Before - Remastered 2009;54;154933;5xcfepnz1v7a83T8An9gjw
the beatles;Magical Mystery Tour (Remastered);Your Mother Should Know - Remastered 2009;54;148413;1dxbAIfCASqv6jix2R1Taj
the beatles;1 (Remastered);Ticket To Ride - Remastered 2015;54;190120;7nhrlsT1P4qsslp28UA1BI
the beatles;The Beatles (Remastered);Martha My Dear - Remastered 2009;54;148573;1swmf4hFMJYRNA8Rq9PVaW
the beatles;Love;While My Guitar Gently Weeps;53;226756;0FzGKD3N0jK6nNOyOJBvNG
the beatles;Sgt. Pepper's Lonely Hearts Club Band (Remastered);Within You Without You - Remastered 2009;53;304666;3Umg8CDhO8dOSj7yBTInYb
the beatles;Magical Mystery Tour (Remastered);Baby, You're A Rich Man - Remastered 2009;53;181306;0JBvtprXP2Z0LP3jmzA7Xp
the beatles;Yellow Submarine Songtrack;All You Need Is Love;53;226666;5zqJlEJcn0EfnvAScH8swK
the beatles;Abbey Road (Super Deluxe Edition);Here Comes The Sun - 2019 Mix;53;185706;3CPFHaVEHkkH26hAEPgMMp
the beatles;With The Beatles (Remastered);You Really Got A Hold On Me - Remastered 2009;53;181346;7rgUYidQh5tH0YlXCoKaYJ
the beatles;Help! (Remastered);I Need You - Remastered 2009;53;148786;5EzvwjFwdP5Kfl5AZAemzu
the beatles;Abbey Road (Super Deluxe Edition);Oh! Darling - 2019 Mix;52;207146;3UHv8SSIkNUDRBUHJx3Cg6
the beatles;Revolver (Remastered);Love You To - Remastered 2009;52;179826;4RdJFhfLQcezwN5LsXl4qP
the beatles;Past Masters (Vols. 1 & 2 / Remastered);This Boy - Remastered 2009;52;136080;0oQshbv1BFLZ61b1tQ4Eqg
the beatles;The Beatles 1962 - 1966 (Remastered);We Can Work It Out - Remastered 2009;52;136120;7LNiAjyg9P2GKINTtN6Yt8
the beatles;Help! (Remastered);It's Only Love - Remastered 2009;51;116480;2ue1KRstSKHF8jQkIJZiNC
the beatles;Let It Be (Remastered);Maggie Mae - Remastered 2009;50;40040;2VsX1BoWSGiuVXGiFSUr6h
the beatles;Love;A Day In The Life;50;308191;4XiDAxr6alWzxm24i2Rt4K
the beatles;Love;Strawberry Fields Forever;48;271973;1J7wMZrvCtWZlXBdMM25Ce
the beatles;Love;I Want To Hold Your Hand;46;82397;5J3Mf6dyqeGy67yuQ7ql9B
thuy;i hope u see this;chances;67;167312;3PPD1wg591kQnsws16mlkS
thuy;i hope u see this;universe;67;186627;7B4UxdHwRKJYRhvXxmgZhM
thuy;i hope u see this;figured u out;63;192000;31sZ3f4En15JbGW4uIEH7D
thuy;i hope u see this;trippin';62;144000;61paqDrRJe8h4c5ypysurz
thuy;All Night Long;All Night Long;61;214800;5DyBTivjORrpNhJkJj2Ao5
thuy;playing tricks;playing tricks;61;184257;6zaayoVlfFp5YmQArKWkRG
thuy;girls like me don't cry;girls like me don't cry;60;213640;2DtUUBwYwEzKMTMDrc5EiO
thuy;i hope u see this;in my bag;59;144396;45T4uUz8dMls9hQ2xLvONF
thuy;trust (feat. RINI);trust (feat. RINI);59;197557;6GJv5FTWGHWgl4uPdpc6O2
thuy;i hope u see this;in my head;58;188000;4hD9dJBxYL7OUh6QgxBkM6
thuy;universe;universe;53;186627;6gSBiIezn6yKhCVhBUOSwB
thuy;girls like me don't cry;u should feel special;53;157199;3xpY2T84iSw9bAbJ8zl7Dt
rekha bhardwaj;Happy Ending (Original Motion Picture Soundtrack);Mileya Mileya;64;266279;1aqfzt5mpPoi7kYTFlfnIi
rekha bhardwaj;Delhi-6;Genda Phool;61;168240;15Vuw407y6UWIPUfGrpJ1e
rekha bhardwaj;Mismatched: Season 2 (Music from the Netflix Series);Aise Kyun - Ghazal Version;60;329080;2wDsZgFps34cgGMiYeeszB
rekha bhardwaj;Badlapur (Original Motion Picture Soundtrack);Judaai;56;272772;2MsGTWvf7dcjKbI0WTq6Pz
meet bros.;Aawara Shaam Hai (feat. Manjul Khattar & Rits Badiani);Aawara Shaam Hai (feat. Manjul Khattar & Rits Badiani);63;280071;4npm4suKbgjdaXGCDBBVNJ
meet bros.;Dream Girl;Ik Mulaqaat;63;247812;17uI7afUaul1hCzMTF9txd
meet bros.;Love Forever With Arijit Singh;Ijazat (From "One Night Stand");62;288964;3JUmNYQyJKeRq2a3RR8K71
meet bros.;Befikra;Befikra;61;351578;06wTXKpDMrSp5OfB7MErpx
meet bros.;Best Of Arijit Singh - Revisited;Girl I Need You (From "Baaghi");61;297752;0tgwvpBXcw7GURJRqBnc4g
meet bros.;Kinna Sona (From "Marjaavaan");Kinna Sona (From "Marjaavaan");59;273925;01AE1MgL6L86WQzh4KGDUa
meet bros.;Lamborghini (From "Jai Mummy Di");Lamborghini (From "Jai Mummy Di");57;246635;5xWpxI216rbOSiAqjdn6gy
meet bros.;Baaghi;Girl I Need You;56;297752;1XIdLjLOIYCGtobNIXMwYS
curbi;Flying;Flying;67;184836;23tSVCziOnXVAyayQt0Bi7
curbi;Vertigo;Vertigo;65;167509;0Cv7pfVZT1KjaqpylUsYQH
curbi;Lose Our Minds;Lose Our Minds;57;157058;2cjPokboQDr7xI0esIgg0h
curbi;Losing Sleep;Losing Sleep;52;169252;0kbd4eKn7jyHTjdIBX6aZk
papithbk;Thbk.;Why Am I Waiting;70;95680;2po3166NqW72LwAwh8Hbld
papithbk;Thbk.;Love Is a Drug;68;100120;0Q06s7TNQH8irO2sfvuFnn
papithbk;Thbk.;Losing Interest;68;93360;2NYPx7YjNrHteC2RxzTzTZ
papithbk;EP;Sad Nibba Hours;63;150702;2TfoabXa0CbEwcqpxOn9z3
papithbk;Thbk.;Hard It All Can Be;60;104960;1D3le2tIT0TvZ6Xtqjft92
papithbk;Are You Ready?;Are You Ready?;59;134844;7r8lp6nukhNPK9QPC79k30
papithbk;Thbk.;I Guess You Moved On;54;72360;5CUvTqBHBBRljqNnjoYyqY
papithbk;Thbk.;Midnight in My Mind;53;112106;2PmkJu8MLrZNMZt0wDg5c0
papithbk;Sparks;Sparks;47;131146;4H9NJFIy7TaqtPqDPYOZvs
bonnie tyler;The Very Best of Bonnie Tyler;Total Eclipse of the Heart;77;267360;7wuJGgpTNzbUyn26IOY6rj
bonnie tyler;Secret Dreams and Forbidden Fire;Holding Out for a Hero - From "Footloose" Soundtrack;74;348333;5Hyr47BBGpvOfcykSCcaw9
bonnie tyler;Faster Than the Speed of Night;Total Eclipse of the Heart;62;418000;1VrfLrBviw9A6JzRoo3t2C
bonnie tyler;The Very Best of Bonnie Tyler;Holding Out for a Hero - Single Version;61;261340;3qE6p9fN4YeILT0cQcY1cD
bonnie tyler;Natural Force (Expanded Edition);It's a Heartache;27;215160;1Y7VG310Lf5IYP7sVOob4X
nas;Illmatic;N.Y. State of Mind;72;293973;0trHOzAhNpGCsGBEu7dOJo
nas;It Was Written;If I Ruled the World (Imagine That) (feat. Lauryn Hill);70;282373;5PQmSHzWnlgG4EBuIqjac2
nas;Illmatic;The World Is Yours;68;290573;7G3lxTsMfSx4yarMkfgnTC
nas;I Am...;Nas Is Like;67;237026;3gY6tiCNsuVi6s8kPV6aQg
nas;It Was Written;The Message;65;234093;1AHfovSnGPVYKaahRtA0U6
nas;Illmatic;It Ain't Hard to Tell;65;202106;2CPturRUlpvirYr7VpkXCV
nas;Illmatic;Represent;64;252600;6DPrhGVJ1WTZvM9fKptnGe
nas;Illmatic;Life's a Bitch (feat. AZ & Olu Dara);63;210840;2LhhnqrHPWvXYveZVHLKrd
nas;God's Son;Get Down;63;244253;3UYuDTslR35thjQzaVwRMe
nas;Magic;Wave Gods;61;190261;14246VCxRDGZHqlMlqWSz4
nas;I Am...;Hate Me Now (feat. Diddy);61;284000;158DIbrVt4YbqNnWyRCS3P
nas;Illmatic;Halftime;61;260799;2PRsh2LNPxoxC9OnErnelg
nas;The Lost Tapes;Purple;61;219466;42qK1JWm8fDy3qHZbIZNuQ
nas;It Was Written;Street Dreams;60;279933;0QnGI4OgY8ReggLWvEXdgD
nas;Illmatic XX;N.Y. State of Mind;60;293973;5zwz05jkQVT68CjUpPwFZe
nas;God's Son;I Can;59;253720;2NPxL1QqPrD1a7OLHjVcAP
nas;Illmatic;Memory Lane (Sittin' in da Park);59;248213;2W58HMaCbjcUfZnZaeHtcC
nas;It Was Written;Affirmative Action (feat. AZ, Cormega & Foxy Brown);58;259800;2Ja3UauMDeQnq4sI8a64Ys
nas;King's Disease II;EPMD 2 (feat. Eminem & EPMD);56;214434;4bRPecD9suGW8CfNZhzjS1
nas;King's Disease;Spicy (feat. Fivio Foreign & A$AP Ferg);56;166523;661wc0CTq5MbppEG6zYP5n
nas;Stillmatic;Ether;55;277706;06UPCXzhIsXnceSXmKLMEY
nas;King's Disease II;Rare;55;206777;465eCPwUAz2qz7IdQaxUui
nas;King's Disease;Replace Me (feat. Big Sean & Don Toliver);54;170813;1uJ5X7MrxTr21lG5ssm5fT
nas;Magic;40-16 Building;53;175038;7LbIccTR3F9yYaWmMGMKtn
nas;NY Se Mumbai;NY Se Mumbai;39;228100;4Hct0TVAdycZFk6zJ5yViL
boys like girls;Love Drunk;Two Is Better Than One (feat. Taylor Swift);66;242840;1MaqkdFNIKPdpQGDzme5ss
boys like girls;Love Drunk;Love Drunk;65;226706;20X9OeC606XNwEtDBOym5u
boys like girls;Crazy World;Be Your Everything;58;210706;5X1VGqaNrpXC8HBPEA4uDT
boys like girls;Boys Like Girls;Thunder;57;236680;3TMvKeEMDeZNzeFeU8kJCx
boys like girls;Boys Like Girls;The Great Escape;55;206520;72XWsiLW8q2g8Lv0a010ha
paloma faith;A Perfect Contradiction (Outsiders' Expanded Edition);Only Love Can Hurt Like This;87;232893;62ke5zFUJN6RvtXZgVH0F8
paloma faith;Only Love Can Hurt Like This (Slowed Down Version);Only Love Can Hurt Like This - Slowed Down Version;77;257743;48CKzGWOC65n8a8kdANJV8
paloma faith;Do You Want the Truth or Something Beautiful?;Upside Down;56;189186;2pAkvdCFORWTiFJHVjojdC
paloma faith;Fall to Grace (Expanded Edition);Never Tear Us Apart;53;185000;2NIeqDoYuMWaX8KtAz4C5o
paloma faith;Sad Bops;Only Love Can Hurt Like This;45;232893;5TWa50OQHAk0BR3BYPq9df
paloma faith;Infinite Things;Me Time;43;197533;1X05eLTP7oE3B2hxI1itqF
bring me the horizon;Sempiternal (Expanded Edition);Can You Feel My Heart;81;228146;0WSa1sucoNRcEeULlZVQXj
bring me the horizon;sTraNgeRs;sTraNgeRs;75;195747;5fpq1wF8xa5tSSlcKHdmGQ
bring me the horizon;That's The Spirit;Throne;74;191520;0M3adYbGtyRHACP86dey1H
bring me the horizon;That's The Spirit;Drown;72;222093;6o39Ln9118FKTMbM4BvcEy
bring me the horizon;POST HUMAN: SURVIVAL HORROR;Kingslayer (feat. BABYMETAL);72;220041;7CAbF0By0Fpnbiu6Xn5ZF7
bring me the horizon;Sempiternal (Expanded Edition);Sleepwalking;70;230093;0gchQwxmBWj5no8NJ8b2yH
bring me the horizon;DiE4u;DiE4u;69;207141;2gT72HL4Y84K2Mle3miAMJ
bring me the horizon;That's The Spirit;Follow You;69;231106;6lFUdRItQEsEuD7dSINL47
bring me the horizon;Sempiternal (Expanded Edition);Shadow Moses;68;243320;68osIGtVjM7QWVe6pazLHj
bring me the horizon;POST HUMAN: SURVIVAL HORROR;1x1 (feat. Nova Twins);67;209598;6sIbv1oWOuma2qV907MUbk
bring me the horizon;POST HUMAN: SURVIVAL HORROR;Teardrops;67;215003;3WATWS2Ywo5HeHtG0bE2iZ
bring me the horizon;That's The Spirit;Happy Song;67;239386;1yYE8EyuIV0rrvQ1bA2Fyf
bring me the horizon;That's The Spirit;True Friends;66;232320;1KTJmfwrk5pYqsi9mkY3nT
bring me the horizon;Parasite Eve;Parasite Eve;65;291812;5OxclJsdFESni44YlpNpkR
bring me the horizon;That's The Spirit;Avalanche;65;262013;4EyPadLFhtWojU7mkT5hqT
bring me the horizon;POST HUMAN: SURVIVAL HORROR;Parasite Eve;65;291812;36xBFaVGjqm7le8CTHytUj
bring me the horizon;POST HUMAN: SURVIVAL HORROR;Obey (with YUNGBLUD);65;220538;6MD6xpFK4cfquxRqXxqwjq
bring me the horizon;amo;MANTRA;64;233128;060RNnzoMay3wKJek1faPc
bring me the horizon;That's The Spirit;Doomed;63;274133;3lPn81PFyKvXiyHhlkwkQ4
bring me the horizon;Sempiternal (Expanded Edition);The House of Wolves;63;205160;7hntkdvG3jWdFKm7pGCCzd
bring me the horizon;amo;sugar honey ice & tea;62;261560;3Ddgh4ZwVIkLx0f4WeDFmo
bring me the horizon;POST HUMAN: SURVIVAL HORROR;Dear Diary,;62;164797;3DW6GVr7RVyfvo4NBRvZIZ
bring me the horizon;Sempiternal (Expanded Edition);Go to Hell, for Heaven's Sake;62;243000;0Koh9yED8UuaXvg9p5lQdB
bring me the horizon;Teardrops;Teardrops;61;215003;3aniWcwiiYKHpm3F5TdeKD
bring me the horizon;amo;medicine;61;227265;3GHtEaicELsTViK08EXEQQ
bring me the horizon;amo;in the dark;61;271186;4swVflM7KtMxzfHBWqPv9S
bring me the horizon;Sempiternal (Expanded Edition);Empire (Let Them Sing);60;225693;1DbdQp5dwuawBGmxSHw6Fr
bring me the horizon;That's The Spirit;Blasphemy;60;275013;6r7bDk4J0Okw4ezTBUQXo3
bring me the horizon;Can You Feel My Heart (Remix);Can You Feel My Heart - Remix;59;197412;0bMOyiuk22fAKiwNoYsRYN
bring me the horizon;amo;nihilist blues (feat. Grimes);59;325501;1JdWRS3PBZlSgKcPKcULtr
bring me the horizon;amo;mother tongue;59;217424;5IwUFTiNkarb5HEtNRtRtc
bring me the horizon;That's The Spirit;Oh No;58;301013;1H5a6C6jqWN6XQI0Unq7W3
bring me the horizon;POST HUMAN: SURVIVAL HORROR;Ludens;58;280151;4xWirulal0kGikFE3WSU75
bring me the horizon;That's The Spirit;Run;58;222760;1wvs9V8xEJStRzx78lSNJK
bring me the horizon;Ludens;Ludens;58;280151;2eZjO58Qe9og2xmyfw4qwJ
bring me the horizon;That's The Spirit;What You Need;57;252400;0xZ2RmwcaiP0tvAll1Ndh5
bring me the horizon;Sempiternal (Expanded Edition);Hospital for Souls;57;406413;6kuudUd50kADw1HmSGoT6X
bring me the horizon;amo;wonderful life (feat. Dani Filth);56;274403;0ceW5TkemJUEmJERavfqQq
bring me the horizon;Sempiternal (Expanded Edition);And the Snakes Start to Sing;56;301946;5gawwgpayyI5xRadHUAEvx
bring me the horizon;amo;heavy metal (feat. Rahzel);56;240586;6baGTtDakSNvUfW3FJd8yX
bring me the horizon;Sempiternal (Expanded Edition);Antivist;56;193640;1fUacP7XP697l6ry01oO4d
bring me the horizon;Sempiternal (Expanded Edition);Deathbeds;55;299173;4FyhUbVIVFEEOHfdTiFmbf
bring me the horizon;amo;why you gotta kick me when i'm down?;55;268860;2lLsjgDoS0Hg5pNNHymXGG
bring me the horizon;Obey (with YUNGBLUD);Obey (with YUNGBLUD);55;220538;7fQox8Ere1HDm0jhSnsFHu
bring me the horizon;POST HUMAN: SURVIVAL HORROR;Itch For The Cure (When Will We Be Free?);54;86242;2VJ8DjdaOC5G3deIAefhq3
bring me the horizon;Music to listen to~dance to~blaze to~pray to~feed to~sleep to~talk to~grind to~trip to~breathe to~help to~hurt to~scroll to~roll to~love to~hate to~learn Too~plot to~play to~be to~feel to~breed to~sweat to~dream to~hide to~live to~die to~GO TO;¿ (feat. Halsey);53;313344;6shny2UVkpaLc7jEKEoePa
bring me the horizon;MANTRA;MANTRA;53;233297;7dRj3sTBYkNbEx5kdNHriv
bring me the horizon;Sempiternal (Expanded Edition);Seen It All Before;53;247413;0CrJVibIdsL6mqmYI9R9hc
bring me the horizon;Sempiternal (Expanded Edition);Crooked Young;53;214946;0jEqhhJTqhBYMKUnyAC28y
bring me the horizon;Suicide Season;Chelsea Smile;52;302560;2C5jGbR23YLonV7Lton6fV
bring me the horizon;amo;i don't know what to say;52;352375;013TFRzJWkT41RRSgSenfI
bring me the horizon;There is a Hell Believe Me I've Seen It. There is a Heaven Let's Keep it a Secret;It Never Ends;51;274133;6yXwzAdml0MyRURctW038w
bring me the horizon;amo;ouch;50;109011;1PWFyfV7yYhlxHZX2g25wS
bring me the horizon;Live at the Royal Albert Hall;Doomed - Live at the Royal Albert Hall;49;280250;5IBDi9cISbefMMtAB8syp3
bring me the horizon;Moon Over the Castle (from GRAN TURISMO 7);Moon Over the Castle - from GRAN TURISMO 7;47;187001;42xYFBO1ahIWyisI7VVVEh
bring me the horizon;There is a Hell Believe Me I've Seen It. There is a Heaven Let's Keep it a Secret;Crucify Me (feat. Lights);47;379520;3I0sLAfseLWFkRtGKxmrCc
bring me the horizon;Drown (Live from Maida Vale);Drown - Live from Maida Vale;45;225706;2TB3yZgVmXKZvmPWcCUr2H
matt white;Best Days;Love;60;170040;3mDvi0k4LuCA7ViLf3Qb3O
austin basham;You and Me for Now;All Is Well;60;256680;3KAQ4xe2sR6IiltZw8HSA5
howlin' wolf;Moanin' In The Moonlight;Smokestack Lightnin';62;188400;2HUZVffVPXvqnrml0gXggp
howlin' wolf;Howlin' Wolf;Spoonful;58;170000;7j02rdE5RVtNcNMuLGY5SS
blonde redhead;Melody of Certain Damaged Lemons;For the Damaged Coda;60;157000;6lvJDlBrtabJWiBlMTGxKs
saint chaos;Seeing Red;Walk;60;170210;1BH3rSiixIJhXe3viUeMAN
yuko ando;Shogeki;Shogeki;60;181594;5QwAdWCnauw0GpDzM3glrO
hello sleepwalkers;Masked Monkey Awakening;Goya No Machiawase;60;170640;5s0AxcVJJD2YYPstMb61ro
sweet;Fox on the Run (from the "Guardians of the Galaxy 2" Trailer);Fox on the Run - Single Version;60;200800;4yJZP61jBhVTesHBZ0gpQn
kokoroko;KOKOROKO;Abusey Junction;60;424080;3W4IoNW4011i8qfCwN75Va
monty python;Monty Python Sings;Always Look On The Bright Side Of Life;60;215333;4DEcdqqKokU7UAE4wCGQEy
the troggs;From Nowhere;Wild Thing;65;155333;7jGzYUZ2Bgg8BDfYlQRfn8
the troggs;Hit Single Anthology;Love Is All Around;55;177666;5psbwXbjlWCqmLVzIqif7Q
devin kennedy;You & Me, That's Enough;Something Bout That Feeling;64;132688;0pH9ckmrcCM6O0MTart24w
devin kennedy;Poetry;Forget About You;62;151712;4dRb7kdtBVBFzSiCqsY7wP
devin kennedy;Happy Yet;Loose Change;61;163500;0ax8NVafraj3HnfCwvnHK4
devin kennedy;SunDayDreams;Hurt U;59;172493;3fZ31KU4L6HjkiFBVH7rz9
devin kennedy;Poetry;Follow Through;58;140445;0ywYfM7AOcyvOql97K6O5p
devin kennedy;You & Me, That's Enough;No Worries;56;161535;71svRTPSKOYAu9IA84S2WU
lokel;World Burns;World Burns;60;141049;4ID45W7QoisqbyFPst3wih
bennett coast;Sunsick;Sunsick;64;145081;5bRhKVGEj14xo6S5mHz7rh
bennett coast;Moonboy;Moonboy;56;132230;3j4P8ytkoDpBFePPrXHEbe
jinsang;Life;Affection;64;117495;7MdZQXUBijQxcBkYz4G1Z5
jinsang;Meditation - EP;Egyptian Pools;56;130677;3CFS6vCzVVsWL5veYusCe7
sky-hi;JUST BREATHE (feat. 3RACHA of Stray Kids);JUST BREATHE - feat. 3RACHA of Stray Kids;60;230853;6PqDYUTmTGXnCfSDhm6AlJ
dyl dion;pouring outside;pouring outside;66;156250;7g1251d41qVR8kq6yz9XXa
dyl dion;meant nothing to me;meant nothing to me;57;117391;2MKJbTQepwHTMhKmbAk225
dyl dion;cannot be bothered;cannot be bothered;57;154285;6QzghWY3hHDC39o5fZorp6
elijah who;Gentle Boy;my new love;64;65790;23gcQr3NRKzLXsP9H5jFQ1
elijah who;Gentle Boy;this girl;62;122704;19JzJOMs4wkuKxY8WEOMea
elijah who;i'm tired of feeling this way / lychee juice;i'm tired of feeling this way;59;148034;0A6dTlWYD2magT5bqUyZLM
elijah who;Gentle Boy;i love being with you;58;96405;1SJkTuUNKe4rYQgX8wmqku
elijah who;Gentle Boy;crush on you;57;84023;1vlzSY7AttAiAvSEe1JbVs
kavo;F My Ex;F My Ex;60;164595;1QwuUvd5IEsyLrB47jEOpB
engelwood;Crust FM;Crystal Dolphin;60;114660;3nKZknHg5Y5fPB3gow8ACG
moxas;Floor Seats (Text Back);Floor Seats (Text Back);61;138157;6m37YblnnlJ1x7DfTc3Vj0
moxas;my bad;my bad;61;149950;3voz8YdsGn2Y9PXp6xcJkl
moxas;Love Curse;Love Curse;58;154285;4PwkiQyE09iOcKameCkQAF
michael carreon;Love Adolescent;The Simple Things;60;263633;755gQFe8AygwKePVjrMDoj
moow;I Can't Tell You How Much It Hurts;Wake Up;61;82800;73SyPIx501G3211y3oTYns
moow;I Can't Tell You How Much It Hurts;You're in My Head;59;97050;4gz5ioUWuYkmtBGKXVZkXY
colette lush;Seven-One;Don't;60;208124;5ngJKkOmjkN460b2ApBnLk
wave to earth;summer flows 0.02;seasons;60;256000;6JqwuALkOqCYXMDO3llZUm
destin conrad;COLORWAY;COLORWAY;60;90000;5G79sWJahVQQJWqOqtxJuW
raveena;Temptation;Temptation;60;248738;0ulct3cASnhGvaGhFIuIyZ
kehlani;Suicide Squad: The Album;Gangsta;60;177320;0zlTUsS88Y3Ck7WsyEepAi
the viceroys;Iroko Showcase, Vol. 2: Memories;Why;60;146623;1DGL99DXQ10Su9z5Ci4ION
christopher martin;Paper Loving;Paper Loving;60;213453;49z1D7SRFdS64UGaTNdAzW
felon;Fine Lines;Fine Lines;60;189910;4yZFRsi0Jn2Ws7bLeyY67b
patrick lite;I Love You;I Love You;60;158086;33vdDZDNBKsllkbZXFYUD4
kraak & smaak;Juicy Fruit;Stumble;60;270720;3uvALUobqjZvTGAh6737Mb
jess bays;Temptation (feat. Poppy Baskcomb);Temptation (feat. Poppy Baskcomb);63;172197;3fvsxmytTns1ApIWBqfANZ
jess bays;Love Me Better (feat. Leah Guest);Love Me Better (feat. Leah Guest);57;200248;08BdwDsjgDp9N3ALRaKuYJ
weiss;Feel My Needs (Purple Disco Machine Remix);Feel My Needs - Purple Disco Machine Remix;60;230163;3RiRFyvasDtAv8n0AQUKFG
the trammps;Playlist: The Best Of The Trammps;Disco Inferno - Edit;60;215626;3GXo1eWlT2flv4x01l5OTu
4*town (from disney and pixar’s turning red);Turning Red (Original Motion Picture Soundtrack);1 True Love;60;199906;2dJ1UJEQQq3jkLSJP4ZIoi
diviners;Savannah;Savannah;60;208698;0ZdUHFxifUJNqo7G4aJzoF
james mercy;Take You On;Take You On;60;179617;1YxGxw82Jn4jmwh2uhOhfC
steve aoki;Neon Future III;Waste It On Me;63;192536;66XDf77gBcfQKi4I2vIbTj
steve aoki;Just Hold On;Just Hold On;63;198774;3EmmCZoqpWOTY1g2GBwJoR
steve aoki;Waste It On Me (feat. BTS);Waste It On Me;59;192536;2FWyJIT0gL2G3xWVQ9Id5f
steve aoki;Neon Future IV;Are You Lonely;58;157333;5a1Cm3iYkS0nWn9fTijOq4
steve aoki;Mayhem;Mayhem;57;157031;0Xz3DTcdZI01mjKfNZrsC1
diamond eyes;Everything;Everything;60;267428;6ouN4BiS8PIHn62uxCqDdH
telykast;Nobody To Love (with Loren Gray);Nobody To Love (with Loren Gray);60;146372;0SSIu4CcGITHdatDmjlA6H
morten;No Good;No Good;60;141562;0oS1yir1qJvwCsFPdaBiqN
lil happy lil sad;Let Me Die;Let Me Die;60;218775;46T7puWlH8ptC6lx7bQ3TY
american football;American Football;Never Meant;60;268333;51R5mPcJjOnfv9lKY1u5sW
turnover;Peripheral Vision;Dizzy On the Comedown;60;255773;3vkj94FiLgUz3ysZcmIXPx
broadside;Into the Raging Sea;Heavenly;60;171097;5IOa8xvBDq78HPSIsexEOd
havelin;Me Without You;Me Without You;60;167498;1w8F9tti9Eme96uvMt5xV5
horizon blue;Need You;Need You;62;139636;0ujT2z8Pz9Z4PPdLSYsuw1
horizon blue;Have You Ever Seen The Rain;Have You Ever Seen The Rain;60;154606;72tWoP1KOVvoXk6ikg7n8m
horizon blue;Got You On My Mind;Got You On My Mind;58;154426;0068lzo1xXa9ED8ThypHU1
thunder;Dreaming;Dreaming;60;138947;46XpZgZjDK9Vpz5TBZUiYu
norra;Run;Run;60;191420;0VLaaS481wSlMnf6UEQnJM
bleu toucan;Origami;Hanoï café;60;194082;2I4AhSWdVku2SQsJXiIci6
stuck in the sound;Pursuit;Let’s Go;60;211453;1XsN9Flu0VvZpXmrkBtZGt
camp claude;Double Dreaming;Old Downtown;60;169906;07J5gvVBcXUPcsa9KVYwHu
mc mazzie;Ele Te Bota Soca Soca;Ele Te Bota Soca Soca;75;180927;30096a5EMOSaF9c2aSa4TH
mc mazzie;Saka Saka Saka;Saka Saka Saka;45;184080;1Sz402s2SN6nPicOA8DPah
mc ingryd;Vapo Vapo (Remix);Vapo Vapo (Remix);60;160112;2iH1dTkVI0pdFMSfLd4MaW
dreamgirl;Illuminaughty;Teenage Blue;60;234968;6oWXWkwHKREYlBNuBCitFP
the human beinz;Nobody But Me;Nobody But Me;60;140440;4QkvD53COA5qLA7rQ1Pa7D
part time;Lies in the Eyes of Love;Lies in the Eyes of Love;60;196360;4EtELRz6M3e184zevnBKDb
hot flash heat wave;Neapolitan;Gutter Girl;60;224714;1sEzuZNasuG8s1OOHwYfN2
the bobby fuller four;Never To Be Forgotten - The Mustang Years;I Fought the Law - Single Version;60;138360;6Um3XCAxl9YfFmAnGl93xc
vize;Space Melody (Edward Artemyev) (feat. Leony);Space Melody (Edward Artemyev) (feat. Leony);62;180151;0FRavXSn6XmeItbuJR3VrR
vize;Stars;Stars;58;165468;5E00xRhYsooyC3MBA2H848
klaas;Mr. Saxobeat;Mr. Saxobeat;60;151181;2dmZy75CTSv6BFo7IbO0eK
nyomii;Criminal;Criminal;60;182572;1t8742dk3Bks8F8nAGBfjD
l7;Bricks Are Heavy;Pretend We're Dead;60;235093;3z5ggGtcs4t8pizW521gW9
damn yankees;Damn Yankees;High Enough;60;287320;5t5rCnsgRBtcKqTB7SbD1Q
saosin;Saosin;You're Not Alone;60;238053;7cITfGsdjGaTP0b5oiLL0z
machine girl;Wlfgrl;Ghost;60;185521;4orMsymF399H3xKBc0AIhx
deep jandu;Down to Earth;Bombay to Punjab;60;243297;1xoQjCAP6a63tZXbsMziXk
alfaaz;Alfaaz;Hai Mera Dil;60;209853;7rnqq7955ubY95MRPiRpue
sultaan;Puff Puff Pass;Puff Puff Pass;60;291818;5e0sqZrtakU2phj6IFxf79
sukhbir;Hindi Medium;Oh Ho Ho Ho (Remix);60;244416;3F0I9AkbRwz12yz7Hxn0bF
afkap;Aaina;Aaina;60;180618;5SAgi6ZXqpCWQADP8XyRDY
navv inder;The Wakhra Song (From "Judgementall Hai Kya");The Wakhra Song;60;196000;6N6mJlsjYRV0yoMSPS5JiQ
besomorph;Redemption;Redemption;61;157500;7N267HKpnzJzqToo5KcaoF
besomorph;Falling;Falling;60;149571;1f7cJyMQrBF3V64TPnbfsI
besomorph;Army;Army;59;203500;3j6s1vr84KzKlpF0QfHzDy
timeflies;Just For Fun (Deluxe);Undress Rehearsal;60;214786;1aPqexHVW20OTamBHdWWVL
joyvegas;Can We Stay Forever?;Can We Stay Forever?;60;64245;2cnh1D3Q7GbEXzyhyrZstJ
paravi;Cloud 9;Cloud 9;60;142000;0Qj4YyHTtV01Fvfl2fibea
jake miller;Silver Lining II;Ross And Rachel;60;192980;4vCiNW18AyeaUAZosVnX61
isaac dunbar;evil twin;love, or the lack thereof;60;187800;2E1eJCNpEniIB1NsDqyGzR
stephen;Crossfire;Crossfire;60;270510;5HjBpej4uHPAX8sMeUFJms
earshot;Two;Wait;60;213000;45R6DmpsaoqLujIn6qPTPH
yama;色彩;色彩;71;192175;1uveEvgKX4irLcp1BUTIFD
yama;Haru wo Tsugeru;Haru wo Tsugeru;63;196497;5QseXDzPvtjdeaWNhYbm0m
yama;Oz.;Oz.;59;194273;2VRcLEvQCMByWBuvM9gaJ2
yama;the meaning of life;血流;59;208093;0bBl2jjpCFCgRd60BowZoV
yama;the meaning of life;麻痺;58;198040;5v1dhqe9vgvp87eyd27hkb
yama;麻痺;麻痺;56;198100;1LwSnnsoKcAUv9TPFEZ7iQ
yama;a.m.3:21;a.m.3:21;54;208409;3oZ1DkKe2ZcvPh5Ffv6L0c
mika nakashima;雪の華15周年記念ベスト盤 BIBLE;KISS OF DEATH(Produced by HYDE);60;250200;5KAI6nfg3wQRmtwJ0PPaEW
da-ice;SiX;DREAMIN' ON;60;235373;1rxh0iojvTB24C6BpOdfC1
meiyo;なにやってもうまくいかない;なにやってもうまくいかない;60;146588;2ILz4eU7UCTv0Wup7F5lVt
junko yagami;黄昏のBAY CITY;黄昏のBAY CITY;60;250373;4wUQvovMEkByMvZNCecZ9v
bill evans trio;Waltz For Debby [Original Jazz Classics Remasters] (OJC Remaster);My Foolish Heart;60;297320;6yKkA8HzwWTZ5taIMaG4Nm
艾薇;I;失重前幸福;60;220962;3SJgTyb8a7z66suw0kBZ0T
理想混蛋 雞丁;底片裡的夏卡爾;習慣不習慣;60;300215;2bLphDJvGyfjPbmxs7V4rX
electric callboy;TEKKNO;Arrow of Love;67;222866;6IkcTpdDbL4OVg7skLdUyF
electric callboy;TEKKNO;Tekkno Train;65;177626;1XK0SrwnujLMZv22WjVQU9
electric callboy;Pump It;Pump It;63;172758;3iXNlPQNYPrtimAEM49PsG
electric callboy;TEKKNO;Mindreader;63;225000;0qdzdBNLU6BAxTCt8FLptu
electric callboy;TEKKNO;Pump It;63;172240;6emZMVNvIxW57fhxPlyxLp
electric callboy;TEKKNO;We Got the Moves;63;206133;0W4N0KzHKWQp2Wn1Mf6uMa
electric callboy;TEKKNO;Spaceman (feat. FiNCH);63;190000;2zNZ81rcbDUvOmKo0borJr
electric callboy;We Got the Moves;We Got the Moves;63;206858;4EFb9FhLyFiDbYKwBwDZre
electric callboy;TEKKNO;Fuckboi (feat. Conquer Divide);62;164000;1YO1vzBy6y44sosMHviv0S
electric callboy;TEKKNO;Parasite;62;183000;3f3HfaJfzYK4SzsVhQnLZO
electric callboy;TEKKNO;Neon;61;191626;5Ax3CrEaFiQHb65JMijp2J
electric callboy;The Scene (feat. Fronzilla);The Scene (feat. Fronzilla);25;193066;1m5DyKsataG0jE5wJtz5Iv
fire from the gods;American Sun;Right Now;60;225026;4MNnfcIuCrmCymkLSXtXCl
igulfrid;Hideaway;Hideaway;68;148906;2HwCcCi8Up9NECNBRt0yTV
igulfrid;Waltz For Nala;Waltz For Nala;52;137510;3NJ3rJfgSHeRqM9Fz12lLJ
kiara leonard;Silent sky;Silent sky;61;132937;7jOC9bmHMZ5m4S1ZDAYgzn
kiara leonard;Fields;The oak;59;124750;5JcvLTlhEtDl3lPFs95xRM
mia carrera;Halo;Halo;60;210583;4lu6zYkghmAlCnDcgKqJcY
finley rhone;San Remo;San Siro;60;170966;2XXnGBKuvfcpfVvRgBEdvP
rebecca woods;In The Stars;In The Stars;60;163916;2hxaiA9EtXjMlXhG6SCoW8
lorenzo fiore;Il lago;Il lago;60;150874;05HDcU36t1sVPiOzAAolke
giselle guarezi;My Absence;My Absence;60;118270;60aQ47g6775vmbN3yMntql
omri grummet;Fusionnelle;Fusionnelle;60;145810;6osge3cxU5DKKEcbru8Tk5
ellie-may robertson;Immersion;Immersion;60;144500;2n07NKEPbQ1ABTvhTGJcYj
april baxter;Starry Sky;Starry Sky;60;140000;6d1XH0OKwZVbITLqPoToDg
eu nice;Another Life;Another Life;60;139777;44jnGxgCSoyxygFmpyCiPy
ima rayner;Clear Day;Clear Day;60;165000;3TFkBg4Ykbemy3QeIztw70
ed chinaski;For Kate;For Kate;60;137519;4uNQlDhz4fIKvjvdSESKou
jacques blanc;Moving Slowly;Moving Slowly;60;119523;4xYztiOcXXOiC1TwTsXuY3
carlo boscoli;Il Colibrì;Il Colibrì;60;150187;52gy2KpFkLkAERIhMCYESc
genevieve melton;Testimony (EP);Testimony;60;164000;1NgM2SEuhj7pAzeVTF6Oe5
brian lyndon;Wake with me;Wake with me;60;135647;4xTvAj3iYFWOoeaErsNwbj
jukebox the ghost;Jukebox The Ghost;Girl;60;213786;63OB8oKmBUUYiRtrRtFCvX
herbie hancock;Empyrean Isles (Expanded Edition);Cantaloupe Island - Remastered;60;333946;0sCeNwt8xRCMR4NhKpMyBe
kk;Om Shanti Om;Ajab Si;69;241668;5FXMRdJjKq1BIX4e8Eg9mK
kk;Gangster;Tu Hi Meri Shab Hai;65;387947;4IGfpRPTnhzZyL74Ilubrb
kk;Zindagi Do Pal Ki - K.K. All Time Hits;Ajab Si (From "Om Shanti Om");65;241668;2RgvvnMwtP0R2OkVZmFvnV
kk;Woh Lamhe;Kya Mujhe Pyar Hai;64;266653;3HFjh7QljnUCBLsoTwMuTj
kk;Evergreen Hits Of K.K.;Kya Mujhe Pyar Hai (From "Woh Lamhe");64;266653;7fW9J3EpVWVN1ouv0slAs0
kk;The Train;Beete Lamhein;64;298271;0zQa7QXLpUZfrrsWbgDZll
kk;Kites;Dil Kyun Yeh Mera;62;333200;5nHwX7e5XHnie22nuTFgda
kk;Bajrangi Bhaijaan;Tu Jo Mila;62;242864;7txLCGOXyDlDXTjtR1Sk4v
kk;Race 2 (Original Motion Picture Soundtrack);Party On My Mind;61;222133;5Rn1DPzSzUktbhuNDDJocS
kk;Rehnaa Hai Terre Dil Mein;Such Keh Raha Hai;60;328880;0ypgFw67lNEpoKFUxUV0tG
kk;Kaakha Kaakha (Original Motion Picture Soundtrack);Uyirin Uyire;58;321426;7LuYc1yBvfvvLC1O7Ng4v4
kk;Aksar;Soniye;57;296720;5O4AGvOVFSs5ipu3iNOuoi
kk;3g (Original Motion Picture Soundtrack);Kaise Bataaoon;57;282546;69u6HoqhzzdUrWuYeDP6Go
kk;Kites;Zindagi Do Pal Ki;57;253200;3s6H6UW7yPu2rsF8CGki60
kk;Jism 2;Abhi Abhi;56;342668;1tKhy83q8OsdcpZaX9N4Z2
kk;Lofi Chill Mix;Sach Keh Raha Hai - LoFi Flip;56;235004;3ftVnkTGV4APsXEPiuB2sa
kk;Hum Dil De Chuke Sanam;Tadap Tadap;56;397773;6n6hEYHXBzWfdSzBX20ZRw
kk;Zara Sa (Lofi Flip);Zara Sa - Lofi Flip;56;211547;4uZnwiu2fnfTKWn8zt6XZx
kk;The Killer;Teri Yaadon Mein;56;287213;4ZVfIGaZP93t0stmBj4FqA
kk;Haunted;Tum Ho Mera Pyar;55;305500;2EN5aTDtX8852Ih3ss8Rih
naresh iyer;Sillunu Oru Kadhal (Original Motion Picture Soundtrack );Munbe Vaa;68;357006;65dvxc4Kctq3JIJ2BkKKMj
naresh iyer;Uthama Puthiran (Original Motion Picture Soundtrack);Kan Irandil;59;271000;668ZUFIUNRyIqOORiCfFY3
naresh iyer;Karthikeya;Inthalo Ennenni Vinthalo Male;57;260000;76eCC3r9jrVDsQnfAqQNH4
naresh iyer;Azagiya Tamilmagan (Soundtrack from the Motion Picture);Valayapatti;56;344360;7EICSvrfg1zzFp6iNUZ6Og
harris jayaraj;Vaaranam Aayiram (Original Motion Picture Soundtrack);Nenjukkul Peidhidum;66;369333;4vlMdXsRpAIXYggwbNHZSv
harris jayaraj;Vaaranam Aayiram (Original Motion Picture Soundtrack);Ava Enna;66;318493;1wIfq9Zul77qAtokyLTlXr
harris jayaraj;Vaaranam Aayiram (Original Motion Picture Soundtrack);Mundhinam;64;341386;1n5gnI3Wue9WBpYFOIQNh1
harris jayaraj;Aadhavan (Original Motion Picture Soundtrack);Vaarayo Vaarayo;64;316680;13wIQbwSuQ4YFvDvtQgSVc
harris jayaraj;Vaaranam Aayiram (Original Motion Picture Soundtrack);Annul Maelae;64;322506;2WO5nzB7QtKn9ZRc9Jkalt
harris jayaraj;Dhaam Dhoom (Original Motion Picture Soundtrack);Anbe En Anbe;63;304400;2PPYZHvvu02e1pSdE1FfvD
harris jayaraj;7 Aum Arivu (Original Motion Picture Soundtrack);Yamma Yamma;61;366506;1dmTEETgoWQVeNZb1g8dZc
harris jayaraj;Anegan (Original Motion Picture Soundtrack);Thodu Vaanam;61;315213;4HDzsx1dJKbuL0YkffBuBm
harris jayaraj;Surya S/o Krishnan (Original Motion Picture Soundtrack);Naaloney Pongaynu;61;372600;2bageubuN1HjNZwTNlyh0v
harris jayaraj;Vaaranam Aayiram (Original Motion Picture Soundtrack);Adiyae Kolluthey;60;315546;2YoPh281gD3xPnTkojVSr3
harris jayaraj;Engeyum Kadhal (Original Motion Picture Soundtrack);Engeyum Kaadhal;59;330200;1XscMS790b4g5GmCnnO8HX
harris jayaraj;Oru Manam (From "Dhruva Natchathiram");Oru Manam (From "Dhruva Natchathiram");59;340254;55mEN7iiqTNzWfYjF8QbQn
harris jayaraj;Vaaranam Aayiram (Original Motion Picture Soundtrack);Oh! Shanthi Shanthi;59;183533;06urexU7lv41RDdLnMzChi
harris jayaraj;Engeyum Kadhal (Original Motion Picture Soundtrack);Dhimu Dhimu;58;329840;6old0mA1IHi5lw2yLv3ri6
harris jayaraj;7 Aum Arivu (Original Motion Picture Soundtrack);Mun Andhi;58;374760;2DnfC8ghXPQgn1SKPCCL6S
harris jayaraj;Dhaam Dhoom (Original Motion Picture Soundtrack);Yaaro Manathile;58;303400;7al8tT3OvhGVVOj2ThN1GI
harris jayaraj;Maattrraan (Original Motion Picture Soundtrack);Yaaro Yaaro;57;335786;1lqdPJz24AiFWeo3arwPXR
harris jayaraj;Anegan (Original Motion Picture Soundtrack);Aathadi Aathadi;57;352426;3JXi13LlcYzagKRNokd3Zt
harris jayaraj;Vettaiyaadu Vilaiyaadu (Original Motion Picture Soundtrack);Paartha Mudhal;57;366040;5Sk7YFjXotGsPT2MavacgU
harris jayaraj;Yennai Arindhaal (Original Motion Picture Soundtrack);Idhayathai Yedho Ondru;57;235391;23bpCCVsTUKviTEfoy4tbM
harris jayaraj;Aadhavan (Original Motion Picture Soundtrack);Hasili Fisiliye;56;318266;6vztfVJ1lTWe23YMNv6Pk1
harris jayaraj;Engeyum Kadhal (Original Motion Picture Soundtrack);Thee Illai;55;327066;6dOmP7QmrdpsiEA8omsOEt
jyotica tangri;Fukrey Returns (Original Motion Picture Soundtrack);Ishq de Fanniyar - Female;63;177893;6ni6sP88opXUrgC14VeyCQ
jyotica tangri;Total Dhamaal;Mungda;57;196138;7nY0GX6LDCPc0aBMTEO1cR
abhijeet;Sensational Duets (Abhijeet & Alka Yagnik);Main Koi Aisa Geet Gaoon (From "Yes Boss");64;317000;4hLShJ4RCa2KhqVHD7MRDn
abhijeet;Sensational Duets (Abhijeet & Alka Yagnik);Waada Raha Sanam (From "Khiladi");60;367934;3SwkKcpCModXgfYCFn67CA
abhijeet;Main Hoon Na;Tumhe Jo Maine Dekha;60;341146;0pPGUL7171TRGgI6wyP8wP
abhijeet;Chalte Chalte;Tauba Tumhare Ishare;59;316360;6kzj1MWS5tFsoOZUz4c8Hc
abhijeet;Sensational Duets (Abhijeet & Alka Yagnik);Tum Dil Ki Dhadkan Mein (From "Dhadkan");59;351425;00KSN0qtGSeYX9qFClCEcg
abhijeet;Krishna (Original Motion Picture Soundtrack);Jhanjharia - Male Version;58;282866;7v6kXbTvpHbhq5LHruy0xV
c. sathya;Nedunchalai (Original Motion Picture Soundtrack);Thamirabarani;60;295772;2sTymDWDw0uwNU5jnrm4lB
harshdeep kaur;Bang Bang (Original Motion Picture Soundtrack);Uff;60;272112;27JK4mF2SMhoVyQo6SgeEA
kavita krishnamurthy;Kuch Kuch Hota Hai;Koi Mil Gaya;60;437693;5L9fLNHSj5SuGvJRljdWJb
todd rundgren;Something / Anything?;I Saw the Light - 2015 Remaster;65;180280;5uRkew0DtfAQmv0oEYNwFF
todd rundgren;The Very Best of Todd Rundgren;Hello It's Me;55;264093;2ckXnzyvgva2oE9FWjb405
dzeko & torres;L'amour toujours (feat. Delaney Jane) [Tiësto Edit];L'amour toujours (feat. Delaney Jane) - Tiësto Edit;60;162461;4UutBLYMby6whu2bMYh9Oa
the black ghosts;The Black Ghosts;Full Moon;60;231333;0uwNtbl80CvP4EFio32PYv
chehon;BEST;韻波句徒;60;291440;22x5EpcJkfE3SHBONJG6FS
grailz beni;Eugnot;Eugnot;60;107345;06SdkCkSKf66Uy0lbLYgL4
lauren weintraub;Not Like I’m In Love With You;Not Like I’m In Love With You;60;185715;3A9x6yHdlP1H5BY5Pz3l7P
phạm nguyên ngọc;Mặt Mộc;Mặt Mộc;60;214293;3dvkpe9FEekxxgaQtxOHQI
silence wang;万有引力;有点甜;60;235200;7ymdNx2cNrYVcue5vDvXmF
chris lanzon;Far From Perfect;Iris;60;172922;2hl92ACiOqUBNdnEZzO0NE
beautiful storms;Cartography Of Water;Cartography Of Water;60;167294;7fSBdUicxjuzxZDmAgxpdr
light garden;Your Soul Knows;Your Soul Knows (Theta Waves);60;120882;5P9warDXC0ATRYIrHXUTPO
eyla calmes;Vaikne;Vaikne;62;178228;2vu8kAPw2W0gVKrK68YR5P
eyla calmes;Heinamaa;Heinamaa;58;152200;7lpaVjDPjT72Afi7LqXBIx
scintillante;Sdraiata accanto a me;Sdraiata accanto a me;60;188000;4vF5CLuFgNo6o3Rt2FrNoA
sola vimi;Shimmer in the Morning;Shimmer in the Morning;60;126097;0oZcBTfv9wd9Oh2JBicCmz
lugnet före stormen;Norrbotten;Norrbotten;60;156000;5ardBAnHzOgVgwbC7lUeoj
maximilian sievert;Slow Down The Night;Slow Down the Night;60;220800;70EFtngIf7REQH2ZfkiVLB
dax wolf;Glauben;Glauben;60;196109;6A1rTs49C6c3KVyGoKG6el
doug blimpstein;Iterative Calm;Iterative Calm;60;219057;4Dn2R1NeJbrJq7qa8TUwZd
sami muni;Pharīthī;Pharīthī;60;128365;6FAg23nCoYoNOpV7QXc3nb
einingu;Bylgjur;Bylgjur;60;141061;1QcZEkKC9yLrt4EWIWVHWS
doris melwin;Dream Reality;Dream Reality;60;186781;1aRSdvKuD2ZAkkNxWX8WSK
counting tides;Long Distances;Long Distances;60;172374;4hLRBySljQhnEhNBNNdspx
wiser noise;Delta Sinus Noise Pad;Delta Sinus Noise Pad;60;124087;7sKPbqAPAP4llKXGEXqCaH
sydney woods;Deep Soul;Deep Soul;60;163909;3982hLjimRRPGIfInxlzyh
bedtijd;Dromen;Dromen;60;106254;7vIew2ZVzo2XVNXHxLHWkV
chopade;Inner Journey;Inner Journey;60;222522;4w3i820SHA0fOpqmtyAPFu
kevin hutchins;South of Lapland;South of Lapland;60;196000;4iyc69HBbLOpfOgwBjn1LS
zen atlas;Peace and Quiet;Peace and Quiet;60;210000;6fKAXHHXXu0IrgNbOASoFS
jorin williams;Perspective;Perspective;60;176635;3DlKVRc8O2XjaFV5vQ5j0S
sir martin walker;Panalipa Bisignatus;Panalipa Bisignatus;60;236000;6LjyIMfDZkn2uY2sLM6Hdk
old norse;Hall in Bonn;Runic Inscriptions on Parapets;60;192000;5Zlpz6ITS8QTfmFY9RUT4F
apech;Self-Reflection;Self-Reflection;60;170871;5zeo2UddrkVqbHg7dt3jYb
tryggve malmberg;I´ll See A Light;I´ll See A Light;60;148500;7EqeAfbTta51OCd9gz6buQ
baroque modernist;Pristina;Wood Siding Railway Station;60;192000;5ixnYv40UHrZQIuqNlOJl0
silver roses;Jibba;As Seen In Silver Halide;60;196000;4lanwDkWGgvJMgrdfomThw
tiziano magro;Stelle;Stelle;60;202000;2akxDSUjKxkwuRfuc6HFNH
nile kaufman;Dream Of Flight;Dream Of Flight;60;161905;6aXdJ9fD7KLRIQu3TN7LoE
joel adams;Please Don't Go;Please Don't Go;71;210580;3cNjgVBKTJ1SvKhunrCdVy
joel adams;Fake Friends;Fake Friends;49;174774;3OnCuJmMGAGCu59ixJnMFK
siloé;La Verdad;La Verdad;60;157964;5DrikCrFK2V1F7NtEBqSXO
sinsinati;Indios y Vaqueros;Indios y Vaqueros;60;184000;3u5GmyJP2MU3tEJgyiAG2T
el barrio;La Voz de Mi Silencio;Pa' Madrid;60;260185;3G0C3Z9H9CLejvrkWbGBb7
despistaos;Lo que hemos vivido;Física o química;60;191826;79eUc9cUUoUOO1b5znphiU
smith & thell;I Wanna Dance With Somebody (Who Loves Me);I Wanna Dance With Somebody - Who Loves Me;60;203538;0cgFnx6yIVv3RrqXlZTiGZ
fiction factory;Throw The Warped Wheel Out;(Feels Like) Heaven;60;213960;41Laec0pItedzpw2D8HWYp
maxx;To The Maxximum;Get A Way;60;226773;71Cid4UeolaHRzdbmMDAVb
dmx;The Definition Of X: Pick Of The Litter;X Gon' Give It To Ya;74;217586;1zzxoZVylsna2BQB65Ppcb
dmx;...And Then There Was X;Party Up;72;268866;0LWkaEyQRkF0XAms8Bg1fC
dmx;Grand Champ;Where The Hood At;71;286266;6RUpJeXT6U4SPEafnr9Wr7
dmx;It's Dark And Hell Is Hot;Ruff Ryders' Anthem;70;214440;1BKT2I9x4RGKaKqW4up34s
dmx;Grand Champ;X Gon' Give It To Ya - Int'l Bonus track;62;219733;66orjI5vOkyxOZLHWrPklh
dmx;Grand Champ;The Rain;57;207573;4UmHbauXS8YYIGlYvAsDRr
dmx;DMX: The Legacy;X Gon' Give It To Ya;55;217586;4O9ICXbrUTAVR5kkx6xANJ
dmx;Deadpool (Original Soundtrack Album);X Gon' Give It To Ya;44;217586;2eWLNSTA7RvUBmnTYVvR8s
dmx;Grand Champ;A 'Yo Kato;34;226733;6tJQoO8UuVeCce7YfOzOjG
elton john;Hold Me Closer;Hold Me Closer;89;202245;72yP0DUlWPyH8P7IoxskwN
elton john;Too Low For Zero;I'm Still Standing;84;183440;1jDJFeK9x3OZboIAHsY9k2
elton john;The Lockdown Sessions;Cold Heart - PNAU Remix;83;202735;6JIC3hbC28JZKZ8AlAqX8h
elton john;Honky Chateau;Rocket Man (I Think It's Going To Be A Long, Long Time);81;281613;3gdewACMIVMEWVbyb8O9sY
elton john;Elton John;Your Song;79;241786;38zsOOcu31XbbYj9BIPUF1
elton john;Madman Across The Water;Tiny Dancer;78;377093;2TVxnKdb3tqe1nhQWwwZCO
elton john;Rock Of The Westies;Don't Go Breaking My Heart;78;275440;7HW5WIw7ZgZORCzUxv5gW5
elton john;The Lockdown Sessions;Hold Me Closer;74;202245;5TJEBoTCDbJXiKMdCN9pd3
elton john;Sleeping With The Past (Remastered with bonus tracks);Sacrifice;74;304133;0e3yhVeNaTfKIWQRw9U9sY
elton john;Goodbye Yellow Brick Road (Remastered);Goodbye Yellow Brick Road - Remastered 2014;74;192826;4IRHwIZHzlHT1FQpRa5RdE
elton john;Goodbye Yellow Brick Road (Remastered);Bennie And The Jets - Remastered 2014;74;322548;5Wj1rJnCLpMHdLaxsFtJLs
elton john;Don't Shoot Me I'm Only The Piano Player;Crocodile Rock;73;235440;6WCeFNVAXUtNczb7lqLiZU
elton john;Too Low For Zero;I Guess That's Why They Call It The Blues;70;285333;23l1kVpqMVREiwU1YAlcr4
elton john;Hold Me Closer (Joel Corry Remix);Hold Me Closer - Joel Corry Remix;68;248594;5KbhvaeqKIB2bZcJMyfezl
elton john;Ice On Fire;Nikita;68;343240;3G0ENKW9vzV0SuYKaWFflI
elton john;Goodbye Yellow Brick Road (Remastered);Saturday Night’s Alright (For Fighting) - Remastered 2014;68;295466;12yHvSYFXI7PGzNecUvIDu
elton john;Don't Shoot Me I'm Only The Piano Player;Daniel;67;234666;1BvJmtaXsqtH438BcDPeBb
elton john;Goodbye Yellow Brick Road (Remastered);Candle In The Wind - Remastered 2014;66;228932;1L9fzw2pXprOqtemTwtxXF
elton john;Diamonds (Deluxe);Can You Feel The Love Tonight - Remastered;65;241893;5KlCWDbatUCBhvN7ZwyeEF
elton john;Cold Heart (PS1 Remix);Cold Heart - PS1 Remix;64;166674;5hw7bUv7NtrsepLROgIxLl
elton john;Cold Heart (Acoustic);Cold Heart - Acoustic;64;195373;0k6LV1ohcK2hlNPwu1nVw9
elton john;Diamonds (Deluxe);Are You Ready For Love? - Remastered;64;212440;3D15FZXmjfna7aFfKmEajd
elton john;The Lion King;Can You Feel the Love Tonight - End Title/ From "The Lion King"/Soundtrack Version;62;241013;0EANX0OVKSCcmarY50Xa4p
elton john;Blue Moves;Sorry Seems To Be The Hardest Word;62;228933;6XfxmT5QNCXvpZA6PKfWVL
elton john;Diamonds (Deluxe);Your Song - Remastered;62;243066;2bUXfclD8DwJwwUENtSCWu
elton john;Caribou;Don't Let The Sun Go Down On Me;62;336733;11FcfHd3SOmmrWJPGe7Y30
elton john;The Lion King: Special Edition Original Soundtrack (Swedish Version);Can You Feel the Love Tonight;60;241253;32RxZnEk5KyWUTZR4azxbD
elton john;Candle In The Wind 1997 / Something About ...;Candle In The Wind 1997;59;250106;3DUcaEvPO72PijivCjtZcU
elton john;The Lockdown Sessions;After All;58;208714;6cnF63Qm1qAJ0sHKvM5BOg
elton john;Candle In The Wind 1997 / Something About ...;Something About The Way You Look Tonight - Edit Version;58;240546;5LjSxAIKwyZvQqJ04ZQ0Da
elton john;Don't Shoot Me I'm Only The Piano Player;Skyline Pigeon - Piano Version;58;236200;5PezyvrAMMS1e2jZznCxxF
elton john;After All;After All;57;208714;38UDoZyudPWXLzXRAb71oP
elton john;Diamonds (Deluxe);Circle Of Life - Remastered;57;293268;1t055EdeL1r5DfORFy0UXX
elton john;Honky Chateau;I Think I'm Going To Kill Myself;57;215173;4q7tMaar2kUMweKu6N5bZz
elton john;The Lockdown Sessions;Finish Line;56;264846;6KU4IwlxqeODKgwKiSDOWB
elton john;Gnomeo and Juliet (Original Motion Picture Soundtrack);Hello Hello;55;224826;51jloR6rJcBkT1f8n3paRW
elton john;The Big Picture;Something About The Way You Look Tonight;55;308840;4l4mSq8IKgCMz0q9KFZ7tK
elton john;The Lion King;Circle of Life - From "The Lion King"/Soundtrack Version;55;291600;5vKkaZHPzuqQheytfKuXzp
elton john;Hold Me Closer (Joel Corry Remix);Hold Me Closer;52;202245;5jQXOC8ShgkFMahTEYPoQq
elton john;To Be Continued...;Your Song;52;240800;747fyAuUDG3feXRd6pILnx
elton john;The Lockdown Sessions;Always Love You;50;257237;3UYtQXfQt0INwMUHwju5M7
elton john;Love Songs;Candle In The Wind;46;228933;2nqVa3s6vyN10I8mjb4KwI
elton john;Songs From The West Coast (Expanded Edition);Original Sin;42;289426;5bCzEzg4PSJ3jNcNojmdGm
elton john;El Rey León (Banda Sonora Original en Español);Never Too Late;34;249213;5mThnGZIhQleSySO6QsM7f
elton john;Hold Me Closer (Purple Disco Machine Remix);Hold Me Closer;0;202245;58NJ1O96HRS2oFPu4fpW3U
elton john;Hold Me Closer (Purple Disco Machine Remix);Hold Me Closer - Purple Disco Machine Extended Mix;0;354920;3zbKrkqZyv2TnL8kwv9UjO
elton john;Hold Me Closer (Purple Disco Machine Remix);Hold Me Closer - Purple Disco Machine Remix;0;218853;4uNG9ER2pDOayDd1Wq8Cjq
benny dayal;Race 2 (Original Motion Picture Soundtrack);Lat Lag Gayee;65;280369;5XsoDbDt98b0FkFLOhsJuS
benny dayal;Bang Bang (Original Motion Picture Soundtrack);Bang Bang;61;320000;7DonyrUlcVcrtk28mqvWNL
benny dayal;Ghajini;Kaise Mujhe;60;343741;53DXM0bHfB7xkqJZYlksuh
benny dayal;Cocktail (Original Motion Picture Soundtrack);Daaru Desi;59;269200;5pAo2q7eVt65OSkwYgqhHl
benny dayal;Chura Ke Dil Mera (From "Hungama 2");Chura Ke Dil Mera - From "Hungama 2";59;285773;7d5ufSYehroRIgCXxJvcTM
benny dayal;Main Tera Hero;Besharmi Ki Height;58;289353;1qtl3vB0uqciZ94g3S6TO7
benny dayal;Kannum Kannum Kollaiyadithaal;Sirikkalam Parakkalam;57;196025;5MbszOoRyTOwOIJEOIZn6v
natos y waor;Cicatrices;Cicatrices;66;176374;2zQvtkghOHiBG48Bj0oFR9
natos y waor;Hijos de la ruina, vol. 3;Sudores fríos;63;275878;4OuiDQdjh3I7aswGHyT0rC
natos y waor;Luna llena;Quiero volar;62;216062;0TlVTrOwRNH8YGvBDHqPCo
natos y waor;Luna llena;Platos rotos;62;222391;6XX87ga7zsm14jRTzspgnM
natos y waor;Luna llena;Rumba;62;99000;5AiGpfWDQCb0DdVfMkA9W9
natos y waor;Luna llena;Septiembre;61;219166;2vitZ5fxaFmnYmzrzWooaV
natos y waor;Luna llena;Dame calor;60;179528;62d7z0IxvALeYUTOvUlCiw
natos y waor;Luna llena;Hasta que salga el sol;59;247000;6xRglH0lCDxiHEjbDRxT3v
natos y waor;Luna llena;Noches sin dormir;58;171692;1x34p6CYQhzRqOFi0Fenbx
natos y waor;Luna llena;Tomo demasiado;58;196250;1W7iM6ybZtkwM5HKb3pmYa
natos y waor;Luna llena;Cura de humildad;57;218000;7D4qFlSEN6ivtmDQvERRGK
natos y waor;Luna llena;Los 90;57;226124;6x15KrIZn8qZMAByvhPAZU
natos y waor;Luna llena;Tenías razón;57;239333;3W1dxWCHlta0HM47KC6eib
natos y waor;Luna llena;Rebeldes sin causa;56;203583;7aQGOBOigJm9CDQPQ6kDpV
rigoberta bandini;Ay Mamá;Ay Mamá;65;181120;0khVEzctbwmqLvOpg1ecbg
rigoberta bandini;Así Bailaba;Así Bailaba;61;209573;1hf8CDYdkkcQhthrRL8iy7
rigoberta bandini;La Emperatriz;Canciones de Amor a Ti;61;198946;3y8LURp2yO9vxB9Mrrsptd
rigoberta bandini;A ver qué pasa - Estrella Damm 2021;A ver qué pasa - Estrella Damm 2021;59;232350;2F76kzOWgd3n6GwoKpRSTX
rigoberta bandini;La Emperatriz;La Emperatriz;58;248053;1z9c3wLAmRR4eEuae1A7Wh
rigoberta bandini;La Emperatriz;Así Bailaba;55;209573;61EzFxAX2KM66vmcc2CO1k
mike perry;The Ocean (feat. Shy Martin);The Ocean (feat. Shy Martin);72;183414;2CPqh63wRVscbceKcPxwvv
mike perry;By Your Side;By Your Side;66;155121;3ZCLZ1tQf9Pcl2UO8s6JnN
mike perry;I Can't Love;I Can't Love;64;147750;2IZa3hPjcc8fFzWNsHvzoM
mike perry;Stay Young;Stay Young;62;157004;5Zhm8qMnDwXR3soSSurN8T
mike perry;Told You So;Told You So;62;146355;1WMCwGfNf4ndXbsvHPVqlh
mike perry;Save Me Now;Save Me Now;62;196080;1gT4R71PKKWcd7kSqAmNWC
mike perry;One Life;One Life;61;204591;32UWWCkjGBumY1QclHhTH3
mike perry;If I Ruled The World;If I Ruled The World;61;171925;4OcwgcBMJmL8hHJ7wUGk09
mike perry;Changes;Changes;60;142019;5FQEeo3o0tPNxrsQPcmwlX
mike perry;Looking At U;Looking At U;59;167688;2peP7jTVEwUbzIPn7rDcHg
mike perry;Talk About It;Talk About It;58;164536;68CwDQwKXMYLBLWI8ZfRMG
mike perry;Anyone;Anyone;58;185900;4kz68zBBsAOtRnUbAjVsKr
mike perry;Hands;Hands;56;166909;7ydN6k1pLu6GRJsJpFXnYu
mike perry;Body to Body;Body to Body;54;178634;7aU3KGK8rcyRgaHkxLLLFJ
mike perry;Lighthouse;Lighthouse;53;167662;4BPm0wylvoPfC7fGO0inhQ
mike perry;Inside the Lines;Inside the Lines;49;204503;5GzExVEv1JDsYyPFjMdXsA
lisa;LALISA;MONEY;78;168227;45OX2jjEw1l7lOFJfDP9fv
lisa;LEO-NiNE;紅蓮華;74;237586;0qMip0B2D4ePEjBJvAtYre
lisa;LALISA;LALISA;73;200689;2KZ3sNqPogEyMUUH6A5HFy
lisa;LANDSPACE;crossing field;69;248946;4BvuZVf9KyBN3QiPfeI9hw
lisa;炎;炎;67;275000;0cSkn2l67csUljEy0EEBPn
lisa;赤い罠(who loves it?) / ADAMAS;ADAMAS;63;225000;6RpBs7BsS9oiHKtzJXsMOS
lisa;明け星;明け星;61;269000;3J34JtfZNylVXSKN4TDf12
lisa;再会 (produced by Ayase);再会 (produced by Ayase);61;242166;52IsIvHidofM9JMjw78Jyz
lisa;紅蓮華;紅蓮華 -TV ver.-;60;89946;5Xs2wcsqZwZ6bfLSpAs08G
lisa;LEO-NiNE;unlasting;59;296813;3SlQVRQAgsc6ac6UBM9dIk
lisa;往け;往け;59;228266;4cDm9C5jhBiIyYxVhQmMwB
lisa;LiTTLE DEViL PARADE;Catch the Moment;58;282626;6vRkYTrWDzzVrZTqBJFR0u
lisa;Launcher;Rising Hope;57;251213;7LqQO6uWQHDEue1ejeUVhF
lisa;紅蓮華;紅蓮華;56;238586;0nUKU6e9COOCgO5tAUtlST
lisa;だってアタシのヒーロー。;だってアタシのヒーロー。;55;234093;45UI1yzA7vjkWHoAUZ8nGp
lisa;LOVER"S"MiLE;oath sign;55;250800;4WRoLfCYJ4sLMhXgQJnI2N
lisa;NEW ME;NEW ME;53;261238;0essQdYYWaolOQq1MfVZ2o
lisa;炎;炎;51;274412;08c9t8xZCZt7lVVTNeXpzn
lisa;白銀;白銀;51;264666;0f5hcKLCRgpdVV424X4XDQ
lisa;明け星 / 白銀;明け星;50;269000;60iYkEAcSpAFcsjRrgTlrc
lisa;明け星 / 白銀;白銀;46;264666;2N1pcj1jkiRtDjpMwo0k4H
tulsi kumar;Tere Naal;Tere Naal;62;198344;2Vw94w6FxCyaYwyCivi9Py
tulsi kumar;Aashiqui 2;Piya Aaye Na;61;286120;1ELMyeJLDHUz3cK3XTWgEi
tulsi kumar;Aashiqui 2;Hum Mar Jayenge;60;306511;55eUtE9v3uatR0y0NijM6N
tulsi kumar;Is Qadar;Is Qadar;60;226313;3Rvdqwgbr3rryZkNRrItt3
tulsi kumar;Killer Haseena;Killer Haseena;56;160380;605FZvNjey90GecOzwChB9
lofi.samurai;oldies;love;66;81037;7cZlFUJO4BjedIErzdP6iq
lofi.samurai;oldies;let me hold you;65;85979;2ThuiiI0d0TybcQDYDSgpS
lofi.samurai;dearest;dearest;56;96160;5soQtEhISBDfXVngnGUAbF
lofi.samurai;oldies;water;52;60750;7nGBzBEsoaQXyc37FL1lNs
amrit maan;Hanji Hanji;Hanji Hanji;63;214459;1SFwLNaHkV8WhW3ud1GBIJ
amrit maan;Bambiha Bole (feat. Sidhu Moose Wala);Bambiha Bole;62;301348;4VUpM5CFGeaeWY7akhQwQB
amrit maan;All Bamb;Sira E Hou;57;200769;2GDWnzRp5wsBXMBtR25dzv
amrit maan;Allah Maaf Kre;Allah Maaf Kre;57;210000;21bFBk0oi19JQzHJoifZSn
keala settle;The Greatest Showman (Original Motion Picture Soundtrack);This Is Me;74;234706;45aBsnKRWUzhwbcqOJLwfe
keala settle;This Is Me;This Is Me;66;234706;2xGjteMU3E1tkEPVFBO08U
keala settle;This Is Me (Dave Audé Remix; from "The Greatest Showman");This Is Me - Dave Audé Remix; from "The Greatest Showman";51;216204;1NNhZKNrg8WVmU6Ok8TDtO
keala settle;This Is Me (Alan Walker Relift; from "The Greatest Showman");This Is Me - Alan Walker Relift; from "The Greatest Showman";48;215758;1QBoJK6GLAYMlNblm5gFBP
zevia;we're all sad here;life, i'm over you;64;203470;4tI1u9uQXYLnswRzcysxDo
zevia;if depression gets the best of me;if depression gets the best of me;59;180000;1UHATOi2uLeTk3UHKBwR30
zevia;we're all sad here;if depression gets the best of me;59;180000;2ha6TmK7Q3mejlvZNQuEBu
zevia;we're all sad here;till death frees me;57;166312;3ArvrXVP9QRUmKWRqzNYjO
tom rosenthal;Z-Sides;Lights Are On;81;193749;4IhTXiZLKATmwhMZIb1GQN
tom rosenthal;The Pleasant Trees;It's Ok;70;191352;2Iyfw8YfKruAagJwGc4G07
tom rosenthal;The Pleasant Trees;Go Solo;69;142280;18ywhG9EvuMMUIdUWxEqp7
tom rosenthal;Z-Sides;Hugging You - Acoustic;59;233557;7io1erAh1tMxG5VMBC8rVw
tom rosenthal;B-Sides;It's Ok - Acoustic;58;191351;6125RUljDZ9MKwAICmzttp
tom rosenthal;Bolu;To You Alone;57;163731;0w0AsLfLOiKijA7mKGGvse
tom rosenthal;Call You in the Morning;Call You in the Morning;56;132309;6pmtIWAw69AvKnajOPGVtz
tom rosenthal;Z-Sides;Have We Met Before?;55;159040;13CgWZWZ0duVzOrGZTcnKq
tom rosenthal;Z-Sides;How Have You Been?;54;168388;0XtrwWT9Klqd5r63ypBgAz
tom rosenthal;Hugging You;Hugging You;49;171586;0RvpJCmZVp9g3Ue2MbsoKp
tom rosenthal;The Pleasant Trees (Volume 2);Middle Of My Mind;49;164721;5RSQUFoAIg75ZQKP5zyT8i
bad omens;THE DEATH OF PEACE OF MIND;Just Pretend;71;204676;3zb8S65LhiPPPH4vov8yV2
bad omens;THE DEATH OF PEACE OF MIND;Like A Villain;67;210685;40P5d3p4icYCiN4SMUOE2E
bad omens;THE DEATH OF PEACE OF MIND;THE DEATH OF PEACE OF MIND;66;241499;44Gv80wmwzVpHGhlXttYLs
bad omens;THE DEATH OF PEACE OF MIND;Nowhere To Go;63;246774;0ds5MDAFjVNd5E2HDKLjAb
bad omens;Bad Omens;The Worst In Me;62;229209;2HsYjR4rBa38aePVMWL3zb
bad omens;THE DEATH OF PEACE OF MIND;CONCRETE JUNGLE;61;220495;69P1IEJ9OHNBQtTQf9YRrM
bad omens;Finding God Before God Finds Me (Deluxe);Limits;61;207854;6yyNJbdf5ysREkntoCqPTz
bad omens;THE DEATH OF PEACE OF MIND;ARTIFICIAL SUICIDE;60;195000;7v9ZePEkbz8CkpaPZPbof1
bad omens;Finding God Before God Finds Me;Dethrone;60;209134;5HXWIpc8zLACuoaR5gMaip
bad omens;THE DEATH OF PEACE OF MIND;The Grey;59;246336;6bgSE8is2v4HewzJ6xYI4A
bad omens;THE DEATH OF PEACE OF MIND;THE DEATH OF PEACE OF MIND;57;241499;070TMc1fjJGBGxxmf1DIbD
bad omens;Finding God Before God Finds Me (Deluxe);Never Know;57;213851;60ns0VdKqXDHiQ9wAgE73e
bad omens;THE DEATH OF PEACE OF MIND;Take Me First;57;199685;3rNzTOKfz7jZ86io1m9W5V
bad omens;THE DEATH OF PEACE OF MIND;bad decisions;56;261346;496Lo05285W4Ut6PaW9y2t
bad omens;Like A Villain;Like A Villain;55;210685;2yAfzkn1JFekLsqVDDualq
bad omens;Bad Omens;Glass Houses;55;240898;3VYxHOaZ8ed1enSdu9lY5J
bad omens;Finding God Before God Finds Me;Careful What You Wish For;54;272800;5h8lsxmbPSzGPLS4cVfdiu
bad omens;THE DEATH OF PEACE OF MIND;Miracle;54;225000;2bpakKOLnMhDHjrwvxu8WW
the raconteurs;Broken Boy Soldiers;Steady, As She Goes;70;215266;4xlEKYv7HmC8zXoJIbpZKM
the raconteurs;Consolers of the Lonely;Salute Your Solution;60;179973;4I3573QbRpER4HPzyFSFJa
the raconteurs;Broken Boy Soldiers;Blue Veins;49;232493;2IrV3JHCqmkNQfc1QM4zfd
larissa lambert;Weak;Weak;67;159375;3UnfOb5hmnf4KF7NIgAj9a
larissa lambert;My All;My All;64;151116;35CoDqsVF0P2w8Lgir7wrs
larissa lambert;Pearl;Pearl;48;192142;4DsRgTgw9ywVRrYCCpraTv
lullaboy;Shortcut To Heaven;Shortcut To Heaven;63;184343;0zL5fdl4CvAAYUG3dJVMqS
lullaboy;someone like u;someone like u;59;232000;6BeODAFUXgrscucnq8xDAs
lullaboy;chapters of you;someone like u;57;232000;6VMuD05WDxorQZJr5e9sDI
stone sour;Come What(ever) May [10th Anniversary Edition];Through Glass;71;282946;5NeIONQWJ25uPylJBJiO4c
stone sour;House of Gold & Bones, Part 1;Absolute Zero;66;229840;14EORgkbXqIx5K4Haucmnb
stone sour;Hydrograd;Song #3;61;256533;5jsDxDkJ1PqyYUWhDMr86B
stone sour;House of Gold & Bones, Part 1;Tired;56;251840;1q9ru9Wx2Q9Ez8irkGcyFa
stone sour;House of Gold & Bones, Part 1;Taciturn;54;325626;0pVL6gE6ebXHExO9IzrJDQ
stone sour;Audio Secrecy (Special Edition);Hesitate;50;256346;0vgpbEfkcUF09VNkcrQRWi
cinderella;Night Songs;Nobody's Fool;63;287400;01Q4wU19hamqnhNjtuvTyI
cinderella;Long Cold Winter;Don't Know What You Got (Till It's Gone);62;354640;5QRs63VVKNaqUjg6XSSckM
cinderella;Heartbreak Station;Heartbreak Station;54;268840;71cWHhV018hztNkCC45Ayo
himesh reshammiya;Khiladi 786;Hookah Bar;67;254351;4AoQVhME8Ko6LNm4lV2wwQ
himesh reshammiya;Sanam Teri Kasam (Original Motion Picture Soundtrack);Bewajah;62;308000;5GJ3WaxTSlxDY3csctX20H
himesh reshammiya;Aksar;Jhalak Dikhla Ja;59;317560;43SKg10CCeaoyr7XSKfpTR
himesh reshammiya;Aashiq Banaya Aapne;Aap Ki Kashish;58;333653;35Rrbt58ADLxyo1lu7xhZu
himesh reshammiya;Aashiq Banaya Aapne;Aashiq Banaya Aapne;56;363560;61mkuGe4SjLAZ5wg49NWQY
himesh reshammiya;Aap Ki Khatir (Original Motion Picture Soundtrack);Aap Ki Khatir;56;296840;35BIhZtcbYdYtVJz7tVbrG
vũ.;Một Vạn Năm;Anh Nhớ Ra (feat. TRANG);61;276500;7eDrdQ7PK9Xm1CZCKWsgmH
vũ.;Một Vạn Năm;Cô Ta;60;214500;2LhaQUFez282XCuTDSTDcV
vũ.;Lạ Lùng;Lạ Lùng;58;261616;5Bti0azlFhMattVY76qFr9
leslie odom jr.;Hamilton (Original Broadway Cast Recording);Alexander Hamilton;70;236737;4TTV7EcfroSLWzXRY6gLv6
leslie odom jr.;Hamilton (Original Broadway Cast Recording);Wait for It;69;193749;7EqpEBPOohgk7NnKvBGFWo
leslie odom jr.;Hamilton (Original Broadway Cast Recording);Non-Stop;67;385438;7qfoq1JFKBUEIvhqOHzuqX
leslie odom jr.;Hamilton (Original Broadway Cast Recording);Guns and Ships;67;127578;7m9XR7FquXLP1FewdAcNS9
leslie odom jr.;Hamilton (Original Broadway Cast Recording);The Room Where It Happens;66;318214;2TK2KSrzXD6W01qjXVjNGh
leslie odom jr.;Hamilton (Original Broadway Cast Recording);Dear Theodosia;65;184004;2sEq2rC3ynYsT49x7utWnd
leslie odom jr.;Hamilton (Original Broadway Cast Recording);Your Obedient Servant;61;150063;6SHI6STEW51cQkAXBRpLNj
leslie odom jr.;Hamilton (Original Broadway Cast Recording);The World Was Wide Enough;60;302191;0P09TBGSKiQwfUsEh1UafT
leslie odom jr.;Cold (feat. Sia);Cold (feat. Sia);11;199643;2tPV1ugvahSEnK9W7tM5pK
maribou state;Portraits;Midas;68;218357;6VNooTY5w9A9wg1YUsEbKB
maribou state;Tongue EP;Tongue;64;304825;78iVPIyFgGjQ0g0TmDWYtQ
maribou state;Portraits;Steal;64;219945;0pAiyIHt9DyHOjWgF41kp6
maribou state;Kingdoms In Colour;Vale;63;247622;58FsmlVRQxpjFmXF8vSKMT
maribou state;Kingdoms In Colour;Nervous Tics (feat. Holly Walker);63;254020;2oJ8Il24SIiDCJv39RYzPp
maribou state;Portraits Outtakes;Manila;59;192533;6V2QgOIMT94HhsfeIVbbZm
maribou state;Spotify Singles;Spooky - Recorded at RAK Studios, London;59;221665;2y0odeTeYsxWvYQ5rYANu0
maribou state;Kingdoms In Colour;Feel Good (feat. Khruangbin);58;267200;3PURbsY67tLMyausOABtit
maribou state;Kingdoms In Colour;Beginner's Luck;58;268027;6adjXENHRzh4uyVziFlVGm
maribou state;Portraits;Home;57;195861;07fB2SZNaI4otc0eqMhJWN
maribou state;Portraits;The Clown;57;247861;0aOT5OQeNPyZzGwwudbaYs
maribou state;Kingdoms In Colour;Glasshouses;56;225910;7isVqPzG3R5ni6IM4YG0sv
maribou state;Anjunadeep In Amsterdam 2015;Wallflower - Lane 8 Remix;48;377634;5oKRyAx215xIycigG6NNwt
zaq;Dance In The Game;Dance In The Game;65;208626;5deMG1Ko0ycpPVYPwW0yi8
zaq;Z-ONE;カーストルーム;54;265306;4qo5N3dKIxKsqrplJFxq7c
conor matthews;Balloons;Older;63;200823;0BCUve4b3KySD9Sk8CMZ2i
conor matthews;Forever Right Now;Forever Right Now;56;141828;3O4DdB07AoPwvy1fsIToiT
gsoul;Hate Everything;Hate Everything;63;205773;52UDFFwUueOBfJ2vB5BqRr
gsoul;Natural;Natural;56;144960;0ACt3PP22HyKfpFIV6AQUW
iyla;OTHER WAYS TO VENT;Strings;64;175807;6rj48XPo5Gk9T7kXFYY93y
iyla;Sad Bitch Bad Bitch;Sad Bitch Bad Bitch;55;174005;6uTFRlLA96Anvye2KffDqy
beauz;Outerspace;Outerspace;63;174084;2ChOMSamIbDfZ4lA9yAiRA
beauz;Keep On Dancing;Keep On Dancing;60;148941;3p1DrvZRj9NTondCwlxbut
beauz;GENESIS;Little Do You Know;58;167428;5oByBWOcsIYOxitDER7JRn
beauz;Crazy;Crazy;57;188235;5nihLVpUd4birzwDlSp1Ph
clarx;Numb The Pain;Numb The Pain;64;153088;4vAze2mrHQgy44qRuz1rCm
clarx;Castle;Castle;55;158181;7tUToegtVh5dodpcqaYrHo
dwin;Tokyo;Tokyo;63;132890;4obMuJXFa9APNiFtlQHFBh
dwin;Lalalalala (Gaullin Remix);Lalalalala - Gaullin Remix;56;185240;4eUU0Lc2Lt9QgjtEcGIzXR
jon bon jovi;Blaze Of Glory;Blaze Of Glory - From "Young Guns II" Soundtrack;68;335240;1sUTfgduT0WIQO8kXKXxLC
jon bon jovi;Blaze Of Glory;Miracle;58;319426;6FJ9Xp3fCxSTAdcRVaDQdl
jon bon jovi;Blaze Of Glory;Santa Fe;56;341666;1wmaAfrbe1JLiyt7SpZeQU
jon bon jovi;Cross Road;Blaze Of Glory;56;340000;0XwjdpwvEwukcg3XU4Ibzt
akull;Holi Party With Akull;Laal Bindi;62;202963;1a9fgoiGXoWmaFm60n1YeK
akull;Laal Bindi;Laal Bindi;57;202963;3gOlVEwSmsrqKt590wbWt3
young stunners;Gumaan;Gumaan;61;260173;6cdiviyVL3tFYE1eDcmUzL
young stunners;Afsanay;Afsanay;58;343118;05sqcYfU2wMlKwPVJ0rotq
masayuki suzuki;ALL TIME ROCK 'N' ROLL;DADDY ! DADDY ! DO !;65;254640;4xeWELPxBZKhhCrUr84jmp
masayuki suzuki;GIRI GIRI;GIRI GIRI;61;258765;5RtsmtLsEnwa96TEf56tJQ
masayuki suzuki;ラブ・ドラマティック;ラブ・ドラマティック;57;263613;7AhMVnj6N89jmuCKNyr0AZ
masayuki suzuki;Funky Flag;ラブ・ドラマティック (Funky Flag Version);55;262946;05zDB03E1WxCLyraJJ2I2r
sharon van etten;Are We There;Every Time the Sun Comes Up;60;262520;61qxP4Vs5DVX0Ic4GnBklu
sharon van etten;Remind Me Tomorrow;Seventeen;59;265920;5jZoYp0P8ML7AxkS3tQz3j
xaverius love;Arán;Arán;60;157750;4sej0O7NBjgr31sPkjKyrf
xaverius love;Santolea;Santolea;59;151250;6X4fTprmm1elJ6LPGXJEsP
rick gallagher project;Pardon;Pardon;61;150127;2Gv0GXMGtNEcMYjDNVpSRu
rick gallagher project;Goodwill;Goodwill;58;206868;1BfkOTr6W7SyXsfappHLHy
taichi chishaki;Nocturnes op.3;Nocturnes op.3;60;154714;2n4tgkKIrN1DPOUamOFnrO
taichi chishaki;Nocturnes op.4;Nocturnes op.4;59;171071;6JVzX8BxLiG4WN3xkJZ3Xu
kishore kumar;Ajanabee;Ek Ajnabee Haseena Se;62;266145;1mPNK9DQVA7gJNtJ20PZu3
kishore kumar;Audiobiography - Kishore Kumar;Saagar Jaisi Aankhonwali - Saagar / Soundtrack Version;62;302146;4NGKImXyLb9jpCzU5kTexb
kishore kumar;Kati Patang;Yeh Sham Mastani;61;276855;6UeEm5XPsleVD85kNHCu1n
kishore kumar;Aradhana;Roop Tera Mastana;59;225213;1AlatlIkROgLvG6pgBBnAz
kishore kumar;Audiobiography - Kishore Kumar;Pal Pal Dil Ke Paas - Blackmail / Soundtrack Version;59;328160;6sF70gMVf9jg8QEogyVqBl
kishore kumar;Legends - Kishore - The Prodigy Vol 3;Kishore Kumar Speaks And O Mere Dil Ke Chain Film - Mere Jeevan Saathi;59;274038;4ZZSDzZtFbLb9pKfQR03PP
kishore kumar;Audiobiography - Kishore Kumar;Dilbar Mere - Satte Pe Satta / Soundtrack Version;57;288480;03GR8YoEsu0qPUGC13X8C1
kishore kumar;Andaz;Zindagi Ek Safar Hai Suhana - Kishore Kumar;57;260400;6pFkZQ3o224K3dAR16oWAj
pankaj udhas;Mohra (With Jhankar Beats) [Original Motion Picture Soundtrack];Na Kajare Ki Dhar, Pt. 1 (With Jhankar Beats);62;76040;646WEyOUsCWtVvI8BIMbeI
pankaj udhas;Bollywood & Ghazal Collection of Pankaj Udhas;Dil Jab Se Toot Gaya (From "Salaami");59;323186;3ErnIFp1vB1OrlxQGtfQca
pankaj udhas;Bollywood & Ghazal Collection of Pankaj Udhas;Chhupana Bhi Nahin Aata (From "Baazigar");59;322066;2oAy8P7WfjbZW0cWw6RnAG
pankaj udhas;Saajan (Original Motion Picture Soundtrack);Jeeye to Jeeye Kaise;58;209960;0rvNTSDuANSUSsKjeMvC2p
shekhar ravjiani;Love Mashup;Love Mashup;60;240017;7Hm5FQw1NQtfnTI7JUExaP
shekhar ravjiani;Anjaana Anjaani;Tumse Hi Tumse;59;261559;6qNyL8lZuqFmy9ginJRQOZ
sandesh shandilya;Kabhi Khushi Kabhie Gham (Original Motion Picture Soundtrack);Suraj Hua Maddham;60;427546;0mWtcNIAL9jITVHl3F2SQF
sandesh shandilya;Kabhi Khushi Kabhie Gham (Original Motion Picture Soundtrack);You Are My Soniya;59;343613;6SDH3mp9sQCNJDfDDpQTTo
livingston;Lighthouse;Fairytale;62;169200;4eDtZP99H6xfasP4Tku9Ee
livingston;Message in a Bottle;Message in a Bottle;57;174683;20umbRtGLy493kML1VedCq
jessica keenan wynn;Heathers: The Musical (World Premiere Cast Recording);Candy Store;67;172826;13Soih2NRLeDx8Unbr22mx
jessica keenan wynn;Heathers: The Musical (World Premiere Cast Recording);The Me Inside of Me;52;315946;4KgQ3D90ZBCUkzH1F0CNsX
maximillian;Still Alive (Deluxe Edition);Beautiful Scars;70;194757;1Hu42ZLWG9dHaVOPiWyEmE
maximillian;Ripples;On My Mind;61;174213;5NjfO70bhIyNOOFBcXb6ql
maximillian;Ripples;Ripples;59;195404;7LYGpt7ckc34CFWcsxwnJl
maximillian;Still Alive (Deluxe Edition);Beautiful Scars - Acoustic / Bonus Track;59;158069;0Ocfpe2DnofuAd0nh80xwj
maximillian;Still Alive (Deluxe Edition);Ripples;56;195404;41EwTNHRnFdK7XUI4qinEQ
maximillian;Too Young;Love Like This;52;167289;1HccLEGjiNWc4yT5AFC3Yc
elise ryen;Kritagya;Kritagya;60;168250;7map9ciIR1obUQ4dOKo9IY
elise ryen;Ulayaw;Ulayaw;59;188000;6mk4Fk0a1ZEQZTBBQBccIm
black atlass;Fifty Shades Freed (Original Motion Picture Soundtrack);Sacrifice (feat. Jessie Reyez);65;209360;4LbfLqheRZesqH794Avpd9
black atlass;Dream Awake;Night After Night;54;183056;3FndTkMFKJuxYYl90ab1cF
india martinez;SI ELLA SUPIERA;SI ELLA SUPIERA;69;233633;2GXCmc3A6ahTNnBsrkrRuh
india martinez;Convénceme;Convénceme;61;208567;12oFSoib1tf0r2rd1Fgsfe
india martinez;No Me Basta;No Me Basta;58;162431;4OF2droYNgQ3KnFvjnSYpj
india martinez;A TI MUJER;A TI MUJER;50;196496;4okSYpo5JBuP7RziFHQQ7E
zara larsson;So Good;Lush Life;78;201122;1rIKgCH4H52lrvDcz50hS8
zara larsson;So Good;Never Forget You;74;213427;6hmhG1b4LEyNuashVvuIAo
zara larsson;So Good;Ain't My Fault;69;224030;0ADG9OgdVTL7fgREP75BrZ
zara larsson;Ruin My Life;Ruin My Life;67;190931;5tAa8Uaqr4VvA3693mbIhU
zara larsson;Lay All Your Love On Me - Spotify Singles;Lay All Your Love On Me - Spotify Singles;67;161125;2vaxUyVWNoA2L272YHEy70
zara larsson;WOW (feat. Sabrina Carpenter) [Remix];WOW (feat. Sabrina Carpenter) - Remix;66;179652;5WokFKscrfGEGGLPTu3jgO
zara larsson;So Good;I Can't Fall in Love Without You;66;180640;4VPXFi4vFTtS9wHe6oMQaT
zara larsson;Poster Girl;Ruin My Life;65;190050;4nyY8oVjbX2d4qzlpiVM5n
zara larsson;Uncover;Uncover;65;213543;3DQisSEr1TLp9H0BEeKiQS
zara larsson;WOW;WOW;60;179675;3O8b0dDy1Z8BNM81U8DE1j
zara larsson;All the Time;All the Time;59;228111;3OTSBoYKO7HzGVj8Bu2OH9
zara larsson;Ain't My Fault (R3hab Remix);Ain't My Fault - R3hab Remix;59;158772;3YPlsrk0Voe8AOa1jyN891
zara larsson;So Good;I Would Like;58;226720;4Q4jmPHwu0wrJvqrld0FQ6
zara larsson;Love Me Land;Love Me Land;56;159810;3J6bLodhUHgNyzEZLgcieN
zara larsson;Don't Worry Bout Me;Don't Worry Bout Me;55;208811;507tQXutCPYNFkpOq8tmKF
zara larsson;Ruin My Life (Remixes);Ruin My Life - Steve James Remix;55;177096;0Fc9QSMX6fgEBgDjUax7t7
zara larsson;Poster Girl;WOW;54;179091;7Hl6ugkpaxbkseHzSnqlxB
zara larsson;Poster Girl;Love Me Land;54;160316;5knSvwiFenQOkDoriHi2Rg
zara larsson;All the Time (Don Diablo Remix);All the Time - Don Diablo Remix;54;176616;1z1Hg7Vb0AhHDiEmnDE79l
zara larsson;Look What You've Done;Look What You've Done;53;181354;2Y9oTMNY5CPT4m9l6CgbgM
zara larsson;Invisible (from the Netflix Film Klaus);Invisible - from the Netflix Film Klaus;52;173975;62z2Su8BBGvR50aOvdjPzW
zara larsson;Lush Life (Retro Version);Lush Life - Retro Version;52;193853;4O5ygqTjiXLWo9HASGsk8E
zara larsson;So Good;So Good (feat. Ty Dolla $ign);51;166706;54LGxQGf5LPXNGjtzDZ5IE
zara larsson;Talk About Love (feat. Young Thug);Talk About Love (feat. Young Thug);50;199466;1qA9TnEJ2sUub9QkN9K3Mv
zara larsson;WOW (Imanbek Remix);WOW - Imanbek Remix;48;187428;07dzaQfXNcQPVm149RGlMg
ben howard;Every Kingdom;Only Love;71;249173;2uhEKg8kIzpdvz4gyy6x8W
ben howard;Every Kingdom;Old Pine;68;328506;3CAX47TnPqTujLIQTw8nwI
ben howard;Every Kingdom;Keep Your Head Up;67;264546;5fpEDGQX0Ah3utGnFYulQZ
ben howard;Every Kingdom;Promise;64;384080;4qyfir5Yr7nfo05g6cyFMT
ben howard;I Forget Where We Were;I Forget Where We Were;60;281213;7gYwIAHB6VxzLJFSZMMv8i
ben howard;I Forget Where We Were;She Treats Me Well;58;317933;2Viw81MZJPsOjODAz4A5nW
ben howard;I Forget Where We Were;In Dreams;57;213440;6yPuQr6vjZ7tJ4oq1PEXle
ben howard;The Burgh Island EP;Oats In The Water;57;299381;4dr5sJ1p6mdNpK3fIUz8vR
ben howard;I Forget Where We Were;Conrad;56;368120;63QsFC6m0CaTw2gU0iZa7N
ben howard;Keep Your Head Up;Depth Over Distance;55;288435;65hUTiykNAiAvmGYXazhFJ
ben howard;I Forget Where We Were;Small Things;54;343786;5RySo0AAUR0reTHSCvb6HC
ben howard;Every Kingdom;Black Flies;54;381506;3JhNsyNQSyrsHcnFRHZN1e
ben howard;I Forget Where We Were;Time Is Dancing;52;409160;0SjtVyfdl77VKgd8yrvsWJ
john de sohn;Made For You;Forever Young;65;167911;0343bYQtSfznf6v90jRLRK
john de sohn;Made For You;Love You Better;65;170893;0Gbp9aWNohZ4Kwdi75ntzT
john de sohn;Love You Better;Love You Better;63;170893;4UuGBDjt8gLXsANZqZxMBz
john de sohn;Wasted Love;Wasted Love;60;195840;7EgtvRAeOkfB5OeFgfGsWM
john de sohn;Looking Up;Looking Up;60;170666;4GvHfRUyNfNz86FbnDThDl
john de sohn;Only For The Better;Only For The Better;59;168297;2XI5yPRHlAg2a2xZtlTbpI
john de sohn;Without You;Without You;59;182613;4kHMIktiFnafGWwXcm5F6k
john de sohn;Lovers For The Weekend;Lovers For The Weekend;58;170946;7FvfODgUxsxQNDaYDEboIL
john de sohn;Made For You;Happy Kids;57;177209;3Ct8NiRoh0OqFhTTsrwkEc
john de sohn;Forever Young;Forever Young;56;167911;0o9bHFc8Lt5tZFvTjNZTNf
john de sohn;Hum With Me;Hum With Me;52;167870;4DfxFGwreu9BquiLRClwh8
teqkoi;You Broke My Heart Again;You Broke My Heart Again;71;103400;3jZDWsoxRHzzp3DYV8qeXE
teqkoi;I'm Not Enough and I'm Sorry;I'm Not Enough and I'm Sorry;63;120000;4P1L6AniTDJzANaubzWGYs
teqkoi;It'll Be Alright;It'll Be Alright;56;133565;5ezVqhuo9PDNqsGKsKOPyG
teqkoi;Please Come Back;Please Come Back;55;121521;7zlGyAsvNMOdhTU068f79f
teqkoi;I never wanna lose you;I never wanna lose you;52;151920;5qiSzhwTxVWtvgqwANXXoP
theory of a deadman;Wake Up Call;Rx (Medicate);68;233173;2UZtI2HUyLRzqBjodvcUmY
theory of a deadman;Scars & Souvenirs (Special Edition);Bad Girlfriend;66;205626;5m7on0zpnmeAXy72ANrmfU
theory of a deadman;Savages;Angel;65;202213;2qJkesdHu9sMMVFgkRkqhQ
theory of a deadman;Scars & Souvenirs (Special Edition);Not Meant to Be;57;215400;5xyACR2lzIyzFepF4qlAas
theory of a deadman;Wake Up Call;Wake Up Call;41;235066;2CpMHblH2jRF9NqtaW8MKZ
arden jones;age tape 8;mr. sunshine;64;177230;6x984mI891z1E2sVwYumUx
arden jones;age tape 1;horror story;64;123269;4yIHTPSFg5Ma41IJNE0GUL
arden jones;age tape 7;starstruck;63;123333;15AGcabJTNLdLc01X3OoO9
arden jones;age tape 4;indifferent;61;139280;2eyW2bMSWxYK7MnOc8bMEa
arden jones;age tape 1;daisy;60;83076;5gsJUCSx0w2fO95Ou78Zpu
arden jones;Parallel Parking;Parallel Parking;60;118571;4njf8PZi95E9ISlQVXXPyl
arden jones;SMILE;SMILE;59;161000;6eshn81GQPqBfv7TEOyoTI
arden jones;age tape 3;serotonin highs (feat. Allen Haley);59;154787;20GbyJrUmAAZIt2x180YUF
arden jones;roll the dice;roll the dice;55;134491;44C0ol0w59I3Lx3tcRtLR3
arden jones;age tape 4;toxic crush;49;134857;4jx3OhzeLknPoF52To841h
ron pope;The Bedroom Demos;A Drop in the Ocean;68;220239;5JDcQAztvZTIkrWoZihgvC
ron pope;Whatever It Takes;A Drop In the Ocean;55;219480;16dkWKIlBsfYTISCVuDs0w
ron pope;Daylight;A Drop In the Ocean;55;228311;0vxlqUrmgsiyAWOHaAfnSK
nick drake;Pink Moon;Pink Moon;70;124000;4KROoGIaPaR1pBHPnR3bwC
nick drake;Pink Moon;Place To Be;62;160925;5QUeSXjTMHbq1fW5da2waF
nick drake;Bryter Layter;Northern Sky;61;224013;3EtIraJEHVSbBvLw5msioH
nick drake;Bryter Layter;One Of These Things First;60;290733;0hNVjU6JKydHts0SAjHCno
nick drake;Pink Moon;From The Morning;58;150850;6meH4I9A4WZtD3z8hnQKqr
nick drake;Five Leaves Left;Saturday Sun;57;245013;1drLQNS9D5z9lBP4DbtO2R
nick drake;Five Leaves Left;Day Is Done;56;146026;66790TBuwlIrGxWWTVc6yl
nick drake;Pink Moon;Road;56;119450;5ir0VEsMI7cLhN6SEiaKol
nick drake;Pink Moon;Which Will;54;176950;4Cg0paoTgxlo2LC85HKaab
rita ora;Poison;Poison;68;202906;73ucpKq91TuejrLHgzDNHK
rita ora;Phoenix (Deluxe);Let You Love Me;56;190013;0Hijswm0F2WNL0vN5e4CyE
rita ora;Phoenix (Deluxe);Your Song;54;180746;54suAFhsGjOKBhrUedu0pm
vigiland;Friday Night;Friday Night‬‬‬;64;173871;78zc6DT7A2ccehmIqef9mT
vigiland;Shots & Squats;Shots & Squats;64;171799;5nIrdpo8eXQU3YgZelEXkd
vigiland;UFO;UFO - Radio Edit;61;144389;7azVJ6AgvPLOum1tppactO
vigiland;Be Your Friend;Be Your Friend‬‬;59;180820;2mSIu1ZPo22Ihx3EwS4E6h
vigiland;UFO;UFO - Trap Edit;55;107348;7bmNm68EEyvggTrJyjrTbJ
vigiland;We’re The Same‬‬;We’re The Same‬‬;53;174064;4rJcxFOljjd2sqfgIjksTI
jack kays;MIXED EMOTIONS;BOTTOM OF THE BOTTLE;61;152500;0EUEtq224zqzpzPHof2qmL
jack kays;MIXED EMOTIONS;MORBID MIND;61;136750;6eKfQnTHKeqyyfaGlwMIcG
jack kays;MIXED EMOTIONS;MY HEAD :(;56;92160;2nblCSS2DxTZ0DwQXzx2G2
big pun;Capital Punishment (Explicit Version);Still Not a Player (feat. Joe) - Radio Version;71;236800;3GKL13lkM5nRc4zC1lIOrR
big pun;Capital Punishment (Explicit Version);Twinz (feat. Fat Joe);67;228173;0B8drtTSp68pZdkmVrG9ZA
big pun;Still Not a Player EP;Still Not a Player (Remix) - Radio Version;40;237706;6E6SLdCDadErUAM90cAxGx
emiway bantai;GRIND;GRIND;65;175449;16xg7UwH9hbs96vCD8k6bC
emiway bantai;Machayenge;Machayenge;60;153077;08j9wzt7Q9Ucq1IrpD4GVq
emiway bantai;KR L$DA SIGN;KR L$DA SIGN;59;492160;0usNFsDDoVMYVE732zM3QI
emiway bantai;Khatam Hue Waande;Khatam Hue Waande;58;193882;3LlEnO0INKAExVe4JMi7p7
emiway bantai;MACHAYENGE 4;MACHAYENGE 4;58;620320;0TeH0rRFmef6eqk86MPyUA
emiway bantai;CHUSAMBA;CHUSAMBA;56;193663;73N5AghXPjYtAoS6RIYPZd
niall byrne;Afterthought;Afterthought;63;149758;6V3EqKAHRMDKUYYPtD0lVQ
niall byrne;Howthian;Howthian;58;144555;7Ifj1BA2mFHr1FmCxV9p1M
niall byrne;Lambay;Lambay;57;133478;4AfTf4LCOYOllXEHPgROVf
harold faltermeyer;Top Gun: Maverick (Music From The Motion Picture);Main Titles (You’ve Been Called Back to Top Gun);68;150666;74BfFG9qR85KXxN49esFVA
harold faltermeyer;Top Gun: Maverick (Music From The Motion Picture);Top Gun Anthem;66;148933;1ZkmPku85veww4fF66aUFF
harold faltermeyer;Top Gun - Motion Picture Soundtrack (Special Expanded Edition);Top Gun Anthem - From "Top Gun" Original Soundtrack;62;252200;00Y9r5SfbDdEjJhNg7laQr
harold faltermeyer;Top Gun: Maverick (Music From The Motion Picture);Darkstar;61;181053;5jximgvZO7gGAFQndsSltj
harold faltermeyer;Top Gun: Maverick (Music From The Motion Picture);The Man, The Legend / Touchdown;60;234493;3vPFtJIPNknOiMK7IcBtzn
harold faltermeyer;Top Gun: Maverick (Music From The Motion Picture);You’re Where You Belong / Give ‘Em Hell;60;346346;5aAFhwGmoTsYd3ICgj5Ms2
harold faltermeyer;Top Gun: Maverick (Music From The Motion Picture);Dagger One Is Hit / Time To Let Go;56;306026;3Wceo1KylCeOUKJv8EVrMy
harold faltermeyer;Top Gun: Maverick (Music From The Motion Picture);Tally Two / What’s The Plan / F-14;56;274493;2RfBOqxUl9g0fHJ0NuYFAO
harold faltermeyer;Top Gun: Maverick (Music From The Motion Picture);Penny Returns - Interlude;55;167306;0hGL3mxCQJB5l64LsWcSN5
harold faltermeyer;Top Gun Anthem (From the 'Top Gun: Maverick' Trailer);Top Gun Anthem (From the 'Top Gun: Maverick' Trailer);49;145630;5LZXpwmeGSKgFyjn6oryMA
raffi;Singable Songs for the Very Young;Down By The Bay;61;128213;6jTZGXH1cOQM3jhh07ZE1y
raffi;Baby Beluga;Baby Beluga;61;160826;7zQFM7bHcyMh4QQFdBkjrE
raffi;Singable Songs for the Very Young;Baa Baa Black Sheep;58;59520;1Fmv83uTiON5klaC94cJxb
raffi;One Light, One Sun;Twinkle, Twinkle, Little Star;57;71160;2Qu65QrO1DiWVJIteOD9ri
timmies;Passion & Confusion;Tell Me Why I'm Waiting;70;123891;3xbUCRFut7tzBoD2F8L56y
timmies;Passion & Confusion;Loosing Interest;68;117916;2DIFiLjzVxSUc7YY2k7WDA
timmies;Passion & Confusion;Soft Skin;62;117747;2y1NlQ3jhmmvtybRBLQGXm
timmies;Ekena;ugly;60;120027;4iF2TMFaiJwEHecDNavRU9
timmies;Passion & Confusion;I Dont Wanna Know Her;58;122204;7AcGFRQPq3kNArX1RU3cPM
timmies;Passion & Confusion;You Are Loving;57;100812;4xU4wWPzUNlQgTfaKCcheW
timmies;missing angel;be someone to never lose;51;98995;0ehkk1gZnBnh76pF2SdIPu
timmies;Misspoken;Girl How Will I Love You;48;99942;5ONJ9mrQrCkO3G7LQi4wfE
sukhwinder singh;Rab Ne Bana Di Jodi (Original);Haule Haule;63;263967;2UKK9UEbKlykbmLVP1zWIQ
sukhwinder singh;Taal (Original Motion Picture Soundtrack);Taal Se Taal - Western Version;62;154200;5zjFsuLrTM5sp6coribhCa
sukhwinder singh;Dil Se (Original Motion Picture Soundtrack);Chaiyya Chaiyya;60;416613;5H4rKylLnO8KrmdXTRhj5s
sukhwinder singh;Kar Har Maidaan Fateh (From "Sanju");Kar Har Maidaan Fateh (From "Sanju");59;312157;3FHl1QYu76zguwjqhqcglX
sukhwinder singh;Taal (Original Motion Picture Soundtrack);Ramta Jogi;59;377000;2fsPrE2NYiHOHPMuWbjvTj
sukhwinder singh;Kisna (Original Motion Picture Soundtrack);Woh Kisna Hai;58;357186;5Se9PXWc57LRT0zthjI5cG
sukhwinder singh;Raees;Udi Udi Jaye;58;260507;40BjkQhSOqS7j8Z0JHiF07
sukhwinder singh;Bajirao Mastani (Original Motion Picture Soundtrack);Gajanana;57;213707;58pYOqfeO87Uk8zPHuOGBu
sukhwinder singh;Manikkavinayagam - Playback Singer;Arjunar Villu (From "Gilli");57;266309;7503mEfiZf6vgONFMYX5Jr
caskets;Lost Souls;Glass Heart;66;224421;1nxbn0COjeyH7MQZ27T3CR
caskets;Lost Souls;Lost in Echoes;62;217814;13YWByXibBltt3T5u3IcT7
caskets;Lost Souls;Drowned in Emotion;61;222567;5nxcR7W60CU3cvmGX1jBzQ
caskets;Lost Souls;Hold Me Now;55;239848;0JWpbl3Ppr71ONy6VDP5vu
caskets;Lost Souls;Nothing to Hide;52;259528;1XlKHZ3SkYa7Ea0fQBpjHv
hot chelle rae;Whatever;Tonight Tonight;73;200466;2i0AUcEnsDm3dsqLrFWUCq
hot chelle rae;Whatever;I Like It Like That (feat. New Boyz);63;188200;6eFahAdQgABBj1XOM99cBG
hot chelle rae;Whatever;Why Don't You Love Me (feat. Demi Lovato);60;211413;0cEBv7oJxFp3bfTFqWFI0R
hot chelle rae;Don't Say Goodnight;Don't Say Goodnight;52;211813;5KpBYmEiClvljtwbjEhIJq
hot chelle rae;Hung Up;Hung Up;48;193733;4gVwRSCyE40hU3cq8qdkwD
alice in chains;Facelift;Man in the Box;75;285200;6gZVQvQZOFpzIy3HblJ20F
alice in chains;Dirt (2022 Remaster);Would? (2022 Remaster);73;206773;5sFDReWLrZHLFZFjHsjUTS
alice in chains;Jar Of Flies;Nutshell;71;259200;2JuasWPUodaUxf5nwNpciQ
alice in chains;Dirt (2022 Remaster);Rooster (2022 Remaster);71;374333;0wvIGFIgbyz4JNwQhZgTv2
alice in chains;Dirt (2022 Remaster);Them Bones (2022 Remaster);69;149466;4A065x9kJt955eGVqf813g
alice in chains;Dirt (2022 Remaster);Down In A Hole (2022 Remaster);65;338226;7FRfYOql61DGDp9VPPe2qA
alice in chains;Facelift;We Die Young;64;152560;5Ds35L9KpUDKgSxZ6whuoQ
alice in chains;Jar Of Flies;No Excuses;64;255573;4PtZE0h5oyPhCtPjg3NeYQ
alice in chains;Alice In Chains;Heaven Beside You;62;327893;1DCdIWCE5UFiObCsTSpKFv
alice in chains;Jar Of Flies;I Stay Away;62;254400;6HnZsLUDrG3HTSbh8sq2u3
alice in chains;Black Gives Way To Blue;Check My Brain;61;237906;2O2ii9OPZYh1NBXo9FtE0Y
alice in chains;Jar Of Flies;Rotten Apple;60;418466;7Fm3NhbAYHvTQUhboim9FB
alice in chains;Facelift;Bleed The Freak;60;242600;60l2m3BD5VY0HSc3xmSpPI
alice in chains;Dirt (2022 Remaster);Dam That River (2022 Remaster);59;189360;22Ntyke0ZDZy2Uuf8BEDkU
alice in chains;Dirt (2022 Remaster);Rain When I Die (2022 Remaster);58;361706;6a9SPVrXyrlVh5Fh08f8Bz
alice in chains;Jar Of Flies;Don't Follow;57;262133;7CI0VS6ETno5mgHi4PoCrY
alice in chains;Unplugged;Down In A Hole - Live at the Majestic Theatre, Brooklyn, NY - April 1996;56;346026;2yBAPa9HZj3P2szSaaj4k1
alice in chains;Unplugged;Nutshell - Live at the Majestic Theatre, Brooklyn, NY - April 1996;55;297106;3QAE7ypzhNZzQxOjKCGHD9
alice in chains;Black Gives Way To Blue;Black Gives Way To Blue;49;183560;78iMIaSjeVlUoNa7rehPOU
alice in chains;Live;Bleed the Freak - Live at the Moore Theatre, Seattle, WA - December 1990;26;273626;39JQkBrKRTYUby0gixMpmi
alice in chains;Live;Would? - Live at Glasgow Barrowland, Glasgow, UK March 1993;26;228866;5uJkC7nMVgXzbAl1j0vGZZ
brennan savage;Look at Me Now;Look at Me Now;68;150000;46eK1kembooWblMi7M7yLM
brennan savage;Bulletproof;Bulletproof;59;128109;4mx0eNjjZUyOzfY3I4P9HD
brennan savage;Belly of the Beast;Belly of the Beast;59;140487;3nx1LABlssQw0JCmHTWMn3
brennan savage;Tragedy;Dreams of You;59;168000;2OoB6AHLHuLxhkNHrUH7lD
brennan savage;Badlands;Lonely World;58;102857;5VJQr2EMdzXZFjvInyp4AC
brennan savage;From a Lonely Place;To the Moon;52;219428;7chkzLIvIBSEfIsb8J7jS5
kr$na;No Cap;No Cap;62;205423;1XdUEm2MwB6ysy6E80ltMg
kr$na;Machayenge 4;Machayenge 4;61;398750;71VXewVKFs0HcwEom489zH
kr$na;Untitled;Untitled;59;151384;4dCLUBJwtZwc4HYXvfcpyP
kr$na;Lil Bunty;Lil Bunty;59;192000;1MGvSryQcSR7zsNG4lQOjN
kr$na;Blowing Up;Blowing Up;58;247272;3Oh2FwWbnKIAyUE2gToFYu
kr$na;Still Here;Saza-E-Maut;56;180000;2ikI9Y7PCPIavU0TMSpF31
harish raghavendra;Minnalae;Nenjai Poopol;62;61120;7foXDAvMmPXL9C3NN7LVvZ
harish raghavendra;Shajahaan;Melliname;61;326008;5Gd3pzjK9F7caWRS1fMD68
harish raghavendra;Lesa Lesa;Yedho Ondru;61;336962;73C5Q80RK1T5CA68F6foTl
harish raghavendra;Thiruvilayadal Arambam;Vizhigalil Vizhigalil;58;286253;7nRFeG20drpHn9CqPuRVJ6
harish raghavendra;Kadhalil Vizhundhen;Thozhiya;57;296724;6cZcVAjgELRB6w9h6jaYtJ
harish raghavendra;Rajubhai;Evare Nuvvu;56;250866;7m64tTau2Rh6hzVDA1oV6K
haricharan;Ole Melody (From "Thallumaala");Ole Melody;66;242005;1rMEccgwbKt3qmAXeBqOyZ
haricharan;Thallumaala;Ole Melody - From "Thallumaala";61;242005;4wMpv5KCDYSCQ0rWwKON0E
haricharan;Thottal Poo Malarum;Arabu Naadu;61;322013;7JqpYvigO9X4QY3W9QTArZ
haricharan;Love Story;Ay Pilla - Telugu;59;253773;5nVFeACm96rucybpDAjfK5
haricharan;Ezra;Lailakame;57;256078;6sdFD2tvkP5Pd93y33qaQg
haricharan;Andala Rakshasi (Original Motion Picture Soundtrack);Yemito;57;268826;1eknwgCfzOXC0VRTst91l7
haricharan;Baahubali - The Beginning;Manogari;56;214645;6ePfmi0YETmZ8VRKFtumJF
haricharan;Bangalore Days;Aethu Kari Raavilum - From "Bangalore Days";56;325156;7zxHiMmVLt4LGWpOMqOpUh
parkway drive;Darker Still;Ground Zero;62;249305;04xV6DzDzE7TgWQKBGaC5E
parkway drive;Darker Still;Darker Still;61;410773;37O5phPvMfJZBIscgXlw4a
parkway drive;Reverence;Prey;61;255230;7lMFAK8dv0QkWpIlZcWQlJ
parkway drive;Horizons (Deluxe Edition);Carrion;60;187960;0xfWKcNu13xxXQ2GT0P09M
parkway drive;Darker Still;Glitch;60;261811;1jKH10ufuA4EzUCdobVxu0
parkway drive;Glitch;Glitch;59;261811;35i03ZqMFb5Q3O9TAQ7XLB
parkway drive;Darker Still;The Greatest Fear;59;328743;2ijbU93XOTRIqoOzPGPNiK
parkway drive;Darker Still;Like Napalm;59;224994;5ALX6hYJfLLtp98KqC0Y3j
parkway drive;Atlas;Wild Eyes;58;258586;4G8EhnfKvBQVlOJ4xXCHpQ
parkway drive;Darker Still;Soul Bleach;58;211996;3kRGiGpjCFS7CtEBSfHNH0
parkway drive;Reverence;The Void;58;233079;5znIVOv7RucpCHGkbonySq
parkway drive;Ire;Vice Grip;57;263586;0AHHDAHFRaT82UVw5fMr1R
parkway drive;Darker Still;Imperial Heretic;56;290356;52Ee1NSe8oaum15FN1CyH7
g. v. prakash;Madharasapattinam (Original Motion Picture Soundtrack);Pookkal Pookkum;68;396466;7hMKAmUlUUYa5qEiHWK4bk
g. v. prakash;Aadukalam (Original Motion Picture Soundtrack);Ayyayo;66;324373;5DYfTyqUNBmOnQtljQjYk2
g. v. prakash;Raja Rani (Original Motion Picture Soundtrack);Imaye Imaye;64;208440;6H1hnJRQOGQ9djPL3jNu9G
g. v. prakash;Aadukalam (Original Motion Picture Soundtrack);Yathe Yathe;64;344360;6mmGbsCqf5e8vxv1WodYIG
g. v. prakash;Aadukalam (Original Motion Picture Soundtrack);Otha Sollaala;64;238986;7lnRiEP7BHXuILXNY9MH8f
g. v. prakash;Aayirathil Oruvan (Original Motion Picture Soundtrack);Un Mela Aasadhaan;62;271746;322xF47eamMLy7tFWtJHzF
g. v. prakash;Anandha Thaandavam (Original Motion Picture Soundtrack);Kanaa Kaangiren;59;345560;0j5PDjpBsLIEQdRVSoXFBv
g. v. prakash;Darling (Original Motion Picture Soundtrack);Neeve;58;281520;4QMZ6gwFTLk9qOhaQsGIxf
g. v. prakash;Kaattu Payale (From "Soorarai Pottru");Kaattu Payale (From "Soorarai Pottru");58;246000;2b4nWymybHj38A6XtQijiA
g. v. prakash;Udhayam NH4 (Original Motion Picture Soundtrack);Yaaro Ivan;56;283906;4LIJn3SG7mCCNKQc6vyy5S
g. v. prakash;Thalaivaa (Original Motion Picture Soundtrack);Yaar Indha Saalai Oram;56;315493;6Ro16W3cg8dg7um9aRLWAj
g. v. prakash;Angadi Theru (Original Motion Picture Soundtrack);Unn Perai Sollum;56;368333;0boz1twDCLAVifLgoxSKJb
g. v. prakash;Muppozhudhum Un Karpanaigal (Original Motion Picture Soundtrack);Kangal Neeye;56;340662;31IgzpNhw9f4ZaZb2REBEO
g. v. prakash;Yaerumayileri (From "Sardar");Yaerumayileri (From "Sardar");55;251988;0TiYOkOkHtMUp5BaLhT4P3
g. v. prakash;Darling (Original Motion Picture Soundtrack);Anbe Anbe;55;376348;4WlbfwB0LT2Ca6fqKo8J21
g. v. prakash;Senaathipathi Nene [From "Sardar (Telugu)"];Senaathipathi Nene (From "Sardar (Telugu)");48;251988;3SXsfyC1DgEp7ehmJzWdky
little walter;The Essential Little Walter;My Babe;59;162040;4KMXlzvtC8xjLseDqDjpeU
pearl jam;Ten;Alive;76;340907;1L94M3KIu7QluZe63g64rv
pearl jam;Ten;Even Flow;76;292580;6QewNVIDKdSl8Y3ycuHIei
pearl jam;Ten;Black;74;342653;5Xak5fmy089t0FYmh3VJiY
pearl jam;Last Kiss;Last Kiss;71;195466;0QnONzv3TvHAWk294h6DaQ
pearl jam;Ten;Jeremy;71;318226;62nQ8UZVqR2RMvkJHkcO2o
pearl jam;Jeremy;Yellow Ledbetter;70;303586;3bE5slaVEfaDreqARl6k4M
pearl jam;Backspacer;Just Breathe;69;215853;6i81qFkru6Kj1IEsB7KNp2
pearl jam;Vs.;Daughter - Remastered;69;234333;53eJFr4Mfbw5PXJ01K6cFw
pearl jam;Vitalogy;Better Man;67;268586;2B98ljvzqpCVgt5reTHq28
pearl jam;Vs.;Elderly Woman Behind the Counter in a Small Town - Remastered;65;196186;5lHgBqh9VwAAzQma55gHRY
pearl jam;Lightning Bolt;Sirens;63;340320;1cAMXz9mnvrqyQLSG4KeeE
pearl jam;Yield;Do the Evolution;61;231253;0dIipTYASaFwX1QxVrVFV7
pearl jam;Last Kiss;Soldier of Love;60;174173;0ll4shInilQVdYVrVVHpjB
pearl jam;Riot Act;I Am Mine;60;215333;79pY2Z5eFvXMt9bSdHLrnA
pearl jam;Yield;Given to Fly;60;238866;3vL9lPWBuv0ZR3c5YmdhDl
pearl jam;MTV Unplugged;Black - Live MTV Unplugged;58;330840;3xIaUb1WsnrqbJo6CsJMLO
pearl jam;Yield;Wishlist;58;206586;7hObovvcbBpXgZHQ9if4WU
pearl jam;Ten;Once;58;231367;4nRyBgsqXEP2oPfzaMeZr7
pearl jam;No Code;Present Tense;56;345786;679zqcQuKakOGI93NPCqB8
pearl jam;Vitalogy;Nothingman - Remastered;56;274440;74kd56Y1oNbQVEQnMdO9LH
pearl jam;Lightning Bolt;Future Days;55;262893;22sDLvlzAJzH0BHiMSOfRP
pearl jam;Ten;Release;55;546018;3xAka0D8585mDoShALnsd7
pearl jam;Ten;Garden;55;298933;3KcJEOyaLDLAERlOCBhmPA
pearl jam;Pearl Jam;Come Back;54;326040;0sHdUji2tWxiRDfShSWHUN
pearl jam;Vitalogy;Immortality - Remastered;54;318066;5TxUedy2CM04QihDdOFnsk
pearl jam;Live On Two Legs;Hail, Hail - Live at ARCO Arena, Sacramento, CA - July 1998;29;223693;4F7VK1jSbLpRFZvgL4AOdc
pearl jam;Live On Two Legs;Go - Live at Continental Airlines Arena, E. Rutherford, NJ - September 1998;27;161440;5AkGgZx0IXEAwPd1HFyu5M
pearl jam;2000.08.24 - Jones Beach, New York (NYC) [Live];Daughter - Live;25;427800;0rdqOKr8QvWCDz8tNB7kNC
matooma;Deep Space;Heavenly Harps;59;184714;1GfdC8GouQqL0RKKzgIhXw
a winged victory for the sullen;The Undivided Five;The Haunted Victorian Pencil;59;89968;1onuiNSXonc5vOJU9igdFk
sophie hutchings;Love Letter;Love Letter;59;141500;2JWORFavKKenbRigLBM0Uj
7!!;Anipps;オレンジ;63;350200;7p30D2KjK2XW7YUvI6nH3o
7!!;Anipps;ラヴァーズ;55;221973;75SKlkZrcOX32dseIE8l4O
jefferson airplane;Surrealistic Pillow;White Rabbit;72;150640;4vpeKl0vMGdAXpZiQB2Dtd
jefferson airplane;Surrealistic Pillow;Somebody to Love;70;174840;4uGIJG1jYFonGc4LGp5uQL
jefferson airplane;Surrealistic Pillow;Embryonic Journey;58;112093;2zbGXr2XCcRR40R7ymEENc
jefferson airplane;Surrealistic Pillow;Today;56;177546;0yLfXULLuRtVj2L4DIrwO7
jefferson airplane;Jefferson Airplane Takes Off;High Flying Bird;50;153066;5eGKna0aflc9wmMoDcIja4
jefferson airplane;Surrealistic Pillow;Comin' Back to Me;48;315040;0TBntp6t4oS6UXjxikO5n7
bleeker;Erase You;Highway;59;201680;7aQT5OB4zEgyyxfRDbOBIt
bobby "blue" bland;Dreamer;Ain't No Love In The Heart Of The City - Single Version;59;233560;4qYHnP5AmKzXbJhciPV8si
mc 張天賦;老派約會之必要;老派約會之必要;66;223950;2lMVTk3I232dE7jnkufOSt
mc 張天賦;記憶棉;記憶棉;62;273390;1ZrnCyms7CBYsCvkkVIkt8
mc 張天賦;反對無效;反對無效;60;228819;2P5Eeh29qJrYa1T27cdL3B
mc 張天賦;時候不早;時候不早;59;220938;433FK3gktWwmjkAPMSqVNO
mc 張天賦;小心地滑;小心地滑;59;239340;3U1sSlezn9BdzqsEx4VfHT
mc 張天賦;Frenemy;Frenemy;58;235256;1WzMnzTmdWbJZ3OhizMtbX
mc 張天賦;乾;乾;57;219070;2xmXF3hihKntUgTo1g4Lko
mc 張天賦;How Many Times (Studio Live);How Many Times - Studio Live;51;230253;3hdQIQYs13Gv2gdncFvKZ0
jc 陳詠桐;Album 1;說散就散;59;230571;2XFrRuy9Gpu4GuYHTNeHiC
itsy bitsy spider kids;Itsy Bitsy Spider Kids;Itsy Bitsy Spider;59;48381;5xm1RqXrvkr6H4a7shEtVu
mokita;colorblind;colorblind;70;193976;4o3XxiQ9BljY4OU38zanC0
mokita;With You;With You;67;154650;5Lu0vv78RmKZeBPpP1N8za
mokita;London;London;67;160225;38o5lj4mbLK34vQkJUlMrg
mokita;Lonely City;Lonely City;67;157523;4q3biaQQoADspV16lbsfPH
mokita;Ready Yet;Ready Yet;64;152922;17H5BFEUB0tMcQfJEcDSwH
mokita;Crash;Crash;63;168274;2K2Fn8vJzgGUG9JMmPFYC3
mokita;down;down;61;194680;7mOcLhVf0Aj6pIfi3LcSNW
mokita;Inside Out;Inside Out;57;176005;2vnocfBFbXPm4g9gsqquXf
mokita;4201;I Still Do;54;202023;4E93IPDPbaNJUDTpur3V63
mokita;Love Alone;Love Alone;53;185107;6KUsVERTI2fY3Swi5mo27R
mokita;More Than Friends;More Than Friends;53;159039;0WkapTWP1Z1kJqxj2Hjzcl
mokita;Crash (TELYKast Remix);Crash - (TELYKast Remix);53;155856;675AmMuIkDH0sg29tT0CmE
mokita;Color Me In;Color Me In;50;181714;0DrJPe19LUJm9RqejkeHQC
mokita;When I See You;When I See You;47;203842;1Xy2tuw1Z2RvFiJEI538DT
apollyon.;this is for my girl;this is for my girl;59;217339;72GCJhZVwFG3cHIO7BF1Pq
adzmilli;Change;Change;59;198620;0VxPoNX9h5HpsEgSNcHCmG
sway bleu;Why You;Why You;59;150638;6KQ1kXpm6fNi5covVSMvz1
k1;Why you gotta lie?;Why you gotta lie?;59;156053;492G9mKNRkoTJFybP2BItb
astrus*;She Wonders Why;She Wonders Why;59;131201;5PfrevbzpZzMtv4bVld9xq
still corners;Strange Pleasures;The Trip;59;374240;6mxTH1ebYmEQyWAbSY1LeG
marcos g;dancefloor;never fall in love with strangers;59;162000;4Gzpzsew2wogr4iQSlT54W
beach fossils;Somersault;Down the Line;67;158474;05ZUxHiGT7VR6ShJjhwJxn
beach fossils;Clash the Truth;Sleep Apnea;63;146293;6XyjwF7CAwuEaW77noJr6I
beach fossils;Somersault;May 1st;59;178554;36bVcRltxiQSg0ZEHDAZZ1
beach fossils;What a Pleasure;What a Pleasure;55;152684;3FwuOIr8dkrzdAOMUM6sOe
beach fossils;Agony;Agony;51;205335;16Gd8yX4wyhb6wE0pOoSQ7
eldon;Pink cheeks;Pink cheeks;59;183773;4HaI6qDEZYHG0sQnd54FDQ
john concepcion;HITMYLINE;HITMYLINE;59;200646;2l7Pra4vMV5vxJRtTGHBiz
colde;Your Dog Loves You;Your Dog Loves You (Feat. Crush);59;270003;72cq3rZCIEYaq1TM8y5LBQ
jylpo;Next to You;Next to You;59;208461;2JefJre9prnzm9ffRYnMM4
jazzinuf;Soul Mates;Soul Mates;59;96343;7pFRhCj70NUNZG4xMDEQj8
souly had;B.L.I.S.S.;Crush;59;159813;0FtuxFKzjbVCQAA3UQZXll
gareth.t;to be honest;boyfriend material;59;150298;4Ef7cEjeHhh7vYBzmPq4oE
seaforth;Breakups;Breakups;59;223129;77Bt2DXJE1R1qsnm4D10Ox
ishawna;Brace It (feat. Ed Sheeran);Brace It (feat. Ed Sheeran);59;187290;7CkBMJ6tGJu3aRMPstGiWI
luciano;Bamba (feat. Aitch & BIA);Bamba (feat. Aitch & BIA);84;203255;7nFJSfGvvV0WjatTZN6QYi
luciano;Beautiful Girl;Beautiful Girl;78;179186;2XRn6Qu0Wd1KvOND8JbaTx
luciano;Majestic;West Connect (feat. Central Cee);75;212114;1Fb8gCHRkmNAaN8vytd5vg
luciano;Majestic;Bamba (feat. Aitch & BIA);75;203560;7sJNeWTXkZCEC7OnFMpGWL
luciano;West Connect (feat. Central Cee);West Connect (feat. Central Cee);73;212114;4OGb9JY7pPEElDGwulYOBB
luciano;Sweep Over My Soul;Ulterior Motive;28;250826;3cbkMdsKSzzEurCreCRv97
luciano;My Turn Riddim;World Destruction;0;235600;4xCJMZzH2ppO9UJAShs1Pe
honey dijon;Show Me Some Love (feat. Sadie Walker);Show Me Some Love (feat. Sadie Walker);59;232400;4qUx0Q2kGLwjkweKThS3rj
listenbee;Save Me;Save Me;59;212459;4jNM6l3Amnmyy1kNCLcSWL
maur;Deep Inside;Deep Inside;62;202633;3NiB3v3elOuAy4Ij51F4Sl
maur;Set You Free;Set You Free;58;156000;06sV7v0pvyvTbssfNCUWR7
maur;Salvation;Salvation;57;187320;67RXcunSfFbRKLxo3JjlPs
david penn;Ain't Got No;Ain't Got No;59;199024;2dGiKnFEOev9qyDvW8bAMq
caru;Me & U;Me & U;59;159021;3vQIxVTpyW63pgngLRsZ32
benjamin darren;Love Like This;Love Like This;59;157994;18FsuqmAETaK0MDWqLLK4G
sandy marton;People From Ibiza (The Very Best - Deluxe Edition);Camel by Camel - Mix Vocal;59;355510;2kA1PbyuNbykKsggpTHYjZ
santa esmeralda;Kill Bill Vol. 1 Original Soundtrack (PA Version);Don't Let Me Be Misunderstood;59;628546;6rhVKeUhQTGLIRmQOfc9Wo
miami horror;Illumination;Sometimes;59;253728;0kLrrh7Z1gySNTunBH790J
billy eichner;The Lion King (Original Motion Picture Soundtrack);The Lion Sleeps Tonight;60;84720;67rctxgNOXUYhKiS3cv0MT
billy eichner;The Lion King (Original Motion Picture Soundtrack);Hakuna Matata;58;251520;1ymvyDsiAUbzEhmSkfCSYh
joseph williams;The Lion King;Can You Feel the Love Tonight - From "The Lion King" / Soundtrack Version;62;177786;5E8yddtSG3sH4hw2SfwcgW
joseph williams;Disney Summer Songs;Can You Feel the Love Tonight - From "The Lion King" / Soundtrack Version;56;176213;2XQee7HP5QrDwUGHOl6GFf
eek-a-mouse;Wa-Do-Dem;Ganja Smuggling;59;228760;5iynCtpEY7mx4ou54tHBPH
rival;Willow Tree;Willow Tree;60;188800;3CdYdWhfe2yCB6gU3neEk6
rival;Seasons;Seasons;58;248275;2pFL6kVGR4PIuPlL2AuAWk
dahl;Can I Kiss You?;Can I Kiss You?;59;207646;4N1L4sd80b1E8FmWK7Xgcz
anna of the north;Lovers;Lovers;59;215773;6bZuZKR8hoyzZXNh1IW2Bu
betty who;I Love You Always Forever;I Love You Always Forever;59;222957;1p6rk9R8SCum97WnvGNt6O
jauz;Oceans & Galaxies;Oceans & Galaxies;59;200547;5NQKpa6uCqZcaFkAbUK4XB
jauz;Mercy;Mercy;59;190400;1NuhAA7NeNwrWcsBh9z8R8
felix cartal;Nothing Good Comes Easy;Nothing Good Comes Easy;61;174344;1m66iYSRv0qEQBo0RqyPaw
felix cartal;Mine;Mine;57;200747;0lPZ8UNB5bmvhn7ba8faJi
conro;Level Days;Therapy;59;186150;5q7AR3TkyCxlgxAjBMu4yL
thom yorke;Suspiria (Music for the Luca Guadagnino Film);Suspirium;59;201768;4Y1igB1GDncJvt7ezbV3cW
drex carter;Go Wild;Go Wild;60;160090;2V1UjIW8DUV9jzpcOffRXk
drex carter;Monday Mourning;Monday Mourning;58;120000;10V96IBSJJjZPAS4fcKEmn
rella;Follow Me;Follow Me;59;186333;7ClEMzpSQixYIBEFdyJtX4
flatsound;Scotland, I Wish You Had Stayed.;I Exist I Exist I Exist;59;314500;0nO25NiPrKX64oy7lz5ZaJ
imaginary future;I Will Spend My Whole Life Loving You;I Will Spend My Whole Life Loving You;59;227619;77enz5hl8RicxrbPB56VXQ
clément leroux;Imaginary Friend;Imaginary Friend;59;232195;01FnTmSe5zIE0LmqPISajN
rainbow.;All I Want;All I Want;59;168000;0q2hS3I1hhRZdxACmj6qVo
üm;Take My Way;Mia Mia;59;209454;6BuGA3ontF6D4jluQ0DHZY
yael naim;Yael Naim;New Soul;59;225105;09nEPqqMCJ5gNioi7M2dth
miel de montagne;Miel de Montagne;J'y peux rien;59;181803;0eXIlXgGQTD6hezaxdl3wO
dehmo;Addict;Tout est cassé;59;236363;0jqiUpx2nUzwisZe1PTLvS
m.a.g.s.;M.A.G.S.;Drugs;59;134899;5T545E02gCrnhkPoHXJPxK
ron gallo;HEAVY META;Young Lady, You're Scaring Me;59;220538;6PtIXICwmoxCgLjw2zApDs
adelitas way;Adelitas Way;Invincible;64;190133;4FthwGFz9SVZgCVqxNXsSK
adelitas way;Home School Valedictorian;Cage The Beast;60;196893;5MY50Gj2K5g3P9vSqYtN0J
adelitas way;Shine On;What It Takes;59;189149;6wXFPlgXTT3k757WSzS6CE
adelitas way;Notorious;Notorious;58;170177;5PZo9NMyNLxOlpEFoYo611
adelitas way;Adelitas Way;Last Stand;54;224666;27TPpj59ml6N7las1h696d
julie;flutter;flutter;62;267491;1D8sCqR7SwxUTwUDqMyUAp
julie;starjump/kit;kit;56;223610;4OIFIhRhT2XRCqsvJASYSx
marcy playground;Lunch, Recess & Detention;Sex And Candy;59;172486;3hAaCXvutknQugsPFogh8H
xzibit;Restless;X;63;255640;5stZnlPMYz3Ba8Hbo3ajlP
xzibit;Man VS Machine;My Name (feat. Eminem & Nate Dogg);62;272506;04w57GO5p1763E44KQ8AKB
xzibit;Restless;Don't Aproach Me (feat. Eminem);57;276506;0Bb21NEv7yjSJ8ro2k2SZC
xzibit;Restless;Best of Things;54;200760;1GKkkhwzNDJb9L6ZpXBBGe
d.i.t.c.;D.I.T.C.;Da Enemy;59;166400;1qm8gshOp7RkwP47WRukrS
dimitri k;Fresh New Kicks;Fresh New Kicks;59;178288;4cYnhg6EewFM8QOSOgjqhy
mc square;Hustle 2.0;Ram Ram;61;213600;49TNlAQZXmFBteKZBF9rj0
mc square;Hustle 2.0;Badmos Chora;57;144000;0U8fm89VKJwDYa0mzh6foW
jaz dhami;High Heels;High Heels;59;297770;7q7eYVerltlW2sYBuga6Mj
chris g.;Nenjinile Rebirth;Nenjinile Rebirth;59;215800;0pM7PCxuclmb1qsjTqt6WX
amantej hundal;Few Days;Few Days;59;177391;2ccThCjEt1t1SF72mP7as2
inna;UP;UP;70;148944;2ykXJ9QVwx9Li8nsW0h6b2
inna;Inna;Bad Boys;48;166703;6AFX23iUaW4mNU8t1S8viR
zodiac wave;Emptiness;Emptiness;59;253100;0hn1lhRCoTKN0XWKDqsZQZ
rik beatz;Tu Mileya (LoFi);Tu Mileya - LoFi;59;188708;2kTciGcOlngSuou8hnedxM
sanjay s yadav;Waalian (Lo-Fi);Waalian (Lo-Fi);59;175020;1FTiraMT2EX2zX1445zmWD
slot machine;Free Fall (Theme From KinnPorsche The Series);Free Fall (Theme From KinnPorsche The Series);59;226046;6MDtS6MzlIzGUjbC1rapa4
anivee;Mayakirriye;Mayakirriye;59;189724;5Xm4pHOZjks21F81pIdAba
aviwkila;I Like You so Much, You’ll Know It;I Like You so Much, You’ll Know It;59;193980;4CreOwx4doKJUyxRR0GjIE
yui;HOLIDAYS IN THE SUN;again;66;254346;4OQq1bcP12GQQXJNupxqfR
yui;CAN'T BUY MY LOVE;Rolling star;59;188506;0rVH35mmwtelHycrJxFexC
yui;again;again;52;257506;7EUSByOz1UUx78lLDxfxRQ
anly;anly one;カラノココロ;59;264226;3uXKEQTzOngrZ1WWyMzuqO
bradio;POWER OF LIFE;Flyers;59;210083;6VBQ4DF4fwPJNA96RbMQWT
scott bradlee's postmodern jukebox;Selfies on Kodachrome;Habits;59;215866;3wMJQ5qeN02ljNn3lRMVka
k.will;Descendants Of The Sun (Original Television Soundtrack) Pt.6 - Talk Love;Descendants Of The Sun (Original Television Soundtrack) Pt.6 - Talk Love;59;216555;5NkpsRKvSBukdYQtl3WLZW
harlem yu;海嘯;情非得已;59;273960;4KBegMBVyHsfC7fPOztTzV
阿涵;感谢你曾来过;感谢你曾来过;61;250005;1JLtvvPsHwLyd2ufASdkWV
阿涵;过客;过客;57;270000;4ruTyQ3CxjN99XAgrhpF0g
sophie chen;500天;500天;59;240217;3tHqubDUl1OHGgGz87YreF
abin fang;好人Abin 方炯鑌首張個人創作專輯;壞人;60;300093;0VwzEoaTzrA4zjaRIkXpbh
abin fang;壞人情歌:遺憾;遺憾;58;230608;5nQCxF5H1f0XcEWeaRVUED
cyril mathews;A Recurring Theme;A Recurring Theme;59;160835;51K71t2Sk90AVbjVsBcorb
leila milki;Springtime Improvisations;Golden Hour;59;94169;7cY9kWU1cPLJ1wxxvKEZMh
bjarni erlingursson;Homeward;Homeward;60;151624;6p8tAo2HjobS7Me75EJcBq
bjarni erlingursson;Hymn;Rowan's Lullaby;58;116000;2Q5J3fYP2cPXDQwCsS0OkT
chloe doyle;Aislingeach;Aislingeach;59;121518;45YmYHJG9AoFEg6X2xvmTV
joaquim azevedo;Mimetismo;Mimetismo;59;142624;1iGMUpV6h0zA6pUSXfQJVr
hiroco.m;Hex;Hex;59;152000;6yupcJhCWpLXHjm6zQHgaF
esther dutch;Fallboard;Fallboard;59;160009;4vCdNdBT7N2t9ajQHxIR92
temperance lloyd;The light that blinds us;The light that blinds us;59;148625;3OrNycpUQqB3sn9QRUqfjj
jøsefine;Numéro 1;Numéro 1;59;154625;4Q4LaLRedI0F02XS2lsYkP
denise santoz;Phoneme;Phoneme;59;171500;0NEX6oBUy1iu6KALZ1m94c
luisa amogida;Impuissance;Impuissance;59;123888;3W5GfZBvDJQKovjdCww4pL
valentina romano;Ombre;Ombre;59;125183;3iwSjHyE2dXvTgzL2u771I
emilia branco;Boundaries;Boundaries;59;170566;6fcBDcZTZVx1jJAED8KYv0
mccoy tyner;Today And Tomorrow;When Sunny Gets Blue;59;282320;1J9iVCaEriyoMXpj2XszhU
monty sharma;Saawariya (Original Motion Picture Soundtrack);Jab Se Tere Naina;65;284573;0gRNu9dVzi5aC87AI1empZ
monty sharma;Saawariya (Original Motion Picture Soundtrack);Saawariya;56;165773;5T6yrJuKWnkCH2OlQsoO7z
monty sharma;Saawariya (Original Motion Picture Soundtrack);Yoon Shabnami;56;315360;4GrzhbZQQc9SrU4Vo6J3WY
mohammed rafi;Audiobiography;Maine Poochha Chand Se - From "Abdullah";61;307373;0i6U12LOWlHNngec0HCroE
mohammed rafi;Audiobiography;Gulabi Ankhen - From "The Train";60;197293;4ujalVER2NLazVozUVllxw
mohammed rafi;Kanyadaan;Likhe Jo Khat Tujhe;59;273533;0es02Rp0p0WpC4WRBDtM8P
mohammed rafi;Sanam - Taarif Karoon;Taarif Karoon;58;157760;7Hkbm2DgepcriVxDrwbCcc
mohammed rafi;Shaan;Janu Meri Jaan - Shaan / Soundtrack Version;57;426506;3mLhme6vdUX2wTgv7cVUtb
ghibran;Papanasam (Original Motion Picture Soundtrack);Yeya En Kottikkaaraa;61;308346;5spvSwBVAMvvNseq7SnrDa
ghibran;Maara (Original Motion Picture Soundtrack);Yaar Azhaippadhu;61;250325;2ZqzELrxZZyeTPSR7GZBH4
ghibran;Theeran Adhigaaram Ondru;Laali Laali - Tamil;57;231500;1DVzoi8VvpTDVg4Knd1IQs
ghibran;Yaar Azhaippadhu (From "Maara");Yaar Azhaippadhu - From "Maara";57;250325;5kByOzRm7KpgFUOeClZbek
sahir ali bagga;Yeh Mumkin To Nahi (From "Bud Gumaan");Yeh Mumkin To Nahi - From "Bud Gumaan";59;266004;70VOnQ20kHEvvtnLrgvCps
salman khan;Hero;Main Hoon Hero Tera (Salman Khan Version);59;284073;4Cv8UaSA8aQrBdiYO6MxgV
vinod rathod;Best of Bollywood Singers - Shaan & Vinod Rathod;Koi Na Koi Chahiye (From "Deewana");59;383375;3MgAwLCC0qsaAYS8nN06UV
vinod rathod;Best of Bollywood Singers - Shaan & Vinod Rathod;Chhupana Bhi Nahin Aata Vinod Rathod (From "Baazigar");59;419040;7fqFYPSGWGsrIocQadYubn
chinmayi;Chennai Express;Titli;59;350617;0joXv5niso2T8YXWOlIe1X
dannic;Get Over You;Get Over You;59;189250;0ycG3FRZqK3pUGWhQCPgAN
norma tanega;Walkin' My Cat Named Dog;You're Dead;59;143066;72T5smavl9ONfOwI0gHf1A
lølø;u turn me on (but u give me depression);u turn me on (but u give me depression);59;147535;7MeP128gHh4GyTMoGUiZlt
the diamonds;The Best Of The Diamonds;Little Darlin';59;129333;7ycFNferNuk6wAjBa0vWvl
sinoda;Kujo Freestyle;Kujo Freestyle;65;115099;1VvwxqIfKRazmvE7zdDFRg
sinoda;Gorilla Grip;Gorilla Grip;57;88528;0kavVZx38UlVVTxw5HUIJL
sinoda;Abrakadabra;Abrakadabra;55;148212;2qUuP1AaT9opDTyFFOnCiq
loren allred;The Greatest Showman (Original Motion Picture Soundtrack);Never Enough;75;207786;0Gl5s8IhMmQE5YQwM8Qx1J
loren allred;Last Thing I'll Ever Need;Last Thing I'll Ever Need;43;265420;7MWijfKFjQbpMHvhJBWWQt
francis karel;Like All My Friends;Like All My Friends;64;187918;70Vjb8pcNJT2HVfDLC2MJo
francis karel;Another;Another;54;170132;3tspXbvwbQF4zRk6dD7pqq
sam macpherson;Forget I Exist;Forget I Exist;60;172626;54q7FLhWb9FEObFBziNRTq
sam macpherson;How Do You Dress for the Rain?;How Do You Dress for the Rain?;58;160533;42ZSEXG0TtHAHbWOho7GDS
nina nesbitt;The Sun Will Come up, The Seasons Will Change;The Best You Had;60;176853;3i0VfLdOUCks9DmAht65XI
nina nesbitt;The Sun Will Come up, The Seasons Will Change;Is It Really Me You're Missing;58;232800;2lgyZWQSJWmswrLJyM27kB
gatton;...When Scars Become Art;When Scars Become Art;67;287560;2q3LzfknBzye3xXjgiJBjS
gatton;Other's Melodies - Demo;Other's Melodies - Demo;51;114193;5ChTVNcSgb3sC6qCuhDE0M
malik jeremiassen;The Journey;The Journey;59;157000;77Fs2NajDBQaOOZkYDsFLE
universal frequency;Alpha Focus;Alpha Focus 97Hz - 104Hz;59;231068;67VwwXXg1k6cEMFX1rpGoo
the destination;Aurora;Aurora;59;185769;0CwVkwUUCZPYZdj7SafQYL
bjørg stigbjørnson;Á Eftir;Arp Of Life;59;198162;7fP6eS6gtTs0xSAE9LvyEq
hector warrens;Moments Of Stillness;Moments of Stillness;60;182765;6m9JbPIC8saBo8pVm08x0j
hector warrens;Hankering;Hankering;58;169277;7dZf1E475t9raui9KSVC0L
simeon oliver;If You Please;Eleven Degrees North;59;224000;1ytBTJUCVq3ljXsEri2Bel
felix hertzog;Schlafmittel;Schlafmittel;59;168000;6AYzbLak1YhYu5litfcTdV
anthropological;Neomallodon;The Nimrod Expedition;59;216000;6FLcSrGp3mGIEQghonDxG3
felix langgard;Langeland;Langeland;59;182337;6vZRJSlkmxAEDb51WeqZFC
sleep therapist;Downtime;Arrival of No-thing;59;231907;5S9eZUeM5jwr71FxpBARsA
so jao;Acending;Acending;59;174748;0gny3oCHB6fKmZ6PoDedRA
savannah de lucia;Pacific;Pacific;59;188963;5nrX2dmftdOXdhdGqdF9V8
floating;Alpha Sinus;Ocean Breeze - Alpha Sinus 69,2 hz - 70 hz;59;258250;45t68mRXi24W94VK0T5ItR
norrona;Curves;Curves;60;194500;50dqV0dmuAMzLtEbt09SCp
norrona;Perspectives;Perspectives;58;249656;3chCZBYrCCjcUmT4mX5x8E
noa sandberg;Andas;Andas;59;185920;42Rzf70H0cM88EDU5YV0cq
lost fables;Palaeophonus;Novi Sad;59;212000;7Kd9aRamqqlKwB5PtT4lSf
from us;Smyrna;Smyrna;59;199709;20WOKEJgCcTSP9fpmTN9BM
felix werner;Lighthouses (Ambient Version);Lighthouses - Ambient Version;59;183996;4VTYAMP7kQ7YjmGpGtuJBo
beautiful sleep;Night Hug;Dreamland;59;166412;1Dv71hYl7XMbPonSYKqW5m
phunard;Devi Drone;Devi Drone;59;112198;2zLMOb6Z01X9PLxl09xJ9t
even massi;Delusion;A Waiting;59;133793;6eua7DXiCZaYulrVuPI3i7
orla and the stars;Star Ascent;Nebula;59;197000;2sf4TXYzqSRdxfwu5auS6r
rnwy lites;Breathe into the Still;Breathe into the Still;59;192000;0IsEyOQ5ObJcX1tnuXeXqX
georg valeks;Cardboard Gadgets;Cardboard Gadgets;59;216000;1GnzjRqS1QnHeA9O7bR5y0
delit quirion;Quand je te vois;Quand je te vois;59;198250;0ydR92kMvsKzbHskETB2QR
darci;On My Own;On My Own;77;171692;0F4FejjWi3bf5vGOkuQwPS
darci;Long Days Away EP;Wild Horse;63;156521;2wgBBqtX5x2UfcJItChy3H
darci;Won't;Won't;58;186748;6AgN8BrRPwYj2EH1QziDVN
darci;Rose Petals;Rose Petals;57;178371;52yTpTfOqRHXyn0lyQgwr3
darci;Long Days Away EP;Cold (feat. CADE);56;158117;6vW6R25Gp5dbXKShm40gfg
darci;High Speeds;High Speeds;56;174004;24NUQeDAAwLGym59N2KIGM
darci;Long Days Away EP;Twilight;54;160000;3Sx0q69PAFb74XZyLJzq0Q
darci;Middle Of It;Middle Of It;51;171891;20hZGWimITfD4OnTNq6mg3
dutch melrose;Sleepless;Sleepless;59;185000;4YneWRHcvEq3fkKeVJxT1c
rendezvous at two;Play with Me;Play with Me;59;252445;2bySWrm7uc1BewjJQrVHkq
m-clan;Sin Enchufe;Carolina - En directo 2000;60;263679;4UtREbGYnd1nZLckEb5y8J
m-clan;Usar Y Tirar;Llamando a la tierra - Serenade From the Stars;58;244533;7M65iLprqQ9UJNqer4g6AM
funambulista;Me Gusta la Vida;Me Gusta la Vida;59;174868;4LRF5Z4aEOVa0Npgtaj2hN
erpeche;Doblando la Dosis;Aire Ke Respiro;59;189727;2wTLbEnuUpV2QMt4XUVxxu
loquillo y los trogloditas;Feo, Fuerte y Formal;Feo Fuerte y Formal;59;242266;24w139jhWNnuQjnlhlzLvi
seguridad social;Furia Latina;Quiero tener tu presencia;61;220626;3f2k0XTc2ZXG17jEMDu8pp
seguridad social;Que No Se Extinga La Llama!;Chiquilla;57;187999;4eJikwHYHJ3yMg1tvS1Mom
blas cantó;El bueno acaba mal;El bueno acaba mal;59;142001;3LavHlfBvpNMUiIAFhrT8G
alberto gambino;Purpurina;Purpurina;59;192000;4FrThBco0jLqXEMULUhSM9
victor crone;Yes, I Will Wait;Yes, I Will Wait;59;191600;3u9MwKqInpTUNiGjQcoxXh
sash!;It's My Life;Ecuador - Original Radio Edit;67;212133;1arJHhz6TxMV50SNvSmGnV
sash!;It's My Life;Encore Une Fois - Future Breeze Edit;62;221160;3UPBOL5UtCZmJRwioMkfLD
sash!;Trilenium;Adelante;48;407080;3iYiV6IDYj8S9GKJPGNleq
shankar mahadevan;Karthik Calling Karthik;Uff Teri Adaa;67;304088;0og9wKFGgFFNQnrBe7eisG
shankar mahadevan;Indru Netru Naalai (Original Motion Picture Soundtrack);Kadhale Kadhale;65;207071;3THVNKs3bdQekA02kK1hWD
shankar mahadevan;Kandukondain Kandukondain;Enna Solla Pogirai;63;360880;40a42KKcVcnqT3Wz24INIm
shankar mahadevan;Shiv Tandav Stotram;Shiv Tandav Stotram;61;553430;6NFAlpTFpLrYBrsFuiloH3
shankar mahadevan;Indru Netru Naalai (Original Motion Picture Soundtrack);Indru Netru Naalai;60;185216;0jCZ3xX2xZTWMUnQMk1Vig
shankar mahadevan;Hits of Shankar Mahadevan;Merke Merke ( From" Kanda Naal Mudhalai");60;307720;1DfsxoKqz6M6CSOkX8HpxR
shankar mahadevan;Breathless;Breathless - Album - Breathless 98;59;185720;1bU2NTQlRFtKB5PYF9v9Xv
shankar mahadevan;Chandni Chowk To China;Tere Naina;59;255721;7u5B4ptccyg8T7NPfByhE7
shankar mahadevan;Bicycle Thieves (Original Motion Picture Soundtrack);Punchiri Thanjum;59;276252;3MKKUXDerbZYgiakyrzjKm
shankar mahadevan;Polladhavan (Original Motion Picture Soundtrack);Padichi Parthen;58;260466;7EH1f2Kq0rrKTmT9h1mkDJ
shankar mahadevan;Dil Chahta Hai;Dil Chahta Hai;57;310080;2r1CHpKRDdzHGJScn5UqjX
shankar mahadevan;Breathless;Breathless - Shankar Mahadevan;55;177960;3LWvtwgEIzC1wdHiUBoG1v
shankar mahadevan;Vande Mataram (From "Code Name Tiranga");Vande Mataram (From "Code Name Tiranga");43;252145;7611zOKtFeRExXesjFjFzg
raimu;The Spirit Within;Shou Ga Nai;63;161270;1BbsV7AEuhmKRqhloDVtvt
raimu;The Spirit Within;Counting Rice;60;181305;4Q2pNhiQ5KtzuXd0GIbRiz
raimu;The Spirit Within;Natsukashii;60;199746;3O37XtDd4jLmBQCsuwL1AM
raimu;The Spirit Within;Stuck in Æther;60;155294;44d9YTzlnG1CX9Y7BLgHUp
raimu;The Spirit Within;The Wild Dance;60;184428;5yrXdf4eaaOWi9fzG3Jlb4
raimu;The Spirit Within;To Be Continued..;60;161344;2uS2q42YqnsS3DUi4WuujW
raimu;The Spirit Within;Mystery Lands;59;182686;53a1XZV2NxgucHtBld8vPA
raimu;The Spirit Within;Hang On;59;187741;1KEGj62WJVZDGCheyvxD9O
raimu;The Spirit Within;Morning's Chant;58;207187;2fQTPDsu5UNpj04tD6xIMZ
raimu;The Spirit Within;Future's Beyond;58;172946;58MigIpgulw4ugnMvxCse7
raimu;Dandelion's Lullaby;Dandelion's Lullaby;57;123870;4TLoYT6uaGydqUQRZ9hlxG
raimu;Meditative Flow;Sinking Fatigue;53;198093;0KpHXEpQADwzWEAwupUsdK
vluestar;I’ll Keep You Safe;I’ll Keep You Safe;70;140338;1H3Q48ARz2ZEwbOl6s53Mq
vluestar;Mi Amor;Mi Amor;59;73482;3ZlCSvH7Cj86NLMPZplXTU
vluestar;$tars and I feel alone;$tars and I feel alone;59;132858;3UAcFSrt3b8pVbJ0Z1YGSE
vluestar;Weed Wit U;Weed Wit U;58;121951;6UmpOofvtwr2RosrFxQ430
vluestar;I’ll Keep You Safe;Reminiscing;55;73557;6elDvgK5qSrVcSf8dAkzGf
vluestar;IDontWannaFall;IDontWannaFall;52;131374;1WrE2xWhT5gLrYq8D1oPYw
mild high club;Skiptracing;Homage;78;177493;7DcJ6fEBb7BaKuYKTwiDxK
mild high club;Skiptracing;Tesselation;60;152824;3BIzHNxAQbRTY4LCp1oMR1
mild high club;Skiptracing;Skiptracing;57;219646;4I77FZbsed188zTLXXXWfQ
mild high club;Timeline;Note to Self;56;140000;4jByWjGKnLvbd2YZTOcHep
mild high club;Timeline;Windowpane;54;237300;0SfIHS5x1gOCVVvnYFbw26
mild high club;Skiptracing;Kokopelli;48;175459;14pWwYKnJzzxfRi97MDdaD
the little sunshine kids;100 Fun Songs for Kids Vol. 1;The Wheels on the Bus;66;87453;6tPA07JAS9p9mEOVhLdFJp
the little sunshine kids;100 Fun Songs for Kids Vol. 1;5 Little Monkeys;65;87771;1rNgLcVhVTTKKmHBH8nQlt
the little sunshine kids;50 Silly Songs;Incy Wincy Spider;60;60760;3bEnBCk2eeDrVQbolK6gt7
the little sunshine kids;50 Nursery Rhyme Songs;Old McDonald Had a Farm;57;169874;1Z1pNbVWnVTEguiAilQG5p
the little sunshine kids;Cars, Trains, Planes and More!;Rain, Rain Go Away;46;98403;2tgnG0GY0DP96FBoJkkFof
poorstacy;The Breakfast Club (Deluxe Edition);Don't Look At Me;62;188237;5hQZDntIU1PbXhmH94kZoM
poorstacy;i don't care;make up;61;121413;1uxDHAH3cPPg5tmzcoDAIH
poorstacy;Hills Have Eyes;Hills Have Eyes;60;130588;3HUB8GPbaGpIpjRoONLJP4
poorstacy;i don't care;hollow;52;131088;6L3Zo97zk0I040HDM4fQEp
mamta sharma;Yaara;Yaara;63;266762;3Oi40ZdQtHovqlehbuF9xo
mamta sharma;Dabangg;Munni Badnaam;58;305017;6fORBVECjNDJ1gdq5uuoAz
mamta sharma;Dabangg 2;Fevicol Se;58;289865;0wEgK7RKkB1R6sR5Nrwh5g
mamta sharma;Mera Dil Bhi Kitna Pagal Hai;Mera Dil Bhi Kitna Pagal Hai;56;264587;3TDxWOUA8PxbJUMgDhVkXN
kumar sanu;Bollywood Music - Kumar Sanu At His Best, Vol. 2;Ek Din Aap (From "Yes Boss");65;266066;7dbO1k9ryxPFJG0fvYBffu
kumar sanu;Kuch Kuch Hota Hai;Ladki Badi Anjani Hai;63;381706;6f3C6rJo7zvmfr1h5SRvxg
kumar sanu;Main Khiladi Tu Anari (Original Motion Picture Soundtrack);Chura Ke Dil Mera;60;474653;4P4NsWdqLziZpEteU1uFCI
kumar sanu;Yes Boss (Original Motion Picture Soundtrack);Ek Din Aap;59;266066;5fq7CGNYZKJm38HbLwMg9h
kumar sanu;Bollywood Music - Kumar Sanu At His Best, Vol. 2;Mera Dil Bhi Kitna Pagal Hai (From "Saajan");59;324893;5doN1AbRIHIgpGMtRAjqRn
kumar sanu;Vijaypath (Original Motion Picture Soundtrack);Raah Mein Unse Mulaqat;58;519226;1ZcluxOLEoQEZHp8qsHVe2
kumar sanu;Tumsa Koi Pyaara (Lofi Mix);Tumsa Koi Pyaara (Lofi Mix);57;201136;6Y9PsNU0NxF2Jc4uYGHXJC
kumar sanu;1942 A Love Story;Ek Ladki Ko Dekha;57;275386;3rLSVdt9C2Pg2jo90oltnU
kumar sanu;Bollywood Music - Kumar Sanu At His Best, Vol. 1;Jab Koi Baat Bigad Jaye (From "Jurm");57;480813;3xmOPoqoc77SlEIcmhoQK6
kumar sanu;Aashiqui;Ek Sanam Chahiye Aashiqui Ke Liye;57;372693;5KikkBMpRSMB4PnroLf5hZ
kumar sanu;Baazigar (Original Motion Picture Soundtrack);Baazigar O Baazigar;57;459266;56h75LnnsaBy4T8N8MSNgF
kumar sanu;Ishq (Original Motion Picture Soundtrack);Neend Churayee Meri;56;346720;2oVJZVH1hlxP3MxyDFRSEb
unni menon;Shajahaan;Minnalai Pidithu;62;291015;6Xejo9F1hr17aXInilcKZ7
unni menon;Roja;Pudhu Vellai Mazhai;61;313028;32j96Gl0BjQHAVdMPxin43
unni menon;Uyire (Original Motion Picture Soundtrack);Poongatrile;59;340610;22l0qyOhl50I7bslggljTD
unni menon;Best of Unni Menon;Enna Vilai (From "Kadhalar Dhinam");58;351085;7daqDwcy1W8UUdqgFAYB6P
unni menon;Hits of A.R.Rahman Isai Saral;Kaadhal kaditham (From "Jodi");58;297324;2KZ7VdPXY5k8B3pZB3nhCv
unni menon;Pennin Manathai Thottu (Original Motion Picture Soundtrack);Kannukkulle;57;283680;6DpNW0DW16l92pLLOg9dzw
unni menon;Rhythm;Nadhiyae Nadhiyae;56;409306;3r9TfIOkOIM2Uwr5IW0sxP
mc virgins;Trap Anthem;Trap Anthem;68;133017;5YOlr46EwaH34hfN6r4vXR
mc virgins;Anime Thighs;Anime Thighs;65;155000;3wn5Rw7VBqwP0vAQtjMhOS
mc virgins;Bumpin';Bumpin';60;145119;7LmHkGqVkr6cMPhA8J5dmn
mc virgins;Stay Strapped;Stay Strapped;56;128835;6NvPXKV5QWnlxoPPzzAow7
mc virgins;Sundress;Sundress;56;156143;2O37qWcDgagAXrGCIyeIeb
mc virgins;Virgins Club;Virgins Club;55;110687;6u4pADuJ055iYJMi38E2I4
mc virgins;Forever Virgins;Forever Virgins;51;159500;2hYpH6B9Y1cMwU4p9pwxa7
the seige;Arise (From Marvel's "Cloak & Dagger");Arise (From Marvel's "Cloak & Dagger");61;130500;4pIO4Hi73yRGnXt8zRbQ7m
the seige;I Am Defiant;I Am Defiant;60;248880;4ePKbzLwkIBslceokt2iXZ
the seige;Run for Your Life;Run for Your Life;55;180137;0L7lTy1aRn1TYYCTazcO5j
watt white;Eye Of The Storm;Eye Of The Storm;65;199008;4Wj52fsynPssW52HDQuzrt
watt white;Death Grip;Death Grip;58;177614;2fZFQe9qyQx1AX7tZ3Uztl
watt white;Eye of the Storm;You're Gonna Know My Name;53;210774;6L9p64RiacvHRBQlKFRkho
linked horizon;Shingeki no Kiseki;Shinzo wo Sasageyo!;69;341413;5uraJqtCBvLpwt3VeomZdq
linked horizon;Shingeki no Kiseki;Guren no Yumiya;66;310680;70p3HYq9iHZisJqpDmWd1U
linked horizon;Shinzo wo Sasageyo! (TV Size);Shinzo wo Sasageyo! - TV Size;61;90000;27iksNpaur1CcH0w8703by
linked horizon;Shingeki no Kiseki;Jiyuu no Tsubasa;60;331946;188vCXc4bAejLqGhpEVBGT
linked horizon;Guren no Yumiya Tv Size Ver.;Guren no Yumiya Tv Size Ver.;59;94283;6rsbsdiGDrYvhbb1K7ziTL
linked horizon;Shinjitsu eno Shingeki;Shoukei to Shikabane no Michi;57;276176;7lcTpZtdTyfiIgVIpmTVut
linked horizon;Shoukei to Shikabane no Michi [TV Size];Shoukei to Shikabane no Michi [TV Size];54;90090;0q8WLWTRdN7XcNCoZIxCu9
linked horizon;Rakuen Eno Shingeki;Akatsuki no Requiem;53;240573;2vH8JFJKfkAgZs1GFlOzGh
linked horizon;Akatsuki no Requiem (TV Size);Akatsuki no Requiem (TV Size);49;90090;67ToAFiWlRXwlJOOHdc0Bo
nohidea;Esuna;falling down;63;96053;39BjmE63Oum0jR2QpHYSJv
nohidea;Smile;Smile;58;144040;0Ys4J7iim6STsGeLmFLWIo
nohidea;osho;sincerely, yours;55;139684;3gV0E3N4uOcoNsbxLkGWkp
paul young;From Time To Time - The Singles Collection;Every Time You Go Away - Radio Edit;70;267000;05fHQeRbCSjKVS6z0WbQKJ
paul young;The Secret Of Association;Every Time You Go Away;61;324346;3ZI3sK9ZJB3LOiZtCs9l3p
paul young;From Time To Time - The Singles Collection;Love of the Common People;60;220733;6cARFkZxx2JR3JlvDzeLZc
paul young;Other Voices (Expanded Edition);Oh Girl;56;216373;0YqhqbLNpfQetrwuLaVTiK
paul young;The Secret Of Association;Every Time You Go Away - Single Version;54;257959;0yNvCWhV6EyDpYAAczCm1E
paul young;No Parlez;Love of the Common People - Remastered;51;240733;4aQ1otVH5RkvygLElyaW7j
the jacksons;Destiny;Blame It on the Boogie;71;214200;3qI94hINNNeb4S7xQi18lS
the jacksons;The Essential Michael Jackson;Shake Your Body (Down to the Ground) - Single Edit;57;224893;6lSVidZXCnOnYAWcgIqVDF
the jacksons;The Essential Michael Jackson;Can You Feel It - 7" Version;57;230773;4qv7YSyt5UV8LvrXyE8sGn
the jacksons;The Essential Michael Jackson;Blame It on the Boogie;57;210533;0ryUadrXsahO3mASlKUJlT
the jacksons;Scream;Torture;55;293120;0XOuVAHsANAWw0LF0Yxkw5
the jacksons;Scream;This Place Hotel (a.k.a. Heartbreak Hotel);55;343413;2BU4dK1fu1CFLjTBz7ju7Q
cassandra nestico;Mystique;Mystique;61;150250;47u0q4Z7iALJXli6pkcnvA
cassandra nestico;Hope;Hope;59;173276;6hB8cRpNQzIj7k6MCYh89H
cassandra nestico;Everlasting;Everlasting;56;154374;6U0Rth9EM8xwmg7rtrKV3t
nwyr;The Lone Ranger;The Lone Ranger;63;156923;12KMoAMzaeBFh91O5sxP2o
nwyr;S1R1;S1R1;57;183363;177jHmS4lU3rQ0ChQgnJNg
nwyr;Cocoon;Cocoon;56;187225;2hrlDOytJk8qOIXi9l6O5e
dani fernández;Dile a los demás;Dile a los demás;64;209925;4iK6NFBfZ94xd6UJ0dHVoh
dani fernández;Clima Tropical;Clima Tropical;61;209614;7wD6WAp1lowdxnvEfgyvNV
dani fernández;Incendios;Bailemos;60;210468;5EnaxC9amhXY55ezw87SL8
dani fernández;Entre las dudas y el azar;Dile a los demás;59;209925;71J4vM6OnOl9Bs99CaS2dq
dani fernández;Entre las dudas y el azar;Clima Tropical;56;209614;7JFa80j5Cw6DMf8RISgd0t
dani fernández;Entre las dudas y el azar;Si tus piernas;52;244935;5wqwUPr7DbRT6FogXVmWWj
taburete;Roto y Elegante;Roto y Elegante;60;223100;7o7CBVw8COB78kR5P2zK1m
taburete;Dr. Charas;Sirenas;60;184250;3IqlVU6AunWVMcGmfgiDLF
taburete;Penúltimo beso (feat. Miguel Campello);Penúltimo beso (feat. Miguel Campello);56;212015;1JbcfK2RTfcmsfypYm54KU
rezz;Puzzle Box;Puzzle Box;61;212210;5EhnuLMer8qAXEDwmLtyrW
rezz;Someone Else;Someone Else;60;198947;4hR3hQKELrARHNZJ51D14s
rezz;Taste of You;Taste of You;59;167606;655sojH8GGEteZTBJOFyy7
rezz;Sacrificial;Sacrificial;58;182000;5YvYKEQEYJp4orh4z3Dnpk
rezz;The Silence Is Deafening;Edge;55;223886;4pCvnGkf7jveRMKHZosxxB
surrenderdorothy;SittingInTheCar;SittingInTheCar;62;86227;1biGLgU3ws2Z9S4iCMLoDx
surrenderdorothy;BreathingExercise;RepeatInfinite;61;119333;4ALZ8gmNvmtOVNkZwK19dC
surrenderdorothy;ItsTheLeastWeCanDo;IllLeaveItUpToYou;58;114025;3yJVVfQMLKNwHPaO5iHppk
surrenderdorothy;WeNeverAskedForThis;UsedCar;57;95786;3xwIAsYcyfte7VLi8fzVkk
surrenderdorothy;BreathingExercise;TendingToTheGarden;55;120333;3jA6hQtMdLgPzRci6aGluZ
teemid;Electric Feel;Electric Feel;64;213974;0BQ4zIMESy75Qf2HeMi4ds
teemid;Wonderwall;Wonderwall;63;246169;4sigEqg7SMeZsn8haXoloU
teemid;Believe;Believe;58;225880;4ZK6kJ2LllaXrbSG41uOtq
teemid;Love Me;Love Me;55;174975;2OtHPItRShU1by6SliultH
teemid;Sexy and I Know It;Sexy and I Know It;53;213345;06rcHn4ehOCA1I1n6CJ2lb
vwillz;Darkside;Darkside;67;134060;3BvqjMhMCLNlluQagWb589
vwillz;Falling Slowly;Falling Slowly;67;119066;20O2mCvJkmrZ5RNED9tbpu
vwillz;Overboard;Overboard;58;150073;0NZJG1tdCFfzSWKC5WqHa8
vwillz;She's Gone;She's Gone;51;224390;1Q7HO1L7KO46VlMH8C3Abh
vwillz;Before the Storm - Night;Eyes on You;50;150151;6fVazKhR05IQGpyTDnyd3L
ankit tiwari;Galliyan Returns (From "Ek Villain Returns");Galliyan Returns (From "Ek Villain Returns");77;350011;2eTkxblLeqdTSsb2ivafDX
ankit tiwari;Shaamat (From "Ek Villain Returns");Shaamat (From "Ek Villain Returns");70;334173;455lcFHS2MOMKcGquhAf22
ankit tiwari;Aashiqui 2;Sunn Raha Hai;68;390222;5PvwPy5eRO8BPwpRzCHK3D
ankit tiwari;Sanam Teri Kasam (Original Motion Picture Soundtrack);Sanam Teri Kasam;62;314000;1PDREqVNvmphIoNac3Vz8c
ankit tiwari;Roy;Tu Hai Ki Nahi;62;333922;4brSaQIT3bnnE41D042fgL
ankit tiwari;Ek Villain;Galliyan;62;340399;3ySVdXje5nm31d7vL3jNV3
ankit tiwari;Best Of Shraddha Kapoor;Galliyan (From "Ek Villain");62;340399;517bz7zkWELmyL4eZzJ5R9
ankit tiwari;Shiddat;Hum Dum;57;305038;1QhcBKt0schkJBhiZx6lxn
ankit tiwari;Shaamat (Ankit Tiwari Version) [From "Ek Villain Returns"];Shaamat (Ankit Tiwari Version) [From "Ek Villain Returns"];57;334344;5BpRF0R7OS0NWrEccF8d26
ankit tiwari;Rustom (Original Motion Picture Soundtrack);Tay Hai;56;227840;7cLL8r2zejJqJJrpkybCiM
ankit tiwari;Pagal Mujhe Tum Kahoge;Pagal Mujhe Tum Kahoge;45;201857;3WNM7W8oGRNBBpqA4QeZ0n
ankit tiwari;Galliyan Returns Remix;Galliyan Returns Remix;25;315176;6RqFT4w5AbPQN72fyzogwq
seafret;Tell Me It's Real (Expanded Edition);Atlantis;90;229173;1Fid2jjqsHViMX6xNH70hE
seafret;Atlantis;Atlantis - Extra Sped Up Version;78;190758;3u6PxWema1snbjLbFEyjkJ
seafret;Atlantis;Atlantis - Sped Up Version;73;212443;72VBmMUTEVWFcDUVgMbqo0
seafret;Tell Me It's Real (Expanded Edition);Oceans;66;215440;5eXnC2B5RU5fAhfwvV2ABD
seafret;Atlantis;Atlantis - Slowed Down Version;61;253400;5at70ffs5pTXRs5JYfw8fs
seafret;Pictures;Pictures;61;196499;7cvElcxrvUMyYi5LS5rF5o
seafret;Most of Us Are Strangers;Loving You;60;195146;6jsDhixAjBtkNcv9KFYaYl
seafret;Tell Me It's Real (Expanded Edition);Wildfire;58;224800;2Ro9FLIVhPwIQopSr48oJT
seafret;Anywhere from Here;Everlasting;54;222442;4AZ0sJsofN1fu52BaYDfQX
seafret;Anywhere from Here;Valentine;44;216391;0dTqACDUQt7SrBJhzh9V2N
seafret;Anywhere from Here;Running Out of Love;41;258657;6d84139KKoINJWQOnMzfb0
seafret;Anywhere from Here;Hollow;38;235150;05U8JOKjeCFCRCKywXay8t
seafret;Anywhere from Here;Pictures;37;196499;4WL5J8i7e8bpdLLdhEQ3ZK
connor price;SPLAT;SPLAT;70;125685;71rw9MB77BR8LHMFZK8gKV
connor price;You Said;You Said;68;135000;2k5rWMAz9RvFS3k3kk3cc5
connor price;These Days;These Days;64;148807;3Ozu8P9g9rZUDiKGG5ZUmx
connor price;Marathon;Marathon;62;136062;6TVqffNTpDAlfCtDIKyFbZ
connor price;Jude's Song;Jude's Song;62;137079;6CKU2H5ZhY27Toecau0JbO
connor price;Easy;Easy;62;144169;0TGIw5lMfCjMhFZN7z43uk
connor price;Start Again;Start Again;59;152426;4l5e4G1RzrfWWFgehoEgAH
connor price;EGOT;EGOT;58;179571;4ZvzH0HKoh04HAgLq9PfWD
connor price;Selfish;Selfish;55;113056;1PJsUeqqU2H2iVCZ7ZBGnU
connor price;City Lights;City Lights;54;135333;6yYPP5wXvJ4ngeskwa3bld
connor price;You;You;54;174293;5VPSuEwoiGMvUvczjbjJSE
connor price;Happy Face;Happy Face;54;185750;3hXqNlyf5L8t9vQDNyzazm
connor price;Receipts;Receipts;54;156031;4j0t2EQsJ8ebWWrq8LpPfV
connor price;Love Language;Love Language;51;170880;526SpJgLqe5JZtyXNo0Ic6
connor price;Don't Tell Me;Don't Tell Me;51;177620;2Nup8oYRzBaqtPSU9qnkls
reignwolf;Hear Me Out;Keeper;59;186992;7wZc7nmPQIoJ4xTW0iJcAd
reignwolf;Hear Me Out;Black and Red;58;219522;1DJVvKIX6niMWGUitYkM1f
samm henshaw;Broke;Broke;60;207722;1JqcZQCnxjDOfZZwQidb1H
samm henshaw;The World Is Mine (Whole World Ahead);The World Is Mine (Whole World Ahead);57;175627;4xmq2DFdbkwVqimOKQGZU7
the millennial club;summer nights;summer nights;59;213205;6tQQYvGkmpjWLVmJKc0Rpr
the millennial club;summer nights;feel the same;58;131866;5imUsSGjd1ok68w4HXh1My
[bsd.u];444;French Inhale;61;108078;4JLI9AgtAXutJvjlXgZBoR
[bsd.u];A Sad Kind of Bliss;Bebop;56;100562;3U19GVybWYwG0wMXzrgL2h
alrahim wright iii;Before The Big Picture;I Watched Her Leave;59;173133;1Dn2wM6dfCNz0c3uGsbWfV
alrahim wright iii;Before The Big Picture;I Am So Sad... I am So Very Very Sad;58;111560;4zCP9shp3aiL68yGQ8v8DE
chronixx;Dread & Terrible;Here Comes Trouble;59;234586;5Wwr2S7QZTR5PVJn6jhgdk
chronixx;Chronology;Skankin' Sweet;58;252125;5SQaQWvBDEAeug4EPyYEGE
fini;Under the Sun;Under the Sun;62;234106;7IabOF0F1Cx4eWe7FjdpzN
fini;On My Mind;On My Mind;55;129000;4j8dV3mWwJjBm8gi5woHiW
hnny;Sunday;Cheer Up, My Brother;60;305776;37D9O4De2WL1hA6gyResgl
hnny;If This Is House I Want My Money Back 3;Most Really Pretty Girls Have Pretty Ugly Feet;57;285440;0SwAOdc4C2kWUMbsXG4ztz
cheryl freeman;Hercules (Original Motion Picture Soundtrack);The Gospel Truth I / Main Titles - Hercules;61;145640;6uW03WHG3qv2FzxPIW6SUP
cheryl freeman;Hercules (Original Motion Picture Soundtrack);A Star Is Born;56;124200;64Eug7tFE4KWJNQUE73BGe
cadmium;No Friends;No Friends;64;235023;4U7G8dgUodMEVSv96QRcDb
cadmium;Melody;Melody;53;220235;6zlw2AqqtIjmRFksb3cmN3
hippie sabotage;The Sunny Album (Deluxe Edition);Your Soul;61;324806;6ZT3coOj97F6CVvruPtnox
hippie sabotage;Red Moon Rising;Enough;56;279145;4vwWOa4UPcpbpHB6h4n8lo
angus & julia stone;Down The Way;Big Jet Plane;61;239146;7znAjItIP7xKKhyFzF5W1B
angus & julia stone;Snow;Chateau;56;273560;1tQtURCQmQnY5ZxJNTgXKR
plüm;Crazy;Crazy;67;220000;3h0tEwAyOCQDa4X8NEcy0Q
plüm;Flower;Flower;62;166607;4xJgLXFUkIkILn6Z5IHBtD
plüm;Rêve sans fin;Rêve sans fin;62;155000;2OKfbCxQZ9ylJpulyG0iBj
plüm;I See You;I See You;61;165161;6eOc4UyJok1C0t3mur8GYD
plüm;Just One Dance;Just One Dance;59;212352;7tYCf3ftc99AQrn2cXYM6d
plüm;Kuala Lumpur;Kuala Lumpur;59;182000;2gK4qTOtzYQiiOW6I2bXj8
plüm;Somebody to Hate;Somebody to Hate;58;179000;2yhgVnRlGhlQZo7Be1GkTj
plüm;Sensation;Sensation;57;164869;3nKxX6zfFneRwrQtC8mshP
plüm;Slow Down;Slow Down;57;176000;4pNe1h6fI98gVafiF9xf0w
plüm;Blame;Blame;54;182000;5MDKJ7OhZkJh0qnYyILE4Q
plüm;Help Me;Help Me;53;182654;0x0uobgoQpUnTKw8wFMypM
plüm;Wish You Again;Wish You Again;53;162968;5h1pZUy66SpvvhtmhPQ1yg
mellowdy;Rise Up;Rise Up;60;151575;1PRT1JHwc66PGya593WcMr
mellowdy;On My Way;On My Way;57;152021;5wFbhhwqavrKGvSkGeFyLL
the vines;Highly Evolved;Get Free;65;126573;1JcGNoiwifg0MdJMVgJQYx
the vines;Wicked Nature;Metal Zone;57;144860;2hK67eTuNLPcrzYqB4BjZO
the vines;Wicked Nature;Killin The Planet;56;204029;3nO4DXUbCrJo5u6HVwNvcw
the vines;Wicked Nature;Green Utopia;56;145975;4VYc3oR2FH4ea4HYn07fBF
coldrain;THE SIDE EFFECTS;MAYDAY (feat. Ryo from Crystal Lake);61;227011;2wJJNgD6GrKoQ435VxTRv6
coldrain;Bloody Power Fame;Bloody Power Fame;56;238498;6oshufDccwvnIwKCvKayb6
ajey nagar (carryminati);Yalgaar (Original);Yalgaar;61;195652;0RGp4KA9wvndxqPIWoKwnD
ajey nagar (carryminati);Vardaan;Vardaan;56;202105;0MRg2bzlVhGQTi4ecu792k
dilpreet dhillon;Gaddi Vich;Gaddi Vich;60;172800;4mBMyfaNeG40BUBm3DP5xV
dilpreet dhillon;Next Chapter;Jatt te Jawani;57;240000;6nmkEV0oW6QJ340afYUlx0
lipsika;Macherla Niyojakavargam;Ra Ra Reddy I Am Ready;72;260000;4gC6xOiJLHTpIARRdmYMaQ
lipsika;Prema Katha Chithram;I Just Love You Baby;45;233832;4G0Hapv3voC6uQFuS7iZ2A
sricharan pakala;Hrudayama (From "Major - Telugu");Hrudayama (From "Major - Telugu");60;214814;2TCfkbqlIJbDpuy98asnoV
sricharan pakala;DJ Tillu;Pataas Pilla;57;202000;7ox1JFNmfgRtUBY1kx2aIj
nickthereal;REAL LIFE;愛上你算我賤;62;250941;3jdy4aOla1dwYIqwp69JJN
nickthereal;我做的是愛不是夢;我做的是愛不是夢;55;219556;1aK3V9OCM8GUuMR6GxXhyf
light the torch;Revival;The Safety of Disbelief;61;213226;49ylH81Y53wUOlTHqXK1J2
light the torch;You Will Be the Death of Me;Let Me Fall Apart;56;207844;2NT3vBkWwhfob1dtxY68uV
andrea monet;Reverence;Reverence;61;138000;058YoEqihKwmd8ipTOEWse
andrea monet;Where Stars Are Born;Where Stars Are Born;56;187347;5hWiDRCRKtf8TDpoX1Idk4
lil rae;Hot & Cold;Pick Me Up Then Let Me Fall;59;145095;2AT6k2cr1WuZRU4mkqt9yk
lil rae;Philophobia;Philophobia;58;198181;0LHdHYe5ssIheUX5RZw4rN
rachel bay jones;Dear Evan Hansen (Original Broadway Cast Recording);Anybody Have a Map?;60;146853;0SjjcXfArhzePhEzDNkY8z
rachel bay jones;Dear Evan Hansen (Original Broadway Cast Recording);Good For You;57;185146;7FIrk5lA1IalpZ3OtieeC8
vax;Riptide;Riptide;63;137130;1OEN5wnzICsfdDOGbwaAdb
vax;What Are We Waiting For (feat. Ellise);What Are We Waiting For (feat. Ellise);54;161349;7BUjnisMmZJQP30tLA25DD
real mccoy;Another Night;Another Night;64;236933;3pEuO9J2MTEmec8kUfYYvl
real mccoy;Another Night;Run Away;53;244133;0ibYVniVLMJWvc3eNfYk8T
all sons & daughters;Live;Great Are You Lord - Live;60;290413;4PYOh644yKjYyvyVUHqcof
all sons & daughters;All Sons & Daughters;Great Are You Lord;57;296343;1Hv54MWloXiAZDam1ez840
thaman s;Tum Tum (From "Enemy - Tamil");Tum Tum (From "Enemy - Tamil");70;228567;3H3x4NhR3wJh6IvRHmPvkd
thaman s;Kalaavathi - Sarkaru Vaari Paata;Kalaavathi;68;242322;0hNPo5brQ2MLlrdVKZfHK9
thaman s;Thaar Maar Thakkar Maar (From "God Father");Thaar Maar Thakkar Maar;66;267727;6Pf2T6xvc8C0lWrkg0yUFc
thaman s;Eeswaran (Original Motion Picture Soundtrack);Mangalyam;64;260698;7n5Jcqw85WSfJHrMXsk5N2
thaman s;Osthe (Original Motion Picture Soundtrack);Kalasala Kalasala;62;251813;2PcgMmmhIZA83kwIYEjR8f
thaman s;Ma Ma Mahesha - Sarkaru Vaari Paata;Ma Ma Mahesha;61;246864;5utrjc4CKEFVy0D3eJxV70
thaman s;Excuse Me Rakshasi (From "Ninu Veedani Needanu Nene");Excuse Me Rakshasi - From "Ninu Veedani Needanu Nene";60;228131;4RL53b4NDXOGZsyN0T2hhI
thaman s;Vaalu (Original Motion Picture Soundtrack);U R My Darling;57;279240;6anjTd9oOebDSG3XyZoj5S
thaman s;Hey Idi Nenena (From "Solo Brathuke So Better");Hey Idi Nenena (From "Solo Brathuke So Better");56;254999;4GC2IwmYrlC12YfPfHPLQe
thaman s;Sarkaru Vaari Paata-Title Song - Sarkaru Vaari Paata;Sarkaru Vaari Paata-Title Song;54;156079;4ydNnBV9Jnb5YlXb11kFjD
thaman s;God Father (Hindi);God Father Title Song;25;165810;3DffyCteIYTpAkRKxjqu6R
asian kung-fu generation;BEST HIT AKG;遥か彼方;64;243346;5ORPYXJKlpHWIdceavSGrL
asian kung-fu generation;ソルファ;Re:Re:;59;228760;0WaaPFt4Qy8sVfxKz43bCD
asian kung-fu generation;BEST HIT AKG 2 (2012-2018);ブラッドサーキュレーター;57;222826;2sFBiCSUNc3ptKrCR8JABx
asian kung-fu generation;ワールド ワールド ワールド;アフターダーク;57;192026;6XsJTpZwPKMcG8QK8k14Z6
asian kung-fu generation;Re:Re:;Re:Re: (Single ver.);55;332240;3rxLb8cYhEnv3ZEoluDdpA
unodavid;Hypnotized;Hypnotized;61;130485;5vW5AHNZDIJ6fmj0cBS0WV
unodavid;In My Head;In My Head;60;114285;5jfkhjOOHwuZeNQ9hpIEYE
unodavid;Perfect Pair;Perfect Pair;58;130057;06I2PKNDtP6ypDXAMqCARp
unodavid;Hostage;Hostage;57;131056;16qPkGAjjtZ9dKuSUwpFB5
unodavid;Me Again;Me Again;56;142512;602ue13V6CyZzoVvOgLiRA
berlin;Top Gun - Motion Picture Soundtrack (Special Expanded Edition);Take My Breath Away - Love Theme from "Top Gun";76;255733;15MJ5NThPjj6xhPcts8MiY
berlin;TOP GUN/SOUNDTRACK;Take My Breath Away - Love Theme from "Top Gun";67;251733;77Oww6V7jooOd7aNEMnFJ3
berlin;Take My Breath Away;Take My Breath Away;65;264213;1hZJcuz9iMoz6tLkFlIaUy
berlin;Take My Breath Away (as heard in Top Gun) (Re-Recorded / Remastered);Take My Breath Away (as heard in Top Gun) (Re-Recorded / Remastered);60;249249;28ZCSdsVrt0BCaBhRI0HXq
berlin;80s New Wave Hits;Metro (Re-Recorded);24;260786;61HGzMjSgcnQSBHc3Fehcn
keshi;beside you;beside you;75;166023;1Fhb9iJPufNMZSwupsXiRe
keshi;THE REAPER;like i need u;73;182678;7ivYWXqrPLs66YwakDuSim
keshi;2 soon;2 soon;72;206511;5SlU0Yhi51jobhEiGE4xDv
keshi;GABRIEL;SOMEBODY;71;164662;3iqlzKw1tLt6tXZyKWV0fZ
keshi;always;drunk;71;227031;6D6HVKe7Qu3imn4zzJD0W9
keshi;skeletons;skeletons;69;152480;2BuJrxYKhYky20dQqTlobO
keshi;bandaids;less of you;69;206893;3IqcBL5yjJK3ri0TGaL3MC
keshi;THE REAPER;i swear i'll never leave again;68;173716;5byXSKd7QOHtVMOiptklBD
keshi;bandaids;right here;68;195093;2Q3QRjA8MjzqpFaIkFludb
keshi;GABRIEL;ANGOSTURA;67;171019;38umMmZQdeoOG7Zojor4g3
keshi;GABRIEL;TOUCH;66;205346;5cgy5vMqVZbd8hYutp2txu
keshi;bandaids;blue;66;178600;21yCOhgaDMc0KEtxhZHTbI
keshi;GABRIEL;WESTSIDE;64;184110;60bAuEmJQfzeDV1B84H4xY
keshi;Shang-Chi and The Legend of The Ten Rings: The Album;War With Heaven;64;193373;14gmLQPNYokqB8OKxAp69f
keshi;always;B.Y.S.;64;165154;2yyluSgySg95O24RBkgrMR
keshi;always;us;63;248010;3r9eGg4SVPbhtiPTA9UkmK
keshi;always;always;63;172354;26dXOkhzMxLLNaUXt77HQc
keshi;just friends;just friends;62;123125;2KEnu7ABoDpekTUae5rrU0
keshi;GABRIEL;GET IT;62;151301;4LaZ8RpIP6DIgN73bXQVlO
keshi;GABRIEL;LIMBO;62;212784;2bdVgAQgosGUJoViVDNeOV
keshi;skeletons;summer;61;165213;0LqCvXVNvcnkq78sCQsoO0
keshi;bandaids;alright;61;168280;0zwqkO1MdFPigFIESwdJ5s
keshi;GABRIEL;ANGEL;61;247282;0srUf03MHZ4cbOO4o2ydDu
keshi;THE REAPER;the reaper;60;198978;4vHoOPIlILceWMPGY5XEmJ
keshi;GABRIEL;HELL/HEAVEN;60;160042;4ZrT4GknVWRvBYA8AcLCeY
keshi;bandaids;bandaids;60;215960;2ZP85Jq4K27V6WWVXfINSR
keshi;skeletons;xoxosos;59;153480;2PcRcEPe8HkDhYsA6OV6d4
keshi;always;talk;59;174403;0b8Sf6sJqXOr9cP6tQ7QQx
keshi;always;more;58;184011;24Sqz5FNuD6D5Utxeg4DmK
keshi;onoffonoff;onoffonoff;58;190163;66Cvj3KAYjeJcDEVQRJSYn
keshi;over u;over u;58;179777;6dMnsLoJPFfXIxcsDqjGiZ
keshi;skeletons;atlas;57;171520;0PQK5efczMVIIjScPRZYH5
keshi;GABRIEL;MILLI;56;135158;4mMZANpFSbc19Ts4DpL763
keshi;trilogy remixes;skeletons - K-391 Remix;49;130013;1f3ytRmhzfQqRO39QGbbH8
keshi;Best Road Trip Pop Tunes;beside you;3;166023;3phI9ROeTIrkxmrywORChj
keshi;Herbststimmung;right here;1;195093;5IGU574p3YrKgPoSHymJHX
keshi;Halloween & Chill;drunk;0;227031;3SJ8r9RMlNGR4qTWBGXPrr
me7k;Is It Too Much to Ask For;Is It Too Much to Ask For;62;100586;5KPSKv02jtAsI7fmpT7enC
me7k;Don’t Go to Sleep;Don’t Go to Sleep;60;107986;6OQqkNzm9m3WNNa4to6VKu
me7k;I Know You so Well;I Know You so Well;53;175693;65TNhKWx6vYIQWkvh5EhNH
dane amar;East Daygo Popstar;Green Tea & Honey;65;222315;25kxJg4ykcvM1wphY0yIwt
dane amar;Green Tea & Honey;Green Tea & Honey;57;222315;4s5LsmjqGgpwftaPqgONLC
dane amar;PCH;PCH;53;135483;6HlznqCIW5QbgdJpMbzprF
matt sassari;Give It To Me (Full Vocal Mix);Give It To Me - Full Vocal Mix;79;102860;5ZduaRci3iNUiDfJbBfAaf
matt sassari;Give It to Me;Give It to Me;63;210000;6joEpIEWpZYrezVvqrbvxy
matt sassari;Put A Record On;Put A Record On;56;188160;2W5TiNWmvk0bGqgtaQOma1
matt sassari;The Voodoo Babe;The Voodoo Babe;55;126666;16Y0MeVVRU0SwpKDN9durD
matt sassari;Put A Record On (Shorter Edit);Put A Record On - Shorter Edit;54;165117;61vZyTUSGdBeuhQh0wKLAq
matt sassari;Dance Or Die;Dance Or Die;43;376794;0bf5Jsf2DzO8TXuV5eEDPE
boyscott;Goose Bumps;Killer Whale;62;147939;3My7lwGD0D1SvJ2JzSipUN
boyscott;Goose Bumps;Nova Scotia 500;61;192542;3OrI7MO3lL6F4dUYS5rCkz
boyscott;Goose Bumps;Sleepwalk;52;189983;0g3TtIRE23MsTwn6DZH4DP
the beatnuts;Take It Or Squeeze It;Se Acabo (feat. Method Man) - Remix;72;212293;4F3AZKEJubvPsl0hBArVBW
the beatnuts;Endangered Species;Off the Books (feat. Big Pun & Cuban Link);57;168773;5qqBsCBwzv0g0xb1kB1TGJ
the beatnuts;Classic Shit, vol. 1;Se Acabo;46;208426;0aVDI6Z5vqvcxSkXLG9Kok
milet;おもかげ (produced by Vaundy);おもかげ (produced by Vaundy);66;188060;6ts1KCOudfDYXYfyWtq0k1
milet;eyes;Drown;56;214373;5f9RyYycXAdDHNJvmCnPgh
milet;eyes;Tell me;53;223013;12MNPXTSJp3n2YvrzsCSv0
anna landström;Light in the Mist;To Let Go;63;146580;2MUBJrvs9yanwhD9HZnXUB
anna landström;To the Rain;To the Rain;62;145620;025aQi6Ffw676y8m4zLPk7
anna landström;Song for Teddy;Song for Teddy;61;92703;0z4GaZaZcXdm6bFhAcSLrh
anna landström;Early Memories;Early Memories;60;153524;0yAgdDXxal3Em3W4X1bkGq
anna landström;Wisteria Blue;Wisteria Blue;53;147243;2uDpyb11bwgMOqLQ1ZQ9E9
anna landström;Light in the Mist;Light in the Mist;51;240099;4Be0A7S5hA8MvzB7rbFuHc
barrett wilbert weed;Heathers: The Musical (World Premiere Cast Recording);Dead Girl Walking;63;204613;5L5N8YOsBxdzR9h9sudBgG
barrett wilbert weed;Heathers: The Musical (World Premiere Cast Recording);Beautiful;61;499106;5s5RWM20nO50Ixe2et4uNu
barrett wilbert weed;Heathers: The Musical (World Premiere Cast Recording);Dead Girl Walking (Reprise);59;166600;0ZwCQw4tzcMGq8wZpx1KjX
barrett wilbert weed;Heathers: The Musical (World Premiere Cast Recording);Seventeen;59;191533;2p0FjrYZlNhEejQOLXHP2n
barrett wilbert weed;Heathers: The Musical (World Premiere Cast Recording);Fight for Me;55;155493;0ChcE4uENOGTEthE5dGaXX
barrett wilbert weed;Heathers: The Musical (World Premiere Cast Recording);I Am Damaged;53;86520;1nMI7HkE0NOnuGMLP6MH6r
dani martín;No, No Vuelve;Volverá - 2021;60;239200;1t0iDaXutz0LrGzSBbWGu5
dani martín;Dani Martin;Cero;60;259880;5vCgDt0CtheaWVKzMW5KkO
dani martín;No, No Vuelve;La Suerte de Mi Vida - 2021;55;313173;7e9ECeswuPlEwVFNiFOXv4
marlena;Me Sabe Mal;Me Sabe Mal;63;196225;53w7xjn8fwwU8Pc6rgMm5v
marlena;bailamorena;bailamorena;57;168434;5R8LaP3fPOrj7bRmdG4nKy
marlena;Me Sabe Mal (Remix);Me Sabe Mal (Remix);55;196969;5tyngIB1CqMV6xWIfWRqEi
jethro tull;Aqualung (Special Edition);Aqualung;63;396186;5UuikgHTxSRFRnC0zXx10i
jethro tull;Aqualung (Special Edition);Locomotive Breath;60;266013;0MYNeFsKpzBHwrJGfWZysV
jethro tull;Aqualung (Special Edition);Wond'ring Aloud;57;113426;7bo2X63U1NpKYMXV1mZFkq
jethro tull;Stand Up;We Used to Know - 2001 Remaster;53;243373;5bSSkaqVo0qsOmtYOcPpp3
unknown brain;Superhero;Superhero;65;179224;4tF4f9GwL52a4VruWF5Brp
unknown brain;Control;Control;64;166800;46MUbxLye12SKBN7xHg3CF
unknown brain;MATAFAKA;MATAFAKA;59;197381;1ZOVeidJCvkxOARWTHmWOL
unknown brain;Faceless;Hollywood Perfect;59;162913;2b4s9qk2mq5kaFj4rUZlzr
unknown brain;War Zone;War Zone;58;183007;134KuDqugUFSbDUk0kZmLk
unknown brain;Say Goodbye;Say Goodbye;56;230117;05Tj9EuuK3me0NBJsgcgd6
unknown brain;Faceless;Phenomenon;54;176100;3aYidIc6HUMrL1tFTmokSZ
unknown brain;Inspiration;Inspiration;51;182416;7fAoPMnIEg7IcRVQasrj6V
phlocalyst;Afternoon Jazz;Nuit Douce;60;153750;7h8N0QlHxIEYfnHDVps8dS
phlocalyst;Afternoon Jazz;Rising;59;141971;33es3TwcRecbr3mJrEc8nw
phlocalyst;Daylight;Daylight;58;172747;5rpHwF87dqpsMchcuknrnW
phlocalyst;Don't Forget;Don't Forget;56;148000;5BVwZQXdzWvit2FqwJ0RNz
weibird;如果可以 (電影"月老"主題曲);如果可以 - 電影"月老"主題曲;71;274400;72OVnXDzugvrCU25lMi9au
weibird;慢慢等EP;慢慢等;57;221531;1y9yrb1BMEqqBaFGoMmeIV
weibird;明天再見;沒有人想念沒離開的人;56;189728;1ybDBYsAIOO7Xbstm8AbqW
weibird;I'M MORE SOBER WHEN I'M DRUNK;R.I.P.;49;184069;1GyscxE7G8aAuR9FSFLkYI
hariharan;Shree Hanuman Chalisa (Hanuman Ashtak);Shree Hanuman Chalisa;68;586075;6H7fLdt0AeWpuxUKXuXWrx
hariharan;Hits Of Vairamuthu;Vennilavae (From "Minsara Kanavu");60;351720;5xVGxxFjjFsyxGpXE0U8Qt
hariharan;Ayan;Pala Pala;60;325363;6Pb8yzyD30gPhVLnZUEiZG
hariharan;Alaipayuthey;Pachai Nirame;59;358626;3hp56aHySTDt9bdZiwdDO1
hariharan;Theri (Original Motion Picture Soundtrack);En Jeevan;59;320234;5jkH9Pgv28mW9ve6uGtohT
hariharan;Jeans (Original Motion Picture Soundtrack);Anbae Anbae;58;332428;5FfRt0NaBuDIHpRgsiCkWu
hariharan;Merupu Kalalu;Vennelave Vennelave;57;359773;08Zh9GFP2TKItpgcfRSHUV
hariharan;Rangeela (Original Motion Picture Soundtrack);Hai Rama;57;407000;0ZGicTeWpoIMpJax3NAuhn
hariharan;Poovellam Kettuppar;Irava Pagala;56;310752;0Ilt3ks9TsVNV5g9tM2uW5
hariharan;Bombay;Tu Hi Re - Bombay / Soundtrack Version;56;435493;6nwRC0UkS1MdOOMjcJsrbX
hariharan;Shree Hanuman Chalisa (Hanuman Ashtak);Sankatmochan Hanuman Ashtak;56;368700;3ZF9iTthw2m6w8MsNC0daD
hariharan;Heyram (Original Motion Picture Soundtrack);Nee Partha;56;288000;2Hf0Puh1w4HvTae2HSw6Hu
hariharan;Sakhi;Pachchadanamey;55;361666;5eQYzdcEDOhvJ4ClsUQB3C
ado;新時代 (ウタ from ONE PIECE FILM RED);新時代 - ウタ from ONE PIECE FILM RED;77;228214;2l2yRJWgMiJkfPbRNiuC25
ado;逆光 (ウタ from ONE PIECE FILM RED);逆光 - ウタ from ONE PIECE FILM RED;72;237862;5GXYKnnzBlHvrzBQ5WoxME
ado;私は最強 (ウタ from ONE PIECE FILM RED);私は最強 - ウタ from ONE PIECE FILM RED;72;257915;7bmAgiUc4W4bfyZRCc6lOh
ado;うっせぇわ;うっせぇわ;68;204920;6EzZn96uOc9JsVGNRpx06n
ado;UTA'S SONGS ONE PIECE FILM RED;Tot Musica;67;195226;4eChbtoFoOmWQt03aRDzaJ
ado;狂言;うっせぇわ;67;206893;5QS01sq07pThdktoNUxXRZ
ado;UTA'S SONGS ONE PIECE FILM RED;New Genesis;66;226813;6A8NfypDHuwiLWbo4a1yca
ado;狂言;踊;66;210346;0871AdnvzzSGr5XdTJaDHC
ado;踊;踊;65;208271;7z6qHGEKxRtwtYym2epV7l
ado;UTA'S SONGS ONE PIECE FILM RED;Fleeting Lullaby;64;173373;1pnXMEGyw85jtg9fFZf4GP
ado;UTA'S SONGS ONE PIECE FILM RED;Where the Wind Blows;62;272466;51iiBOpcbxJQWf1cI8kSf6
ado;UTA'S SONGS ONE PIECE FILM RED;The World's Continuation;61;287986;7k9Y8EXEvzKOH3zdMVXXo4
ado;UTA'S SONGS ONE PIECE FILM RED;Backlight;61;237666;3WY0iazRPHOlIq6CdbKLZ6
ado;UTA'S SONGS ONE PIECE FILM RED;BINKUSUNO SAKE;58;206053;4oVlD8uK2QioN4iZ1lBL6X
ado;UTA'S SONGS ONE PIECE FILM RED;I’m invincible;58;257079;7yQnZkAxSiAavC0zFRB1NI
ado;missing;missing;55;189565;5COfkrLpT6t2fHliXbc3tl
ado;J-Pop 輕旅行;世界のつづき;9;287986;6Ojs2aTZv7yeHkZKJQx8UV
ado;TOKYO - HALLOWEEN -;Tot Musica;0;195226;4ca6LN5b17Qjo2GinxmA5v
m83;Hurry up, We're Dreaming;Midnight City;76;243960;6GyFP1nfCDB8lbD2bG0Hq9
m83;Solitude (Felsmann + Tiley Reinterpretation);Solitude - Felsmann + Tiley Reinterpretation;72;222354;6RK3IsiUW6YaSMEodbO4tk
m83;Hurry up, We're Dreaming;Wait;72;343253;01Q3OyB05mLgH01fpdAMPP
m83;Hurry up, We're Dreaming;Outro;65;247026;1s9i7W8zx7Nxx78MUIsvjV
m83;Hurry up, We're Dreaming;My Tears Are Becoming a Sea;64;151826;08wnOyN1wyMaNrup3m353f
m83;Oblivion (Original Motion Picture Soundtrack);Oblivion;59;356674;79npfYK6N5RnBc1jiaoHCr
m83;Divergent: Original Motion Picture Soundtrack;I Need You;57;181280;1na2MOlie83rN9sTNRuEOj
m83;Junk;Solitude;57;363573;49xgzcmtmEnsEDWSOMYWoD
m83;Oblivion (Original Motion Picture Soundtrack);StarWaves;53;221021;0v9Ud7xm4hiYEFu5nKcYzC
m83;Midnight City (Eric Prydz Private Remix);Midnight City - Eric Prydz Private Remix;51;361740;0FoSiffuAmaJ3VyPaebY6I
m83;Saturdays = Youth;We Own the Sky;51;302746;2s8q3MEyTXW7wZjmXkDxDW
m83;Knife + Heart (Original Soundtrack);Tu m'as tuée;50;59743;6iyUPiRoHqlKOR94xSQYfq
m83;Hurry up, We're Dreaming;Intro;50;322760;7w0FV6ViNDZFy9Mu90sQzl
m83;Hurry up, We're Dreaming;Reunion;49;235386;6vi4I2vZkN5mDePmVSSVTq
m83;Junk;Go!;47;235733;18mNRyfNGQvVfwTJo27sNR
izal;Copacabana;Copacabana;61;216566;4hTXeWayUVMwoz6v1CviSN
izal;Magia & Efectos Especiales;La Mujer de Verde;61;304573;72wNM7VYxTZ1PawCKzfTZx
izal;Magia & Efectos Especiales;Qué Bien;60;273893;3iaj0MtII6VPVhwQa4eeX3
izal;Copacabana;Pequeña Gran Revolución;59;275493;3ztnp89aCU5OMQBlbIkEI8
izal;Autoterapia;Pausa;59;172516;2xVrFCODKe7cGjc8nkOINq
izal;Copacabana;El Baile;58;248866;1t9xsch2D9URgAFWuE7kc8
izal;Autoterapia;La Increíble Historia del Hombre Que Podía Volar Pero No Sabía Cómo;57;289140;47nn8l14VASnhqtV33XGgs
izal;Agujeros de Gusano;Despedida;57;168226;3Ye0P7D5bGfuDmTCKJuWxy
izal;Copacabana;Copacabana;55;190626;7lwXrOskUl8qQN8WKuaRYe
izal;Hogar;Inercia;55;227808;0vz6zBI9fKo2vTWCUJKz4P
obie trice;Cheers;Shit Hits The Fan;65;292013;1r3cH3Y1QGe8VseL8GEvn2
obie trice;Cheers;The Setup;61;193000;6uzesxG4dlBg3faZmzL6Qs
obie trice;Second Rounds On Me;Snitch;59;241253;02rlDATSROFtjqmvs1dBKr
obie trice;Eminem Presents The Re-Up;Pistol Pistol (Remix);58;145826;2ULz1p7TwLp9n6dJWFTgAh
obie trice;Cheers;Outro (Obie Trice/ Cheers);55;242800;1ygjXzCzApOeNr396plHmT
obie trice;8 Mile (Music From And Inspired By The Motion Picture);Love Me - From "8 Mile" Soundtrack;51;270746;0jRj0owDUMxxbmz2qkgtSC
marconi union;The Ambient Zone Just Music Cafe Vol 4;Weightless;68;480106;6kkwzB6hXLIONkEk9JciA6
marconi union;Weightless (Ambient Transmission Vol. 2);Weightless Part 1;67;486840;2UZZtkoLOg7IHxeTAdPFvd
marconi union;Weightless (Ambient Transmission Vol. 2);Weightless Part 3;56;458906;70FfytITXJOz0s2xY3rOzz
marconi union;Weightless (Ambient Transmission Vol. 2);Weightless Part 4;55;437253;2fTIn1AqeTGR6tSSfiS8zk
marconi union;Weightless (Ambient Transmission Vol. 2);Weightless Part 2;54;432506;7b2dMRCVDx7OGekIVjCrs1
marconi union;Weightless (Ambient Transmission Vol. 2);Weightless Part 5;54;440333;56rN3Zh03LVnJ5kR1VTRJN
marconi union;Weightless (Ambient Transmission Vol. 2);Weightless Part 6;53;310146;1Mua0g96hUldJWj00GDsel
yxngxr1;Childhood Dreams;Rather Do;65;135000;5rAM2UW8MeVtBxKoNTRXUE
yxngxr1;Digikid 2;PIGEONS;64;121457;6a23CwL8bVeizmNRR9AACs
yxngxr1;hello hello!;hello hello!;58;148363;4k3gATMJJUjP3L3xn2YGxK
yxngxr1;BOY IN BLUE;BOY IN BLUE;58;206315;4YryEvPbPX8FLHml5fRnsF
yxngxr1;NIKEYS PT. 2 IN MINT;NIKEYS PT. 2 IN MINT;58;139354;7bckng9psD3hFOCiIi0qqT
yxngxr1;Tyler;Tyler;55;126544;409qeWve1NEa9hkbrTjaUo
yxngxr1;Teenage Motel;NICE GUY;54;138151;60QvDCrjIu6DmewWRxKKRa
yxngxr1;Childhood Dreams;Damn, She Just Broke Up w/ Me;53;126000;6csnwIgGERqEg8QukutAGV
howie day;Stop All the World Now (Special Edition);Collide - Acoustic Version;67;277000;5rwq6R0Uq0BngM3rdmCeNg
howie day;Stop All The World Now;Collide;66;249120;6dwkFmLUz6hx2CZG2EqLol
howie day;Stop All The World Now;Collide;56;249120;5aDpULK8MbJmHl42kR5KNI
howie day;Sound The Alarm;Longest Night;43;215746;7quFUf8mR7wUxeJip0awxn
zak manley;Kiss Me;Kiss Me;58;163913;1nnEOnBgHPVpAAZIkFknzv
seether;Finding Beauty In Negative Spaces (Bonus Track Version);Fake It;75;193893;4eAwB5pnKFTmsgc3zWoYO0
seether;Disclaimer II;Broken;70;258333;507bYMYfbm6sUS9iEAaeSd
seether;Karma and Effect;Remedy;70;207213;5ynxx6zC4dgzsMHLYQ04Dc
seether;Disclaimer;Fine Again;66;243640;4eTIe5eqds88bA9ua6p5p6
seether;Finding Beauty In Negative Spaces (Bonus Track Version);Careless Whisper;65;296973;46eHxWRKmtYhUHPDRgclt6
seether;Isolate And Medicate;Nobody Praying For Me;64;197800;3bq8WiQrEXMwPAibYs7tpu
seether;Finding Beauty In Negative Spaces (Bonus Track Version);Breakdown;60;209266;0Q9f1NBvKCC37V4oJVEgCh
seether;Finding Beauty In Negative Spaces (Bonus Track Version);Rise Above This;59;203893;4dZ4iHhsqQAQ4em4abLB6C
seether;Disclaimer;Broken;54;257600;5nakPOknHu3XkeeHoVvhCd
seether;Isolate And Medicate;Words As Weapons;50;240200;25jSwur7S47WCiH0hQNUAo
seether;Against The Wall (Acoustic Version);Against The Wall - Acoustic Version;49;206824;7iHpX7m9owsqawBy008yvF
seether;Holding Onto Strings Better Left To Fray;Pass Slowly;46;207832;68pbfPO23QQUl2pxlthi6Q
seether;Curiosities, Rarities And Pariahs;Burn The Bridges - Demo Version;26;258600;4dn3bfwKvyrwjhbTZ7ZcaY
message to bears;Maps;You Are a Memory;58;221746;5cWSpmTfItDuppACMrE3I9
murcof;Avril 14th (Aphex Twin) [Vanessa Wagner Version];Avril 14th (Aphex Twin) - Vanessa Wagner Version;58;165020;5KIOfWtUEKrxDNi4OnIpg2
渕上 舞;人芝居;人芝居;58;247506;74sYtRs4LCDIpdBP8xDMSP
asca;百歌繚乱;RESISTER;58;227080;5bsGv6kAydbH8VTW0xup9D
jerry douglas;Traveler;The Boxer feat. Mumford & Sons and Paul Simon;58;245106;73C8vVm2BRLLBQ8FH6N6Qm
extreme music;Glory Pop 2;Hold On;58;255498;4Z524Thpkxb5g8ZKHa7nWI
john lee hooker;Urban Blues (Expanded Edition);Boom Boom;58;160560;6gJnxMZphJt3sk2JJXTkoJ
liu;Ai Papi;Ai Papi;62;158158;6l6RuG9usSZXu2s0NsyLWe
liu;Pirate;Pirate;54;221775;1JAqy8JxzsmMRq5jD2Oi49
don broco;Fingernails;Fingernails;58;245243;5spwALkCxee9CstWeKG7gF
megan mckenna;This;This;58;184032;0XGbg7ZEDmKenktnVrPmTI
richard thompson;Rumor And Sigh;1952 Vincent Black Lightning;58;283493;1KueOLeUZpaNRK2InckxVT
dennis scott;Kids All-Time Favorite Nursery Rhymes;Baby Bumble Bee;58;60533;1vftQaTHF4KRcDLGdacdRT
justin park;Places Like Home;On the Low;63;181379;4MIKclDDgZgzuaATP5yOjW
justin park;I Can See The Stars From Here;SHADY;56;158515;0eRPXi5EhX86lXUMA0wcns
justin park;I Can See The Stars From Here;You Don't Know;55;95258;16sYs3ObeOoyPtWjIoyPfw
sarah meow;Safe, Pt. 2;Loosing Interest;64;117984;3W8vQte87Y6rQt1v1ZzndA
sarah meow;Safe.;I Know You so Well;60;119089;17eeKDTWiREsr23gIYahtE
sarah meow;Safe, Pt. 2;Soft Skin;59;129144;0bxBXbMWl45I6GrA7yleeP
sarah meow;Safe.;I'll Keep You Safe;58;116881;4HrUDgx9kHWuIeNCwbPxey
sarah meow;Safe.;Imagination;49;110219;2aoNxQM2bTWqF2uC0e8oV0
gentle bones;I Wouldn't Know Any Better Than You;I Wouldn't Know Any Better Than You;62;151041;3K8tRD2Prik7FXbD8lZ6DC
gentle bones;Gentle Bones;Better With You (with Benjamin Kheng);60;166000;4SjXHwsZevaRo1M2EQgHf6
gentle bones;dear me,;dear me,;59;165967;7aGaP4VJ1WOAIL7QlEl1pA
gentle bones;Smile For Me;Smile For Me;51;166415;49z2kxEp9AzpDY66YuD1jJ
elliott trent;Into the Night;One Friend;58;153027;65tHfVat89WdgeWoHaPUXU
shoffy;Lenses;Cool Again;59;191935;4CFJuKGq5CiGF95M2Jrw3S
shoffy;Flash;I Can't Help;57;121250;1sjXaEmqj5cRMns8rWYnKe
konteks;Outer;Backdrop;58;149333;5fqDXVrqZRCtyOVFQBONc6
alt bloom;October Eyes;October Eyes;58;147790;14WC3aPKp9cGWMErF8lkza
lakey inspired;Better Days;Better Days;61;207335;36nutPAJFggPeddyVWDFm9
lakey inspired;Blue Boi;Blue Boi;57;105613;4SKBaun9EERfPsuLYqF1Fm
lakey inspired;Chill Day;Chill Day;56;186070;5dTiWDCLrInxfUwhLQZ5Em
sebastian kamae;Eye Of The Storm;Eye Of The Storm;58;122758;4DTfDKKSDkUeTWrTdmbSWe
mommy;Inaudible;thinking of you;58;131000;1oSevjov1EOdo8TYcrb5nQ
arin ray;Hello Poison;Gold;58;166256;1de4FXWMEcCQq5F5yGkXdZ
peach tinted;Cinematic Youth;The Unknown;58;188368;6No2OA04pRfNVDu2mvrZAy
tone stith;FWM;FWM;58;196666;5qF9vwRZIzBCR1iDUDkU8W
tiffany day;IF I DON'T TEXT YOU FIRST;IF I DON'T TEXT YOU FIRST;58;133547;2lNb0SzyOEHizMxlpT9HM6
chrome sparks;Sparks;Marijuana;58;181149;63PEsIWyy3QgiPy4u5I9pG
eery;Her;Her;58;123219;2koESjC2WBc6qmfg0dmTRt
spencer crandall;Wilderness;My Person;61;177000;1MOOJuxUu9QiQE9GgkYYPb
spencer crandall;My Person;My Person;55;177000;1K61P0kbiT6cJzh77NnxFg
jana kramer;thirty one;I Got the Boy;58;201013;6tbNaE7kvGNqS7FvJ0dzLB
dan seals;San Antone;One Friend;58;117040;3VWNwd48T1J9VR7cpcx4s1
spinall;Power (Remember Who You Are) [From The Flipper’s Skate Heist Short Film];Power (Remember Who You Are) - From The Flipper’s Skate Heist Short Film;65;205530;7vQYsdVQMbB8d8DSxtHSgr
spinall;Sere (Remix);Sere - Remix;60;194181;6kxo2n2WY48fAhLuiwYOAb
spinall;Grace;Sere;59;185454;35056uy2b4M1qJ3Z1ed3sf
spinall;Sere;Sere;59;185454;7IDrQtd8JrnExDCPSq0W90
spinall;PALAZZO;PALAZZO;58;186002;2SaRkvUkzNzL39fBB2hLpt
spinall;TOP MAMA;TOP MAMA;47;208141;5PRGmpPJzsrOXijZdXalVK
iyanya;One Side;One Side;59;161626;48BBynvMm4jmI7hZ9hgPtU
iyanya;Like (feat. Kizz Daniel);Like (feat. Kizz Daniel);57;150545;5Zez1biAREA2C8706kdlIb
marksman;Verified Choppa 2;Verified Choppa 2;58;139093;3YQ5NYk2legzeloibRyXn1
tarrus riley;Parables;She's Royal;58;251026;6dFOwtd9iBMERardJvsIxY
whtkd;Say To Me;Say To Me;58;154000;3PHVj8LcrqgZUhS5LPAHc8
dovicente;Superlove;Superlove;58;145737;5f5DBTOW5Y6wPiKTVcYVkg
hot since 82;Poison;Poison;58;206378;1MeYeeJV7BUmp3Kf0wEmQe
mr. belt & wezol;Way It Is;Way It Is;58;192905;2dwnD6tMYqp8zQmfg1XvNQ
ultra naté;The Masquerade (Mixed by Claptone);The First Time Free - Claptone Remix;58;338019;0BNt1E54JDgCc06Ld5oaQ6
duck sauce;Barbra Streisand;Barbra Streisand (Radio Edit);58;194531;5pYlc1vQ6999WU43WzF4SR
ini kamoze;On Your 90's Radio;Here Comes the Hotstepper;58;244813;4vfzROmNsxedKICcHod5Rh
snakehips;Cruel (feat. ZAYN);Cruel (feat. ZAYN);58;228253;0B2RttXEiyXsMeQ7mMP3EI
jai wolf;Indian Summer;Indian Summer;58;248470;0t488LlnuTDRjklgkotom9
hucci;Vision (Slowed);Vision - Slowed;58;299572;7vU308OLwga3urbN8aUPp6
stavroz;The Ginning;The Finishing;58;482983;2SCLswvRP8hAYdIKsrLV6h
baauer;Harlem Shake;Harlem Shake;58;196664;01XFgRZfZI7oBagNf1Loml
rune rk;Calabria (Firebeatz Remix);Calabria - Firebeatz Remix;58;221250;6lYdV7rTtv3dVpQ89htlRU
✦ pink cig ✦;Beautiful Strangers;Angeldust;58;190868;7IhouSjZ0H5W3fYd5zpPvn
dave thomas junior;I Can't Make You Love Me;I Can't Make You Love Me;58;330483;47lbyHWyeoRe3MJrSN4bk9
amir;Ressources;Carrousel (feat. Indila);58;218000;6rHywKNBPzJ6aLVLT5RshH
mateo;Free To Love;Free To Love;58;155458;3Z9wiXDPADfxgovNa2I6ph
coffee cub;I Need You;I Need You;59;141453;5UYEyQjDOOXhb9Kjlu7q22
coffee cub;Ibiza;Ibiza;59;145833;3dQkixAA0EprLAfta5lw2S
coffee cub;No Need to Worry;No Need to Worry;56;163448;6Zg1gsOZdYbIHWU4GhoE0p
munich monstrs;Ain't No Sunshine;Ain't No Sunshine;58;147157;0LNMSp3yVRnXiv4pxuIRJZ
mc levin;Sua amiga deu;Sua amiga deu;58;178173;142YjJNOuXjzeSDnB1ujw1
anderson neiff;Ela Já Tá Louca;Ela Já Tá Louca;58;147574;4aUnmZzTqfrETKCmE6zvaw
sunbeam sound machine;Wonderer;In Your Arms;58;279349;2DgaPZppYXSYGCaBceXfTw
puzzle;Soaring;I Saw an Angel;58;163514;4PqdOR9uAfyNp67P9k3bH2
r.i.o.;Turn This Club Around (Limited Edition);Party Shaker - Video Edit;58;206537;6tYYEhNoXlPfjgkMmFpd5k
the cactus channel;Stay a While;Stay a While;58;255845;7EdFmnGr4QvCpuMtcP1AC0
beave;Good 4 U;Good 4 U;59;156190;1VRQHQLh9zeIee7Nw3G0oR
beave;Take Me Back;Take Me Back;57;158880;2X30fR4jrB0b1dBPPKdICb
jet black stare;In This Life;Ready To Roll;59;191240;2Cd0EWyX3ICPIPXiCjVe2w
jet black stare;In This Life;I'm Breathing;57;232386;7frIRhmEchPNoXn3FOVEQ9
whirr;Whirr & Nothing (Split Version);Ease;58;206533;0i5zjtoRR0U2715BEgUsdS
paco de lucía;La Búsqueda (Remastered 2014);Entre Dos Aguas - Remastered 2014;58;360546;4WO5q4gmBiPJbv2xqVDADE
scarface;Greatest Hits;Smile;58;300600;2wxO3ZydJTZRi4Bbc02q7i
arivu;Prince (Tamil);Who Am I ?;58;243000;1zPlQih67ZvC3Xp6c2dxUI
hrjxt;Twenty Two;angels;58;204545;1tzMa1ma7O05lIgr4XKia8
ram sampath;Delhi Belly (Original Motion Picture Soundtrack);Bhaag D.K. Bose, Aandhi Aayi;58;241304;1sxh0eqIb8ulYypPuq6ZRu
edward maya;Stereo Love;Stereo Love - Edit;65;184015;2Xf4RoFpi7n06ppsGKbxiq
edward maya;Stereo Love;Stereo Love;51;249244;6EqWTM2gxDbhqqXfcxdMv8
car, the garden;Alchemy of Souls, Pt. 1 (Original Television Soundtrack);Scars leave beautiful trace;59;213946;1y6dEjheBdnopNo0xDXJ9P
car, the garden;Hometown Cha-Cha-Cha, Pt. 1 (Original Television Soundtrack);Romantic Sunday;57;230338;16YZbdkJtyvsjV8UKOwQBB
i don't like mondays.;PAINT;PAINT;58;208405;0n099xB2P5c2ZLDazd3dgr
tani yuuki;Memories;W / X / Y;58;278118;3cBghvTcQNDNkW98Y4eGaP
funkist;Tv Anime "Fairy Tail" Op & Ed Theme Songs Vol. 1;Snow Fairy;58;216626;2rYiDn8FjwBnBPtZDP8to3
mr. käfer;Inner Courage;Inner Courage;58;172000;0yEGDxJqqwRq2n1DCbUIAM
stella jang;Colors;Colors;58;101635;1oACG26rFg4XwAkW5oGGUa
suzy;당신이 잠든 사이에 Pt. 4 Original Television Soundtrack;I Love You Boy;58;264538;5XXJnC5TvcL2QsAZ3Nxgku
tangerine wong;惡作劇之吻;惡作劇;58;226773;643hRiTY9vzD6P0cWO8UP3
michael wong;十光年精選輯;童話;60;246000;6NCylXeJcHOI908PjZDFcg
michael wong;十光年精選輯;第一次;56;263333;2PXhHrVL1HkKk4fto9D8zE
priscilla abby;阿拉斯加海湾;阿拉斯加海湾;58;237840;5DCNAwyomUF3LXunq4NSpJ
vicky chen;Am I Who I Am;炙愛 - 女聲版;62;181184;3CEkc8f1UDvI7kohz3ARpA
vicky chen;Am I Who I Am;煙幕;54;247714;5ISwrjD9HDFTgB77UpRwDj
kelly yu;尚未界定;體面;58;282770;7oOfvZDUqhiJd9OC2Tq8Nh
escape the fate;Ungrateful (Deluxe);One For the Money;65;199950;77tR4iQgyQTAnhhuPik3ZP
escape the fate;Dying Is Your Latest Fashion;Situations;64;187880;1Fu9o08qEKVEwzU8siVcig
escape the fate;I Am Human;Broken Heart;61;187371;5LV0oQV98daZAUoWnQEW6N
escape the fate;Dying Is Your Latest Fashion;Not Good Enough For Truth In Cliché;61;231506;50NQdrO55nqwZrDwKny5NH
escape the fate;This War Is Ours (Deluxe Edition);This War Is Ours (The Guillotine II);58;266733;1z33QOn2Hcq9SfI5pES25L
escape the fate;This War Is Ours (Deluxe Edition);Something;50;217293;6RBY5ToIdDyhM1JNxEYqhd
escape the fate;This War Is Ours (Deluxe Edition);Harder Than You Know;47;259386;354bs7EDkFxcmQYcKB6ya6
thirteen senses;The Invitation;Into The Fire;58;218773;3mGGrT3NVzpa2M9gnocR45
víkingur ólafsson;Bach Reworks (Pt. 2);Prelude in G Major;62;234880;70FROKEHubzMxSstCgaZZl
víkingur ólafsson;Reflections Pt. 1 / Debussy: Bruyères;Reflection;54;332746;3mrWC8aEj9JrxKl6gQ0HRv
crimson memoirs;Turn;Turn;59;179500;26UD6EFThaMnBcmHxb8MOG
crimson memoirs;Geniality;Geniality;57;170624;1vaLaizp9SS2AMyadBtwzL
ledetraad;Atlas;Atlas;59;132000;2UUoUzFXegRNIzIangETNG
ledetraad;Røgslør;Røgslør;58;132000;16zbo4n31PEtvx6eDCWJqe
ledetraad;Vilma;Vilma;57;120062;6M2N8fKC1Ik2rX6ZFW9QOf
luna bauer;Lady Ground;Lady Ground;58;174352;7f6YYO3XtJgWiddeVqnhI0
sanna aalto;Movement;Movement;58;174000;3qowDmCLrK4mgwbbFW5unz
selma india;Je Suis Paix;Je Suis Paix;58;182831;1kjxU1Z1omaqsaS7qh3ZhQ
volker anderson;Yesterdays Answer;Yesterdays Answer;58;159414;4RcazdOk2fclED0uZ1S2K9
reivaj ebol;Emociones;Desenlace;59;170125;2nLJMA693clFEHKBi9de3i
reivaj ebol;The Farewell;The Farewell;57;168000;0rIILfeK7DEyWgCqUtvH0z
maru gomes;Esthetic;Esthetic;58;147702;424kxlBHkHVxwwMkDlPp1s
jon;Chasing Z's;Departure;58;184000;5HSBbEUofDbCCZOuXaJ9un
jackson love;Snowfall in a Forest;Snowfall in a Forest;58;148801;0DoZ4rU4WmaHcySIJHQY5A
lazar berman;Inedito (Unpublished);Chaconne in sol maggiore : Variazione 9;58;63840;4NSH5KlrNzdH9OBtgsBFpL
andrea binotto;Gocce d'acqua;Gocce d'acqua;58;109741;5GYKdUcKo5iuhHla2ekgS9
mukesh;Kabhi Kabhie;Main Pal Do Pal Ka Shair Hoon;60;204040;2MAQWNhW0jKI0qWnNNO8C9
mukesh;Kabhi Kabhie;Kabhi Kabhi Mere Dil Mein Duet;59;298579;46bHffIYlRKDZJG1Wbv8vi
mukesh;Dharmatma;Kya Khoob Lagti Ho;58;239133;3h5YZTfJ4BBpvLVHS6lGUl
mukesh;Mukesh Ki Barfi;Kisi Ki Muskurahaton Pe;57;269333;7rkkhMxGDlfpHtV9Y9bKsC
mukesh;Anand;Kahin Door Jab Din Dhal Jaye;56;337386;2P7i3LoqblIGiNk1Jmbc30
achu;Pondattee (From "Golisoda 2");Pondattee - From "Golisoda 2";59;250396;28zGTndSQj4JT9nCPHRoTV
achu;Maalai Pozhudhin Mayakathilaey (Original Motion Picture Soundtrack);Oh Baby Girl;57;226946;6T6LgYoQlW8pIZTER6S0G5
ajay gogavale;Dhadak;Dhadak Title Track;58;243484;6Gx3Ry4ORogdMibbdITOuN
kunal ganjawala;Singham;Maula Maula;58;244368;5vIcQqiYz1aONkqntTAUTl
hemant kumar;Solva Saal;Hai Apna Dil To Aawara - Happy;58;261825;0p7EstNUg5VYyD8jxs1Na7
dirty south;City Of Dreams;City Of Dreams - Radio Edit;58;226866;54ZPmGE1uOG9IYoUBSRSp7
dada life;Blood, Sweat & Smiles;This Time (Never Be Alone Again);58;166774;31oMgUpAn5VNb3mXshUM8m
fred neil;Fred Neil;Everybody's Talkin';58;164600;5yZzLyY9SMI3ZjdqpXWYDp
uriah heep;Celebration;Lady In Black;58;330600;2U2ByqoO82fnayaPzO4x2d
plain white t's;All That We Needed;Hey There Delilah;80;232533;4RCWB3V8V0dignt99LZ8vH
plain white t's;Wonders Of The Younger (International Version);Rhythm Of Love;53;200200;1OUxBM6TphEnDh4EQkNRv1
plain white t's;Wonders Of The Younger (International Version);1, 2, 3, 4;41;198373;4wlPXKxC2oeiYYPldZaR0s
the ting tings;We Started Nothing;That's Not My Name;58;310573;1i1OuCNhNf7JwrlWlFZFu1
где фантом?;Я тебя люблю;Я тебя люблю;58;196773;35LIFNsMZjGJhLvRYAYxTX
oh honey;With Love - EP;I Love You Will Still Sound The Same;58;207123;6KRddNr4XlooytDWtefT7L
nas & damian "jr. gong" marley;Distant Relatives;Patience;58;345093;2y8pG9CF0HC4cttJ50Pufk
abraham mateo;Quiero Decirte;Quiero Decirte;74;222348;7dT6ccDqmMHvz5C0d8iUND
abraham mateo;Sigo a Lo Mío;¿Qué Ha Pasao'?;62;198053;5fxnoiUBJ5DMAQEYb2uFOr
abraham mateo;Ahora Te Puedes Marchar;Ahora Te Puedes Marchar;60;150257;4aWuoE57P5KteX0L57OrJs
abraham mateo;Háblame Bajito;Háblame Bajito;55;270693;1s46xFwjfRUkRlPlX3PwPk
abraham mateo;Me Vuelvo Loco;Me Vuelvo Loco;51;200980;0KmeVVL1SHlPIiHWtOD34X
abraham mateo;A Cámara Lenta;Háblame Bajito;46;269333;70KrTGi9dJdTwpvxeF7FhQ
carl perkins;The Dance Album;Blue Suede Shoes;58;134445;5d6ZRqgbz26Sg4bk1oifQw
zach diamond;On My Own;On My Own;64;133333;7F7DO6TlpcELwpgwiLl2a2
zach diamond;3:00 Am;3:00 Am;62;166285;4Y42drx9dkvS7U9usQG3VE
zach diamond;Isolation;Isolation;60;146666;18SRNuYjTHSRiNcnWwKrbA
zach diamond;Boomerang;Boomerang;53;160520;4BJWZYtoDhqFIYXZYpu3NI
zach diamond;Wavy;Wavy;51;138191;0L1qOe6ZGo8NZeU3yLclZP
thomas reid;Are You Okay?;Are You Okay?;58;220396;2U8tH2LXMh5EQvI6oBhSHJ
kevin powers;Walked In;Walked In;58;96296;10sX7AMZOVbM2N0FruoDZS
neb;Lost Love;Lost Love;58;71519;2kUtv1wP3roWgZADJHPHaz
chris andrian yang;Mayonaka No Door / Stay With Me;Mayonaka No Door / Stay With Me;58;178200;6EgwlXnFrfkFqOKqY3dqki
jordy;Just Friends;Just Friends;58;189631;69rSEDWuvLS6yyNcESulCc
abby cates;Better Friends;Better Friends;58;180428;16HvU7Y8TNgVjzm987FIco
gloria laing;Why Can't I Have You;Why Can't I Have You;58;285209;2FpzO4dqbCUPtZUQDjcLL3
hoàng dũng;25;Nàng Thơ;58;254476;1w3eUC89GPspKpi62tPwjt
blvkshp;Atmosphere;Atmosphere;58;68040;6f2CmmgE9LM9MpyF5qJVu9
soothe my soul;Departure;Departure;58;215272;75h0fwWf7pVVxreN5NGn1U
soothe my soul;Eternal Glow;Eternal Glow;58;167500;6utIEcZZHk4AbF3fBVIlNM
sleepy moon;Dreams Of Delta;Dreams Of Delta;58;257142;3PMP7s6o3dLLyHnsfqkUs5
carufo;Blood Moon;Blood Moon;58;233121;65ip2ya2ftUbZHZrfCWuVt
caelando;Steps into a dream;Steps into a dream;58;226000;4BgLM3OOiYQcjTCnFxBY38
till kahn;Light Haus;Define;58;208421;6D0lPIqjmSHGQHfXT0mm1L
sezja;Altai;Altai;58;197500;2Vd91FjcKOHXn8kiFv0gnV
zarobi;Dreams of the Milky Way;Dreams of the Milky Way;58;125015;55MCIV8vcsHVz2ECaveJpT
soundtopia;Primary;Bio-logical;58;179251;7bj6z4jBc4z0RSUv4lUoru
for the lost;Peripateo;Peripateo;58;193162;3Jsht2hQ08RWncvgXaFpcp
quinn joshua;Sedate Dawn;Sedate Dawn;58;165802;17dxXweuShPwv4eXAqJMXz
the japanese house;Saw You in a Dream;Saw You in a Dream;58;208280;7dujOm8FJcepmVBQjqdswN
fondo flamenco;Las Cartas Sobre la Mesa;Mi Estrella Blanca;62;278958;15h9quQgltWsgYsdqSyPNb
fondo flamenco;Todo un Gran Éxito;Escuchame Mujer;58;218093;6AXCWtG8yPOcsFnKMqPILE
fondo flamenco;Todo un Gran Éxito;Ojala;57;236840;57L5Szgx4pDUITuGNsxtfl
fondo flamenco;Las Cartas Sobre la Mesa;Q, Tal;55;201851;3bu0XPMpFgxT8XP347QyjX
fernandocosta;Tirititando;Shorty;62;183000;5tL5OWnOFNgGhRu3frvYGT
fernandocosta;Tirititando;Oye;56;154000;0Ku3YuCgohtHEuwkzqD2A7
fernandocosta;Tirititando;Hasta Cuando;56;199595;4SAy4v0GtZaRxSCvvzTJaO
veintiuno;La vida moderna;La vida moderna;58;193746;67oh7LlJZOzQiZ7mM2GtRm
erre;Noches Prohibidas;Noches Prohibidas;58;216818;0J5Lqx3hDPF4GFYWGtJLZA
samuraï;De Charco En Charco;De Charco En Charco;58;160589;72nJMBop58qf4xbNwZD0qO
boy george;Sold;Everything I Own;59;233426;1ZgEpCLk5sQcwMSpIpGfiQ
boy george;At Worst...The Best Of Boy George And Culture Club;The Crying Game;57;202840;3txSqHwGING6J7waJXN8RJ
noir;Around;Around - Solomun Vox;58;418594;5qA35ZZWFOqynheP5x8rty
rollergirl;Now I'm Singin'... (And the Party Keeps on Rollin');Dear Jessie;58;214666;7h2jT3YLmtDAxf4cF6rSQu
rosa anschütz;Rr4;Rigid - Kobosil 44 Rush Mix;58;412920;6Uv0QLfMnAteF6KT0Fltbn
three drives on a vinyl;Greece 2000;Greece 2000;58;234773;0TZL4krCFcuTlYZ8J9kcBX
arman aydin;The Plan;The Plan;58;135483;30N9iQ35AyTPQXDdoNus8u
iamjakehill;By the Sword;By the Sword;75;125812;3HsFSrIsbO54TFDfG66pZm
iamjakehill;Spectrum;Die a King;69;169061;1s70cjkrdj9lpEeQQlmS9l
iamjakehill;Solace;Stay;67;185070;4Xn89qH8uKOumgvAGSvY3U
iamjakehill;I Chose Violence;I Chose Violence;66;139870;7l5GAw0cglUUnN7bKAz5ab
iamjakehill;Rip X;Rip X;65;159466;0j2BydmlwcMqffV08hFDyI
iamjakehill;Hiding in the Dark;Hiding in the Dark;61;184141;1eau7EVXGFffQAGYFxIx6w
iamjakehill;Follow Me Into Hell;Satin Black;61;137740;1vb2AwKBvNylZcKVSyAidh
iamjakehill;RUN UP!;RUN UP!;58;139005;7oDUCu36rMex65tc03C8er
iamjakehill;Voidwalker;Voidwalker;58;148500;5oRF3J9rBRWCNMTi0odITe
iamjakehill;dying lately;dying lately;56;221147;6jkpnvfMM9pEWYe68yNIYt
iamjakehill;dying lately;nerve;54;175072;6P8zr1ghnd78EPhUO8axDm
iamjakehill;Wake Up;Wake Up;54;158316;2CXF3c5KrBsXZygtyQJtq9
iamjakehill;Sleeping All Alone;Sleeping All Alone;54;210067;2wSEG8f9WIqyrdlXjdxzGu
iamjakehill;With You;With You;53;179212;6kq7CvFFZusechOUuuMftM
iamjakehill;dying lately;by your side;53;141956;3x04ph0jWlk4EgxgQ42gdK
iamjakehill;Waiting to Die;Waiting to Die;52;144757;0xWBhH0LfhRiz6P0LJBpk0
iamjakehill;miss me;miss me;51;153600;5LgwTrB1iYwi5C1dXT6Q2J
iamjakehill;dying lately;go if you want to;49;165967;4aDSp2TuP7OSPvN9wrwcs5
iamjakehill;Die a King;Die a King;45;169061;0ZodhAcRJFd0AqfiRdiuAP
karthik;Thooriga (From "Navarasa");Thooriga - From "Navarasa";64;202135;19O4hCGGm95UhvIyhwnNT5
karthik;Ghajini (Original Motion Picture Soundtrack);Oru Maalai;60;354240;1qfanYrmrh7xDSvt15acZ3
karthik;Unnale Unnale;Unnaale Unnaale;60;283373;1RQw9ruSPj5Is7OzqG09Zs
karthik;Ayan;Vizhi Moodi;60;332266;0lZ0BOfkjnBslRqTJgCBop
karthik;Sunday Holiday (Original Motion Picture Soundtrack);Oru Nokku;57;294230;3F9NfQgG5O5YQjDnzUZen9
karthik;Polladhavan (Original Motion Picture Soundtrack);Minnalgal Koothadum;56;409547;3h0W7VWNFZsll7EHTAQWlh
karthik;Kothabangarulokam;Nijanga Nenena;56;319164;5haAVKCKAfb7IYLplcao0h
karthik;Adam Joan;Ee Kaattu;56;328542;2uddWiAVaH4owVLOHZgjGp
karthik;Ninnu Kori;Unnatundi Gundey;55;278146;7MO3e3jJ8iczmix3WeDMFO
karthik;Potugadu;Devatha;55;221118;29Kc7RQUikxuxjkRYa39Ih
leiva;Nuclear;Como Si Fueras a Morir Mañana;64;240984;4aAfLSx9IthpC3Pw5pNk3E
leiva;Polvora;Terriblemente Cruel;60;227600;0XPayKZFFZA2PwSRNi1pVU
leiva;Cuando Te Muerdes el Labio;Flecha;59;233826;1vmSs9UqHEF09fw75pDVXG
leiva;Nuclear;No Te Preocupes por Mi;59;229406;7hv7synVPhVu30Ex2amJQc
leiva;Cuando Te Muerdes el Labio;Diazepam;58;217400;2KrXkY8yRsncGk2kXPD4Zt
leiva;La Llamada;La Llamada;56;240205;5ZCamgcqvkckdf2FdfYuth
leiva;Cuando Te Muerdes el Labio;Premio de Consolación;56;218333;5gcUEklXEEtWnkjRfKzMvi
leiva;Nuclear;Superpoderes;56;179117;3by1RwAsoZ6nNoMOCy11LM
leiva;Monstruos;Sincericidio;56;251453;3Q8avvsQE7mtTXT2TrDx3I
leiva;Cuando Te Muerdes el Labio;Histéricos;55;213533;0b7VF2YIpjMOtcTh2NAPX7
aimer;残響散歌;残響散歌;77;184893;7v8wKvNQQIxkugCFFjrkaO
aimer;daydream;カタオモイ;67;207360;2HovXsvcdJur52BOcYGydz
aimer;DAWN;Brave Shine;63;233493;46YSff2Rq1ZtN1YVk5cwbZ
aimer;Sun Dance;コイワズライ;61;235160;0ZiO07cHvb675UDaKB1iix
aimer;Penny Rain;Ref:rain;60;289986;6MNY72T605kPIOH3hnioxu
aimer;オアイコ;オアイコ;60;234541;3E5HwkuvaaW60z6lLHj5D4
aimer;SPARK-AGAIN;SPARK-AGAIN;58;244160;3NEuSQZbVmfQwRuDKol40Y
aimer;朝が来る;朝が来る;57;294933;6Mq4q5OIMO25vBsKpFdlnH
aimer;DAWN;LAST STARDUST;56;318666;5SIvk89WNJKsl02ojARSYh
aimer;Sleepless Nights;星屑ビーナス;55;252226;1CAhaSy2odeJoPIkFndCIB
aimer;daydream;ninelie;54;261773;164YLgHJYhqOEYUcAc93Xz
aimer;Walpurgis;SPARK-AGAIN;54;242733;7c7iiyRHZQB2VUxyUQA8ZI
aimer;Penny Rain;I beg you;53;267213;5kKSQULHCPFE7CKMPrkAtP
aimer;Walpurgis;春はゆく;52;305386;2rizK3oastlZwyoYwrcLgC
aimer;Walpurgis;Torches;51;294760;0wVjZVd9dwTdaHmtypsNr6
aimer;星の消えた夜に;Blind to you (Remaster for 星の消えた夜に 2022);48;281560;3QrRKBM0VEI2aVIW29Fkp2
crosby, stills, nash & young;Deja Vu;Our House;68;179760;2hitsKa8SthKhRJBXUHbIv
crosby, stills, nash & young;Deja Vu;Teach Your Children;64;173466;29HaKOpeLSYvqdFyEQSRdj
crosby, stills, nash & young;Deja Vu;Almost Cut My Hair;59;269173;0gCJkpD0RhF2rjiALLHBQL
crosby, stills, nash & young;Deja Vu;4 + 20;55;126640;2jZPEeW2ynykb2GkVqpOkJ
crosby, stills, nash & young;So Far;Find the Cost of Freedom;54;118373;3JaE63iPs0x06ECHdpri57
crosby, stills, nash & young;American Dream;Clear Blue Skies;47;187293;5aBo35KynwE90mboBMWKQI
corbal;Love Is the Same as Sadness;Dance with Me;70;87411;55rn9bs7vZBsEK4Y4URraH
corbal;Imagination;Imagination;66;104783;5bttUhX2smfy7urwlidPfG
corbal;Love Is the Same as Sadness;You Know That I Don't Play;54;72676;0chYhbmecFWGmfysKa3vO5
corbal;Love Is the Same as Sadness;Your Love Makes Me Depressed;53;90680;78zh3AbERVLBFEYVJQw2uG
corbal;Love Is the Same as Sadness;Tried to Be Patient with You;53;78662;6oQvlgt4C8sAPP4X7N0rFQ
corbal;heartbroken;heartbroken;51;76800;1wxtyjR9EcrD8BYYKkmwNz
hinder;Extreme Behavior;Lips Of An Angel;73;261853;40LQiUUUKXVGyNs09lHVjW
hinder;Extreme Behavior;Better Than Me;63;223533;10fddGyyeUquZZ2uPTjD7P
hinder;Take It To The Limit;Without You;57;232266;4xNfsvj9mOVnMTvHZZ8HNk
hinder;All American Nightmare;The Life;49;217186;1xLJ3vYuidvAGFZAHMKgl9
hinder;Extreme Behavior;Get Stoned;47;218386;3kU2XrKndUNFrVW6UwVML1
brent morgan;Gonna Be Okay;Gonna Be Okay;65;210165;2Ocao0XJlBrKgIQm9ckhsH
brent morgan;Some Days;Some Days;58;130714;6vfZSkjmzjo6q5BhkWSRxY
brent morgan;Everytime We Touch;Everytime We Touch;58;148888;4m20UzV2cmiPuOlRjvltuD
brent morgan;What Dreams Are Made Of;What Dreams Are Made Of;57;148500;52Mwe2iVyOtsGEmZNCh5jy
brent morgan;Gonna Be Okay - Acoustic;Gonna Be Okay - Acoustic;51;195096;4ywAuNo5FKUBLQ948tn4nf
shallou;Magical Thinking;Make Believe;62;174013;36Qq8d5qOwIwI8MSj3CXQ0
shallou;Here;Here;59;192133;6HAVjFro6OKMcY2xHOP0l7
shallou;Heartaches;Heartaches;59;207627;1hBvUKlvyia60edCcBsxkv
shallou;Us;Us;55;182457;0reR3yfMTisKWQUnOmjxkN
shallou;count on;count on;54;206994;1A4tabNlyLKLOHQW2XpjaU
ray lamontagne;I Was Born To Love You;I Was Born To Love You;67;265843;3PG6V5yuFfo4APiovOQoRv
ray lamontagne;Gossip In The Grain;You Are the Best Thing;67;231840;1jyddn36UN4tVsJGtaJfem
ray lamontagne;Part Of The Light;Such A Simple Thing;65;296386;4PuUa8e5s7P3Zv1IdCGIsa
ray lamontagne;Trouble;Jolene;64;250866;2fSIF8CJhoc9CJhF9vJDXp
ray lamontagne;Trouble;Hold You in My Arms;62;306200;1U1GtaJeYwGsPgqV9Me5bb
ray lamontagne;MONOVISION;I Was Born To Love You;60;251933;3YllcvA3PW1DUwjckCVjIw
ray lamontagne;Trouble;Trouble;59;241546;5aGkIyzLVYGuLIHkxpNAFF
ray lamontagne;Gossip In The Grain;Let It Be Me;58;280226;56AecW9Anb0CY6HpgWvcg9
ray lamontagne;Spotify Singles;Such A Simple Thing - Recorded at Sound Stage Studios Nashville;56;307534;1xYMyM7MxFi4OuzDA2op9Q
ray lamontagne;MONOVISION;We'll Make It Through;51;361013;4WzQEkUYTBzo0DRnJfYPls
ray lamontagne;Till The Sun Turns Black;Empty;48;317280;33JX2be3eKVhl5xk8YQhVc
ray lamontagne;Cruising;Three More Days;36;216773;4M4suTUnAYZocl09XEKBZN
shinsei kamattechan;Boku no Sensou;Boku no Sensou;66;280466;3KhwEuqLNjHfsKaBDo1yVh
shinsei kamattechan;Boku no Sensou (TV Size);Boku no Sensou - TV Size;59;90960;3tRPfCFAEv6wWyQO0YnGGV
shinsei kamattechan;児童カルテ;るるちゃんの自殺配信;57;239255;1ZBhrIxwuiDVB0NDkyekgN
shinsei kamattechan;Yuugure no Tori (TV Size);Yuugure no Tori - TV Size;49;92879;0ALVjqa35c93VuOb5bOlAV
cold war kids;Hold My Home;First;67;200360;3omXshBamrREltcf24gYDC
cold war kids;LA DIVINE;Love Is Mystical;60;214360;12pdXFcruNcPUbZypKUDgz
cold war kids;LA DIVINE;So Tied Up;58;189506;3msS7xaelR4Oa0n7IwHkgF
cold war kids;LA DIVINE;Restless;46;292680;2Xzwy48kdZBWGo2lTc8fVn
the blaze;Territory;Territory;67;276373;2W3EgJst61RLZtPPm3EQim
the blaze;EYES;EYES;64;212080;4ipoHe6bjN9IeXr8CGJYgR
the blaze;Dancehall;She;63;218653;16IzV3JdxmR3X10ZbWHlfB
the blaze;Territory;Juvenile;59;203693;5YzaostcCu9Sgp5T7bFuX3
the blaze;Dancehall;Places;58;214826;6mW2IiQDrp66AUjCsRu6Kg
the blaze;Dancehall;Heaven;58;219280;09wrW4mdaoBrOFY6KSR94h
the blaze;Territory;Virile;57;321560;397sfkANMRKEuchzPCvlFL
the blaze;Dancehall;Breath;57;229426;7jRiYlv4KQU2vT6lG7I1to
the blaze;Dancehall;Queens;54;234680;6EjTmLZVdDfp66yawG1CDb
the blaze;Territory;Sparks & Ashes;54;184000;3YDo9vofdadozleiiPTjUa
the blaze;Dancehall;Runaway;52;255026;6IVxzXBmoXk1TSoI2yrqGT
the blaze;Somewhere;Somewhere;50;215106;0HhleUCwCfFYS413WmpMxJ
lvne;Beautiful;Beautiful;61;177611;3yZuIZOZCBImbR0SKTkj7S
lvne;Never Ending;Never Ending;59;141538;7juRT2OnZvXW8irziSULlU
lvne;Apologize;Apologize;56;174222;6wlVxD051aMtGLxNMjbckT
lvne;Feel The Same;Feel The Same;55;172004;5AQgWo2iZ0JCJkyxRHAtT2
unnikrishnan;Jeans (Original Motion Picture Soundtrack);Poovukkul;61;413425;4g9VvOS1WpFp2FZVSzvIZA
unnikrishnan;Rhythm;Kaattrae En Vaasal - Wind;59;378560;1edm6pAKQv5JsRjxsyjJFY
unnikrishnan;Kaadhalan;Ennavale Adi Ennavale;56;312032;5KfLr5UF3iQN0ifFMQH0ol
unnikrishnan;Thullatha Manamum Thullum & Nee Varuvai Ena;Innisai Paadivarum - Language: Tamil; Film: Thullatha Manamum Thullum; Film Artist 1: Vijay; Film Artist 2: Simran;55;294040;33d0aCkd8fJUtnLTNLDOxV
crumb;Jinx;Ghostride;67;126120;0R3TWpoxAhT3HDXM7tpRzS
crumb;Locket;Locket;65;318378;2vfPsGhqMbqmhjMGQ52dYf
crumb;Jinx;Cracking;59;111986;3VwgtTh9D0CubY32jdhI5U
crumb;Locket;Plants;59;191904;0vMr3GXZJi1IIIWE8bBJuZ
crumb;Ice Melt;Balloon;59;185746;0B6oBwvkyLptGexpwJVz7c
crumb;Crumb;Bones;56;193981;5JCiqYJxcK4XO1mbQyPNdk
crumb;Jinx;Part III;56;222920;49ztutPq82dK8AYDO2OkN7
crumb;Ice Melt;Ice Melt;53;148946;1OPkXWnIK8RYyWTp3NWvM9
crumb;Jinx;Nina;52;200280;3U3uvOHNxa3ODEiD9H6oVr
crumb;Locket;Recently Played;51;120454;4Grli0SlPSpMKAJDeZURG2
donovan woods;Hard Settle, Ain't Troubled;Portland, Maine;66;203869;12niARgkwxGsklcEwh6GlG
donovan woods;The Other Way;I Ain't Ever Loved No One - Acoustic;57;199594;2z3HKlpENvfz1Am2MNF2pL
donovan woods;Without People;Seeing Other People;50;186143;6P82NfCXl3lLcUNSYEmq1u
sevyn streeter;Call Me Crazy, But...;It Won't Stop (feat. Chris Brown) - EP Version;69;281080;2xRYnHQdLD9ketvC01UYYT
sevyn streeter;Drunken Wordz Sober Thoughtz;End Up;66;90023;3ADpniwmJH56hAz01KnaxP
sevyn streeter;Furious 7: Original Motion Picture Soundtrack;How Bad Do You Want It (Oh Yeah);38;224738;0o60e52PdVZ70e6YHWibSE
danisogen;The Gate to Serenity;Healing Touch;59;164745;2h2eJEBhngpmTKDwFuhhDi
danisogen;The Gate to Serenity;Miasu;59;152142;5FAg3AvTKDEmuckKpkezrn
danisogen;The Gate to Serenity;The Old Legend;58;148474;1icX5CUJRfU8tkQunhkTyV
danisogen;The Gate to Serenity;Devotion;57;144406;6mCAfQDPQBnZ3a94oOtKCP
danisogen;The Gate to Serenity;Strong Minded;57;202500;7g90T7PIBzqIpKZG0lzPzS
danisogen;The Gate to Serenity;Voice of the Wind;56;168510;3lnI5THYy7mZeuT0IuMmjA
claptone;Charmer;Heartbeat;65;329537;68Q6c22JNyLUlZYX4dE2tn
claptone;No Eyes;No Eyes - Radio Edit;62;204992;1a8tAQAzHIPQ00OPBXGWPz
claptone;No Eyes;No Eyes - Radio Edit;62;204992;55bfXeq8wXtyKQtSZB3KYF
claptone;Heartbeat;Before I Lose My Mind;62;205402;5Pj8qBEzA9i0vK6Wdt889w
claptone;Charmer;No Eyes;59;242671;4035yp8Z7EyAg3yDchzxA8
claptone;Drop The Pressure;Drop The Pressure;57;180990;0QZdbOtajbimysXPJDkU3H
claptone;Fantast;Under the Moon;55;194386;5kCnPMaiUNbPxDjL24gGkb
claptone;Queen of Ice (Nora En Pure Remix);Queen of Ice - Nora En Pure Remix;53;199500;2qrBzOokp9UlLY712vglIy
claptone;Queen of Ice (Nora En Pure Remix);Queen of Ice - Nora En Pure Club Mix;44;255121;5VyVQuqtPkKZt1jaXKuQkR
bauhaus;The Sky's Gone Out;All We Ever Wanted Was Everything;62;232306;6Q9kdCHXpAef5YbKXKeG9M
bauhaus;The Bela Session;Bela Lugosi's Dead (Official Version);56;576703;1wyVyr8OhYsC9l0WgPPbh8
bauhaus;In the Flat Field;Dark Entries;55;231560;67MkU3b7k2fBL6oHHUiM09
crowd lu;刻在我心底的名字 (Your Name Engraved Herein);刻在我心底的名字 (Your Name Engraved Herein) - 電影<刻在你心底的名字>主題曲;65;320165;3OC84eKMxRJ4x0Hcwl9i4i
crowd lu;幾分之幾;幾分之幾 - 電影<花甲大人轉男孩>主題曲;56;228570;4F7ZAsndEIJXyFzJUHNlRu
crowd lu;魚仔;魚仔 - 電視劇<花甲男孩轉大人>主題曲;52;280954;2sb6AZQLeoD3VgA4zglQB6
理想混蛋;不是因為天氣晴朗才愛你;不是因為天氣晴朗才愛你;63;240753;2VEt42QSQxILgEf9B50xxm
理想混蛋;關掉 / 打開;我就想你;55;204437;0Eh0C7rpC5E0sPy4OcLdsq
理想混蛋;行星;行星;55;323000;2Y8ASbA7bbOMp3PpKRcu54
love;Reel To Real;Everybody’s Gotta Live;59;204521;1Og2Qi5XwYdr0YI6rn79Zb
love;Forever Changes (2015 Remaster);Alone Again Or - 2015 Remaster;57;197274;1XuccRABkfUVB4FjSVhjL1
love;Four Sail (Expanded Edition);Always See Your Face;57;209133;6OojY4NdPiEGWHV2EUSwHz
the crystals;Da Doo Ron Ron: The Very Best of The Crystals;Then He Kissed Me;59;158853;7jeOETwLUP84mPQzxlD5nh
the crystals;Da Doo Ron Ron: The Very Best of The Crystals;Da Doo Ron Ron (When He Walked Me Home);59;140120;0fonScmHUzC0MglSLn9saA
the crystals;Wall of Sound: The Very Best of Phil Spector 1961-1966;Then He Kissed Me;55;158853;5usNPz6U1acDrkUYekGYDY
tina turner;What's Love Got to Do with It?;What's Love Got to Do with It;71;226880;4kOfxxnW1ukZdsNbCKY9br
tina turner;Foreign Affair;The Best;69;329800;6pPWRBubXOBAHnjl5ZIujB
tina turner;What's Love Got to Do with It?;Proud Mary;67;327400;6gJdDnF2TzfA1WPMXuCa3x
tina turner;Private Dancer (30th Anniversary Issue);What's Love Got to Do with It - 2015 Remaster;65;230240;3ErsOxqe2RmXkR65wkygDz
tina turner;Simply the Best;The Best - Edit;65;253592;2W2ieVidLIx9TDvxu0ZT6F
tina turner;All The Best;The Best;62;330253;4OeFQtRyT7vsLnRTv7t8YT
tina turner;Open Arms;The Best - Edit;62;253592;40hIuxoe1aHcfnjOjl6Tkj
tina turner;80's;What's Love Got to Do with It;0;230240;0ew5ANHq1cfeLU9Vj15pJ1
gamper & dadoni;Rule The World (feat. ILIRA);Rule The World (feat. ILIRA);67;170785;3yvHcaY61FpeSiLiHiIST4
gamper & dadoni;Gimme! Gimme! Gimme!;Gimme! Gimme! Gimme!;66;187068;4zLSkwZaiMfzzapPCbdG90
gamper & dadoni;Bittersweet Symphony (feat. Emily Roberts);Bittersweet Symphony (feat. Emily Roberts);65;194618;6sYJuVcEu4gFHmeTLdHzRz
gamper & dadoni;More Than I Can Say;More Than I Can Say;64;153197;7HjAWHKa7PURoZFHgjOA5O
gamper & dadoni;Creep;Creep;62;174998;5hYirmwaIUUGTFwmJl1WXM
gamper & dadoni;Island in the Sun;Island in the Sun;59;236446;79iXIJKvBF0kI8aKZq78PB
gamper & dadoni;My Lovin';My Lovin';59;150023;2K1HUc9t7nJMXa76fA2dL8
gamper & dadoni;Heavy Heart;Heavy Heart;55;166993;2DFQvQWXVUtnHYUwIzye97
gamper & dadoni;Here to Love You;Here to Love You;54;206485;6esLMv3uuSmQ1nw2wQnqgA
gamper & dadoni;Oxas;Oxas;54;301174;3Zg6kO3S4FQ0jMfTIgHzyl
gamper & dadoni;Satellites (feat. Joe Jury);Satellites (feat. Joe Jury);50;176078;18UrmI8xBwVWgVsPxYVL7w
gamper & dadoni;Perfect (For Somebody Else) [feat. Dewain Whitmore];Perfect (For Somebody Else) [feat. Dewain Whitmore];50;169633;7zHnrqnWNZLBmLhLwj3i7c
gamper & dadoni;Crossing Lines;Crossing Lines;44;195910;3pLtgOzLrZTVSLBlFmFDwN
ash;Gorgeous;Gorgeous;61;196000;1b8ChLRqjihDdrrbbFrsGp
ash;Sing It Back;Sing It Back;60;252000;2UhRf78iodPFuJa7TGMSFn
ash;Mosaïque;Mosaïque;58;221935;3bbqxT5UGZsvTy1r3txs0t
ash;Give a Little;Give a Little;55;234838;5TjdmkuqqjkyIIVuDqyFPE
ash;Worlds Apart;Worlds Apart;54;263367;1jEy4S0PriJSPxBIc7XreS
tenno;Mind Temple;Introvert;61;141126;798zLqTKxt9IzOjl3oF3KL
tenno;Mind Temple;Grace;61;181818;2iUMkAjSOs1r8CsrY4G8CQ
tenno;Mind Temple;Flower of Memories;60;159193;2s4v6XhJNO0l7bXJNP4RKS
tenno;Mind Temple;Tabibito;60;139029;4JLOUQ6885YFhUBAoCE6dL
tenno;Mind Temple;Nature's Temple;60;139384;28mhAYXYrKovoGKtvoifNU
tenno;Mind Temple;A New Beginning;60;179016;3jBh3FA378HHmjjqWD4MUi
tenno;Mind Temple;Home;60;179000;5R5atr84EbHUbeBFMd89A2
tenno;Mind Temple;Equanimity;59;162857;68nF6Q2pXDSGBs9hh76cHr
tenno;Mind Temple;Gatekeeper of Thoughts;58;142857;6AR2bdAbSav1UCe52FYKP7
tenno;The Inner Light;Overgrown;55;137910;2422sniydbW1AmHoC4smC5
tenno;Legends of the Past;Torii Road;49;128571;6U4InR48CmnV8jhCCx9JNN
tenno;3 Am. Study Session;Luna;48;154615;5FMeLrcoOH6iwTS5QD7aLR
my darkest days;My Darkest Days;Porn Star Dancing;68;199013;3Q8zopc4ABXhysDb1sgLVW
my darkest days;Sick And Twisted Affair (Deluxe Edition);Save Yourself;63;221160;6FhB5ZyT4JsIJ0ozDlXCIp
my darkest days;My Darkest Days;Every Lie;61;176400;2cLvZokGgikrGmY6XIzztS
my darkest days;My Darkest Days (Deluxe Edition);Still Worth Fighting For;60;196066;1wIE2nfv5oF3ld71AriEDP
my darkest days;Sick And Twisted Affair (Deluxe Edition);Casual Sex;60;193573;442YgzY4YBcE3UXFRrczJb
my darkest days;My Darkest Days;Come Undone;55;248493;4qR4J8QRTeN0W8Rp5nVdzi
my darkest days;My Darkest Days;Set It On Fire;53;207426;5XpUPdTWLLQiNkPbuku2Nj
my darkest days;My Darkest Days;Can't Forget You;52;233266;0dbPZrmb7Sdn5b6Tn2QXMr
my darkest days;My Darkest Days (Deluxe Edition);Without You;46;262933;0W3UUIPbAdBk9V0lmXtDTG
aaryan shah;Renegade;Renegade;79;222576;3yWF3DqFBNLvf7s4C7mKUm
aaryan shah;The Arrival: Part I (Slowed + Reverb);Renegade (Slowed + Reverb);67;279250;7lCu7IgWLKeHBGcTR4HfgX
aaryan shah;The Dark Ages;Demon Time;58;189777;1jEKaQuP8gBW2wYqqtNXEf
aaryan shah;Renegade (feat. Zacari) [Remix];Renegade (feat. Zacari) - Remix;55;222482;6Vuop297JbIfCVbHHmRQD2
aaryan shah;Codex I;Mania;54;204395;5IqLGk70rh1GLGmyfhvnoC
aaryan shah;The Dark Ages;Is This the Life I Chose?;54;217173;2P13hDaVsOIvltSsXmZzXs
aaryan shah;To the Ends;To the Ends;51;186000;4bQGs0xWTdQ1R1eZZqHXyH
aaryan shah;Codex;Mania;50;204395;3D8dVO2xTS63toTYrmCdCF
aaryan shah;The Dark Ages;Overdrive;50;116351;2IaILbVsOyRkIqEMm64Tdt
trevor hall;Chapter Of The Forest;Green Mountain State;61;274632;0c7iF5fSBYxCuwsAv2z4iI
trevor hall;2 Oceans;2 Oceans;54;213055;0goA2cYxU9k2XfQHzo6WcP
fantasticyouth;小喋日和;小喋日和;62;227625;4AElkruOc9gECdltSuV3JN
fantasticyouth;外道讃歌;外道讃歌;53;269031;5iPg9OCOa6Jv7Y9HLrtmxC
kankaku piero;Iroirotoiro;Harukamirai;63;177106;2vDPSojrX4aL7aiCPD7kja
kankaku piero;Rakugakipeiji;Rakugakipeiji;52;203495;0vIVLPuiWbtufH0lnkY1Zn
reol;第六感;第六感;60;191624;22sQUmLhT8umlEhQzDrzfJ
reol;No title-;drop pop candy (feat. ギガ);58;224962;3fao1RoZVQPtkHY8upjezr
reol;No title-;No title;57;243903;5pZVsZ8TOGly1KnYFmZ61B
reol;極彩色;MONSTER;55;201933;6zoNHckACUOGj2bERXgmnw
dion & the belmonts;Presenting Dion And The Belmonts;A Teenager In Love;61;158253;0QGwOFQChzflLAmPq5NwKo
dion & the belmonts;Presenting Dion And The Belmonts;I Wonder Why;54;141386;7vAw4LLIms6X8ZHcbtoazz
"puppy dog pals" cast;Puppy Dog Pals: Disney Junior Music;Puppy Dog Pals Main Title Theme;60;57789;5qtlopq4SnnvVeiQVt3M0n
"puppy dog pals" cast;Puppy Dog Pals: Disney Junior Music;Going on a Mission;55;38144;4aY2hh55axhL2qYYqXNoOM
idealism;rainy evening;Controlla;67;108000;1FlY15vdP570PJucy6JdYm
idealism;Both of Us;Both of Us;56;115763;1ADffIiBVfqDSRb8LKE3pU
idealism;rainy evening;nagashi;55;109948;6vmPUsrVk873GWkJwygHKD
idealism;hiraeth;ikigai;52;149610;6o7phyVV9ywtZ48SUd9BbI
j'san;i'm in love with u, sorry;i'm in love with u, sorry;62;90315;5p684vIzF5LOkmHL3I0tyM
j'san;1 Am. Study Session;Snow & Sand;53;165000;0jBJg2VmLJYVEuClKXHaYV
bluntone;A Day in the Life;Blank Canvas;60;184543;1HxqiXTBlDUlzWBBvAt4bT
bluntone;Cloud Surfing;Under Your Skin;55;145519;3WJr7eUk9Kr1JaJ9tOsN5P
tycho;Awake;Awake;58;283636;5MhMXTuVODDF234VDvSxQx
tycho;Weather Remixes;Japan - Satin Jackets Remix;57;237419;4riBORG5X5kvQThwODPDDh
music travel love;Covering the World, Vol. 3;You Are My Sunshine;58;210727;0LOgt6yDDGGBHSWvlKbdHo
music travel love;Take Me Home, Country Roads (Acoustic);Take Me Home, Country Roads (Acoustic);58;193055;2PGYNCB7e3bC7AP0WMJiUI
music travel love;Covering the World, Vol. 1;When You Say Nothing at All (Live in Nashville);58;215850;5sp2ZYNA1EwmC6CA3CGxiq
music travel love;I Want It That Way;I Want It That Way;56;191114;6ifRkrDOVOl894U1YuuTfM
yves larock;Rise Up (The Remixes);Rise Up - Radio Edit;63;170760;2YdX7PEziOImkySNDWsaKM
yves larock;Rise Up 2021 (feat. Jaba);Rise Up 2021 (feat. Jaba) - Radio Edit;52;155238;4v5IsKujAYLC9X7UajzMHj
lil revive;Grim Peaks;Tell the Reaper I'm Sorry;61;161261;2HrXRO1Z8xOpirCjqfqoKr
lil revive;Grim Peaks;Grim Peaks;54;149573;5SoRwK3gXtq0AjRnynzr4g
dizaro;Evermore;Evermore;58;158400;4Q7lXTzCcsDd6VkM9eXEwC
dizaro;You & I;You & I;57;161739;5eycAkZ5W7NJMz3PmvpCsC
luna li;jams EP;2516;63;68000;1p7800C2UKX0w5EWBYKT0y
luna li;jams EP;cloud castle;52;63214;3gyIcFToYNdOJycgMShtb2
the cab;Symphony Soldier;Angel With a Shotgun;63;223092;5A8jUZatix87xG0Zj6HSKG
the cab;Lock Me Up;Stand Up;62;263213;37OjMlwuUVWWmVKrV8CiUQ
the cab;Lock Me Up;Lock Me Up;58;209626;72I5gb06T9KIESon4AWY8S
the cab;Lock Me Up;Moon;55;196720;2e8nVei4B3HyfE3sDEvfLN
the cab;Lock Me Up;These Are The Lies;54;226426;7oUjf3UvLJbRelKiDip47v
the cab;Symphony Soldier;Endlessly;53;237879;0V64VQHOOcwC60IMRrrXFa
bobby darin;That's All;Beyond the Sea;68;172480;3KzgdYUlqV6TOG7JCmx2Wg
bobby darin;That's All;Mack the Knife;62;184333;3E5ndyOfO6vFDEIE42HA8o
bobby darin;Hello Dolly To Goodbye Charlie;Call Me Irresponsible;59;124560;0Juciz8gOjrO89qw5KwQV5
bobby darin;Bobby Darin;Splish Splash;59;131719;40fD7ct05FvQHLdQTgJelG
bobby darin;The Ultimate Bobby Darin;Dream Lover;59;150706;1KLpjQFgubHI3GkAICCNH3
bobby darin;The Legendary Bobby Darin;More - Remastered 2004;58;145933;7gxW8hMXEUkc1G3m7z9vei
bobby darin;The Ultimate Bobby Darin;Beyond the Sea;57;172480;2EIaO5knwUA3F2qnf9LV3S
bobby darin;Hello Dolly To Goodbye Charlie;More - 2001 Digital Remaster;55;145240;3KHJcWcCoITtaP8q6XJkdY
bobby darin;Definitive Pop: Bobby Darin;Dream Lover - 2006 Remaster;55;151253;4GqMYg91LJXiLjvQBFc3s0
bobby darin;I Got Rhythm;18 Yellow Roses;43;137826;6Pt0UcyBb3Hf08G0OkQqth
harry james;Texas Chatter;It's Been a Long, Long Time;61;205773;4rfh0qEv1HdKRXWiRXfzWF
harry james;You Want HARRY JAMES & HIS ORCHESTRA Well, Here It Is!;It's Been a Long, Long Time;54;203773;5Xd9NVSspCkmCxa9gSAWu8
lupe sinsonte;We were the hook;We were the hook;62;127260;5EcZL9ug4iU6C7Dqqfixgt
lupe sinsonte;Donde Nadas;Donde Nadas;53;141941;0SpK2s8gJnetHIuzSBqgta
vijay;Kaththi (Original Motion Picture Soundtrack);Selfie Pulla;59;293000;3JPY6LZEx3qtSAirFLykiP
vijay;Jilla (Original Music Picture Soundtrack);Kandaangi Kandaangi;56;294315;5qGrY4iAi05Ej1yjfUUhNe
uttam singh;Dil To Pagal Hai;Dil To Pagal Hai;58;336117;5itw0WzsobhLXyxUuAj8OQ
uttam singh;Dil To Pagal Hai;Dholna;57;318432;6O8ZM3IKYcSBzpnuxpCAQr
dirty rush & gregor es;Brass;Brass;62;182630;03ZyPqIZXdBNNVIpM2KORq
dirty rush & gregor es;Brass 2.0;Brass 2.0;53;181475;1VLjS3yRxiMlA2Mz4gZVqw
kaiser chiefs;Employment;Everyday I Love You Less And Less;59;217706;5dvBeCMTzUNjyWIcuykzyh
kaiser chiefs;Employment;Modern Way;56;243626;0NrXd3e8BRWhpyy9nsDQLF
austin george;Hands On You;Hands On You;62;155567;1c03f9YZmO792D7hRjZMYi
austin george;Freak Like That;Freak Like That;59;135843;4jCA5lFRXy7PkryLP7UIc8
austin george;bluebonnets;bluebonnets;58;126000;0bIHWAGW7gahdRc4JP2Eup
austin george;Manners;Manners;51;186815;4YnKb0qfI6j56S0UiaewIC
ryan oakes;A SERIES OF UNFORTUNATE EVENTS;NUMB;59;215647;66MIGyHdex7vfP6RAwpMNL
ryan oakes;2AM;2AM;56;169842;1eX7cu5TMlRlv5kDBFWaWI
laura dreyfuss;Dear Evan Hansen (Original Broadway Cast Recording);Only Us;58;227186;7BbtvJqWnQRt8gSrWbUVym
laura dreyfuss;Dear Evan Hansen (Original Broadway Cast Recording);Requiem;57;259693;6WYHJTCeO3kyRfRmQW9enw
los rebujitos;El Niño Pena;Todos Los Besos;59;239146;0BQXMBMiFDuRgEp73vLNet
los rebujitos;Tras la Máscara;Todos los Besos;56;251440;5Tqzffefo3Ua5G9ScLAnBe
la casa azul;La Revolución Sexual;La Revolución Sexual;59;274160;5zHvsFZoCzLmhbRbYDkg42
la casa azul;La Gran Esfera;Podría Ser Peor;56;253014;7Eh2mdfhNMLRm7BFSS4uWU
go west;Indian Summer;The King of Wishful Thinking;64;241760;0gXTCSzaCOzNoRb9FeE62N
go west;Go West;Call Me;51;252973;1QFJpg154LuFMYfTryKadD
eric chou;最後一堂課 (《媽,別鬧了!》影集片尾曲);最後一堂課 - 《媽,別鬧了!》影集片尾曲;67;278914;2OR5FUKy3GQ7I9DCbRnfsW
eric chou;愛,教會我們的事;你,好不好? - TVBS連續劇【遺憾拼圖】片尾曲;65;287306;2gug6MRv4xQFYi9LA3PJCS
eric chou;你不屬於我 (《比悲傷更悲傷的故事》影集版片尾曲);你不屬於我 - 《比悲傷更悲傷的故事》影集版片尾曲;65;322266;5Y47GrCrjQY44qFv8Gt0Gm
eric chou;如果雨之後;永不失聯的愛;64;259600;46fURCnWErjFdNM2yBJ2c8
eric chou;想知道你在想什麼 (《我吃了那男孩一整年的早餐》電影主題曲);想知道你在想什麼 - 《我吃了那男孩一整年的早餐》電影主題曲;64;294026;6whxKQ0Ocn1FmzpDc7lTHq
eric chou;終於了解自由 (Deluxe);怎麼了;62;321040;5cU1O9P0EDA0rPkPDykhIm
eric chou;學著愛;以後別做朋友;61;260573;7zyYmIdjqqiX6kLryb7QBx
eric chou;如果雨之後;如果雨之後;61;281200;6kabSi7XCHHGThNme6J2tL
eric chou;離開你以後 (電影《你的婚禮》插曲);離開你以後 - 電影《你的婚禮》插曲;59;309840;4cSCMlCcY65zlz1ZPhqsCe
eric chou;愛我的時候;愛我的時候;58;224400;6us212S3fCRIQwOwNExqLH
eric chou;小時候的我們;我很快樂;58;296987;0ztR7sCDXwCU5I8QJKemSU
eric chou;終於了解自由;怎麼了;57;321039;2IAumRplFr0Ns09kKgt2je
eric chou;如果能幸福 (HBO Asia原創影集《戒指流浪記》片尾曲);如果能幸福 - HBO Asia原創影集《戒指流浪記》片尾曲;55;259588;0TVrlU8El0K6U1pC2LOt09
eric chou;如果雨之後;I See You Everywhere;53;243600;5Dg8ls0df2DPRTEfKKFAwX
eric chou;永不失聯的愛 [原創概念版];永不失聯的愛 [原創概念版];52;253417;21NmnwPP8SHKyVtjvubGSs
eric chou;小時候的我們;小時候的我們;52;207559;3pyfEMTvunanVkcTFME2IK
eric chou;說太多 (周興哲〔Odyssey~旅程〕巡迴演唱會主題曲);說太多 - 周興哲〔Odyssey~旅程〕巡迴演唱會主題曲;51;154108;6VQxMlqVst4NuYFWstQyls
eric chou;小時候的我們;That's Why I Like You;50;213148;6Lr9Orx9Szmf0y4QRmOpZm
eric chou;終於了解自由 (Deluxe);Nobody But Me;48;254706;3H9LgHRSPOxk2cmsUtjai5
eric chou;終於了解自由 (Deluxe);Room for You;47;207743;7cPHBvwlYS0sd7cydYVadk
olamide;Carpe Diem;Infinity (feat. Omah Lay);71;171764;5DS9LiyEdw2zY8bM6kjjgM
olamide;UY Scuti;Want (feat. Fave);60;101250;3dEqPYFBUAOU0fqpudVnJW
olamide;Carpe Diem;Loading (feat. Bad Boy Timz);59;194000;558ULLj8yY2vT8XGtgY0q9
olamide;Carpe Diem;Green Light;56;194425;11qqSo6AyQR68xqVlmwYls
olamide;We Outside;We Outside;54;155428;73QcmfEnoLv3pKt0aXKdOG
olamide;UY Scuti;Rock;52;185769;3N3PWNgtiqsdLY5PQTKw6w
olamide;Hate Me;Hate Me;50;199322;1tDf8B65kTrz87w5RJmgXG
mr tout le monde;Sunny Day;Sunny Day;70;192000;19aBGyxQrl8LDnPUyusjRa
mr tout le monde;Souvenir;Souvenir;61;194879;3ZAtgPjqwwxxvXk9mbUeFX
mr tout le monde;HER;Never Known;60;180000;47fOtKyt7VeUIer3SqgNOp
mr tout le monde;HER;Hello;60;249214;41Lve6OfiwXjLUlkjNihU4
mr tout le monde;Now You Know;Now You Know;59;169032;41iKApBwuxn4DlCulZGmYj
mr tout le monde;Home;Home;59;196000;5hkZyWkafKoQW4eGwaJWFF
mr tout le monde;SUN;Soulmate;57;186901;6nplz6DNx6eKtfM2SgqEqF
mr tout le monde;HER;Why You Lie;57;180000;6GgqU6HZx6oIcMHFBcnS41
mr tout le monde;HER;I Want You;56;189227;7h3aRvcSZdrEhi8PHNUqWI
mr tout le monde;For Real;For Real;55;181732;0BKzMLvouXW9khQeFiOOTz
mr tout le monde;Tears Back;Tears Back;54;175611;4fRu2ATUIiKB0TdlIPVAop
mr tout le monde;SUN;Searching;53;209910;2iwJ7fMxCZSYO46ZwKczjT
mr tout le monde;SUN;Wrong Love;53;170044;2WiKD8U7aq9ACPxMR3mmK1
mr tout le monde;SUN;Pour Toujours;50;186000;51prkMZzhTgCFBKKjdZJ5z
gemini;Know me;Know me;64;214613;5bvVA6idKl1R38C5G4tuxC
gemini;mon amour;mon amour;58;160880;2X2iPcwho1LGm2XWUqhOJH
gemini;Going;Broken Love;58;173240;6GehOJs060WzAi78QArj7p
gemini;MIA;MIA (Feat. CAMO, WOODZ);55;195026;5IzjE4F631lSstz8Co5U4O
gemini;Going;Going;52;195760;57A4DLMY2b9z4c869kNMGp
christopher jackson;Hamilton (Original Broadway Cast Recording);History Has Its Eyes on You;64;97050;1mGO8rwCE9zk7H06OxcU5m
christopher jackson;Hamilton (Original Broadway Cast Recording);Cabinet Battle #1;62;215226;3TfKt8mPpdXfQTMfRjHzyz
christopher jackson;Hamilton (Original Broadway Cast Recording);One Last Time;62;296387;0Iys022UwQ8xBfxE1g4nWZ
christopher jackson;Disney Summer Songs;Where You Are - From "Moana"/Soundtrack Version;59;210320;3dqvOY7rpOaVmINACruTNc
christopher jackson;Moana (Original Motion Picture Soundtrack/Deluxe Edition);Where You Are;40;210320;5eADwUCxvyIQyDOBMsokMF
jamie xx;KILL DEM;KILL DEM;67;223536;5CE0k1VmTXgCtaa5L288LP
jamie xx;LET’S DO IT AGAIN;LET’S DO IT AGAIN - Radio Edit;63;225494;06eFWpksA3M9qg8GeOGGBX
jamie xx;In Colour;Loud Places;63;283066;1jy7SkRcmBCTcv4ZMtwz29
jamie xx;In Colour;I Know There's Gonna Be (Good Times);59;213622;2fHFLyzAQYlguX5q0DfKlD
jamie xx;In Colour;Gosh;55;291018;79Jl8KMvmnXedTjjW6pJan
jamie xx;In Colour;Obvs;52;231039;5kSBstWdaP3tMlArgGM00C
jamie xx;Idontknow;Idontknow;50;321502;7nSBHckG4tTFkp0xqNZDs5
jamie xx;In Colour;Girl;50;245585;4x94qgTeMEcwj4X1APUnpb
fireboy dml;Bandana;Bandana;72;178225;5CTQCPv51aLWpwTbqo8mEL
fireboy dml;Playboy;Bandana;67;178225;2qWwuCVeMjF9mUT0S5Iqvl
fireboy dml;Peru (Remix);Peru - Remix;67;186952;7voSun33hCNkIrjxaj3g47
fireboy dml;Playboy;All Of Us (Ashawo);67;183349;6459gZKddpOoPIH8PAcCwS
fireboy dml;Playboy;Playboy;66;207474;1Cg51Jk6EoXBQ0KiwzWJfm
fireboy dml;Peru (R3HAB Remix);Peru - R3HAB Remix;66;149752;3kv0lHXKrW8oltTe7fYbBq
fireboy dml;Playboy;Diana;63;232155;6g8vNyogMW32lhHlNcDiwX
fireboy dml;Laughter, Tears & Goosebumps;Vibration;62;198461;7u0z6FcJDqkZwdpqAqUzmO
fireboy dml;Playboy;Playboy;62;207474;2AKS1HhpLu2rgkojECUm3V
fireboy dml;Peru (Acoustic);Peru - Acoustic;61;172256;6RAFf0mJ498F0GzrFZ1ZsS
fireboy dml;Playboy;Compromise (feat. Rema);58;195939;2dG1cXdbEPKEOyUq96R9xz
fireboy dml;Laughter, Tears & Goosebumps;King;56;165040;1IARNA3zsu39Kul2ov9n3J
fireboy dml;Laughter, Tears & Goosebumps;Like I Do;53;232800;3B5slaBuBK0BsuNw570pmx
fireboy dml;Playboy;Timoti;53;139171;1HG9yS1bhOSsrUoHdUEnbW
fireboy dml;Laughter, Tears & Goosebumps;Feel;52;194400;03cKmr45ZcgYzng3s76STy
fireboy dml;Playboy;Change;50;162903;7AgLmxi5osmwH9dEm1ck4j
fireboy dml;Laughter, Tears & Goosebumps;Need You;49;221538;1rgK0UrJNwkaIptPI0a5kg
fireboy dml;Laughter, Tears & Goosebumps;Jealous;49;216699;0RqiNQYAB75utUwQF82MdY
fireboy dml;Laughter, Tears & Goosebumps;Scatter;48;164000;0s3ZpsAaVCbWxDhLq2B2wh
fireboy dml;APOLLO;Tattoo;48;176842;7yIsvwkZuWuskQrbtVWfrN
fireboy dml;Laughter, Tears & Goosebumps;What If I Say;47;213916;6qXdAsUH8I7j3A0d7sX6qz
fireboy dml;APOLLO;Airplane Mode;46;177600;3wrlAsyyrqVoC9fuDWyziG
matt nathanson;Some Mad Hope;Come On Get Higher;71;215173;38YgZVHPWOWsKrsCXz6JyP
matt nathanson;Some Mad Hope;All We Are;51;216933;4SXcG6Ti32myNw9GJ9qeDt
matt nathanson;American Wedding;Laid;50;182826;4GiLKZ6Fd3d5UMJMGuzAA0
james heather;Invisible Forces;Ultraviolet;60;93657;26g48sI8nJSWGtLecKZrej
james heather;Stories From Far Away On Piano;Biomes;59;162946;5PSaVasleQvJZ2mDN83Ixr
james heather;Stories From Far Away On Piano;Ruqia;53;74690;0FqUMEzL1NKcjzalZauz1u
parra for cuva;Wicked Games (feat. Anna Naklab) [Radio Edit];Wicked Games (feat. Anna Naklab) - Radio Edit;65;195210;6JrAEmBFd61eYIGVOSPnT4
parra for cuva;Paspatou;Paspatou;55;269400;0q1pkKvBMInZxxUzjuIrdf
parra for cuva;Juno;Ordel;52;258665;22UDmbP8eiz97tNyACphRl
flora cash;You're Somebody Else;You're Somebody Else;75;218883;0pdKRp2sUthTPe7RLWpPqQ
flora cash;Baby, It's Okay;You're Somebody Else;68;219013;6iWEhoALoBFnQMNVhYY0Sc
flora cash;our generation;Soul Mate;61;237780;4IOXp1xFiMh5FtSEGim4CO
flora cash;You're Somebody Else (Acoustic);You're Somebody Else - Acoustic;59;219029;536vha5aAUhlb50NGDfzfa
flora cash;OVER;OVER - Single Version;43;205874;3leVSmwGhwAlLvRj3yKZUb
flora cash;Soul Mate;Soul Mate;38;237780;0uHUA5KzTjejNocnHPrtXr
the paper kites;Woodland;Bloom (Online Bonus Track);64;209816;44alNkXsYnTyPnkMdohBcx
the paper kites;Roses;For All You Give (feat. Lucy Rose);55;191234;0byuRCilUoNe3rKG8VKCx8
the paper kites;On the Train Ride Home;Arms;53;203560;5gQVrN1QvJ6YoVDnsTfb6g
jain;Zanaka;Makeba;60;249533;5JdLUE9D743ob2RtgmVpVx
jain;Zanaka;Come;60;162266;1YrC8s6yZWw23QxW6rfM9f
jain;Souldier;Alright;52;222493;44ahv3Zj4FOJoy8gJLZF9B
future;I NEVER LIKED YOU;WAIT FOR U (feat. Drake & Tems);89;189893;59nOXPmaKlBfGMDeOVGrIK
future;FUTURE;Mask Off;83;204600;0VgkVdmE4gld66l8iyGjgx
future;Tic Tac - Just Rap;Tic Tac;0;189147;1JWWwXFfNKi6ioDZOaa9jX
loathe;I Let It in and It Took Everything;Is It Really You?;62;287627;4OmlsAT8r4q9vPFBvfYgyZ
loathe;I Let It in and It Took Everything;Two-Way Mirror;55;300186;0b4TKuvZ4eJ8eHgJgXaCnN
loathe;I Let It in and It Took Everything;A Sad Cartoon;55;315880;2fyDWKsx5904KnZMGllmAv
the weepies;Say I Am You;World Spins Madly On;64;165133;6NSlOEEtWlqvEFrjQsry77
the weepies;Say I Am You;Gotta Have You;56;199786;1YjMWOorkBaP4MdKkKtp4y
the weepies;Hideaway;Can't Go Back Now;55;137880;07CUaE9XAgDQ0B2T4XGrnN
the weepies;Say I Am You;Nobody Knows Me At All;54;120720;0pHdVMGxXdDcjmye35j63j
blanco white;On the Other Side;Olalla;66;248160;4R59wt5nnhYo88PIu3cUIt
blanco white;Colder Heavens EP;Colder Heavens;58;273893;1wwKY8ICsV9wiCFMpdhPrr
blanco white;Colder Heavens EP;El Búho;53;231706;4TtrTorJrVMEIprmQydrVv
blanco white;Nocturne EP;Nocturne;52;268626;2fv4O0H2EdMqliyEAUAEST
valentino khan;Move It;Move It;64;201259;2YUVIkvZ2tPEZYTepX6oT9
valentino khan;Your Body;Your Body;58;157500;4A9kMqwijHsdsnkoluwkoJ
valentino khan;Deep Down Low;Deep Down Low;55;190476;46rZgRYU1H5Xnv0n75OGis
valentino khan;Bloodbath;Bloodbath;52;200662;7z35ELbZv0zResMSqwsoKa
good morning;Shawcross;Warned You;67;136032;3GahMRXI3rL2JVeSLZBRnF
good morning;Prize//Reward;$10;64;89508;3koAwrM1RO0TGMeQJ3qt9J
good morning;On The Street / You;You;57;190696;1iLBI0xUhGKZQM1DresHuj
good morning;Shawcross;Don't Come Home Today;57;191500;4WUAyxkq3x4l5P7QN0vmHr
good morning;Shawcross;Cosmic Sass;55;105567;6UW9Ffk7h9jCl4Yw4uRq59
good morning;A Vessel / Radiovoice;Radiovoice;53;174500;2fBl83Q9L3hbmIzDX3o0pe
good morning;On The Street / You;On The Street;53;201992;0yQm3etp2kODsFY7rAfetn
good morning;Take It Easy For Me, Stranger // Boy, I'm Just A Loser For Your Love;Boy, I'm Just A Loser For Your Love;52;195593;59nzuYF9nUmcL5CClCiIjX
abdul hannan;Bikhra;Bikhra;66;168300;0OdztoASgKBBNcAgtErk0X
abdul hannan;Haaray;Haaray;57;184000;2LCvypYL9a21Hln4A4EdWU
abdul hannan;Siyah;Siyah;56;171290;4tkk65MyQNzYOQKgVbLCZ3
abdul hannan;Faaslay;Faaslay;50;203432;0T9F7LqksEkxsDyHfqACv8
jerry lee lewis;Jerry Lee's Greatest;Great Balls Of Fire;68;111535;64VP3skE86iTvdOlbzuIcO
jerry lee lewis;The Golden Rock Hits Of Jerry Lee Lewis;Great Balls Of Fire - 1964 Version;58;109706;5UvE5QlINnvEc7aFO14DVL
jerry lee lewis;The Essential Jerry Lee Lewis [The Sun Sessions];Great Balls of Fire;57;111240;7xe3EQCvXnx6Q0zs41Y65n
jerry lee lewis;Original Golden Hits (Vol. 2);Save the Last Dance for Me;46;110000;2QIouSWy8hIz47oBLeDfBX
the avalanches;We Will Always Love You;The Divine Chord;60;187586;3A0cAzFKPefBCz7Z02UnnO
the avalanches;Wildflower;Because I’m Me;57;252800;3f3HHRPF5vAo90GwdpDMaQ
the avalanches;Since I Left You (20th Anniversary Deluxe Edition);Since I Left You;57;262840;1AAYbsAIgEJMbxgLgpjE9y
the avalanches;We Will Always Love You;Oh The Sunn!;55;138213;1Qth3TmxzsBYDpCRCffdZk
fujii kaze;HELP EVER HURT NEVER;Shinunoga E-Wa;85;185573;0o9zmvc5f3EFApU52PPIyW
fujii kaze;Kirari Remixes (Asia Edition);きらり;73;231882;51oc6MEsXTpnPn6GOw5VuP
fujii kaze;grace;grace;70;289541;7tnYsRepXLaNhqj4xtcWP2
fujii kaze;LOVE ALL SERVE ALL;まつり;68;225920;3OdkC5pG8vc26S26qHyBo8
fujii kaze;LOVE ALL SERVE ALL;damn;67;259026;7dNxxkapvf5eRkw24PHSpy
fujii kaze;きらり;きらり;65;231882;3ciqhcLmXP4hVGBD98QlEj
fujii kaze;LOVE ALL SERVE ALL;きらり;61;227893;3L7ISJTvKx56uhsF28aJ4p
fujii kaze;LOVE ALL SERVE ALL;ガーデン;61;229333;5U4PgFWzfzY7VEg9Ck4ziF
fujii kaze;LOVE ALL SERVE ALL;旅路;61;277026;7uSLJCDetmdm3tQcoYLyty
fujii kaze;LOVE ALL SERVE ALL;へでもねーよ - LASA edit;58;188946;7LI2pQoE3fWfOQuds2paXs
fujii kaze;HELP EVER HURT NEVER;Kaerou;57;284480;26e8ujjSpBAHhIY2ymLUT1
fujii kaze;HELP EVER HURT NEVER;Nan-Nan;56;320640;2CbGuO0LtVvbh3umN3mDwM
fujii kaze;HELP EVER HURT NEVER;SAYONARA Baby;55;260532;6BhO28xuLVeaWKVnd1lbCJ
fujii kaze;まつり;まつり;55;225924;14QNjDBXGCwEzJZUKkiTem
fujii kaze;HELP EVER HURT NEVER;Mo-Eh-Wa;55;301933;1JRNrJKTQhfvxII8kkIcAQ
fujii kaze;damn;damn;54;259237;0cEill2tVJ38caZlb3LyFy
fujii kaze;HELP EVER HURT NEVER;Kiri Ga Naikara;53;217613;7i5pytF8KaId51lIzatwdg
fujii kaze;HELP EVER HURT NEVER;YASASHISA;53;240080;57u1FaZlztApkcT5x5XNuD
fujii kaze;HELP EVER HURT NEVER;Kazeyo;52;284520;5cpOWNmI84MuUCeciETO64
fujii kaze;HELP EVER HURT NEVER;Tokuninai;50;205253;6AJppuCk5EE86paOdDI4yL
fujii kaze;HELP EVER HURT NEVER;Tsumi No Kaori;50;214200;7r9v0CLTunOwlbvdOFFgZo
fujii kaze;Autumn Vibes 2022;Shinunoga E-Wa;0;185573;0olowJHoOuNQXDDERcchzM
kochetkovv;4:44 Am;4:44 Am;67;121965;6kD7n19O9VEYQwENniEvPi
kochetkovv;Lonely Boy;Scars;61;80718;4Rh78ubsarUiuzs60WuaU5
kochetkovv;Come Right Here;Come Right Here;60;116924;0Z99fGWbeZmwNuWhIlpv2o
kochetkovv;It Won't Hurt;It Won't Hurt;58;134817;19KasQimP54W84da8wMkDe
kochetkovv;Sing for Me;Sing for Me;58;130951;2lCsTpkit36cAJ0pSEpzr4
kochetkovv;I Love You, That's the Problem;I Love You, That's the Problem;58;142792;1tfAVU1HIrtlr79isORUW6
kochetkovv;When Have I Fallen;When Have I Fallen;54;123876;2Z08G19fXo6aBpLPGr51xW
kochetkovv;I Think You Left Your Scarf;I Think You Left Your Scarf;52;130909;3H6D0q6pvzaLyqaMLWGR69
kochetkovv;In My Heart;In My Heart;47;123877;34vriSr2Ra24TqcWQp17HB
weston estate;So Good;So Good;63;146273;0ZpHuEhi1CvOJgrqOSy8mv
weston estate;Pears;Pears;61;141877;06nKF46jG8p1zwyP4ziAyG
weston estate;Maggie Valley;Silence;58;133440;5tgLkUlAmTR9FhOzVVfIJS
weston estate;Maggie Valley;Sixty;57;136760;2RaQ5u0MW7truEBYHxvvTp
weston estate;Drown;Drown;57;181466;0vpy9NZpTbjCH0HNnAhCTt
weston estate;Stoked;Stoked;56;189329;6nef0wHkelfKqNVHAtzJbR
weston estate;Maggie Valley;Daisies;55;203293;2cfhFcqpEoM65MNc5cVZse
weston estate;Saturday Nights;Saturday Nights;54;150805;7HoWiIdwg7A2vomrmGmW6N
weston estate;Cotton Candy;Cotton Candy;54;154074;2UvMgTm9y3lStOyQE2yxKA
bob moses;Afterglow;Afterglow;60;269752;2Ftoh82TZBdd5VduEm8T44
bob moses;Battle Lines [Remixed];Enough to Believe - Jamie Jones Remix;59;314872;4LtVrrqpn48l4Iq7KIshmi
bob moses;Days Gone By;Tearing Me Up;57;470093;6NDt5z8GKIHub37hBQ4x18
bob moses;Desire;Desire;56;352000;0tcNM9PPdMYv9S3tjuZSyV
bob moses;Never Ending;Never Ending;54;242000;1SGbmqB3dxlrp4YkKzZUto
yng martyr;Nike Ticks;Nike Ticks;64;102137;16PmczUxlX7dpr6ror6pXd
yng martyr;Ease Off;Ease Off;62;144103;3OPozjaFwjjmrgdkUMV9TD
yng martyr;Molasses;Molasses;56;142344;6S3SnnZ7HRMoTF11Fqu8th
yng martyr;MISOGYNY;TTYL;54;90840;2lWhZbWmzzUYHYwfxakAj6
yng martyr;Ease Off (Slowed & Reverbed);Ease Off - Slowed & Reverbed;50;161750;7yy3QgAa5unQuY2Ulpznbi
nghtmre;FEELING GUD;FEELING GUD;63;190682;0suLmBuEbatdochI4tHduq
nghtmre;DRMVRSE;Fall Into Me;62;231440;1iA7DyrJbukpd4X2EcT9Xd
nghtmre;Nothing's Perfect;Nothing's Perfect;61;186375;6mpK1E4JUAoAuoEDoaenYL
nghtmre;CASH COW;CASH COW;54;222026;56yyecUavZFNRc9W5t0P8O
nghtmre;UNSOUND EP;Sweetest Thing;53;208421;4BCda1bJa57fTMB2laaOeX
nghtmre;Fall Into Me;Fall Into Me;50;231428;5y4mybqlVC1UxShjqkdjgF
no vacation;Yam Yam;Yam Yam;66;216038;7kyiHjkFdmHcYcIJtFAdaF
no vacation;Summer Break Mixtape;Dræm Girl;61;234606;6lbLn5iL2NBJnbib7bTXMn
no vacation;Waltzing Back;Waltzing Back;60;192000;3Q1DprZauQyNo8KGlY8brZ
no vacation;Intermission;You're Not with Me;58;226560;1L3FZqeMCMbrV0CGAM6nYW
no vacation;Amo XO;Beach Bummer;57;148192;4loxhrC7MqARWyHLofmhtW
no vacation;Intermission;Reaper;56;162480;2UBI3dlpi3ltnYntiE2KOk
no vacation;Estrangers;Estrangers;55;199733;1yZxKqkxctrFSkCXb8BLKV
no vacation;Mind Fields;Mind Fields;51;272625;14sd42xznS0HDlTalM1jBY
no vacation;Days;Days;50;320328;716OZGLBg3vkNfMTpfbYm6
a fine frenzy;One Cell In The Sea;Almost Lover;57;268800;71ehTADpxs85ULrZgSEKCy
wayne mack;Fake a smile;Fake a smile;57;169600;2JI53ZVCxMucM68UpCtZ5C
big mama thornton;Ball n' Chain;Hound Dog;57;181000;5Oc0vLGWdEWeCqIU8zyELt
foreign air;Free Animal;Free Animal;57;180213;5nQvUs9YQeg3vshSzydlRw
sleeping wolf;The Silent Ones;New Kings;57;234613;3hgESJrxlX103Q78BrEAfr
erland cooper;Music For Growing Flowers;Music For Growing Flowers - Pt. 8;58;73678;0fqveSCZR2TqGAtEid72Ua
erland cooper;Holm Sound;Holm Sound;56;175909;7vvqiqB4O7nPXWxiehIH9l
flow;MICROCOSM;Sign;67;236426;0xmWQKzc5m9rLv2ucDWxwD
flow;GAME;GO!!!;63;236160;30WNOfFRiqgebO4eRkCii8
flow;FLOW THE BEST 〜Single Collection〜;COLORS;62;218493;6bPPyigCphBBQ9781j6eKM
flow;FLOW THE BEST 〜Single Collection〜;Re:member;55;199560;1hoQxGi3ujVYUzQDhXfvkN
flow;COLORS;COLORS -CODE GEASS OPENING MIX-;53;93786;6xUBXdVdzs50AvqARndD1A
flow;Go!!!;GO!!! 〜NARUTO OPENING MIX〜;51;93133;4ebKRYnUm7pSy5xEnHhjs3
flow;Sign;Sign -NARUTO Opening Mix-;48;93773;0xbykMkzdiCQr6lJ1vTtHB
白銀御行(cv:古川慎);My Nonfiction;My Nonfiction;57;155931;77wmpTzmexp0gvyeQq45zV
centimillimental;やさしい刃物;キヅアト;57;245320;3qDYvLPzxGqZl960j823Wo
supercell;My Dearest;My Dearest;57;338520;5HhYHpxwdGTCO5YK7dycoT
hachioji p;GRAPHIX;Gimme×Gimme feat. 初音ミク・鏡音リン;57;220930;5XJh3VbvvnGYrkubcQwzys
fabvl;Moonwalker;Moonwalker;57;233240;3pCpOaXuWTVc085Jyd0iLE
aoife o'donovan;Loretta;Loretta;59;148522;724mTUDtMwxfB2G023Kerf
aoife o'donovan;B61;B61;55;221842;24jpjPR3hZ1VAQOWr9sd0t
mountains vs. machines;Emerge;Chosen Ones;57;193306;1x9CZ1BESwWZzB1SZcV0gj
dan auerbach;Waiting on a Song;Never in My Wildest Dreams;64;176026;3MJov5mT64K42o1Rffhblq
dan auerbach;Keep It Hid;Heartbroken, In Disrepair;58;201280;38qu2X35K2g1HWfaksYQ4K
dan auerbach;Keep It Hid;The Prowl;55;196386;3kwtAEYzWabYBdSIfjoNmL
dan auerbach;Cars 3 (Original Motion Picture Soundtrack);Run That Race;51;164293;2NVjII4zi5d4c9F7ivNYsh
elvin bishop;Sure Feels Good: The Best Of Elvin Bishop;Fooled Around And Fell In Love;57;276933;3hSy2AUoElgIk6fjhYnRH3
saint phnx;Happy Place (feat. Jasmine Thompson);Happy Place (feat. Jasmine Thompson);57;186513;2DuDGvtZmUZZINTOvhm3CR
rory gallagher;Top Priority (Remastered 2017);Bad Penny;60;245377;3DmHaJ9zYKj5Snos05lkVF
rory gallagher;Rory Gallagher (Remastered 2017);I Fall Apart;54;312400;4MqFHxNM8uM7UEW4t56nzU
the pretty things;Parachute;The Good Mr. Square;57;86693;3tRFo1mXVNC5Wwrv7T8trF
stateless;Stateless;Bloodstream;57;313800;5I2UElY0XPnPhQhBTxBcq3
george fenton;You've Got Mail (Original Motion Picture Score);If Only;57;66466;24hLpDpezPW6MdE0Hc99vW
radha;Mother Goose Nursery Rhymes;Baa Baa Black Sheep;57;74066;3G1vsbxBwV8u5gXK6ZxUL2
mj apanay;villain;villain;58;153621;7lgvpq4R86aFDc6Q8HJ6Ne
mj apanay;seen 11:23 pm;time machine;57;225933;2ch4KLYvi9ZGq2pNyEsMom
mj apanay;seen 11:23 pm;11:23;56;58017;3YhAZVvU1yeGo1l6aLK0V6
jon vinyl;Entice Me;Entice Me;57;156874;27Pdlv16GJgY0fpzOE36ZE
jon vinyl;Addicted;Addicted;57;138839;2JvK5309aRgcdgd4Ed9RJ0
nbdy;Situationship;Situationship;58;176640;2e0bYXa7BRXqPilw9Qj49f
nbdy;Tunnel Vision;F.O.E;58;157714;1QrHedvkA9dNZsWnRbJc3o
nbdy;Tunnel Vision;Missing Sumthin';58;135789;2YEsPVotrCVDNtFDsaIVaj
nbdy;Lights Out;Lights Out;54;224072;6rj4P92CbrWyxfLWkmGRPQ
zmeyev;The Calm Place;The Calm Place;59;156000;5dwANCHdFm9JGImYZd3ZGH
zmeyev;Distant Stars;Distant Stars;57;120000;5eF05n2gqGMhPPaylRsrrU
zmeyev;Feelin' Good;Feelin' Good;55;132000;6YrAxoqTwEGmGI0NKQ4ugl
dvwn;Dawn Defibrillation, Vol.1;Insomnia (Feat. YAYYOUNG);60;210373;7tr6WuxHOWyWQl0W8YfBtq
dvwn;Dawn Defibrillation, Vol.1;Last;60;235666;41r2Q4UEDdU9cktfgQETnx
dvwn;The Uncanny Counter (Original Television Soundtrack), Pt. 3;No Problem;51;211999;6cxe7wIuwH7ul9XI7D853w
the breed;Sunday Vibe;Sunday Vibe;57;100038;0XCm6GKaDufW9S1LPNOUnI
made in m;Nest;Old Roots New Trees;57;92250;703Y8dw2MMfEodrw5D6hDd
hevel;STAR CITY CAFE;STAR CITY CAFE;57;139780;4i9zZb6mPKfQRXRb5HKjSw
saib;Buena Vista;Sakura Trees;60;99996;3F0mcxksBp33QrL6oyjvLN
saib;in your arms;in your arms;54;277839;4fgIoBKHzO7YO5eATyYbMl
danny g;Tell Me Why (feat. Shiloh Dynasty);Tell Me Why (feat. Shiloh Dynasty);58;161016;07njv8LyAizW6MnaORtuEl
danny g;Everybody Dies in Their Nightmares;Everybody Dies in Their Nightmares;56;96235;3802mS7Nir3TleHudYecvN
admo;Stratford Ct. | Sonus Auri;Equinox;57;162500;78MK55UVcSHXWpNuT0I1bC
sivarni;Little Do You Know?;Little Do You Know?;57;148009;7j07Fo47VvB4FUg81f2zgw
brandon;Coming Clean;Baby;57;111710;38jJdP6hG3x63SKrJZutMW
michael forster;Piano Chill;Cornfield Chase - Piano-Cello Version;57;124453;0dn7lN2ky5BnUJNoELXh3i
rrodney;Do You Remember (Jersey Club Remix);Do You Remember - Jersey Club Remix;57;85394;0UIYSqVwyz9bhMA9Pa6eI3
escape;Цунами;Цунами;57;162785;1lHvN5tHUffp7gM9AzO0wO
filous;Dawn EP;How Hard I Try;57;198000;0OfZ9imMwFU03zc2wl8pBt
dray;Remember;Remember;57;188951;39K1B9yIdTCgwm25z4GYId
bad boys blue;Hot Girls, Bad Boys;You're a Woman;57;321840;7J5B4k0AT8KIoV5KiUa4o7
laurent wolf;No Stress;No Stress;57;201453;3LVxJTSgrUZyQpGadmoIrD
satin jackets;Hidden Treasures EP;Levante;57;193397;35ME0Y7EEMKJ4nSM4SPhAX
emma watson;Beauty and the Beast (Original Motion Picture Soundtrack/Deluxe Edition);Belle;64;333265;1cPfKp9ThNZ1fez9itmUMN
emma watson;Beauty and the Beast (Original Motion Picture Soundtrack/Deluxe Edition);Something There;57;174878;77JhqIuQjqzVmkRTUcm9ji
emma watson;Beauty and the Beast (Original Motion Picture Soundtrack/Deluxe Edition);How Does A Moment Last Forever (Montmartre);55;115502;6zMa6pq3Te0F9YrEocvgpW
emma watson;Beauty and the Beast (Original Motion Picture Soundtrack/Deluxe Edition);Belle (Reprise);52;75825;1uT4Haj9BYmbjxvoF2omRc
manudigital;Only Just Begun;Only Just Begun;57;204032;1TURPL0kG4SEOanrx37yeo
u-roy;Natty Rebel (Extra Version);Natty Rebel - Remaster 1990;57;211960;5FgdPuK51WBYhuMhV0XIBg
danny avila;End Of The Night;End Of The Night;57;205724;46n9OJc7LOIVdj8t2l5WA5
niviro;The Ghost;The Ghost;57;187500;2Rmisp1rkVF9GFWQy6LJLQ
tysm;Normal No More;Normal No More;57;199578;460WMeltK2dxce4qhcaCF7
imad;By Your Side;By Your Side;57;146007;33pkvSE2Bh9KHLz7X4fLeS
alison wonderland;Anything;Anything;59;226000;48fPdAwGVoSkGK8GSez9yx
alison wonderland;Loner;Something Real;57;229213;5RLMXp4oKQGyeovfoqP7kI
alison wonderland;Fuck U Love U;Fuck U Love U;55;198102;7AcfLjRYL1LeiUHUU302Fm
tsha;Dancing In The Shadows;Dancing In The Shadows;58;277432;2edB8M0PPZCoYKm8ohDaNm
tsha;Capricorn Sun;Anxious Mind;56;207840;2302Z0DrnuYan1AfNO04bz
hermitude;Dark Night Sweet Light;The Buzz;57;221786;5y5qNTyfvCQ6s230gLSjlv
roderick porter;Ghost (feat. Ivri);Ghost (feat. Ivri);58;166624;6VyUWfImAgTrYAnYWonuhM
roderick porter;POISON!;POISON!;56;147318;0okaDpkRq0rpIuf1dC0VEr
he is we;My Forever;All About Us;57;206173;0UQAkAVNk3tubJYlOHyG3q
oscar anton;nuits d'été;nuits d'été;57;207053;2dxyTLxvO1xzHSD6fDafwZ
syd matters;Someday We Will Foresee Obstacles;Obstacles;58;208706;2ynCjjrmED5CfiVn2ZLkUk
syd matters;Someday We Will Foresee Obstacles;To All of You;56;283266;7yC7FWZz24L43brXzNpLWT
moonkids;Somebody;Somebody;57;153583;3H2QL13RLffEoHls92ClHK
chullo;Your Type;Your Type;57;129032;2opemWX71oebOvol9at15T
you man;Spectrum of Love;Who We Are;57;175578;56cqmGid7J5wMyfXJzOEOd
la fine equipe;La boulangerie (Back Burners);Tiramisu fraise;57;139464;4IR1ZygDYovtGiuyZFxgNt
travis bretzer;Bitter Suites;Misty Morning;57;156958;5ZaQW8tvH33GVJ0E3sLz2w
trudy and the romance;Junkyard Jazz;Is There a Place I Can Go;57;278413;1wR6F2NFDjBlDAYEHnAPS9
death from above 1979;Outrage! Is Now;Freeze Me;57;198081;50jXnyrzW4mcBBqFTMEoAC
left lane cruiser;Rock Them Back to Hell;Juice To Get Loose;57;143360;22iRJyuVt7nm19ww7pRHKu
foxygen;We Are the 21st Century Ambassadors of Peace & Magic;Shuggie;57;201706;6RgrpOgbTI3M2qvA8XIvTb
babe rainbow;Today;Something New;57;193251;24eMGcmzxR64yf45pN4K8i
bdrmm;Bedroom;Happy;57;226594;6OIsq9HutnCINDPQqmAjbz
cascada;Everytime We Touch (Premium Edition);Everytime We Touch;71;197124;5YJtMNWKe55yr49cyJgxva
cascada;Everytime We Touch (Hardwell & Maurice West Remix);Everytime We Touch - Hardwell & Maurice West Remix;69;216441;18rHGxr6QDiPieSTo7cUGL
cascada;Original Me;Everytime We Touch - Radio Edit;63;199120;74PyndGWYtfs86n60lAsYW
cascada;Everytime We Touch (Sound Rush Remix);Everytime We Touch - Sound Rush Remix;63;216937;6HRQ2TCrIFhZpIdI9DyhEh
cascada;Evacuate The Dancefloor;Evacuate The Dancefloor;63;207200;0jDWRUbxSn8zQlwFbeLHwo
cascada;Platinum;Everytime We Touch;62;197124;5aEqcblO0Z6JloFJXtxyhe
cascada;Everytime We Touch (Premium Edition);Bad Boy;55;191843;1p5jgCAGFDBIBs6ZbWIMvA
cascada;Nightcore;Everytime We Touch - Nightcore & KYANU Edit;54;148478;40aG6sP7TMy3x1J1zGW8su
cascada;Bad Boy (KYANU Remix);Bad Boy - KYANU Remix;53;160238;2lJH4C6NxZYbO4djd0hQqP
cascada;Everytime We Touch (Fallen Superhero Remix);Everytime We Touch - Fallen Superhero Remix;53;218587;3q7eDGLKP0MlhqaGEJ3Lg0
cascada;Platinum;Bad Boy;49;191843;4preSlFr0bYsRHm9WxAcE9
cascada;Evacuate The Dancefloor;Ready Or Not - Radio Edit;29;180929;2lhWOCEHyh6mjIA1sK1RcU
blinded hearts;Somebody to Hold;Somebody to Hold;57;120257;2Tg8bdcdK587ua5UHdUjlo
strawberry switchblade;1982 4 Piece Demo;Trees and Flowers;57;194821;39VxarnBZV8POFPXvnAD2U
heart;Bad Animals;Alone;75;218733;54b8qPFqYqIndfdxiLApea
heart;Little Queen;Barracuda;74;261933;4KfSdst7rW39C0sfhArdrz
heart;Dreamboat Annie;Crazy On You;68;293440;5zH710lFSLtkHbMkslLDjR
heart;Brigade;All I Wanna Do Is Make Love To You;67;310893;5YjKdeES9QRJ8NmF4Xc8pV
heart;Best 70s Rock Tunes;Crazy On You;1;293440;6QjunwjfwHiGZMU41A4iML
firehouse;Firehouse;Love of a Lifetime;62;286573;2kDH08boXJyhKMl5hnZbrE
firehouse;Good Acoustics;I Live My Life for You;62;261906;47RAxX2yfiZWmsNKLvjQON
firehouse;Hold Your Fire;When I Look Into Your Eyes;61;239866;1yJWqYYDQge60nZKdLyiZU
firehouse;Firehouse;Don't Treat Me Bad;57;235360;4lbhQdbiTpNP7GowZG8KsM
firehouse;3;Here for You;55;235826;2HHF8es4MShLvMiDgOq3Z5
firehouse;3;I Live My Life For You;52;264653;2ViaeF07UM7J2zeIoJePAQ
firehouse;Good Acoustics;You Are My Religion;50;243760;6zWVRHzx7XHwzBgTwivaCv
king tee;Tha Triflin' Album;King Tee's Beer Stand;57;60975;4qiyzG1nnCzgrNNKutvgUc
prabh gill;Adore You;Adore You;57;60000;1pFOGFtQyqdlFgzmSVJ2fz
trfn;U Do;U Do;57;195057;3OHndKzu5eMJ7OQc1BBRZV
zariya;Khoya;Khoya;57;178197;0P4AQdNDgEdi7J8mpgY8Jx
salman elahi;Shaan;Pahadon Mein;57;225391;1EuQFujqMzy76oZZ7R2xNO
sahil arun;Kinna Sona;Kinna Sona;57;316604;43zAeubINaItVCIhyhtzDf
element eighty;Element Eighty;Broken Promises;57;197933;2YnvR7uhlWpPdYUn1eR25y
primer 55;Introduction To Mayhem;Loose;57;182200;5u07rgQcg8F2xIZp90lm3p
joe inoue;CLOSER;CLOSER;57;208013;2Kld61w2NR7zPPXtaHeIii
d-51;Mitsuyoko Ichimura (Standard Edition);Brand New World;57;258440;1mV4Ti0I8kZF3Dd72qPEW5
static & ben el;Further Up (Na, Na, Na, Na, Na);Further Up (Na, Na, Na, Na, Na);57;151873;1aW9qzUsXGbyhT3NPCWwdT
long shot party;LONG SHOT PARTY;distance;57;187346;17zGkwutNrdgAAfC61QLWF
和ぬか;寄り酔い;寄り酔い;57;216959;154Jycdld9dX9rBLE6L3v4
kinokoteikoku;タイム・ラプス;金木犀の夜;57;245080;27udJcfu06TvbbOpgfxIlw
dpsht;Poppy;Poppy;57;104797;0mHKNruyEQ4NgVpnqov5wv
dualizm;Es kommt zum Duell;Es kommt zum Duell;57;80563;1WEniiBdhc7lT3qEBWCtvM
oaty.;Goiaba;Goiaba;57;139805;4KCGYOHGExcKUlFkNajeVO
rllbts;Sunflakes;Sunflakes;57;134318;4RMcbb9ITtAESFO6Sg0DLo
adhvik;Ninna Gungalli;Ninna Gungalli;57;195000;7x5TjoSag3Q3EwLRyrlxrT
punch;Hotel del Luna (Original Television Soundtrack) Pt.12;Done For Me;57;231555;55ZCkYWwgwFAxLHB79DgYf
insomniacks;Sempurna;Sempurna;62;251714;67C6LHREqmytK923Ak6R0I
insomniacks;Pulang;Pulang;56;287477;1DVHCvTwuwtZrpYDV4irH5
insomniacks;Kepala Batu EP;Reminisensi;53;265406;0TRKtVvsVmOkXCvnq5AgNE
rose liu;我不要再比了;飄洋過海來看你;57;298960;4H2BScfStfDuTV32SmVIxX
coco lee;Just No Other Way;Before I Fall in Love;57;224200;4eItapj64PXkaDmXYcuX6w
albin svensson;Your Story;From Above;65;106013;5LIsR2QFLqxot9tX9huYwi
albin svensson;Storytelling;Storytelling;49;141355;4rhOJ6KXbzenI63eYKjdrw
garreth broke;Riverlight;Riverlight;57;133250;3sp6FlleWKCE9mxdnHXFlU
franz ewer;Hiemalis;Hiemalis;57;167624;0UcRrIl4Ti4xSdp314ZASI
freya rääf;Min Melodi;Min Melodi;57;130804;0rafHfCcXPvNoLf5uHQvpr
jan thiel;Cosmos;Cosmos;57;159500;3e1WYfmlGZvuwiwJRZ9x0f
piotr wiese;Waltz, Interrupted;Waltz, Interrupted;57;131561;4iMQEdNXGMVlAbqsJGhvxx
piotr wiese;Waiting for You;Waiting for You;57;139109;5ZWodvcCq8kTLjfy821dRO
vanja lind;Skymning;Skymning;57;123114;2jRlPB32YMnpz1qcIY97oY
marinella necchi;Le notti rosse;Le notti rosse;57;134595;5axUCaGmmqMGXyAg8BF1FF
alexander luchs;Piha;Piha;57;199287;28JVD0j9MIraxyvP7j60uy
lata mangeshkar;Silsila;Dekha Ek Khwab;59;320733;5B29YNjG7dx0GfU19ZBEpo
lata mangeshkar;Dilwale Dulhania Le Jayenge;Mere Khwabon Mein;59;256440;1AhXEDyg2AbV7CAnyiAMvM
lata mangeshkar;Play That Beat Mr.Raja #1;Valaiyosai Kalakala;59;268221;2CUsUUpzLh8pe1smaDvDUu
lata mangeshkar;Dilwale Dulhania Le Jayenge;Tujhe Dekha To;57;302093;6dFQ3W3xuG4ll7cNjIsN2Q
lata mangeshkar;Woh Kaun Thi;Lag Ja Gale Se Phir;57;257613;5Y5c5bJK0O7KJDDAYKkppH
lata mangeshkar;Jab Pyaar Kisise Hota Hai (Original Motion Picture Soundtrack);Madhosh Dil Ki Dhadkan;57;324000;5JWuNK80jSLK1jQyFInWqG
lata mangeshkar;Masoom;Tujhse Naraz Nahin Zindagi - Lata Mangeshkar;56;220106;4M6QtwT7kFCMqztO4E96kk
lata mangeshkar;Dilwale Dulhania Le Jayenge;Ho Gaya Hai Tujhko To Pyar Sajna;56;347680;2MjnGtsgfqllql2ndWdGn8
lata mangeshkar;Milo Na Tum - Gajendra Verma;Milo Na Tum;55;211296;3XXWxfOUxY9L2R6vVpO05T
lata mangeshkar;Remembering Lata Mangeshkar;Dekha Ek Khwab - II;55;320733;3hwaOfrkbXJgeh7XGt54xw
mano;Best Hits Of Ilaiyaraja Vol-1;Malliga Mottu (From "Sakthivel");57;303304;53v15jUHWPDKF84Tc16Eqa
mano;Kizhakku Cheemayile;Aathangarai Maramea Adhil;57;290872;1Z8LzODEH4hn1fEMJEIARw
jassie gift;4 Students (Original Motion Picture Soundtrack);Layyavathiye;57;270497;7yRfIESGCckunEuXMtn0bj
srinivas;Hits of A.R.Rahman Nenjame;Oru Poiyavathu (From "Jodi");57;423930;2n0ffQTaPdqflETu3qVRnl
srinivas;Taj Mahal (Original Motion Picture Soundtrack);Sotta Sotta;57;334550;6erhWA07TRTqtISu5ODMlL
bappi lahiri;Badrinath Ki Dulhania;Tamma Tamma Again;57;199264;5sqPE9h98DkO5ms20NUiUg
tom & jame;Click Clack;Click Clack;57;211428;12xmkSV8lj4sb9cgkarGYG
tim berg;Seek Bromance;Seek Bromance - Avicii Vocal Edit;57;200991;7tSO7DrrYpiMXX3zM4b3oM
jack back;Survivor / Put Your Phone Down (Low);Survivor;57;163236;4pD9SWYlUlzj47sUkWtAxp
iron butterfly;Light and Heavy/The Best of...;In-A-Gadda-Da-Vida - Single Version;57;173986;41TqRBgF4Ahyr4vGmZVk8b
tv on the radio;Dear Science;DLZ;57;228706;6La3P2zp9KaW1d35hwm0Xh
the new seekers;The Albums 1970-73;I'd Like To Teach The World To Sing (In Perfect Harmony);57;142533;0VYhyWRfiiJQ5WRm3EOczU
marmalade;Lovin' Things;Reflections Of My Life;57;256560;5vZtw6zhx8bd7Umsv2w35x
lui joseph;Computer Crash;Computer Crash;62;169508;6MZ91tbZxwwqimJffOoLsW
lui joseph;Strawberry;Strawberry;52;173923;2RJo6RNV5dpjLh6Co4nPsI
torrian ball;Broken Art 3;Hold On;57;117655;0OqqXI26ERCs58FAAv1WYr
dirtyxan;Palace;Palace;60;110080;1ux2H51GHPjSntjRvxU2gN
dirtyxan;MAMBO;MAMBO;58;127925;4U69c6x6vG2ULgUd6tRapG
dirtyxan;HOW YOU DOIN?;HOW YOU DOIN?;53;104150;4w5W4KpJfgi7467R8autpe
ion lil gut;Up Nexxx Vol. 1;HighSchool;57;123587;1PqVxax7FjLsr8wxhrxZQc
damien;i can't stop;i can't stop;57;161333;4kODxvif74racbcTGQ5wLe
juan marcus & vinícius;Da Nossa Moda (Ao Vivo);Amores De Esquina - Ao Vivo;60;151325;2riJDUzz97lczvV6xQ4hWg
juan marcus & vinícius;Pra Todo Mundo Ver (Ao Vivo / Vol.3);Poema Bobo - Ao Vivo;54;174922;19oVgnTelqQiilMMdo0uPR
jonathan groff;Hamilton (Original Broadway Cast Recording);You'll Be Back;70;208321;6OG1S805gIrH5nAQbEOPY3
jonathan groff;Frozen 2 (Original Motion Picture Soundtrack/Deluxe Edition);Lost in the Woods;66;180762;7namdlOhbtsc8FvoSafOQt
jonathan groff;Hamilton (Original Broadway Cast Recording);What Comes Next?;63;99343;3D4J0o9w44QKFrBrYrSVJY
jonathan groff;Hamilton (Original Broadway Cast Recording);I Know Him;61;97979;4eeN8erNIbW2osT0knz5vT
jonathan groff;Frozen (Original Motion Picture Soundtrack / Deluxe Edition);Reindeer(s) Are Better Than People - From "Frozen" / Soundtrack Version;59;50960;4C463MZrXGxq3t7A3wlGuV
jonathan groff;Frozen 2 (Original Motion Picture Soundtrack/Deluxe Edition);Get This Right - Outtake;56;226920;401xthyxSHv4raI9NCGgr3
jonathan groff;A New Brain (2015 New York Cast Recording);And They're Off;24;212746;5fqLPH9U94o7bNiN1lTfgf
catherine zeta-jones;Chicago - Music From The Miramax Motion Picture;Cell Block Tango;57;442733;28Tmk14BdrfaV2YzxpB35c
nobody likes you pat;spinning;songs about you;57;189397;6A6il0xlgnUK3LCxCcHZRA
choi yuree;Hometown Cha-Cha-Cha, Pt. 4 (Original Television Soundtrack);Wish;57;237426;12n9WBfLII5EdQFzQiQFqv
lynk lee;Buồn Thì Cứ Khóc Đi;Buồn Thì Cứ Khóc Đi;57;222314;6iXGivPFpsqKmrINhIbPvx
tine mydland;Et øyeblikk;Et øyeblikk;61;161000;4wwtlq6dqi0ztt989n4yiQ
tine mydland;I din nærhet;I din nærhet;53;179750;04QbFy5NlBOJVvQEGlRwsm
florence adame;always;always;57;176500;5Nusgvqw46McIdfuqrvM4c
amor de la luna;Reflexión en el tiempo;La amabilidad;57;143406;75skmcKUZLzncei8MyjeNs
airship express;Sea Of Colors;Sea Of Colors;57;184250;0vpo0LIlSsiqIWf44ydK2z
darcie roman;Lasai;Lasai;57;221000;1vXPvFeZGpojHygGjSjQfH
turquoise palms;Mahola;Mahola;57;232000;7KpA2ZOdXXU7ymU05JmAv0
prince of falls;Till We Feel Something;Marlboro;57;220682;5e8yGIFZEt73yKPMLiKHKo
kid riz;Homie;Homie;57;146400;4uZUh5lP2BXlG8xYwFrCS5
amaral;Pájaros En La Cabeza;Marta, Sebas, Guille y los demás;60;223186;30ddpolNHwXlrS5XO8MiiO
amaral;Pájaros En La Cabeza;El universo sobre mí;60;249680;1jJn6iK6o2Vg7iUKHztRTk
amaral;Hacia Lo Salvaje;Cuando Suba La Marea;51;265213;1YSPIHUt1JiN9H1GcgH8Ce
l.a.;Heavenly Hell;Stop The Clocks;57;200400;0iM4pwkaMrJAGKHVcavitw
la fuga;Negociando gasolina;Buscando en la basura;57;208839;46Yp4JsZIh8ceg5WBqW1ZB
arrebato;Abrazos;Primaveras En El Pelo;57;223987;5UdVwPVRb5NWmQksw1Lilq
platero y tu;Muy Deficiente;El roce de tu cuerpo;57;250093;3EPd9riN2R8Zjl6GkrxxGl
celtas cortos;Cuentame Un Cuento;20 de abril;57;235333;7ifOnwJC0oH7cfbJQbUye1
bombai;Solo Si Es Contigo (feat. Bebe);Solo Si Es Contigo (feat. Bebe);57;216000;0Ttqiz6DNvPkThvbnr9vYJ
meadows;The Only Boy Awake;The Only Boy Awake;57;163294;4tRt91OQSbE9eFA3RwgqSd
johnny hates jazz;Turn Back The Clock;Shattered Dreams - Remastered;65;207346;5KXKhCfPNS4342ly8tTf6w
johnny hates jazz;Turn Back The Clock;Turn Back The Clock;58;270133;0vsRt9W2VisbZW6mqqjbp8
johnny hates jazz;The Very Best Of Johnny Hates Jazz;Shattered Dreams;48;209960;03Y9Gez0KGG8zYY3KWIqdk
mel & kim;F.L.M. (Deluxe Edition);Respectable;57;202640;1q8yOvrVNiZtMuEujDuSPP
animotion;Obsession: The Best Of Animotion;Obsession;57;337266;3N7GqZMpZJW69Te1bfUTc3
raving george;You're Mine (feat. Oscar And The Wolf);You're Mine (feat. Oscar And The Wolf);57;331240;1VSqQykTamK4ubyZV7p8Bp
enrique iglesias;Escape;Hero;70;264240;1PAgmT6YqGhd6zT9kN9gIo
enrique iglesias;SUBEME LA RADIO (feat. Descemer Bueno & Zion & Lennox);SUBEME LA RADIO (feat. Descemer Bueno & Zion & Lennox);70;207680;7nKBxz47S9SD79N086fuhn
enrique iglesias;Euphoria;Tonight (I'm Fuckin' You);64;232213;3nMb7ToWIxYvmaIG20z6ux
enrique iglesias;Euphoria;I Like It;64;231373;7HacCTm33hZYYN8DXpCYuG
enrique iglesias;Escape;Escape;59;208626;4anDsZBavxjw3Ktw6ICGYd
enrique iglesias;Euphoria;Heartbeat;56;256226;6GREIx79VAYuT0DYDGTIJh
enrique iglesias;SEX AND LOVE (Deluxe);Bailando - Spanish Version;55;243413;637bsehtpL2oJruOEL6lZ7
enrique iglesias;Insomniac (New International Version Spanish);Do You Know? (The Ping Pong Song);55;218053;4MloswMM3eu7dHZ7MOzW3i
enrique iglesias;Euphoria;Dirty Dancer;55;214453;2WOg6FT27iLtN8wetk69nP
enrique iglesias;Euphoria;Why Not Me?;53;219360;1YnRzw2S56QR16zhKZJMiv
enrique iglesias;Insomniac (New International Version Spanish);Somebody's Me;51;238466;6S18su3fmCpLzBsJCQWovx
enrique iglesias;Euphoria;Tonight (I'm Lovin' You);51;231293;79R98MwYRcQZdAzjjzUbiX
enrique iglesias;S** AND LOVE;Bailando - English Version;49;243240;6BcMcVax12vNuOqnPOayZ1
enrique iglesias;SEX AND LOVE (Deluxe);Heart Attack;45;170146;1zpFTApsJK8n8FO9XUeGJW
aphex twin;Selected Ambient Works Volume II;#3;64;464293;2Bc4llhjJBW77I552RgA3L
aphex twin;Drukqs;Avril 14th;64;125520;2MZSXhq4XDJWu6coGoXX1V
aphex twin;Drukqs;QKThr;62;87466;7vuYfz0siJY66fLEiDKnEh
aphex twin;...I Care Because You Do;Alberto Balsalm;62;310746;21Phj46KeUHOWyZW9A9b7P
aphex twin;Selected Ambient Works 85-92;Xtal;60;293751;7o2AeQZzfCERsRmOM86EcB
aphex twin;Syro;aisatsana [102];55;321880;3ESsjKqrj3M79I8sSZieK3
aphex twin;Selected Ambient Works 85-92;I;55;77346;2FQviMkaoixlgWuGL4u1EO
aphex twin;Windowlicker;Windowlicker;55;368400;60Pe9j2pCBa4Zp4ztf5nhd
aphex twin;Come To Daddy;IZ-US;54;177266;0c0Z5agmnSibjIWjdZV6R1
aphex twin;Richard D. James Album;Fingerbib;53;228866;3kbaZC3FZTecvlSR67Sr19
aphex twin;Selected Ambient Works 85-92;Tha;51;547133;4Sxv0whUHWzHK5T8uuP66S
aphex twin;Selected Ambient Works Volume II;#1;48;447800;35NyjYJFaJxqbUF2y0jWl1
anthony keyrouz;Wake Me Up In Paris;Wake Me Up In Paris;73;136946;4dq7XLDmFHNwc1yqL339qT
anthony keyrouz;Last Melody;Last Melody;66;148396;4XpDj477gvnsYNT21ap9Y8
anthony keyrouz;Hush Hush (Don't Be Shy);Hush Hush (Don't Be Shy);60;131001;6yotiCxcSIm4HyZdA6wcYH
anthony keyrouz;Dance With Your Devil;Dance With Your Devil;57;150952;3fWKUqt1i6CsEBLuB8IWJ1
anthony keyrouz;Kisses Back;Kisses Back;56;222629;6uzwiQa5FkiiHLyt7ENYc6
anthony keyrouz;Dance Again;Dance Again;56;152459;5mG9iopQWcGtc3SnrV3dA5
anthony keyrouz;Kiss Me In Berlin;Kiss Me In Berlin;55;132001;7y3jmcF0MX0gTi6ihH2kpX
anthony keyrouz;Tell Me How;Tell Me How;50;132742;0d2yUkzvqA85zHqiKA9IuE
anthony keyrouz;Something Just Like This;Something Just Like This;49;228012;0ScBDFXSiljfxLD8JzaGu9
anthony keyrouz;Kisses Back (Slowed + Reverb);Kisses Back - Slowed + Reverb;47;252174;6bzeTtEW9R9Qzec2GIwZj2
高爾宣 osn;#osnrap;Without You;63;175500;0KWnRv3wxjltYVB3MqjNd2
高爾宣 osn;Somebody Else;Somebody Else;60;169584;2DwsuwDtMtZykInr8cFo1j
高爾宣 osn;Drowning;Drowning;59;156747;1XXvo0XLQqEnIb0fjEr0C8
高爾宣 osn;#osnrap;Why You Gonna Lie;58;174000;1rjUBUTswCkN8DIBxkgjJs
高爾宣 osn;Work;Work;58;166227;3N0srZgpRLSY2ziJ1FsJh9
高爾宣 osn;#osnrap;最後一次;56;166000;4fw4NwYVD8nLWLtKtlN8df
高爾宣 osn;So Bad;So Bad;56;172118;0q1FMCm6hZhyPomad3LQES
高爾宣 osn;#osnrap;Without You - Acoustic Version;54;204155;3dGkfiu2IKSWZRfmBoUxvV
高爾宣 osn;Baby U Decide;Baby U Decide;54;141921;66EypNPbL0yK9AYj0Q6tZ5
高爾宣 osn;#osnrap;Be Alright;51;202325;1ggo5EkgQKtOcrYlJ0mEZS
yugo kanno;JOJO'S BIZARRE ADVENTURE -Golden Wind O.S.T vol.1 Overture;il vento d'oro;66;295575;17VP4tofJ3evJbtY8Tk1Qi
yugo kanno;JOJO'S BIZARRE ADVENTURE -Golden Wind O.S.T vol.3 Finare;Uragirimonono Requiem - Giorno Ver.;59;219187;3q7hI6kxCAbj0yDTR4asML
yugo kanno;JOJO'S BIZARRE ADVENTURE -Golden Wind O.S.T vol.1 Overture;Canzoni preferite;59;144862;5aanhLobXHQ8ODj2LBJ077
yugo kanno;JOJO'S BIZARRE ADVENTURE -Stardust Crusaders O.S.T [Departure];Stardust Crusaders;57;307893;1xsExFad0m5ikHaejXZrcA
yugo kanno;JOJO'S BIZARRE ADVENTURE -Diamond is unbreakable O.S.T Vol.1 -Good Morning Morioh Cho- Music by Yugo Kanno;Diamond is unbreakable - Main Theme;56;247880;6GqMQUzxuTG88y5WZ0HYLr
yugo kanno;JOJO'S BIZARRE ADVENTURE -Diamond is unbreakable O.S.T Vol.2 -Good Night Morioh Cho- Music by Yugo Kanno;Killer;51;183906;21YiaS85ngOoYT773cMFlW
yugo kanno;JOJO'S BIZARRE ADVENTURE -Golden Wind O.S.T vol.3 Finare;Uragirimonono Requiem - Diavolo Ver.;50;224426;4CoTazwZS0VXFHgqgmVT85
brakence;venus fly trap;venus fly trap;59;295866;37IFFBgI7qnLKqGP15mmIu
brakence;caffeine;caffeine;58;198346;4jcIsQPXUXp866w3lT5AzO
brakence;argyle;argyle;57;165333;5PlTDE2RLbcC9vBzbGAG4y
brakence;punk2;fuckboy;57;157903;7cELheBXF3jIShGuewCy44
brakence;dropout (w/ blackbear);dropout (w/ blackbear);56;166808;1hV0Ue00iyNCZvb1n0VyGf
brakence;punk2;rosier/punk2;54;222493;5fr1gqzvwrPrGS76ltBsFK
slipknot;Vol. 3: The Subliminal Verses;Duality;80;252613;61mWefnWQOLf90gepjOCb3
slipknot;Vol. 3: The Subliminal Verses;Before I Forget;77;278600;6wqJeItl3Vc3az4ZicSQAB
slipknot;All Hope Is Gone (10th Anniversary);Psychosocial;76;284120;3RAFcUBrCNaboRXoP3S5t1
slipknot;We Are Not Your Kind;Unsainted;74;260773;5mpUKTdskZea0gStWzeHUZ
slipknot;Slipknot (10th Anniversary Edition);Wait and Bleed;73;147840;2gscB6kDOmrv1P6qs2KXE3
slipknot;The End, So Far;Hive Mind;71;315906;60knpe02nSLudHQYX2FZBI
slipknot;The End, So Far;The Dying Song (Time To Sing);71;203586;6rsoBvxrlxdmqJyGPPciyq
slipknot;All Hope Is Gone;Snuff;70;276146;3RptaQ5Xb8WvtpItZ2f9Hi
slipknot;The End, So Far;Yen;70;283786;5ih5d9WJSI7Hxz0KIPJPY2
slipknot;We Are Not Your Kind;Nero Forte;69;315177;56fiFTRrSiHHH3gBeaTg2P
slipknot;Iowa;People = Shit;69;215600;0Y2i84QWPFiFHQfEQDgHya
slipknot;The End, So Far;Adderall;69;340400;1PcANFoqnDsexSHXpWrn8Q
slipknot;Vol. 3: The Subliminal Verses;Vermilion, Pt. 2;68;224320;0O7lENhqOySbsL743G7PqD
slipknot;The End, So Far;Warranty;68;231146;6AUfiRcpnffzH1KhI121f1
slipknot;The End, So Far;The Chapeltown Rag;68;289226;5jeh4hwbQJnnAJHZV9fqeo
slipknot;Slipknot (10th Anniversary Edition);Spit It Out;67;159773;2W2eaLVKv9NObcLXlYRZZo
slipknot;Slipknot (10th Anniversary Edition);Eyeless;66;236360;7MEHTWzEi3z7P2jEWAcdHZ
slipknot;All Hope Is Gone;Psychosocial;66;283400;2MvIMgtWyK88OiPi0J8Dg3
slipknot;All Hope Is Gone (10th Anniversary);Snuff;65;276146;2vPZ4Lklyu75zBR3SgbFNI
slipknot;TikTok Rock;Custer;39;254466;2Aj4Cbf7cQrTPLCw5Ccz0q
slipknot;.5: The Gray Chapter;The Devil in I;37;342821;2PjVfXNQJiyFXyKBpeckQ3
slipknot;Rock Brandneu;The Dying Song (Time to Sing);4;203586;0VFk1Ofc6X7QHdVC9T71sK
slipknot;Rock Brandneu;Yen;3;285315;6CqHve8qCxKzEd3ciOy6xj
slipknot;Metal;Duality;0;252613;3CKJz2XmcRBskVxbN3pit2
slipknot;Metal Lives!;Duality;0;252613;02ocOpp3OlYjjFvhvBDljE
sawanohiroyuki[nzk];Avid;Avid;61;250293;28QpCzFbTf09Jsj2zuz58t
sawanohiroyuki[nzk];iv;NEXUS <PODv>;58;227893;1Esdref3JRFtpdLtF6VWwg
sawanohiroyuki[nzk];LilaS;LilaS;56;245397;3LgxJ3osWJJvrnmlKcfH7I
sawanohiroyuki[nzk];Avid / Hands Up to the Sky;Hands Up to the Sky;55;212146;7kiWVIA95A2H7TMYSrA0b5
sawanohiroyuki[nzk];o1;aLIEz;54;268480;0w0LzMyUvgRYqYehX77UE7
convolk;LONEWOLF;I fucked up;61;159149;6ue8qsdLrXbj9UDmhnYkEa
convolk;LONEWOLF;lonewolf;57;178523;3IsElc2ardSjI3qVPHsFwB
convolk;whatever it takes;whatever it takes;56;217181;4paTIojVRwNvVfS70Q0nvT
convolk;ANTIHERO;swear to god;55;129708;1GVhLEJGfOIpdSZJnUxN5O
convolk;SWAN DIVE;Swan Dive;55;151602;1IzGdhQ17U0r7ufI4qBv7d
pop evil;Onyx (Deluxe Edition);Torn to Pieces;59;196258;0FwiglGo6kL0xLOt114SSh
pop evil;Eye of the Storm;Eye of the Storm;58;234149;0TTSQeJnGnpCxX7LWsdD9F
pop evil;Pop Evil;Waking Lions;58;231963;1VMSib83ZkffP22T64hxot
pop evil;Eye of the Storm (Into The Vortex Remix);Eye of the Storm;55;234149;6QtGvxBKckuEtXKBbqC3JX
pop evil;Breathe Again;Breathe Again;54;191440;1NkHDIbGjHqFjZJrdHjQGZ
sunidhi chauhan;Saami Saami (From "Pushpa The Rise Part - 01");Saami Saami (From "Pushpa The Rise Part - 01");64;227160;1GjRIaC1VRaPw8cl5CAjuF
sunidhi chauhan;Aiyaary (Original Motion Picture Soundtrack);Lae Dooba;63;229877;4cNbz1UdBCrnGOg0NNP1iF
sunidhi chauhan;Tees Maar Khan;Sheila Ki Jawani;63;281707;6VbmeIWTbNHM5uqoW7GTE4
sunidhi chauhan;Halka Halka (From "Fanney Khan");Halka Halka (From "Fanney Khan");61;247381;44O26Gv1wQrlUj14PpTolM
sunidhi chauhan;Ishq Samundar Remix;Ishq Samundar Remix;33;236003;5o5xXNGb8jrz0oiAqOMzPP
nsg;Roadblock;Roadblock;61;233293;1TfpBtkEQiDISwBcW1BeCX
nsg;In Da Car;In Da Car;60;258320;3UOg91DTKgZuWsYsV1Zn13
nsg;Options;Options;59;240081;2cytBOLpwFRX7J9URCrFIe
nsg;Petite;Petite;59;182710;24ULbF2UnOeMbkmkGriTBc
nsg;Nyash (Current & Savings);Nyash (Current & Savings);57;214280;3RcPuhrAyFTvJSKfVdbM5p
nsg;Roots;Options;56;240081;5Jqg1ta5RhBIYuJ1gdHCAt
nsg;Yo Darlin';Yo Darlin';54;252860;7Lh7cJzYuo4U5Uq687rLSm
nsg;Daily Duppy;Daily Duppy, Part 1;53;164400;07HLI4s97hx2FmCJsJ20hw
nsg;Only God Can Judge Me;Only God Can Judge Me;52;213266;7F1FBu1Xy1DWKGTMxpyIho
penny and sparrow;Finch;Eloise;61;168712;3XnDbrxxtA40HPIIRWLgRT
penny and sparrow;Olly Olly;Need You;58;189282;7f0PCIJFVw7U5tbuFH4rb0
penny and sparrow;Finch;Don't Wanna Be Without Ya;58;207762;0WSGIwIEqpfe3jGJ5fZsHr
penny and sparrow;Tenboom;Duet (feat. Stephanie Briggs);50;221786;5Jac5r26r1HkpH9Xv5zt7A
olivia belli;Somnio Novo;Prélude;61;171608;6HIRhDZd8E7MMkfZDLpV48
olivia belli;Valse;Valse;58;142024;6Byh2m5om63yZL35VrP0CF
olivia belli;Island II;Island II;57;143960;1qGI8KYIXtJK9WTMC6nIQM
olivia belli;Impromptu;Impromptu;51;155360;7fgqEIEV6kpswoBsgru92Z
the peggies;The GARDEN;センチメートル;62;227013;2zwZPlMKb1vaFcQK6PpMtP
the peggies;Hell like Heaven;君のせい;59;263066;7jEwBMtA7gM43NxiuvfF3h
the peggies;足跡;足跡;56;227973;4k5g6HNKtrWbYDllw2Dyp0
the peggies;The GARDEN;足跡;50;227640;1zjqwj6d2sZTsw0ogGTSUe
jimmy brown;Let Me Know;Let Me Know;61;188666;1SPDWTBH7qcjbZ8zMRXlQ9
jimmy brown;Irene;Irene;59;199672;7KwxU8kseYKf5pLbuI25g0
jimmy brown;i got you;i got you;57;132727;20gAOYKYQ7aFRVRg6LvrLW
jimmy brown;2 Things;2 Things;50;227368;3MEAT9l4hnZ8KYROboK2C7
boy in skirt;Sad Boy in Skirt;Losing Interest - Slowed Version;65;116920;6ZwTqNc7Ln6Dhn5UKNZJHy
boy in skirt;Sad Boy in Skirt;Tell Me Why I'm Waiting - Slowed;58;142267;6uLot4eub7nbh81AHS05MF
boy in skirt;Sad Boy in Skirt;Tell Me Why I'm Waiting;53;122920;10W1EKevoLCOrlDeXOM2AX
boy in skirt;Sad Boy in Skirt;You Promised Not to Break My Heart;51;102947;6IcEBDc4bol7BbHMupfDLQ
rl grime;NOVA;UCLA;68;192000;3OaunNUlXXs5e2PXtNAzzG
rl grime;NOVA;I Wanna Know;56;206727;4ToogKQq58R9TvO40qRuxi
rl grime;Sable Valley Summer Vol. 3;Silo (feat. fknsyd);55;247500;49Z1VQivkHoY5KGdUwMv5i
rl grime;NOVA (The Remixes, Vol. 1);Atoms - Said the Sky Remix;48;255117;4GR9MdPIvrkxcEJ4RUbxPk
alex keeper;Remember These Days;Remember These Days;61;154138;4TDh2sMmrfbzx7kfW4CoQP
alex keeper;Around For You;Around For You;57;152068;3TU0TQUp9FeXXCp3BTe12u
alex keeper;Forever;Forever;57;172714;0y4iXXlpVFJSQjlx0vQ3MZ
alex keeper;Close to Me;Close to Me;52;167058;3gnZbqBrwCJPf2hvgAgW4I
kris bowers;Bridgerton (Covers from the Netflix Original Series);Strange (feat. Hillary Smith);59;198640;2bPWLtJe3v33z1j40sWB8a
kris bowers;Bridgerton Season Two (Covers from the Netflix Series);Material Girl;59;244339;4p7na6NSU0F7lMOhx9kg9k
kris bowers;Bridgerton Season Two (Covers from the Netflix Series);Kabhi Khushi Kabhie Gham;57;208893;2uU4tNepmkbE5lyQ9d0zFZ
kris bowers;Bridgerton (Music from the Netflix Original Series);Love is A Choice;52;140000;0OQXYoAMu9z5Gb20PVAlcx
dustystaytrue;True To Me;Never Change;61;154773;0rIrIUpcd1FFRSEwQGk1Cs
dustystaytrue;Talk Tough;Talk Tough;57;177366;4HlwrvZ1Onf2Vh8PJtIvtE
dustystaytrue;True To Me;Solar System;55;154225;0otgZLlu99XIIEuSTI7BBD
dustystaytrue;Never Change;Never Change;54;154801;1d6XDNrd6AjQiGHHVnTrfv
lori meyers;Impronta;Emborracharme;63;212026;67DveIUUjToBiKJwMnFZiJ
lori meyers;En La Espiral;Siempre Brilla El Sol;56;219066;62JASMwWszQSm2lZaKvaa1
lori meyers;Cuando El Destino Nos Alcance;Mi Realidad;54;191973;0m0HaxmlOkzi0Yby75t2o7
lori meyers;Impronta;El Tiempo Pasará;54;242560;6t6knHmmUVGnYHqQy7lTij
otaku;Ghibli Lofi;One summer's day;63;127058;738ezpBPFkPV6zZmJLicaN
otaku;Ghibli Lofi;Marco and Gina;62;109216;7E5eZ1ZGeqtIPIXIU5NceV
otaku;Anime Lofi Vol. 1;Blue Bird (Naruto);60;111848;2HYPqSwitksTpCFzYmP7Po
otaku;Ghibli Lofi;Aryetti's Song;60;115616;1yPluCl0c17RcWyGjV7tw5
otaku;Anime Lofi Vol. 1;Unravel (Tokyo Ghoul);59;127910;46fpycbDAktlUgSCY1fMJd
otaku;Anime Lofi Vol. 2;Renai Circulation (Bakemonogatari);58;105616;4k3bQolPVSky3itPqhsrlY
otaku;Ghibli Lofi;The Girl Who Fell from the Sky;58;115216;0hmELN1LsoFyKCE4AqrTFN
otaku;Ghibli Lofi;Nausicaa Requiem;57;108016;6bZWglnOQjF5XodilZuF55
otaku;Anime Lofi Vol. 3;Chala Head Chala (DBZ);55;107448;5fPjBlGWfLeL32kCibVhND
otaku;Anime Lofi Vol. 1;Again (Full Metal);55;113803;3aLcJuAarDz0kzxcdSbAYc
otaku;Ghibli Lofi;The Path of the wind;55;102416;2IHSMPRArRTCsrFETbb4Ve
otaku;Anime Lofi Vol. 1;Silhouette (Naruto Shippuden);53;113921;5BbAbnlNW3JfGGwG0Hkei9
otaku;Anime Lofi Vol. 1;Guren No Yumiya (Attack On Titan);53;96232;70CbcDczLupouV8PYWjk5Z
otaku;Anime Lofi Vol. 1;The Hero (One Punch Man);52;101151;38gqeaSyRwk64S9Xf1xDzD
otaku;Anime Lofi Vol. 2;Sign (Naruto Shippuden);51;117203;1ovr8NrhUZWz64ZM1bfbzG
l'impératrice;Odyssée - EP;Agitations tropicales;65;248892;2La21GqU4fKTQLcfLxTeoz
l'impératrice;Everything Eventually Ends;Everything Eventually Ends;63;177280;5LInOGDHqrgetnMlnvaDNq
l'impératrice;Vanille fraise;Vanille fraise;62;238183;7nZ9CzhiFRPhOQCn7eDSnn
l'impératrice;Sonate Pacifique;Sonate Pacifique;61;348944;49PyCCLOdJi0jHkGyyY2vv
l'impératrice;Tako Tsubo;Peur des filles;58;208805;00mO8JKk2wQ7VqdPcY1r4O
l'impératrice;Odyssée - EP;La lune;54;193629;6rbbDK18oqK3MxHGQhpmn2
l'impératrice;Odyssée - EP;Le départ;54;119633;0UODoj6stYv542c7NB9MNd
l'impératrice;Odyssée - EP;Parfum thérémine;53;304993;76fdtNvwn6hkOmBvgOom7L
l'impératrice;Tako Tsubo;Anomalie bleue;53;232178;6z4n862KhNJNWDYSn4aLL5
l'impératrice;Tako Tsubo;Voodoo?;52;255746;3pr0y5h4MkBngy6gyozLDV
l'impératrice;Matahari (French Version);Erreur 404;49;220506;1xlBBF8plcM6vHQfOM9Fs7
nickelback;Silver Side Up;How You Remind Me;80;223840;0gmbgwZ8iqyMPmXefof8Yf
nickelback;All the Right Reasons;Far Away;73;238173;0ADZ5dmXhlfzjMw6lefoPl
nickelback;Dark Horse;Burn It to the Ground;73;212346;1jq28NGw6wdtFKx8MBPy6C
nickelback;The Long Road;Someday;71;207466;4PkJ7c9y1CwpuVOiJODnCZ
nickelback;All the Right Reasons (Walmart Exclusive Edition);Rockstar;70;252040;3RlsVPIIs5KFhLFhxZ4iDF
nickelback;All the Right Reasons;Savin' Me;70;219320;4Gd9PUEuOTOJtbgd4YxLXM
nickelback;All the Right Reasons;Photograph;69;258920;3hb2ScEVkGchcAQqrPLP0R
nickelback;Dark Horse;If Today Was Your Last Day;68;249066;4QJLKU75Rg4558f4LbDBRi
nickelback;Here and Now (Audio Only Version);When We Stand Together;67;190786;4bCOAuhvjsxbVBM5MM8oik
nickelback;Here and Now (Audio Only Version);Lullaby;64;228106;2vBiZ7nBe0OqTZKWGP0s4K
nickelback;Dark Horse;Gotta Be Somebody;64;252653;06T10fEzN8ZCcqzQZYA184
nickelback;Dark Horse;Something in Your Mouth;64;219253;6wO0vMRAJB0r1lEWBJZNOq
nickelback;No Fixed Address;What Are You Waiting For?;63;218906;5yUFxEu2kx3WBghRvaHVcn
nickelback;Dark Horse;Never Gonna Be Alone;62;227026;7aySoZnwt7c6lA54qVVUOk
nickelback;All the Right Reasons;Animals;62;186600;5vvoFE63Z7yw2TTj4icSDn
nickelback;The Long Road;Figured You Out;61;228480;1Yuim9eHBfG8YUJII28XDF
nickelback;Here and Now (Audio Only Version);Trying Not to Love You;60;251880;4Dq75eGDLZGM9EGP0XHbo2
nickelback;Dark Horse;This Afternoon;60;273493;1RG8MABX0VciDk6WYb8pBv
nickelback;Silver Side Up;Too Bad;60;232240;2cCWbBmadLbKvr9xddC79R
nickelback;Dark Horse;I'd Come for You;58;262626;1xQZtbipNLyP0e0hihE5F5
nickelback;No Fixed Address;Edge Of A Revolution;57;243053;5JjHr4GeuAERaa1qgsbv6A
nickelback;All The Right Reasons (15th Anniversary Expanded Edition);We Will Rock You - 2020 Remaster;56;120293;01YIoxhuISTSBh8cOvhIbG
nickelback;All the Right Reasons (Walmart Exclusive Edition);If Everyone Cared;55;218013;4QYV42XR08VCKSkBOjnlUe
nickelback;No Fixed Address;Satellite;51;237746;1xzL74JWXGUWcAy2c7CsUg
nickelback;Photograph;We Will Rock You;47;119786;5BK5IvPzmTZBGsCnYRjSue
nickelback;San Quentin;San Quentin;25;211457;36EVGjdLX0x5SlM1GaL6f0
nickelback;Those Days;Those Days;23;219043;0MrEZmX29lJCJHMeTnxRBx
nickelback;Those Days;San Quentin;9;211457;66lWvfNt5DaPXPbuZLApUf
nickelback;Timeless Rock Hits;Animals;3;185906;1bOENKlPYEDXyH9kLFUsnj
billy joel;The Stranger (Legacy Edition);Vienna;79;214240;4U45aEWtQhrm8A5mxPaFZ7
billy joel;An Innocent Man;Uptown Girl;79;197706;5zA8vzDGqPl2AzZkEYQGKh
billy joel;Piano Man (Legacy Edition);Piano Man;77;339000;70C4NyhjD5OZUMzvWZ3njJ
billy joel;Storm Front;We Didn't Start the Fire;76;287733;3Cx4yrFaX8CeHwBMReOWXI
billy joel;The Stranger (Legacy Edition);She's Always a Woman;73;201373;5RgFlk1fcClZd0Y4SGYhqH
billy joel;52nd Street;My Life;72;284000;4ZoBC5MhSEzuknIgAkBaoT
billy joel;The Stranger (Legacy Edition);Just the Way You Are;72;290573;49MHCPzvMLXhRjDantBMVH
billy joel;An Innocent Man;The Longest Time;68;217906;5DH7nDryMhpixm4G4B7RP9
billy joel;The Stranger (Legacy Edition);Only the Good Die Young;68;235560;1xOXXYh6lTW8laxlW7JP2J
billy joel;The Stranger (Legacy Edition);Movin' Out (Anthony's Song);67;210760;16GUMo6u3D2qo9a19AkYct
billy joel;The Essential Billy Joel;Piano Man;66;336093;3FCto7hnn1shUyZL42YgfO
billy joel;River Of Dreams;The River of Dreams;65;247626;30qVCFYKBtAENjTIBA8FPZ
billy joel;Glass Houses;You May Be Right;65;253200;7gMOe0gXYcELUoVugfMmHP
billy joel;Piano Man;Piano Man;64;336200;78WVLOP9pN0G3gRLFy1rAa
billy joel;52nd Street;Honesty;63;233506;34E0Higz6fFVXlbVsn6TIW
billy joel;Turnstiles;New York State of Mind;63;362400;6yjKlmm7vOszkXEUku1EM1
billy joel;The Essential Billy Joel;Uptown Girl;63;194866;3CSpzkoL1XgDBZ1q9aDCUV
billy joel;The Stranger (Legacy Edition);Scenes from an Italian Restaurant;62;456893;3utq2FgD1pkmIoaWfjXWAU
billy joel;52nd Street;Zanzibar;62;310760;70Znjq5VPKFrwlB7O26SWT
billy joel;The Nylon Curtain;Pressure;59;280333;3LqvmDtXWXjF7fg8mh8iZh
billy joel;The Stranger;Vienna;58;214240;7gREIuHognJFspylIDJ94p
billy joel;Storm Front;The Downeaster 'Alexa';57;223266;39cFQHfY6tsdMRmSbFse3X
billy joel;Cold Spring Harbor;She's Got a Way;54;169226;3Ie2eLOIj2IhKnzPwXrLbJ
billy joel;Storm Front;And So It Goes;53;217573;1u7kQUb3lQcpHaYRfia13A
billy joel;Greatest Hits Volume I & Volume II;You're Only Human (Second Wind);51;288440;4aaOblwrIiVnScKL51pGdo
billy joel;Live at Yankee Stadium;Only the Good Die Young - Live at Yankee Stadium, Bronx, NY - June 1990;50;222640;7rwHRvR50VhG135VmovIe4
billy joel;Piano Man - The Very Best of Billy Joel;Piano Man - Radio Edit;40;274733;4ELbfx5VBt4rm808g1g6k0
billy joel;Live at Yankee Stadium;I Go to Extremes - Live at Yankee Stadium, Bronx, NY - June 1990;37;282826;6RTWC9YIPsoQpLJNDLTrBL
billy joel;Live at Yankee Stadium;Scenes From an Italian Restaurant - Live at Yankee Stadium, Bronx, NY - June 1990;37;444213;6Vhim6j6QuZryAzMnLkhsR
billy joel;Live at Yankee Stadium;Shameless - Live at Yankee Stadium, Bronx, NY - June 1990;36;268453;2S9OvGTtHz5NWvIo8wadBq
billy joel;Live at Yankee Stadium;The Downeaster 'Alexa' - Live at Yankee Stadium, Bronx, NY - June 1990;35;283506;5tQ2Zd9ZZ80feVfXje7gWk
billy joel;Live at Yankee Stadium;You May Be Right - Live at Yankee Stadium, Bronx, NY - June 1990;35;298813;6lnWx6BPGTnBPVhinMALTX
billy joel;Live at Yankee Stadium;Pressure - Live at Yankee Stadium, Bronx, NY - June 1990;35;321066;1k5ikG1uA7sPMCKhKOocIo
billy joel;Live at Yankee Stadium;We Didn't Start the Fire - Live at Yankee Stadium, Bronx, NY - June 1990;35;311066;5PqMlhjfgEYcipKzOmsHIa
billy joel;Live at Yankee Stadium;Goodnight Saigon - Live at Yankee Stadium, Bronx, NY - June 1990;33;441440;5ZGWsBCqC79v1NyNnTQeUZ
billy joel;Live at Yankee Stadium;Allentown - Live at Yankee Stadium, Bronx, NY - June 1990;33;235973;7yVGa0eKMNhL6GKTF6TBdS
shiki-tmns;Hentai Bitch;Hentai Bitch;61;171514;38yqKz2oVyauelwQVHvL2I
shiki-tmns;Senpai (feat. Hentai Dude);Senpai (feat. Hentai Dude);60;172564;0f0qeeE4JTRQpjj4fLUqsa
shiki-tmns;Baddest Bitch;Baddest Bitch;49;180773;6P4rZKI2rllSvZWAx3uiVo
růde;Eternal Youth;Eternal Youth;71;205766;0ytvsZOerGzUWfHXVT2Sgy
růde;Loneliness;Loneliness;50;192407;2XmEDW2SUbYYt5o2cxSEz4
růde;Eternal Youth VIP;Eternal Youth VIP;49;217039;49vtjqhxPVKz7BK7IYjBru
fiji blue;It Takes Two;It Takes Two;67;159012;5V7qLbZJNTwaEVbZADqofc
fiji blue;Waves;Waves;66;133747;4If7JKEkzeY0WusIrOdQlC
fiji blue;Reasons You Should Care;Outside;65;174081;2RdREuezrUKCuCcCz5a7ZC
fiji blue;Affection;Affection;63;174211;5eLjgK8JT276Xs8500KdEn
fiji blue;Another Day;Another Day;57;153267;7sTcNcxIIRpEdSu3W6k8Ky
fiji blue;Only When I Look into Your Eyes;Only When I Look into Your Eyes;57;199166;44kiDYXBx8Iju8iQPyldmO
fiji blue;Space Makes Me Sad;Space Makes Me Sad;57;136419;5Op3wFn328uL17aJUIGJx3
fiji blue;I Should've Told You;I Should've Told You;56;197522;5Q9KfZHV6BZZLQzhKpfPpq
fiji blue;Butterflies;Butterflies;54;176480;1e8OoeGOa2VbOqrBhYDliJ
fiji blue;I Loved You, What Happened?;Up Down;54;190515;6HLtZhPygF6XrLVLkkaEYC
fiji blue;Day by Day;Day by Day;53;177080;7ennBS5KF7XksS3WvusJSS
fiji blue;I Loved You, What Happened?;Feel Something;52;150756;5MWA0KkMh18hC2BkcCs4me
fiji blue;Reasons You Should Care;Reasons You Should Care;51;161347;4uuSmtQXYcFwlvFoyC2qiu
fiji blue;Numb;Numb;50;162180;60hN3qknfJ3XkG20RcTmln
fiji blue;Wait!;Wait!;48;168951;7gpmEGMOAti4brA7PSCRp4
dept;Spring in Winter;Winter blossom;60;168870;1ynuDDHKN7P7fmJEljdCLd
dept;whenever it rains;Whenever it rains (feat. Nason & amin);56;185737;6eQtDU7frMlvQp3jSUqInu
dept;Autumn breeze;Autumn breeze (Feat. Milky Day);54;174683;2XOy3DKHapEiDxG7EFI2wT
bob sinclar;World Hold On (FISHER Rework);World Hold On - FISHER Rework;73;178304;2YDOjCfkGciEXxSutB6LJR
bob sinclar;Rock This Party (Everybody Dance Now);Rock This Party - Everybody Dance Now;68;245466;0Qn0i8df7Q76ej3RAXAtI2
bob sinclar;World Hold on (Children of the Sky) [Radio Edit];World Hold on (Children of the Sky) [Radio Edit];67;204230;1c0zagykmGPDYuxJeDqZhJ
bob sinclar;Love Generation (Radio Edit);Love Generation - Radio Edit;67;204798;7M13FwBAKWNa2jqcZeUhL6
bob sinclar;World Hold On (Radio Edit) [Vintage Culture & Dubdogz Remix];World Hold On (Radio Edit) [Vintage Culture & Dubdogz Remix];65;172073;0VdwHBLCTSdrTJFIjWOsEC
bob sinclar;Swanky Club House, Vol. 1;Summer Moonlight - Club Mix;0;360224;0HlSPkpyZrgluk5EzAVLmJ
luca;Fever;Fever;65;173411;45uwWuhL7nNamSKw3DnpQl
luca;Keep You Away;Keep You Away;61;138000;4u62RkJPMac3ZP4yBJEiLw
luca;Be Alive;Be Alive;57;142200;0p874cho40bM8HTxGaorjx
luca;Overflow (feat. Joel Stewart);Overflow - feat. Joel Stewart;53;142105;380vyl9xb7um0l5qIYyWeC
luca;Counterfeit;Counterfeit;53;140400;4jlod5Jgj3yiH8FcSLXrcv
luca;Above the Clouds;Above the Clouds;51;148000;0cSx626ZgTuknh3DbzYtRx
sara costa;Ithaque;Ithaque;58;189026;3VOtDNKPohGZKv1OAO5QKR
sara costa;Tourment d'amour;Tourment d'amour;58;163738;1MSr681PNnYl99LGajtPi5
sara costa;Ants in Pants;Ants in Pants;54;150000;3glNWhZ110B2DLJcCyPfGt
hideyuki hashimoto;Page;Page;57;128000;02kN88Xc8ks3JiKkGrMNpm
hideyuki hashimoto;Echo;Echo;57;121250;5CBDOzmi9RXYOWi7YMrU9e
hideyuki hashimoto;Kanade;Kanade;56;161013;7lihjNUhcrpaennBT2nuWX
the everly brothers;The Very Best of The Everly Brothers;All I Have to Do Is Dream;67;143333;7dblNGnRXEBrVJunazs2U5
the everly brothers;The Very Best of The Everly Brothers;Wake up Little Susie;61;123520;11fNLqDB47gMKj7BHhR2Qr
the everly brothers;The Very Best of The Everly Brothers;Bye Bye Love;59;142906;6oRHRkQigTzJ3KwpO3XOV6
the everly brothers;Best Of The Everly Brothers - Rare Solo Classics;Let It Be Me;58;146733;0Tjdbd83LEAWrA0atsXMDJ
the everly brothers;The Golden Hits of The Everly Brothers;Crying in the Rain;58;120306;3lWuagNhAzcqOikD5KnBku
the everly brothers;The Very Best of The Everly Brothers;Devoted to You;55;141040;4FrMb1ckGBrhARbHySQKx5
the everly brothers;The Golden Hits of The Everly Brothers;Walk Right Back;54;139640;3NUXLtK8UGdD8TvZ12b4dD
the everly brothers;A Date with The Everly Brothers;Love Hurts - 2007 Remaster;50;142306;6hgY1l6EqrfrHRNrxwKRiK
the everly brothers;The Fabulous Style Of The Everly Brothers;Let It Be Me;48;158560;0V58TmLnChjbNycM9QfFC0
kilj;No Remedy;No Remedy;59;121624;0vpawKw0jXvUCbHAGUXDGj
kilj;wish i never met u;wish i never met u;56;123428;0UX0TejWosIkJLtXeXJ1F6
kilj;Militant;Militant;55;106136;6ZZw6vR15Tg59f7fl9NZ4X
arctic monkeys;AM;I Wanna Be Yours;92;183956;5XeFesFbtLpXzIVDNQP22n
arctic monkeys;AM;Do I Wanna Know?;88;272394;5FVd6KXrgO9B3JPmC8OPst
arctic monkeys;Favourite Worst Nightmare;505;88;253586;0BxE4FqsDD1Ot4YuBXwAPp
arctic monkeys;AM;Why'd You Only Call Me When You're High?;88;161123;086myS9r57YsLbJpU0TgK9
arctic monkeys;AM;R U Mine?;83;201726;2AT8iROs4FQueDv2c8q2KE
arctic monkeys;AM;Snap Out Of It;80;193030;0NdTUS4UiNYCNn5FgVqKQY
arctic monkeys;Favourite Worst Nightmare;Fluorescent Adolescent;79;183893;2x8evxqUlF0eRabbW2JBJd
arctic monkeys;AM;Arabella;78;207356;7nzsY8vlnKdvGOEE0rjAXZ
arctic monkeys;Body Paint;Body Paint;77;290584;11jRCxY01k9jvCdUru0EeP
arctic monkeys;There’d Better Be A Mirrorball;There’d Better Be A Mirrorball;77;265798;0yowbJnnbTLpr99f9l1uba
arctic monkeys;AM;Knee Socks;76;257563;2LGdO5MtFdyphi2EihANZG
arctic monkeys;Whatever People Say I Am, That's What I'm Not;When The Sun Goes Down;76;202133;2zzLRQ78kKfPTx8FJQCdC2
arctic monkeys;Whatever People Say I Am, That's What I'm Not;I Bet You Look Good On The Dancefloor;75;173680;3DQVgcqaP3iSMbaKsd57l5
arctic monkeys;Whatever People Say I Am, That's What I'm Not;Mardy Bum;74;175440;2fyIS6GXMgUcSv4oejx63f
arctic monkeys;Humbug;Crying Lightning;72;224826;6wVWJl64yoTzU27EI8ep20
arctic monkeys;Favourite Worst Nightmare;Teddy Picker;72;165000;5kxVyCgEUND7E2QKG7JmoF
arctic monkeys;AM;No. 1 Party Anthem;71;243131;5TTGoX70AFrTvuEtqHK37S
arctic monkeys;Favourite Worst Nightmare;Brianstorm;71;172866;7f9I5WdyXm5q1XqnSYgQZb
arctic monkeys;AM;One For The Road;70;206051;6wNUBZNWFxdUGof6vkaykE
arctic monkeys;Why'd You Only Call Me When You're High?;Stop The World I Wanna Get Off With You;70;191040;2QUlMbvD9bL8wHqfsoqoet
arctic monkeys;Leave Before The Lights Come On;Baby I'm Yours;69;152613;0SzvmWfOhoxZVGrmvb56YL
arctic monkeys;AM;Fireside;69;181049;4atMrAadB7dS8xn9vfk9PQ
arctic monkeys;Whatever People Say I Am, That's What I'm Not;From The Ritz To The Rubble;69;193426;2vQQfWTanvD99OeHLAoyhW
arctic monkeys;Favourite Worst Nightmare;Do Me a Favour;69;209253;2BqfIlpahcebJPeu1IUTEo
arctic monkeys;Favourite Worst Nightmare;Old Yellow Bricks;69;193226;5KGbRvZyVyKP2AEJMHErB4
arctic monkeys;Humbug;Cornerstone;68;197973;5bsnLiT00hG37qd8p2jdVl
arctic monkeys;Body Paint;There’d Better Be A Mirrorball;67;265798;4B4GwsjpJKPVN65J59ecfB
arctic monkeys;AM;I Want It All;67;185406;1j9rezdE3YeC7yktZXC1em
arctic monkeys;Whatever People Say I Am, That's What I'm Not;A Certain Romance;67;331200;0eDQj41kzBhMKQIkTt6OJR
arctic monkeys;AM;Mad Sounds;66;215011;75n7mraeMycQOl2sDGYaTe
arctic monkeys;Whatever People Say I Am, That's What I'm Not;Fake Tales Of San Francisco;66;177946;7BuzJmV2h6eBbSDdRaDY7C
arctic monkeys;Who The F*** Are Arctic Monkeys?;No Buses;65;197320;6mOiT65GFmXgBAviM3lrsE
arctic monkeys;Suck It and See;Love is a Laserquest;65;191426;0S6CXA5LpRDX6b4akgrOot
arctic monkeys;Fluorescent Adolescent;Too Much To Ask;64;183253;1LSwssG5oIAMXYcvpOoPLC
arctic monkeys;Suck It and See;Suck It and See;64;225986;0LxeKwg9t7HOnyfv4bTALT
arctic monkeys;Humbug;Secret Door;64;223066;4dtP86vkhzwNXCFpCtizce
arctic monkeys;I Ain't Quite Where I Think I Am;I Ain’t Quite Where I Think I Am;63;191173;7DPhusadsTZ2VrXOGcuX2y
arctic monkeys;Suck It and See;Piledriver Waltz;63;203880;4Ai0ANRDYwx6mCD4Uty1WS
arctic monkeys;I Bet You Look Good On The Dancefloor;Bigger Boys and Stolen Sweethearts;63;180640;4TC0dnB5DxvoKcsalffFZe
arctic monkeys;Favourite Worst Nightmare;D is for Dangerous;63;138106;5RrHzXKmwVd5BCq4UzyJPd
arctic monkeys;Humbug;My Propeller;63;205746;2hmHlBM0kPBm17Y7nVIW9f
arctic monkeys;Whatever People Say I Am, That's What I'm Not;Dancing Shoes;63;141133;0hAMkY2kwdXPPDfQ1e3BmJ
arctic monkeys;Whatever People Say I Am, That's What I'm Not;The View From The Afternoon;63;222946;5eyTC5GZzpzlN7YRO9AoPf
arctic monkeys;Favourite Worst Nightmare;Balaclava;62;171226;0ftMOhVfFm5Wbs5sZdEtsC
arctic monkeys;Humbug;Pretty Visitors;62;220506;45n7uujqwmMyBMjBu9SwRu
arctic monkeys;Leave Before The Lights Come On;Leave Before The Lights Come On;62;233946;4Du0BRUJvKybzxcRplp7HF
arctic monkeys;Suck It and See;Don't Sit Down 'Cause I've Moved Your Chair;62;183506;3czdA0j4iaLDJJCoT5D8iP
arctic monkeys;Tranquility Base Hotel & Casino;Four Out Of Five;61;312346;5Z5nbOXhsSbySVC7WUc6y9
arctic monkeys;Fluorescent Adolescent;The Bakery;61;176520;2amJsWuU8ohAth78f2QOLD
arctic monkeys;Humbug;Dance Little Liar;61;283493;3u16Clmxz7dJpnQWXXynok
arctic monkeys;Suck It and See;She's Thunderstorms;61;234920;5xw2cHVLw1rlDPp3cL9Zuv
arctic monkeys;Whatever People Say I Am, That's What I'm Not;Riot Van;61;134933;4wMR4fRKMTyUJG6VAsmccv
arctic monkeys;Who The F*** Are Arctic Monkeys?;Despair In The Departure Lounge;60;202853;605E2oDpy3uSIhbRFcrQyn
arctic monkeys;Suck It and See;Black Treacle;60;217440;7EUcOIbJSePmXGvAe7G79C
arctic monkeys;Favourite Worst Nightmare;This House is a Circus;60;191680;0DKvcH4SCRdhVYTxStKx9h
arctic monkeys;Tranquility Base Hotel & Casino;Tranquility Base Hotel & Casino;59;211967;2URDbWGmPz3vhagl25p8OC
arctic monkeys;Tranquility Base Hotel & Casino;Star Treatment;59;354640;0b93tWwuoAC0nXe1CfR30I
arctic monkeys;Who The F*** Are Arctic Monkeys?;Who The Fuck Are Arctic Monkeys?;59;336826;05FVS9qqWq2A82fYCtblkt
arctic monkeys;Favourite Worst Nightmare;If You Were There, Beware;59;276200;0idZZsnM7nuSYanlpKTuwV
arctic monkeys;Favourite Worst Nightmare;The Bad Thing;59;145213;4N2yjWLIxZjOXDrCu2VlJe
arctic monkeys;Whatever People Say I Am, That's What I'm Not;Still Take You Home;59;173666;64a5XZCVDWwvC7gwPPCsH6
arctic monkeys;I Ain't Quite Where I Think I Am;Body Paint;58;290584;7A7FsIDnBMnz1PAnSOxUdh
arctic monkeys;One For The Road;You're So Dark;58;182751;40DwUg5zPX8H23WpTdD2iW
arctic monkeys;When The Sun Goes Down;7;58;128506;5IKz3HfzRT3EAhxCsrBqwf
arctic monkeys;Whatever People Say I Am, That's What I'm Not;Perhaps Vampires Is A Bit Strong But…;58;268626;6Slvi85s1hIaeykjvDe1xk
arctic monkeys;Whatever People Say I Am, That's What I'm Not;You Probably Couldn't See For The Lights But You Were Staring Straight At Me;58;130813;111SaDBbcHW0zedi4RBHDp
arctic monkeys;Whatever People Say I Am, That's What I'm Not;Red Light Indicates Doors Are Secured;58;143626;56GFlp1dkt7dw56pQdTwqW
arctic monkeys;I Ain't Quite Where I Think I Am;There’d Better Be A Mirrorball;56;265798;03mHinvLdrdSTd7w4GPXwH
arctic monkeys;Tranquility Base Hotel & Casino;The Ultracheese;55;217720;3PhbzvTllkq1rkULafc6ns
arctic monkeys;Suck It and See;That's Where You're Wrong;55;256800;2fgQ8COnxtEvaTcNbEtsUf
arctic monkeys;Humbug;Dangerous Animals;55;210666;0pdp3VrR4WQaswf0GyT0Y0
arctic monkeys;Humbug;Potion Approaching;55;212133;3RHHXwyRtskFx87sX80xEy
arctic monkeys;Suck It and See;Reckless Serenade;54;162746;1bXLpqe49cqEpj88uPR4pu
arctic monkeys;Tranquility Base Hotel & Casino;American Sports;54;158040;2HbYLDA1SigY1ilC94ieVu
arctic monkeys;Suck It and See;Library Pictures;54;142173;0qfGWpvJGlp17wdTm19ioK
arctic monkeys;Live at the Royal Albert Hall;Do I Wanna Know? - Live;54;281093;5zDoSmh06F7kjXGIHFhQzh
arctic monkeys;Who The F*** Are Arctic Monkeys?;Cigarette Smoker Fiona;54;176546;4p2hMNZn99j1awX7EsxO8u
arctic monkeys;Suck It and See;The Hellcat Spangled Shalalala;54;180373;52M1FvGd0AkoUwcHL2L8jv
arctic monkeys;Do I Wanna Know?;Do I Wanna Know?;54;273424;7xmwLmkoWpghkq8jyEhtbx
arctic monkeys;Live at the Royal Albert Hall;Four Out Of Five - Live;54;331520;5dthj0uH1DJAbxC6B9n4Co
arctic monkeys;Humbug;The Jeweller's Hands;53;344053;4PDPn7HosIycoXeoeibFc5
arctic monkeys;Humbug;Fire And The Thud;53;237533;6EMhO2CuQZ3u7ZKDRuf560
arctic monkeys;Live at the Royal Albert Hall;Why'd You Only Call Me When You're High? - Live;53;183680;1VUcb7Ik5bYw0SzXBH9rLr
arctic monkeys;Suck It and See;Brick By Brick;53;179906;49HYB8tppaxOsbBfeozPxu
arctic monkeys;I Bet You Look Good On The Dancefloor;I Bet You Look Good On The Dancefloor;53;176466;6uV5q0yxaOujbxkwUCUEEf
arctic monkeys;Live at the Royal Albert Hall;Brianstorm - Live;52;209906;1RJxGCTCROHUFVWMFOWPYM
arctic monkeys;Tranquility Base Hotel & Casino;Batphone;51;271613;7aiKdAM9WYW3GzWSA9OXIl
arctic monkeys;Tranquility Base Hotel & Casino;She Looks Like Fun;51;182560;60T4FDF1tTcFlXkI08FFhL
arctic monkeys;Tranquility Base Hotel & Casino;Golden Trunks;51;173626;0U6Vg6RUmzADUO0Y9fVKft
arctic monkeys;Live at the Royal Albert Hall;505 - Live;51;275733;4Q2vbGXSU28xWveWKp4wra
arctic monkeys;Cornerstone;Catapult;51;206944;5j2LDsUsxbCnZkhJwLkbKp
arctic monkeys;Suck It and See;All My Own Stunts;51;232280;7cRR82VFtvy3FeqIrjEeFy
arctic monkeys;Live at the Royal Albert Hall;Crying Lightning - Live;51;240706;38mecB29TH0gTqIxhM4OK1
arctic monkeys;Tranquility Base Hotel & Casino;Science Fiction;50;185906;6hkfgHhYXyDVYahUOZhGRd
arctic monkeys;Tranquility Base Hotel & Casino;The World's First Ever Monster Truck Front Flip;50;180013;5rqQTEIVK2PTuXU9GI2wT0
arctic monkeys;Crying Lightning;Red Right Hand;50;259813;0R194013qdfjeFiap76Nzs
arctic monkeys;Suck It and See;Evil Twin;50;197373;4Xb9WKmzyiPeQSRqNQ2djU
arctic monkeys;Fluorescent Adolescent;Plastic Tramp;49;173520;1oXsmzLhOxjYgWFXZqfyV8
arctic monkeys;Why'd You Only Call Me When You're High?;Why'd You Only Call Me When You're High?;49;161123;1CIlKWhwH35XcCzpofRjux
arctic monkeys;One For The Road;One For The Road;48;206051;69GXaKmq1wdZ8zFedogQKg
arctic monkeys;The Car;The Car;0;198554;0C6dSPCqwKqwos6s1CrDrh
arctic monkeys;The Car;Mr Schwartz;0;210012;5fClRRa7P9nPIpstj50veV
arctic monkeys;The Car;Perfect Sense;0;167379;0z5x3VmmQ7cyTeOP7VAf3T
arctic monkeys;The Car;Body Paint;0;290584;42GuKw49pPxNAkIhWGwgFs
arctic monkeys;The Car;Sculptures Of Anything Goes;0;239151;5hljqZrl0h7RcIhUnOPuve
arctic monkeys;The Car;Hello You;0;244932;5ygEUpyZy5qtZ1423zymBW
arctic monkeys;The Car;There’d Better Be A Mirrorball;0;265798;1zx6GSqLYI2ynzAHnPRKBR
arctic monkeys;The Car;Big Ideas;0;237984;4KPi4VNvPOfKqIp1sx19Xf
arctic monkeys;The Car;I Ain’t Quite Where I Think I Am;0;191173;1UwUhKmFxGKs59xiWO60Sx
arctic monkeys;The Car;Jet Skis On The Moat;0;197576;2HReNSxrMRcJ0cYMzKAJK6
kana-boon;TIME;シルエット;73;240133;1di1C0QI6Y92yZPYn6XYAZ
kana-boon;ないものねだり - Revenge THE FIRST TAKE;ないものねだり - Revenge THE FIRST TAKE;58;256256;43QSsuxazI8xms29SYCtxh
kana-boon;Honey & Darling;スターマーカー (Album Mix);57;213640;6NAtVhZ5LrvoKy2Gijr5gj
kana-boon;僕がCDを出したら;ないものねだり;55;262693;1dsh4buvcBs2u7YtHy29c7
kana-boon;Torch of Liberty;Torch of Liberty;54;185166;3YblgwBrb747gUzuh2CgYF
kana-boon;KBB vol.1;スパイラル;53;181786;1o9Tn1pO1bVIJBEAcmG0If
kana-boon;きらりらり;きらりらり;52;222900;4GQjav2jvs9tmbC0KkYtCj
kana-boon;NAMiDA;バトンロード;51;280240;4ESlJoWBExtFumtISwPabd
gary moore;Still Got The Blues;Still Got The Blues;68;370866;0DnGfA1r8pAssJCuq4ojla
gary moore;Still Got The Blues;Walking By Myself;57;175866;3giA44zxPL9lXeYhzdcMpX
gary moore;Back On The Streets (Expanded Edition);Parisienne Walkways;55;200640;6z4VNjyxLfRXRx23gzl51x
gary moore;Run For Cover;Empty Rooms;52;257440;21hvIW7umCAu3dWab4MYR1
gary moore;Ballads & Blues 1982-1994;One Day;51;240440;7pFBMeAmuOT7xMeV1HAk5p
arc north;Numb;Numb;64;130677;2OfQvGrr83FGpdLA1nAR01
arc north;Youngblood;Youngblood;57;188317;6nLEcwqpVNOGRGtnV2pElc
arc north;Down;Down;55;143500;6nQZG4G0vIrQWaCGbqHCQn
arc north;Meant To Be;Meant To Be;54;208352;4Ix1tLTlUuKpRFivN7CS8Q
arc north;Enemy;Enemy;53;140000;5o1QZzfsboTlxhoAPR36LA
landon pigg;The Boy Who Never;Falling in Love at a Coffee Shop;58;244986;1KHdq8NK9QxnGjdXb55NiG
landon pigg;Coffee Shop;Falling in Love at a Coffee Shop;55;270840;5MrgVJzR1du1gz8XWe4m28
isabella celander;Use Somebody (Acoustic Version);Use Somebody - Acoustic Version;58;186660;55KKAV2VnlggBrVS0J666s
isabella celander;Stargazing;Stargazing;55;186334;4sAX65hbNtEC1lceCdGuMt
deftones;White Pony;Change (In the House of Flies);77;299533;51c94ac31swyDQj9B3Lzs3
deftones;Around the Fur;My Own Summer (Shove It);76;214760;1158ckiB5S4cpsdYHDB9IF
deftones;Around the Fur;Be Quiet and Drive (Far Away);76;299866;4Uiw0Sl9yskBaC6P4DcdVD
deftones;Diamond Eyes;Sextape;75;241533;1EryAkZ0VHstC6haIxVBiE
deftones;Saturday Night Wrist;Cherry Waves;75;317706;70L6nHORQsblY813yNqUR3
deftones;Koi No Yokan;Rosemary;73;413346;4FEr6dIdH6EqLKR0jB560J
deftones;Metal Lives!;Ohms;0;250222;4nzIpIeHWiuFQnOV5ZELnj
deftones;Metal;Ohms;0;250222;0FrFqoPT7JB0ezIU9g2OLC
gåel;Mid Air;Mid Air;61;147936;5O3UGMP9XJLbshKKZHsrGN
gåel;Fluttering;Fluttering;52;108461;5w1FbQ4wRjRkzw9IXv30GW
status quo;In The Army Now;In The Army Now;65;281746;6QLspHLCLftSGPa6vNzKuo
status quo;Whatever You Want;Whatever You Want;65;243546;2kUzt5LsTUR0ggquP7O3eN
status quo;Rockin' All Over The World;Rockin' All Over The World;65;215333;6YlOxoHWLjH6uVQvxUIUug
status quo;Just Supposin' (Deluxe);What You're Proposing;31;258000;4VByVyWcvq1163fes1cfFQ
des rocs;Let the Vultures In;Let Me Live / Let Me Die;57;207141;0AVIswXP3Q5FnlorjU0DbI
des rocs;Let the Vultures In;Used to the Darkness;56;256342;3SemJVQCsUo0K3QGN7pIXu
kvsh;Sicko Drop;Sicko Drop;69;147976;5T4lERmPqhO2ukZoGJ5sSr
kvsh;Be Someone;Be Someone;69;166005;0XMl0fVTh3PyPlwyJTn33n
kvsh;Suavemente;Suavemente;53;162580;68c8qaChNLXdBvFPCSQz4d
kvsh;Treino 2022 - Músicas para Malhar;Me Gusta (feat. Emy Perez);35;183517;0gxK4cfYe2xVX5ySfhYnbY
martin and rose music;Sing With Me A Kids Pop Music Adventure;Days Of The Week (Addams Family Parody);60;67187;56kocFnAY5vjFJdp2WP7S5
martin and rose music;Sing With Me A Kids Pop Music Adventure;The ABC Song;53;72625;1uKrAVOrVDCo86z57MnmaE
milky day;You'll Be Alright;You'll Be Alright;61;199016;4bWlQ8IMyy3PMZt88rTVQC
milky day;Take It Slow;Take It Slow;52;167961;16OsNuLTc8FYS5954MFkrV
eevee;ep seeds;m i s t;57;118182;5j6vt3vHU22A9nuuMlRnwA
eevee;unexpected;viola;56;86571;2U42jVkNgEU6DoM64eFD7i
iamalex;New Day;Secret Waterfall;58;123529;5kr0wfxMhW3PPaNMScafaK
iamalex;Silk;Kiss Me;55;171940;6GGsn0TQeULNuC8dT5p48E
j. worra;Check Out;Check Out;70;174138;2n6qz4opcJlHsEpI8030YM
j. worra;Love Boy;Love Boy;43;156895;6ZqWXWIh6yy2tfJwX0xnO3
junerule;Alright;Alright;58;149508;3yHH3LPyinYelEnaj15yKb
junerule;My Darling;My Darling;55;174193;4dCa3tf7dhIuFw8JokedvG
alex adair;Problems;Problems;57;166250;74UR9DSYWKvgTj27NubXAH
alex adair;Real for Me;Real for Me;56;180210;2Me8g0TZBRiOOYvjexvYwe
rompasso;Angetenar;Angetenar;59;190909;04aulIHjjQyDVUUmaFDy8w
rompasso;Angetenar;Angetenar;54;366031;1djh7DdNiRHdGFj5ils3BN
hosh;Midnight (The Hanging Tree);Midnight (The Hanging Tree);59;178823;38MbUy2C0FLv6exayPlImu
hosh;Tighter (feat. Jalja) [CamelPhat Remix];Tighter (feat. Jalja) - CamelPhat Remix;54;234312;3PGvcGU10IzjiSA96A2GcO
kedam;Kedam;Shy Girl;60;224104;2gz4mdVCGRqX6NrWWE7vOE
kedam;Night Out;Night Out;53;219755;7texBUhFxiH5nsSYPKnJ8Y
subriser;Satisfaction;Satisfaction;60;181500;36JXKRIYkJqJqGQRswwKvT
subriser;Tealy;Tealy;53;213818;6JE5WAHYG6bV8iXl742wts
yoshiki;Red Swan;Red Swan;63;263720;0zvN9oq95bIEQjvfcdeZlX
yoshiki;Red Swan - TV Edit -;Red Swan - TV Edit -;50;90909;3qpNyeV4wr3YeCVfrosVyN
rude-α;Paradise;Paradise;59;173626;3yBeQAxk5Jb6bzvUpqu5qX
rude-α;23;LIFE;54;182093;5JaYaJnVZ3ZCB4VLvfs3eR
bury tomorrow;Abandon Us;Abandon Us;58;222514;1be1JhmFD3qFqQ4BrDzcK6
bury tomorrow;Cannibal;Choke;55;227440;2KGCOtaTbNIbwrxS0a2UMv
keiko ishida;Nature undisclosed;Nature undisclosed;63;147661;48aOlsvnC4e8cdMsrw59Qd
keiko ishida;Out Of The Blue;A Winged Time;50;120000;26RTd4wqzRGUAAC2XoOAa4
red garland;Red Garland's Piano;Almost Like Being In Love;57;290293;6CDQBADsdzJwc3qZ3OPDHH
red garland;Red Garland's Piano;I Know Why (And So Do You);56;287613;3DsIu9DB0AZufrQHR4yJKL
javed ali;Srivalli (From "Pushpa The Rise Part - 01");Srivalli (From "Pushpa The Rise Part - 01");74;224072;7sVEoPc5ZUUQerRkgTypUZ
javed ali;Ghajini;Guzarish;62;327029;2MvCNH9ua0CeOgUQfZf56z
javed ali;Raaz 3;Deewana Kar Raha Hai;60;338922;2tva3nN2kQhBjHMC7Zlty6
javed ali;Naqaab (Original Motion Picture Soundtrack);Ek Din Teri Raahon;57;292000;6UEhNvccAc4OyEDJYB5brb
javed ali;Aakrosh;Saudebazi (Encore);56;354862;1tPPINau3vBP8Q89JTn0ER
javed ali;Ab Jo Teri Khushi (From "Kartoot");Ab Jo Teri Khushi (From "Kartoot");30;110097;0MqENhRZzwilziVEPz1uf7
d. imman;Rummy (Original Motion Picture Soundtrack);Koodamela Koodavechi;58;300373;102YVYHLNfgkfQP3qvDqsD
d. imman;Saravanan Irukka Bayamaen (Original Motion Picture Soundtrack);Yembuttu Irukkuthu Aasai;55;269832;0srLmMJws5nv8d1n9qrtro
nyno vargas;Bandolera;Bandolera;58;197052;7JH8AeMBtVm7PlVVzsRXhi
nyno vargas;Fuera de Mi (feat. José Alma);Fuera de Mi (feat. José Alma);55;213285;6wtfaK1PKLBuG3ejInDhaF
paula koops;Línea 7;Línea 7;57;175481;7dKqJB09t92xID0Hw4ycMt
paula koops;Odio que te quiero;Odio que te quiero;56;163322;3GazPkKkfpgoHk4VgRbUY0
avenged sevenfold;Hail to the King;Hail to the King;76;305906;5anCkDvJ17aznvK5TED5uo
avenged sevenfold;Nightmare;Nightmare;72;374453;4UEo1b0wWrtHMC8bVqPiH8
avenged sevenfold;Avenged Sevenfold;Afterlife;70;352426;7zAt4tdL44D3VuzsvM0N8n
avenged sevenfold;Hail to the King;Shepherd of Fire;70;323800;1fQaoh3imrMunWVZh5kf90
avenged sevenfold;Avenged Sevenfold;A Little Piece of Heaven;69;480706;1BLfQ6dPXmuDrFmbdfW7Jl
avenged sevenfold;Avenged Sevenfold;Dear God;68;393480;2FML7gk7ac6quGFIjvkDb3
avenged sevenfold;Waking The Fallen;Unholy Confessions;68;283826;78XFPcFYN8YFOHjtVwnPsl
avenged sevenfold;Nightmare;Welcome to the Family;67;245573;0jqblvsI9LBY4irmLVqqEO
avenged sevenfold;Nightmare;So Far Away;66;326813;7Hr1Ignop7cymbE3FbOtXa
avenged sevenfold;Nightmare;Buried Alive;64;404386;4veeNpXDK1YRHMTJ1Cppsg
avenged sevenfold;Hail to the King;This Means War;64;369293;2NImo2MajNai4CLk35wMut
avenged sevenfold;Avenged Sevenfold;Almost Easy;64;234093;0DkmhHO4yyqCJFjosmmWPU
avenged sevenfold;Avenged Sevenfold;Gunslinger;61;251533;7MOQrtXMNImAq5TrPZzC0w
avenged sevenfold;Avenged Sevenfold;Critical Acclaim;61;315173;4VymMhILk4DSwghPkLUPVS
avenged sevenfold;Nightmare;Danger Line;58;328386;7pS3O75hJnthHr64tlpqPn
avenged sevenfold;Sounding The Seventh Trumpet;Warmness On The Soul;55;259800;018zT8xThRbMH2QeUoMlKQ
avenged sevenfold;The Stage (Deluxe Edition);Wish You Were Here;55;313918;4JwxJm8zCPbc1DMcfVdbBl
avenged sevenfold;Waking The Fallen;I Won't See You Tonight Part 1;55;538333;67w1cb9ESAnCGJkC9hW2nO
avenged sevenfold;Nightmare;Fiction;52;307986;3b3eu3uMp1b9xPOHbfSwBi
avenged sevenfold;City of Evil;Bat Country;42;311813;6irNz2hSXvd2QJG0vXyBFR
avenged sevenfold;City of Evil;Seize the Day;41;334066;5pYVlQB1b9u9JEjaLmIDNB
avenged sevenfold;Metal;Hail to the King;0;305906;4SmpAA1iwwFw9hQ5FmYLuq
avenged sevenfold;Metal Lives!;Hail to the King;0;305906;4eCQkJy0Gq9i5lQqOJcVKN
shady moon;Cherry Blossoms;Cherry Blossoms;71;138367;4LEt6hyaGn4scwUsimBeXt
shady moon;Love Sick;Love Sick;59;155062;4uuPCAxVOrd94oxoKvbg0P
shady moon;Paranoia;Paranoia;57;140732;5bgPOFsgDgzspc3BJ2MZ0c
shady moon;Above Umbrellas;Above Umbrellas;57;97139;1sCl8sl2EWfFHNERnOJoms
shady moon;Moonlight Lovers;Moonlight Lovers;57;150051;1DxVPlu2YdmjRReQ8E6weM
shady moon;Potion of Hearts;Potion of Hearts;56;134815;7IFClt7F2fmmkelLI1KiMY
shady moon;Moonlight Shade;Moonlight Shade;38;125374;0x6RdHq3JHq46nSzs1awSC
dvbbs;Tsunami;Tsunami;65;236706;0vZCG0H9KhtU7K8MEUVAoV
dvbbs;West Coast (feat. Quinn XCII);West Coast (feat. Quinn XCII);63;150819;4fCE1SCDulouoac9Q8XroU
dvbbs;Tinted Eyes (feat. blackbear & 24kGoldn);Tinted Eyes (feat. blackbear & 24kGoldn);60;175081;68UW3plyDDNg1dkNIZRezJ
dvbbs;Ride Or Die;Ride Or Die;59;150622;1D643xL28RupQU5Ze9sH8P
dvbbs;Body Mind Soul (with Benny Benassi feat. Kyle Reynolds);Body Mind Soul (with Benny Benassi feat. Kyle Reynolds);58;120959;4eaEUmyOmuIkDslaf7xw0f
dvbbs;Love Till It's Over (feat. MKLA);Love Till It's Over (feat. MKLA);57;135233;2ZVWUbzdQ2ImZrREws8ZpK
dvbbs;Beautiful Disaster;Not Going Home;55;195186;5mqjkbTgyEzxTQOArWTOs6
dvbbs;Pyramids (feat. Sanjin) [Radio Mix];Pyramids (feat. Sanjin) - Radio Mix;54;196874;77eYKxdR0CDNZPhvbHxdUf
dvbbs;Summer Nights;Summer Nights;54;156580;0MH5FOAb8S35Lqdt6Jjrly
dvbbs;When The Lights Go Down (feat. Cody Simpson);When The Lights Go Down (feat. Cody Simpson);54;189265;3J3EdH1ZgXqk1ROTzQOF0U
dvbbs;IDWK;IDWK;52;179999;5BLRlpMYsxeMMOjrcWRhIs
dvbbs;SLEEP;Say It (feat. GASHI);46;192755;0YhWnmiXMwmSVQU9KL1cdf
el último de la fila;Insurreccion (En Directo);Insurreccion (En Directo);59;134200;4SafR3a8senZ2r65hZWMKN
el último de la fila;Enemigos de lo ajeno (2008 Remaster);Insurrección - 2008 Remaster;58;133040;7803rmspVDTFR78bj5KLPk
el último de la fila;Las 100 mejores canciones del Pop Español, Vol. 3;Como un burro amarrado en la puerta del baile - 2008 Remastered Version;56;218160;6IMIx38wIqHoLTdGcBwyEC
el último de la fila;Historia de una Banda (En Directo);Aviones Plateados - En Directo;55;230779;2fqKBa80qJ7yhucBwLXZF5
el último de la fila;Historia de una Banda (En Directo);Cuando el Mar te Tenga - En Directo;54;230309;0pbeBzl1a7vXnXpk583TgD
ben rector;Brand New;Brand New;65;243933;07m8PuXxxv5J4qPEDq6ZkK
ben rector;Magic;Love Like This;61;214240;2lxBZVbkiCXC1soks2RXwV
ben rector;The Joy of Music;Living My Best Life;59;215213;0R7EWhquaAICmyE5MZqt3q
ben rector;Brand New;30,000 Feet;57;256933;0KF5nzdiqZlxVK68MPITst
ben rector;The Walking in Between;I Like You;56;138506;7Afr3PKTtlFGHGiXYgnv6P
ben rector;The Walking in Between;Forever Like That;52;254026;7wF4asYZw8cAHEljYd2Wid
ben rector;It Would Be You;It Would Be You;52;219066;0roPf0bwAsBDZv1bR15m15
ben rector;Magic;I Will Always Be Yours;49;226826;35RrDnREM1xxx4YBxDHikm
dhruv;rapunzel;double take;83;171743;0QzuaeCEEOV40Pn7IvKEny
dhruv;double take;double take;75;171743;47isJpIIO8m7BJEhiFhnaf
dhruv;rapunzel;moonlight;69;159130;2Qn6WHJrY5Im82Jux8FboH
dhruv;rapunzel;airplane thoughts;64;210405;4t5joZkdlXlvzLXJbkgppJ
dhruv;rapunzel;vulnerable;59;198404;4MiZmaNIbvO7yY8UltCATD
dhruv;Blur;Blur;57;220550;15IfeWfzxJtcKBgx6oDHvl
dhruv;moonlight;moonlight;56;159130;70MgcT507FGdoDBBLdmsqu
dhruv;rapunzel;grateful;55;241458;7mMzlK2pYVbgkUL1zaGGyV
dhruv;airplane thoughts;airplane thoughts;48;210405;19nu3H3vjeZ505i450lz8R
dhruv;rapunzel;retrograde;47;215269;4w0rTd0QIbsvVykYij8M7L
dhruv;rapunzel;what's wrong with me?;46;185375;6sWkR0Y0NsJN4Ov3vKAPIa
dhruv;rapunzel;stable life;45;196428;1KWbsqgeBi2WfqZ8Of494c
dhruv;vulnerable;vulnerable;43;198404;3OXdqTMS0w95SGe8jNUMqh
dhruv;stable life;stable life;42;196428;5IISDoksKy4dnTauZzAOCc
cidergirl;シンデレラ;シンデレラ;62;212310;6ilTR3RpLCAHDt3Z6YuQGx
cidergirl;SODA POP FANCLUB 4;シンデレラ;55;213053;5n7Sp2uHvRWbKYU1KIqaNA
cidergirl;ID;ID;52;225133;2TdfwkIHpCb0S8NYJVyr2X
vendredi sur mer;Premiers émois;Écoute Chérie;64;224933;1zyUz3eZ3sytdaR9lfW17q
vendredi sur mer;Premiers émois;La femme à la peau bleue;56;206546;3t9AQbyfGnVbe3xuTg9PEX
vendredi sur mer;Métamorphose;Déçue;49;209186;0g2x0hTPKHONcep74XrtbX
funk flex;The Tunnel;Biggie/Tupac Live Freestyle (Funkmaster Flex & Big Kap Feat. DJ Mister Cee, Notorious B.I.G & Tupac);60;108973;2FjvG9IQg242g2LEornfjy
funk flex;You Know;You Know;55;111386;1ioaV68BICIiSHpcqSUVHR
funk flex;The Tunnel;If I Get Locked Up (Funkmaster Flex & Big Kap Feat. Eminem and Dr. Dre);54;220533;2nd0a9U9ICncohQPtjtVey
jvke;this is what ____ feels like (Vol. 1-4);golden hour;81;209259;5odlY52u43F5BjByhxg7wg
jvke;this is what ____ feels like (Vol. 1-4);this is what falling in love feels like;73;120308;2PWTZV5znjLtZC5T1EVJvL
jvke;this is what ____ feels like (Vol. 1-4);this is what heartbreak feels like;67;157636;4RxdAzEmkPXTiIU6ULLoXh
jvke;this is what falling in love feels like (554Hz);golden hour;66;209259;4yNk9iz9WVJikRFle3XEvn
jvke;this is what ____ feels like (Vol. 1-4);this is what sadness feels like;62;191830;5GpYt1p4z2EPVKv5t7XDof
jvke;this is what ____ feels like (Vol. 1-4);moon and back;61;148298;4228YpK0ZZuY4CZzBDVi3q
jvke;this is what ____ feels like (Vol. 1-4);i can't help it;61;177886;3F3roWqJPMtmLbPPl93bbR
jvke;golden hour (ILLENIUM & NURKO Remix);golden hour - ILLENIUM & NURKO Remix;57;201904;11BUFxLtMAVUtJaTnNK8Ey
jvke;Upside Down (feat. Charlie Puth);Upside Down (feat. Charlie Puth);57;116000;4nZhS4vsnO50wnSyMJraBj
jvke;this is what sadness feels like (214Hz);this is what sadness feels like;50;191830;6iJDhOaOzDYDyGhrI7S5qV
jvke;this is what sadness feels like (214Hz);wonder if she loves me;46;160676;683Zokh8DyHi8UJCI6pz3k
jvke;this is what falling out of love feels like (392Hz);i can't help it;42;177886;0LQGDAv1siMLMfBeeAdodG
jvke;this is what sadness feels like (214Hz);save your breath;42;165964;2ORZY1UyCJkyQRFwyTtPbi
jvke;this is what falling out of love feels like (392Hz);catch me;40;177236;1U7Y9C4YpHYp1EJP1p5rRs
jvke;this is what falling out of love feels like (392Hz);this is what falling out of love feels like;40;141163;5zEsgJyUE3Fg84mtxwf1et
vijay yesudas;Premam;Malare;58;316551;4Hvf9xIeJWp5p9FkJerQhN
vijay yesudas;Vijay Superum Pournamiyum (Original Motion Picture Soundtrack);Etho Mazhayil;56;218610;2Psbt9MZfVJNuHXFgG7DHh
vijay yesudas;Premam;Evare;55;309662;1NXSmIEOulY9u4TxwuSUoe
silambarasan tr;Vaanam (Original Motion Picture Soundtrack);Evan Di Una Pethan;57;356293;42KTXZZ4qTHmjlBvmpegwL
silambarasan tr;Vaanam (Original Motion Picture Soundtrack);No Money No Honey;57;324266;7wduEoLSXYggQqimn5LEP0
silambarasan tr;Vallavan (Original Motion Picture Soundtrack);Loosu Pennae;55;411794;5fWtbgbiTz8MuAnTzzpJGN
egovert;Velvet!;Velvet!;61;100764;2EL7PmNeZuFSWPYbnMS0Sn
egovert;SUEDE!;SUEDE!;57;125812;0KUw5o1XeIdbWxDlkrmylE
egovert;Sexyback!;Sexyback!;51;122253;7HcM82GiytrUB4YrkQwY6Y
lithe;Pessimist;Pessimist;61;140224;0JWA4NaSOa1mZfLyNvZLQW
lithe;Numb;Numb;55;158677;6Xqr4ZNyNs82araxoyT4PT
lithe;Out Of Touch;Blue Pills;53;138666;7z73QkaTu6kkyq3KxF9oCJ
vetusta morla;Un Día en el Mundo;Copenhague;60;303693;4bZEZhCq2kqUxnMacXVl5x
vetusta morla;Mismo Sitio, Distinto Lugar;23 de Junio;57;207480;3NolL8Ds5qRrYQSVUBKicn
vetusta morla;Mapas;Maldita Dulzura;57;227546;1RnDdNwGdqTMSTiZmSLYdU
vetusta morla;Un Día en el Mundo;Valiente;56;208893;0pyT9W877RcYtVdl1ZmlvQ
vetusta morla;Cable a Tierra;Finisterre;55;195599;5FhTo7yj2umChnDdqch8oG
vetusta morla;Mapas;Los Días Raros;53;387946;0eVB5kmXBHSKgTYxgI77kq
marea;Besos de Perro;La luna me sabe a poco;59;267186;16taQAqrrfqCwbkbKFr2OH
marea;La Patera;Trasegando;55;166493;6Ur2sj2Q8E2Dp4x3erQWN4
marea;Coces al Aire 1997-2007;Corazon de mimbre;55;337666;6ScI1xf3RszISXvLGmitY3
beast in black;Dark Connection;One Night in Tokyo;62;187016;2TZtQt10Ajm3wB4MoqluZj
beast in black;Berserker;Blind and Frozen;61;304596;7iOSeHfKU2EhSKcX7TbjKG
beast in black;From Hell with Love;Sweet True Lies;60;206563;2cyJkqB2OYHwWWvKGtrJ0r
beast in black;From Hell with Love;Cry out for a Hero;60;207965;5AC6aY9RpZDmOIpDy75n3U
beast in black;From Hell with Love;Die by the Blade;60;194838;53h1ZSLWi8hVWF9DWKNXVh
beast in black;Dark Connection;Hardcore;59;214134;1kKzLv3w7I5NXzEtWkSzi4
beast in black;From Hell with Love;From Hell with Love;57;235295;3iKSyNDGzJ3FcjXoDKqehS
beast in black;Dark Connection;Moonlight Rendezvous;56;338760;6P5Ma1HFYDsgOpLaGu6Jkz
beast in black;Dark Connection;Blade Runner;54;247967;0HlhtIdbSWSKW9DU5sXeFX
beast in black;Berserker;Born Again;54;231148;4Z44GYuMNFRHzoGowlp4ww
beast in black;Berserker;Beast in Black;53;269088;0ngSk8aGEjWS6fsHIV9KKj
beast in black;From Hell with Love;No Surrender;53;255221;7HFcQTJxiiwTxrdvUIrWJk
beast in black;From Hell with Love;Heart of Steel;43;262979;5uVhwu6ZexzKtxFWipUGcf
shrk;Lost in Love;I'll Bite Your Soul;69;123186;71qKWIBggc7poNXclWN53M
shrk;Sad Hours;Keep You Safe;63;136329;6jaJfp0EPr7m2FubqfO9la
shrk;Lost in Love;Would That Make You Love Me?;57;139833;0ugJ012NKkZWS2G2Smdwax
shrk;Sad Hours;Sad Life;56;181198;53Ij4HRTp0f6DTlmXWh46h
shrk;Lost in Love;A Love Letter to You;54;131289;2lp8pNSPQawnZRjOd8d17K
shrk;Lost in Love;I Miss You;54;130621;3icSLmnxMhqKwjVoHzMHyj
shrk;Sad Hours;Sober;53;135761;1px3gwlDylHBi5JjjNErmU
shrk;Lost in Love;I Fell in Love, Im Sorry;53;122083;2XjJeWTDbI0CtGUsMHlTXy
shrk;Sad Hours;One Dance;52;147750;6IFhuvmtWSJrVqmW5WofFF
shrk;Lost in Love;You're so Unfair;52;139810;7oJndSpJ0dqewuPfXSfpXd
joshua hyslop;Echos;Stand Your Ground;62;203253;5X3w2MfxgMTZkn2mTPQs0u
joshua hyslop;Where The Mountain Meets The Valley;Do Not Let Me Go;60;158960;7BRCa8MPiyuvr2VU3O9W0F
joshua hyslop;In Deepest Blue (Bonus Track Version);The Flood;60;261640;5wQci5VCUjdbKnRD61XYwu
joshua hyslop;Echos;Long Way Down;60;257972;5sdliaZjk3rVGuT13UVhxn
joshua hyslop;In Deepest Blue (Bonus Track Version);The Spark - Bonus Track;51;201933;1jkBuvWI9IGEz9thXiKOlP
joshua hyslop;Wells;Wells;51;223386;1WiVvolTPvAsVOd64HZi4X
joshua hyslop;Ash & Stone;Gentle Heart;50;265173;06R84YHz9bqaQzEbIWxzsw
major lazer;Peace Is The Mission (Extended);Lean On;73;176561;1Lim1Py7xBgbAkAys3AGAG
major lazer;Peace Is The Mission (Extended);Light It Up - Remix;67;166138;500mvzh7TRZ0YdnVeHhj8b
major lazer;Know No Better;Know No Better;59;225849;6BKeNWeUqxmvQ09Gxd3ZGX
major lazer;Major Lazer Essentials;Cold Water;58;185351;6xsGllAEwkmF4SSDwdpmMt
major lazer;Know No Better;Particula;51;204654;0e8fTfa0ZKCwOi2UdULooT
major lazer;Music Is The Weapon (Reloaded);Jadi Buti (feat. Rashmeet Kaur);44;163846;58PeAWeOz9yVemSLoeYyKZ
major lazer;Jadi Buti (feat. Rashmeet Kaur);Jadi Buti (feat. Rashmeet Kaur);42;163846;5Dbj2Gd94eQJoNrpEaUcKc
holem;Vertigo;Falling in Love;62;170322;35tQEYgNXQlBvccwCl53s0
holem;In My Feelings;Can We Kiss Forever?;56;76800;2MMFbghnnvVnIS6W7mchPd
holem;In My Feelings;Sex for Breakfast;55;97297;0pu6Ruz29xmpiMpSTyFnPb
holem;In My Feelings;Black Shirt;52;72000;6WiAC2oM0a96F64xjH3YWv
harold van lennep;Liberation;Liberation;61;149088;6JgjIRRv7uMSEjzzxHTQoh
harold van lennep;Liberation;Liberation;56;218389;134QG8C1qpCiFSY9B8mG2P
harold van lennep;Liberation;Liberation - Extended Mix;54;266463;0XJxz1eTq9ceNyUmOlD7Hl
harold van lennep;Liberation (Re-Edit);Liberation - Re-Edit;54;176156;6WN6igAeshqOoQu0q2GoJG
lonely in the rain;Feel This Way;Feel This Way;65;220645;5vOUYERtWnw7CfrxktLrK2
lonely in the rain;In Love Again;In Love Again;62;140880;3i7Yfu2wBqCBcVofjdRDJK
lonely in the rain;Chasing My Dreams (Palosueño Remix);Chasing My Dreams - Palosueño Remix;61;169426;1Q2gUmvHoPeLuPi7WPq8lP
lonely in the rain;Drifting;Drifting;60;206646;4XANZ0xRF0vGRso3vJZVrF
lonely in the rain;Far Away;Far Away;59;174747;1zNr4vG0eDb9wpj6qsmKJX
lonely in the rain;Hangin Up;Hangin Up;59;184296;4vC2iSW6pMcDvAb98Tc8ma
lonely in the rain;Crowded Room;Crowded Room;59;143257;2WUzrSNIHhB8JwLk8HTymW
lonely in the rain;City of Love;City of Love;59;179113;3Cg22mWYpcDrCLWsgTaUwk
lonely in the rain;Feels Like Paradise;Feels Like Paradise;58;194288;1kUoZXVgTMT9TakkZY6DZf
lonely in the rain;Falling into Sleep;Blue Lights;58;204717;01iG3sHdWmPn7xPtpkZyCC
lonely in the rain;Chasing My Dreams;Chasing My Dreams;54;155010;6aIPM03SNTYOmZm2aeAGkX
lonely in the rain;Breathe;Breathe;54;163010;3qDTfBuKrM54QbY32Z5uCE
lonely in the rain;Always a Light On;Once More;53;195715;6sPY9WHY49CA6ixufShUiO
lonely in the rain;Way Back Home;Way Back Home;52;184509;5ORJq9RvKIVGf1pVWWTUB7
lonely in the rain;Always a Light On;Head Straight;52;188010;5mLv6mQnA8UKDoOERoHpmj
lonely in the rain;Tell Me;Tell Me;35;196015;1OxaAC72au0z2HORS9yt1m
panta ray;Remember That Summer;Remember That Summer;58;162762;19BuHpCRvqCvgpKF7DNnFq
panta ray;Before The Sun;Before The Sun;57;181652;7uw26UWzSgHsbLbdwbtSB2
panta ray;Sea You;Sea You;56;170346;7JIp1FAaNEBjTerXUxeDTD
panta ray;Highly Functioning;Highly Functioning;54;219637;7nkxIKWh0PQYwYcKmwt1Fj
nsh;Sunbeams;Sunbeams;58;147125;16hV7KbASg4EWoEymJerRA
nsh;Used To Believe;Used To Believe;57;156290;6ErCBDr5mfwDIVXE5uIGYp
nsh;Chasing a Dream;Chasing a Dream;55;148800;0folicqtCOgdXb3yWJrXw4
nsh;Lost in Space;Lost in Space;55;170437;7L8SRVO4dFBBoYsRbgZpg8
rasmus hagen;Love & Hurt;Closer To You;64;205806;6B53kQ2sKg3D2b0IPIoNbN
rasmus hagen;Love & Hurt (Deluxe Edition);No Tomorrow (Bonus Track);55;153151;4Qg2kS1NWSMdyXmBncoaHu
rasmus hagen;Love & Hurt;Someone Just Like You;54;196235;5jSV49gFlnc8FgpvjOCcM4
rasmus hagen;Love & Hurt;Fraction;52;195226;0W15FUJGqqbVNvHGYR8nZk
brothers of metal;Prophecy of Ragnarök;Yggdrasil;62;272292;3V417nSM4Ilh0Tt5CqustV
brothers of metal;Emblas Saga;Ride of the Valkyries;59;206666;1npDycvcBm6bTnaajiTv3X
brothers of metal;Prophecy of Ragnarök;Prophecy of Ragnarök;57;222373;4kpWVGdFjBSoCkIcHVlTqn
brothers of metal;Emblas Saga;Kaunaz Dagaz;55;253790;313f3J4lGMA0irUrWaUXUh
brothers of metal;Prophecy of Ragnarök;Death of the God of Light;55;210332;1OnHeldjfrF6Zx3FnS1zQ5
brothers of metal;Emblas Saga;Powersnake;55;223467;6FUXgvzbMrMCzAuYGIiGIl
brothers of metal;Prophecy of Ragnarök;Fire Blood and Steel;55;192000;1KuNk1ZZPTZKwjjo1Vdw9G
brothers of metal;Emblas Saga;Brothers Unite;54;246990;0Hg6cD0VepM1bnjl0lObQ3
brothers of metal;The Other Son of Odin;The Other Son of Odin;54;205626;3M48mLjTHfMx6ogQfTVE9r
green day;Dookie;Basket Case;81;181533;6L89mwZXSOwYl76YXfX13s
green day;American Idiot;American Idiot;79;176346;6nTiIhLmQ3FWhvrGafw2zj
green day;American Idiot;Wake Me up When September Ends;78;285653;3ZffCQKLFLUvYM59XKLbVm
green day;Greatest Hits: God's Favorite Band;Boulevard of Broken Dreams;77;262333;5GorCbAP4aL0EJ16frG2hd
green day;Nimrod;Good Riddance (Time of Your Life);77;153466;6ORqU0bHbVCRjXm9AjyHyZ
green day;Dookie;When I Come Around;76;178000;1Dr1fXbc2IxaK1Mu8P8Khz
green day;American Idiot;Holiday / Boulevard of Broken Dreams;72;493400;0MsrWnxQZxPAcov7c74sSo
green day;Holiday;Holiday;71;233026;5vfjUAhefN7IjHbTvVCT4Z
green day;Dookie;Welcome to Paradise;69;224133;5kr3j5Clb9rjEposoMyLVt
green day;Insomniac;Brain Stew;69;193000;1nLnpLXvl68RZCSjfkyiaa
green day;American Idiot;Jesus of Suburbia;67;548253;58KPPL1AdLHMvR2O2PZejr
green day;Dookie;She;67;134293;4wsQGsdf8D0Bj26cGdvreB
green day;Revolution Radio;Still Breathing;61;224760;19YmvsVCetCBeVj6O2mljR
green day;You Irritate Me (Demo);You Irritate Me - Demo;60;96637;20LpgjFwVEdjeJzjnIPxvE
green day;American Idiot;Give Me Novacaine / She's a Rebel;58;326200;11I3KKHv7g2pXiuqRDabRA
green day;American Idiot - The Original Broadway Cast Recording;Boulevard of Broken Dreams (feat. John Gallagher Jr., Rebecca Naomi Jones, Stark Sands, The American Idiot Broadway Company);56;262386;41pFyxOpS119Pb8JEzhx0w
green day;¡UNO!;Oh Love;56;303293;1qIgyDoc2rwtq8w49jeWL8
green day;21st Century Breakdown;21 Guns;51;322040;3IHHqmfKJHyI0obINUdg1W
green day;21st Century Breakdown;Know Your Enemy;44;191786;3gBiC50QtRYGuo9pL4fQfI
green day;21st Century Breakdown;Last Night on Earth;41;236533;1HNdxnWzK2YKW9tUPIL5qU
green day;21st Century Breakdown;21st Century Breakdown;37;309106;0Qx3WZTUUmcyKR5jCDWojv
green day;OK Boomers - Top Tunes;Basket Case;2;181533;5jenPxOowZslz2QBv8utFF
green day;20's Rock;Oh Yeah!;0;171160;7EU1RzKt7PJO9KyXzYcG23
green day;Summer Music Festival Hits;Good Riddance (Time of Your Life);0;153466;7CmA9WWvO4CyeQb8sHQ0wB
keenan te;Never Let You Go;Never Let You Go;66;202434;5MdZOhx2f37BPtxaEn0F85
keenan te;Mine;Mine;64;206396;4bmQ3WP0Y8k9mZk3Ajdm6W
keenan te;Dependent;Dependent;64;198320;1LEEVrSTobMkzG7r2vSoEJ
keenan te;Forgot About Us;Forgot About Us;59;213674;5WJtuMqSdxcbuNvouacT37
keenan te;Forever With You;Forever With You;59;204800;4fTHlSAySrSeveDQpxBSfp
keenan te;Young;Young;58;166400;08VX4aMgET3RjiJB5P1JRy
keenan te;Back To Us;Back To Us;57;184833;7jIKj2JIrRNMOoCTfQRs3v
keenan te;Passing By;Passing By;55;207771;7DbiRO14pfO3Lu5RQdDhGV
keenan te;Halfway There;Halfway There;52;182033;43qaPyDc2LJFpS334U4B5M
keenan te;Nothing;Nothing;48;170952;4qs3VTYXin3xtLs8ydodQI
keenan te;Nothing;Halfway There;36;182033;2QCwowUTpIgznUBCKW1CT6
sik world;7 Years (Remix);7 Years (Remix);70;134197;1kFlDnWmBTvCBxxeGDpIdp
sik world;Still Lost 2;About You;59;173350;74WKPbLlT4hrlNBj0cmR33
sik world;Still Lost;Idgaf;56;231857;3Y6L3oiUydJIGsmk5zHlDO
sik world;When Stars Align;No One Knows;54;235022;2ujHInqP3YZ1EZF2THczet
sik world;Still Lost;Reflection;53;222979;3AaHVL2PTTN8AAbA48WMo8
sik world;Tired;Tired;53;178303;4ys3qPP1YnF2IgEB2x8EOW
sik world;My Rise;My Rise;48;196782;1qcPBtzrfuWW2TZPVPPopo
shiloh dynasty;Vivid Pictures;Again;74;157205;5e2l2ZAMwHmrkdM4Z6NhAR
shiloh dynasty;Our Remedy;Father Forgive Me;64;126642;15lpqHrOIzQtIgPdx8ZEuM
shiloh dynasty;So Innocent - Sped Up;So Innocent - Sped Up;60;136219;4Jmkp9Rpkl4FiGqX8O0IpP
shiloh dynasty;Pure Imagination (feat. Shiloh Dynasty);Pure Imagination (feat. Shiloh Dynasty);58;99838;6x3TG3yKUwgYudcrH8d9sP
shiloh dynasty;Vivid Pictures;Imagination;57;142107;087sqrtgyTycoqUV4LzgHe
shiloh dynasty;Our Remedy;Bad Idea!;57;162508;0rQ5lP1DQ0sxTlZqfbxYNP
shiloh dynasty;Fukai;my girl;55;135338;3sjiHBkn28c9FDyasXJqZf
shiloh dynasty;Vivid Pictures;You Can't Control My Heart;55;148600;5sznGdWtgqDPlEfmVce2cH
shiloh dynasty;Our Remedy;No I Don't Want, Just Anyone;54;123952;5izbsJIjDKUrwwnsePlOKO
shiloh dynasty;I’ll Keep You Safe;I’ll Keep You Safe;53;140356;5pTwD58utTkX0spi0OkCI6
shiloh dynasty;17 (Slowed + reverb);17 - Slowed + reverb;51;209493;2Nbhq0jI4SR7whs7YNZEuJ
shiloh dynasty;Sora;I Know You so Well;48;132293;0guiZVF0xABgLze9ouscme
shiloh dynasty;Sora;Don't Go to Sleep;43;132011;31qlV50cTaXoZGt0G3AQfo
andrew belle;In My Veins (Feat. Erin Mccarley);In My Veins - Feat. Erin Mccarley;65;318908;7LwGBxB0h0CVmkOZxYKn0g
andrew belle;Black Bear;The Enemy;62;286865;6xJOhSm4SvZwzy3uhWz26O
andrew belle;The Daylight EP;Sky's Still Blue;62;244320;6nXIYClvJAfi6ujLiKqEq8
andrew belle;Black Bear;Pieces;60;241119;2DHDuADAHoUW6n0z80RLQF
andrew belle;Black Bear (Hushed);Pieces (Hushed);59;198626;3us8sod4dLbM9FiMiPiEY8
andrew belle;Dive Deep (Hushed);Dive Deep (Hushed);58;218531;4VbDTk82rqWqVgoQC93CkC
andrew belle;Dive Deep;When the End Comes;57;354400;3Et4LKZLnXygPYfNdeB3D3
andrew belle;Nightshade;You're the Sea;56;174546;2WD93lsfJonaKtrQtpLB2R
andrew belle;The Ladder;The Ladder;55;227128;3e5UDAmMzMUM95PqjVHC4L
andrew belle;Nightshade;Spectrum;54;265506;5pEmeoMUW38w1oU3kPelvR
andrew belle;Fade into You;Fade into You;53;291676;63F2nWghdifkNHVns5GT8W
andrew belle;Nightshade;Swimmers;50;181093;3d8kYb3GqZkiHb6annxKEo
andrew belle;The Ladder;Make It Without You;49;272612;6jI7y83WjuyBne9b3IvdSs
andrew belle;Black Bear;Dark Matter;45;318439;0x0h9kwGhCv78fMRo8ChhZ
motohiro hata;Documentary;透明だった世界;61;232360;3ILmwMefYZoQh5Cf5jeuUQ
motohiro hata;青の光景;ひまわりの約束;61;308146;45jGOHwYKgsRYbAJ8DR61d
motohiro hata;言ノ葉;Rain;58;293040;0U32q8CZRRo7xCzyiaZw5f
motohiro hata;言ノ葉;Rain - Long Ver.;44;447306;0I0l2Oo5zjpCEphpDJL0Pm
drew holcomb;Coming Home: A Collection of Songs;Coming Home;56;146360;2C3gh14oarzTtv3aY3HJ0m
the afters;Life Is Beautiful;Moments Like This;56;239986;5gxakaZJUKXaPZPPzVZ5Tu
the afters;The Beginning & Everything After;Fear No More;56;202478;2riJzw9rShSNaC2GAUn9cY
adam jensen;The Mystic;The Mystic;68;189600;424GDxARRXRaZ7Mla9EDI2
adam jensen;Street Fight;Street Fight;62;191180;2F0V2ZtysDji16KdnRYnno
adam jensen;The Hunter;The Hunter;59;210972;0HoxJw3Gt3w4psA1cC3Yn7
adam jensen;Friend of the Devil;Friend of the Devil;57;180542;11xWF4YFci7GNTd0QHIPex
adam jensen;Yoko Oh No;Yoko Oh No;56;165612;7fUw0RfhE6acjJBqh0kb7g
adam jensen;Trouble;Trouble;56;224141;2QPW157Ms76KiW8rByD73h
adam jensen;Lowlife;Lowlife;55;192044;02zFk3c748KgXfqaIgnDgL
adam jensen;New Bad Habit;New Bad Habit;53;126004;672h5dJCAAHaCHSe9FoAG9
adam jensen;I'm a Sucker for a Liar in a Red Dress;I'm a Sucker for a Liar in a Red Dress;53;223811;3d6G2zpUqqDCduvhKl0oK6
adam jensen;Marijuana Breath;Marijuana Breath;51;219163;5ccP5lILpFRIY1LljK84Ti
adam jensen;Sandcastles (ToWonder X Severo Remix);Sandcastles - ToWonder X Severo Remix;46;214400;1TgDJSj2toOHuB2rybLdQb
will joseph cook;Be Around Me (feat. chloe moriondo);Be Around Me (feat. chloe moriondo);56;181249;3Nsxlv9JESIFfOBbupIKOc
peter broderick;Eyes Closed And Traveling;Eyes Closed And Traveling;56;219549;6zYHwIlDPraiG9UTg4y0oe
ceeys;Hiddensee;Hiddensee;56;200348;6E3hxEJJENksZCVtRDZrpi
frad;First Date;First Date;62;173143;733hyyG8U8kxxebds98nc6
frad;Unrequited Love;The Girl I Have a Crush On;56;137483;2qMHdr7gy5YWM0hQP917LR
frad;fool;fool;56;130333;6lXGf0irWo1XWl8acAlzso
frad;blossoms;blossoms;50;156800;3bFcRPKFv3DjcEfQpgQLXs
man with a mission;Dark Crow;Dark Crow;56;278186;5aJg39ukLHsiCtCwoIHcF3
man with a mission;Merry-Go-Round;Merry-Go-Round;56;243810;3tGXnGvZpT4fzua650wrRh
man with a mission;The World's On Fire;Seven Deadly Sins;56;207000;2s2fORtcrwKwsmC4jNc8mJ
lenny code fiction;Montage;Make my story;56;267586;3VB2Q9iWutZLTiBYNcNFHO
katsu hoshi;Only Yesterday Original Soundtrack;Main Theme;56;109000;4Ybnlh6ZJPqK6Os6QbQL5H
shoko nakagawa;しょこたん☆べすと――(°∀°)――!!;空色デイズ;56;252173;4EkbGJChszyxhEP0bIwBSZ
crosby, stills & nash;Crosby, Stills & Nash;Helplessly Hoping - 2005 Remaster;68;157893;1UKobFsdqNXQb8OthimCKe
crosby, stills & nash;Daylight Again (Deluxe Edition);Southern Cross - 2005 Remaster;65;281000;5AoZknxgY6F25gAcVahO41
crosby, stills & nash;CSN;Just a Song Before I Go;62;133960;4dAN7KcWCWx5jV6dpwtfvN
crosby, stills & nash;Crosby, Stills & Nash;Suite: Judy Blue Eyes - 2005 Remaster;61;444053;2PuUFT13yCzUOZun94WOXv
crosby, stills & nash;CSN 2012;Our House;51;226560;6ofrP1AqJbDg5T3NKxcKlG
crosby, stills & nash;CSN 2012;Suite: Judy Blue Eyes;29;560160;4PL0Pnn5pAVp2iFeQ8Ye3r
dallas stars;The Rising;The Rising;56;220176;3mNFoKDPM2hzPuJeZ9ziht
ministério apascentar de nova iguaçu;Basta uma Palavra Para Mudar - Trilha Sonora do Filme;Deus do Impossível;56;279057;3D04V5vUxtcanSIwVEIMW8
dr. jean feldman;Dr. Jean and Friends;Days of the Week;56;53480;5AM8iryxHyZrIJ3PxsB5JY
elizabeth mitchell;You Are My Sunshine;You Are My Sunshine (Version 1);56;168826;10CsMKlayFJOj4Lai9tAvm
svmp;where do we go when we fall in love;where do we go when we fall in love;56;101100;3yZueO8TUXxGNettYqIRKw
masn;How To Kill A Rockstar;Hate Me!;69;154756;6jmf4OxSGzdgthZruXtcqu
masn;How To Kill A Rockstar;Psycho!;68;197217;56fkAaSu91c1E2k43wGPFC
masn;Sitting In Fire;Sitting In Fire;58;147461;6oXgRfFIvzWe83K5la8oI9
masn;Don't Talk;Don't Talk;58;132120;3mXjVkMtEqWZ2iMHYtincz
masn;How To Kill A Rockstar;Psycho! (Remix) (feat. Trippie Redd);58;159657;3H2XRBhgSShmlFL7xYTIkC
masn;Strawberry Huracan;Strawberry Huracan;56;177026;0m3DrWZvSJBKBdcJsTmjfy
masn;Crush;Crush;56;160666;4xG1egDLS0WxscEhf7eSL1
masn;Adrenaline;Adrenaline;55;146053;1XtKDLAUMpkP7d5As2tMdo
masn;Love Me For Me;Love Me For Me;50;171013;4kKhmIdFALmwCYrt90oWUW
masn;High School;High School;49;154280;3aWmJVDmjKtmSCLLjUwJ7r
masn;How To Kill A Rockstar;Hold Me (feat. Mishaal);48;220121;6qsVVFBn0CuPrEgx9u4QzK
masn;How To Kill A Rockstar;Val!um;47;190129;1XlosMc3GohfbyiCnUZOCR
gavin haley;Long Game;The Way I Am;61;178143;7KIM8PBwYO69LTZnQ04Nfp
gavin haley;Jet Lag;Jet Lag;51;150011;4nDNTISVKzP3YjW4vvW1B1
raspo;spirit lead me where my trust is without borders;spirit lead me where my trust is without borders;56;128906;4oWyUeTIwhPvnVBF3FKwuM
julia alexa;everything i couldn't be;everything i couldn't be;56;130052;0Fzt24jmCa6G0ED7pW3IM1
julia alexa;please hold me;please hold me;56;192019;76mhYD8ORDyXAKog43BSeQ
junny;By My Side;By My Side;65;206680;6nzCvAtyADh0wwZEVMoujK
junny;MOVIE;MOVIE;62;183146;51kQvG4aghW17VSZKkfxTp
junny;nostalgia;nostalgia;59;196866;6472TSRvXlqcmg3iSh4GEi
junny;Thank You;Thank You;59;180047;2CwE41FCKT4rr8WmBsOrFr
junny;blanc;Not About You;54;236396;4fVyrplBcb6lVgij1b8pIO
junny;nostalgia;solo;54;183360;28WoBIA4EDVvxiraTv2KZ2
junny;Color Me (Feat. CHUNG HA);Color Me (Feat. CHUNG HA);52;216225;0TtH1ocl5B20kKHiqPNELw
junny;The Witch's Diner (Original Television Soundtrack) Pt.2;Alone;43;226960;133kp8Z4SADHKea8OYyzgt
valntn;Mona Lisa;Mona Lisa;56;157019;2Rtj1B24RTIrIg2TMQ8WS9
hope tala;Tiptoeing;Tiptoeing;56;155680;3ZptYblxFPhvIJ0RRRozk9
remy;checked out (feat. Public Library Commute);checked out (feat. Public Library Commute);56;137400;3t7RY4sxCMWETXyvzDq2e3
remy;leading me on but i'm not mad about it;leading me on but i'm not mad about it;56;174030;2La5Decg7XaYnjYfAhK1Jp
kudasaibeats;Falling;The Girl I Haven't Met;56;195000;00iwQgjIgoGO94BRBDyClo
charlene su;i like red;i like red;56;122500;3GQ4GdXU8wBbPqBcKDTJ65
haley mae campbell;Never Been in Love;Never Been in Love;56;179189;3gq98hzXfMGQ5VFIGJ1DoB
the handsome family;Singing Bones;Far From Any Road;56;166493;3LDkLpuxQlEuEiZmkxpr8S
collin raye;Love Songs;Love, Me;56;231626;3aKAdHDxhYu2gpbQMYSEkv
maleek berry;Kontrol;Kontrol;62;206315;1090OWoP6JTpYAaSSEBvGy
maleek berry;Last Daze Of Summer;Eko Miami;50;211764;4qOfbZChxf8ZLEaAxeotFB
falz;B A H D;Knee Down;56;147326;3ovSaVUTDOtxfDw5xh9qJ4
essel;BUBBLEGUM;BUBBLEGUM;57;148538;3VQWkf0zg6397V3ql6mwMq
essel;Love Vibration;Love Vibration;55;180487;5B2Fil0dJNfob1W8gpL5E4
chaney;Love Again;Love Again;56;190512;6WarP4oMloYg0Z8H8IHeDq
calvo;On The Move;On The Move;59;155624;7qf4uiDib5QRSFto3wHBS0
calvo;Let Me Love You (Remixes);Let Me Love You - DAZZ Remix;57;160748;0HJ7K7uauPS05UqWUkIxGM
calvo;Broke In Amsterdam;Broke In Amsterdam;52;175368;3U6ZWTjjYDtr2YMhG0fpsM
kyle walker;Strut;Strut;56;160664;0nevM5K8CCJOTbAcpOS1Js
deeperise;Raf;Raf;62;247422;1jStctxoCQu67sVWxzatLC
deeperise;Move On;Move On;50;247422;5jYntKRDo21t5sEQHx8OM2
kisch;Bright Lights;Bright Lights;56;143659;1dR6FTBLW09mAtEgUfX5Zh
max manie;Sunday EP;Sunday - KlangTherapeuten "Looking For Summer" Remix;56;368000;3YcAw0Uc94mb7n8DHMFWRa
lindiwe mkhize;The Lion King (Original Motion Picture Soundtrack);Circle of Life/Nants' Ingonyama;56;241800;0juMU08O9byWiRBtKM1j5E
damon empero;Vacation (feat. Veronica);Vacation (feat. Veronica);56;220290;6VLedRqw7wGnNa9epZ503a
alok;Deep Down (feat. Never Dull);Deep Down (feat. Never Dull);84;165752;7MIhUdNJtaOnDmC5nBC1fb
alok;All By Myself;All By Myself;76;171747;5Hp4xFihdOE2dmDzxWcBFb
alok;Hear Me Now (feat. Zeeba);Hear Me Now;75;194840;39cmB3ZoTOLwOTq7tMNqKa
alok;Don't Say Goodbye (feat. Tove Lo);Don't Say Goodbye (feat. Tove Lo);73;186700;0GTPmh5G40joBg93vcSQNq
alok;Headlights (feat. KIDDO);Headlights (feat. KIDDO);70;158400;7BhmwvCdQZNwuQXSHw5TzP
alok;Love Again (feat. Alida);Love Again (feat. Alida);66;147401;63bWXWGcWnRQvdS8bJWdkB
alok;It Don’t Matter - Spotify Singles;It Don’t Matter - Spotify Singles;64;173742;7ltLi7CG003USSGYsSba9s
alok;Side Effect (feat. Au/Ra);Side Effect (feat. Au/Ra);60;144193;4op0sQ8BfzRsW4gGGlR7TU
alok;Vale Vale;Vale Vale;48;193432;0sfgF2kM3yrZbkLmAbjSo6
alok;EDM Gaming Music Autumn/Winter 2022;Run Into Trouble;0;182564;6OdmU38bVJaVBBeIkso4Wu
alok;Perreo Tenebroso Vol. 4;Te Boté;0;136500;5AbneHiiYTNHNrbcrKCImE
shy martin;Sad Songs;Are you happy?;68;157555;6s86N7LVaJZuU4alwKp6XO
shy martin;Slow;Slow;67;163547;1Ia95g66IhlAJ3qVI4qI8W
shy martin;can I call you back?;can I call you back?;57;153058;3bWubl9oMzs5Z1n5KZXSSz
shy martin;wish I didn't know you;wish I didn't know you;56;173203;5eqawn12Jr65SvCFHvL3Jh
shy martin;Make Us Never Happen;Make Us Never Happen;55;171890;03ARE7xKtbCVV2GE5j0IWq
shy martin;Feelings;Feelings;55;169768;0FhFZbyZbkUh5uyAKesmDL
shy martin;Lose You Too;Lose You Too;55;186463;5JkUNbYSn06ghlmu0NRUMf
shy martin;Forget to Forget;Forget to Forget;55;155351;4E5IBDRu8kJbzUv1qaZM1t
shy martin;Still the Same (feat. Boy In Space);Still the Same (feat. Boy In Space);53;178139;0f8xPdFJ6SdlHJwkxpdw2Q
shy martin;Good Together;Good Together;52;205295;763v0n4szIsWp3HOsfi7qq
shy martin;Out of My Hands;Out of My Hands;52;203089;1qRDrHtcdLAKiryk0jPtmY
shy martin;Nobody Likes Moving On;Nobody Likes Moving On;52;166646;5vcfdnzelPCIZHg8dOkagP
shy martin;Break With Me;Break With Me;51;155569;28ISI9ACJ3Z3tQ7rQehHlZ
craspore;Flashbacks (Slowed);Flashbacks - Slowed;60;402952;155NfWrYKxKxWksl1j8Cku
craspore;Asocial;Flashbacks;52;282000;42ffsPSafzOh9OWlrGBYzY
keys n krates;Dum Dee Dum;Dum Dee Dum;57;192000;4kT18i0w2ZYeLTFPdpkihT
keys n krates;Sounds of Syndication, Vol. 2 (Presented by Syndicate);Dum Dee Dum (Jikay Remix);55;182386;4DhPiE7UXmkmlmiu34yMC0
duc duy;be with me (Deluxe);will u love me i'm so lonely (slowed + reverb);56;94013;6N8vF6k2PfKNbVrKTHKNbp
steve kroeger;Summer;Summer;56;164628;28iXG2opEt5YUr1yZlcOfe
nicolas jaar;Time for Us;Mi Mujer;56;411124;4QHKR48C18rwlpSYW6rH7p
lil dusty g;UNDERGROWTH;SQUASH;64;123445;4rUawbJ9qurU9Rb3NpT4kH
lil dusty g;UNDERGROWTH;INBETWEEN;60;114845;7g7or6ba1mBgq5Ydj2ixjs
lil dusty g;UNDERGROWTH;IDENTITIES;59;115662;0opflBNj8NQehW3Q0oXueA
lil dusty g;INSECTS;INSECTS;57;158346;4nushtVyhmJXKMiHWA0NLH
lil dusty g;All I Have Is My Smile;All I Have Is My Smile;56;99200;0v9efJ1lA4yhp3P2PLNKqM
lil dusty g;Preached;Preached;49;159292;5Gox2FHWcB882eGsRIkdrt
lil dusty g;UNDERGROWTH;PREACHED;47;159292;2EEbJpnK4CJsbwIjUYVLIg
garzi;Demonstrate;Demonstrate;56;129517;19uA0MIGsb1xmR19yx8oTr
yung tide;The Way I See Things;The Way I See Things;56;165333;63Rg6WrtsD26acXip6G7t1
6 dogs;Saturn;Saturn;56;96233;1a9rOeuuSEYpyRupt4D1Po
meg & dia;Something Real & Here, Here and Here;Monster;56;161333;0KQ1LhU7vGiXqn7eAw1nfl
wavey;Another Chance;Another Chance;56;178909;6rv5QNHsRsLQtbbn6nlUsW
wavey;Forever;Forever;56;142222;1QY1XwW35qIyzavlWOCcZo
nounours;Hallucinogenics;Hallucinogenics;56;197877;6Di7JDj7qcLYcLJnuv1UAk
emrod;Jennesys;Jennesys;56;240000;7LihoPgTF9hnxMh9lRTNkA
franglish;Vibe;Sans moi;56;159434;5cZ6NaDFs0a7ZYfGpaJWEt
bjarne hendrik;I've Been Feeling;I've Been Feeling;57;183665;4O1VIRlpNBTNKpa5wkvfbe
bjarne hendrik;Inspire;Inspire;55;128000;2U6NZdGlnkKhMdZ8BayQNi
lstn;Take Me;Take Me;56;198000;6FZfPWE4iw6jp2ppsKyMXV
hector gachan;Untitled '91;Nice Guy;59;152350;2tPiS6ZH898jafXqpMhEGj
hector gachan;Untitled '91;Really Something;53;219100;4IBL3uksmg3kUOf7iUzkpg
the memories;Love Is the Law;Go Down on You;56;60693;4DkeNKHcmZo2Z0Eb1XcaNC
gerry read;Ma Baker;Ma Baker;56;146592;7pGiiHmMfOPHVEXNnfqw00
moses gunn collective;Mercy Mountain;Shalala;56;228015;0Bl1Gt8R9kjz7JO7SYAuhe
the sonics;Here Are the Sonics;Have Love Will Travel;56;160400;2uXkW8uJcOIhlbUatEPLPs
levitation room;Minds Of Our Own;Friends;56;217666;43NI5sAcvDLG7QQAmUc7UU
sea of lettuce;Photos;Leave You Alone;56;188730;0XtnQ3xDaXImAfeS0K1SkC
slow pulp;Big Day;High;56;152571;3GaamyFHQYbQi1ykc4nV4o
count five;Psychotic Reaction;Psychotic Reaction;56;185523;5JcaA4A9ZoXthwEnxOxWvP
drugdealer;The End Of Comedy;Suddenly;56;197040;77iRifbhkJGvGBBRNykUwN
alexis troy;Dread EP;Codeine;56;221480;4mjUP6gAMjitosIb96PdJH
glare;Into You;Blank;56;216089;2gpkmR9oX3Jk6rDI6KUwHj
harem scarem;Harem Scarem;Honestly;56;242293;4NBxoKAY9PR2PdfNnmVRkN
the roots;How I Got Over;The Fire;56;221066;1iP5UMdOsGz6EdltGbbcb7
compton's most wanted;Music To Driveby;Hood Took Me Under;56;219266;6QJOEIPT8g3fjdFxibpy2F
hyjacked;Heroes Arising;Heroes Arising;56;270967;37qR4gabbE17D48m0aerCq
keltek;Through The Night;Through The Night;56;166400;667VsfRZBPcI42mfFvgYpl
sambata;Pinnak;Pinnak;56;390321;4kw1Tl4ryNxjTtAdFJkD19
baba sehgal;Jalsa;Jalsa Jalsa;56;258384;0I9RbCJItXY1jxGIAsQT0t
fazilpuria;Lala Lori;Lala Lori;56;160000;7r48j4khJzIT2uqcIU33ax
bobo shashi;Andala Rakshasi (Original Motion Picture Soundtrack);Ye Mantramo;56;167889;2m49DOqdk0n4ofCEovrydG
miss pooja;Sohnea;Sohnea;56;269643;7xt1AuUbQBZC4yvxxm4nAI
faneone;Bre Petrunko;Bre Petrunko;56;247572;0e9gtpHaPwQJlYm2NlfJzU
scott rill;Before I Die;Before I Die;56;168750;5RDlgzKoflASU4AC0C3Sv0
prashanth r vihari;Sehari;Idhi Chala Baagundhi Le;56;234613;5FzrRiodgp4kXVwXEy26DX
quin;LUCID;Mushroom Chocolate (with 6LACK);56;226638;6DEhBd4RGr8MbSAtSNNtai
本間芽衣子（cv.茅野愛衣）;secret base ~君がくれたもの~;secret base ~君がくれたもの~ (10 years after Ver.);56;352493;4rPmTBTX1wobDkGYXKvcGR
whaledontsleep;Nerenaiyoruni ka-tenwoakete;osmanthus;56;140487;0MJ5wsGpqu0gTJkx53ewxc
harish raghavan;Ayan;Nenje Nenje;56;344234;1ChcgTQZdf9ngSgZ9dmILP
dede sabunge;Baby Shark Breakbeat;Baby Shark Breakbeat;56;86334;5dplq6kgm3l0BGtBI5YzoU
juan gabriel;Los Dúo - Colección Completa (Vol. 1 + Vol. 2);Querida;56;295266;0ctucPlIsYbNGeQuZUAQFe
aizat amdan;Percubaan Pertama;Hanya Kau Yang Mampu;56;253066;4HFP0A7i6NIOscKVdilus2
那英;乾脆;夢一場;56;232333;5EIfRhrHwSCa4rhA4jXyES
evan yo;蔡旻佑首張創作專輯 19;我可以;56;266920;6ufjxyxCJeYKw82FoaLjfd
sky wu;特別的愛給特別的你;特別的愛給特別的你;56;299028;4mAjRT7IjwhZATGgeYCSAK
黃小琥;簡單不簡單;沒那麽簡單;56;310133;4xZIMRwaaBx7CZMmM6KLuh
pets tseng;今天陽光就是特別耀眼特別和諧;今天陽光就是特別耀眼特別和諧 feat. 韋禮安;58;186014;6qnSA1GSwRtgHCqaD1jQin
pets tseng;終極一班2 (電視原聲帶);一個人想著一個人;54;243666;3n3zzFH7zzO0gJNaw4RKSm
z-chen;你愛上的...;你愛上的我;56;261213;7q0aUtx8LsnYpshwqjzkhQ
villain of the story;Divided;Losing Control;56;208920;690SQwV9HI5aK07YO5yByz
fever 333;STRENGTH IN NUMB333RS;BURN IT;56;232053;2j02RtZz6v53FRw4oWliZf
benny garner;Soft Piano Covers;Comptine d'Un Autre té;60;149055;7zP20CANb26S52imHKKWEc
benny garner;Soft Piano Covers;Prelude in C;52;139259;7awdbrOwQYaqQ7Zquriqe5
haru kitamura;You & Me;You & Me;61;138000;18S2PRuactalb1hwBxfwGl
haru kitamura;Partenza;Partenza;51;112428;2QnEeS0SxgJR9RrMGB2dnm
aestivum;Growing Green;Growing Green;62;176626;0ad4PNbIzDJwVzCCjKhvAA
aestivum;Seeds Of Life;Seeds Of Life;50;127125;5SGDHySVUTpk4fdjRvYGqB
sarah spring;Across Long Lakes;Across Long Lakes;56;148416;3MWklqtDFfMkD3pcf4rBwu
thriving ivory;Thriving Ivory;Angels On The Moon;56;252800;0pRfOWb0VgT5o8bws4iHvf
eric sebastian;Wish Your Way;Wish Your Way;56;162624;3W6Tx6pKOD4O97uTIYwoEZ
tiphaine calvet;Views Of Nature;Views Of Nature;56;138717;6QjDVuX5ufvEQZfo5gmBKi
pushpavanam kuppusamy;Ethirum Puthirum;Thottu Thottu;56;284289;6vrGww8fPiozHDppz2MbIi
neha bhasin;Current;Atu Nuvve;56;302480;3geKpJNdURFqbA8OqaR7vr
eli & fur;Illusions;You're so High;59;325497;0T8rENhj8FVjasRcGMYOIp
eli & fur;Otherside (Nils Hoffmann Remix);Otherside - Nils Hoffmann Remix;56;218880;0z3hYtKH35ltEcPfeyBXj4
eli & fur;Skyway;Skyway;53;220309;0iGHKQrXFK5ciq1BXYoDnR
sandro silva;Epic (Garmiani Remix);Epic - Garmiani Remix;56;155864;4D5uw4lzpyBIwA54NmjFND
el chombo;A Mover el Culo Con el Chombo;Papi Chulo;56;175856;1f2AyplMMO29MHBkjfFRmc
the fleetwoods;Come Softly To Me: The Very Best Of The Fleetwoods;Mr. Blue;56;145133;6bnFjTW3EnMG4BwreDnSHK
the fleetwoods;Come Softly To Me: The Very Best Of The Fleetwoods;Come Softly To Me;56;144933;603N4XGJUTbK760GLCvIIs
bo diddley;Bo Diddley;I'm A Man;56;164546;760clbeDBWmBsBLbszWuNZ
loquillo;Rock & Roll Star - 30 años;Cadillac solitario;57;214560;3VNxbWlw9oVvxSnSbeiCBb
loquillo;Heroes De Los 80;Cadillac solitario;55;214560;60HibhiSF8eBC2w4DWgorI
lilorx;Stay With Me B Boost;Stay With Me B Boost;56;118128;77DWIyyUsc9S8T9immHtdm
billy bueffer;Fake Friends;Fake Friends;56;168268;4Yt1yBsZckANMLohLeluL0
billy bueffer;Stoner Thoughts;Stoner Thoughts;56;188813;27E4psA6L8EPkArzqOwT0j
7evin7ins;Life Gets F**ked Up;Life Gets F**ked Up;56;108000;0hKxcIrqy4ZmlMOcO2zPUK
miles;MOSH PIT;MOSH PIT;56;127058;1fQlfeG7u0xzRVuzqUwtGA
jackie xan;To the Girl With Red Converse;To the Girl With Red Converse;56;143830;4rM66iPZNDZlq4V6g3GLz6
alexandra shipp;tick, tick... BOOM! (Soundtrack from the Netflix Film);Come to Your Senses;56;267847;5EDz9U8TS0spv8IH5sGHLw
eddy kim;Guardian (Original Television Soundtrack), Pt. 5;You are so beautiful;56;195333;2nJDePK69THatYkjkjQFE8
eddy kim;당신이 잠든 사이에 Pt. 1 Original Television Soundtrack;긴 밤이 오면;56;226991;5LiWJsSSjZh7Y3hqml18Ki
lee so ra;Song Request 신청곡 (feat. SUGA of BTS);Song Request 신청곡 (feat. SUGA of BTS);56;281066;6Au7CCNN2wXgCNxdavgxDM
kate gill;ken&barbie;ken&barbie;56;251904;0t9OqmA9tMhVuwIMyjvsN6
k-si yang;Real;Real;56;146448;14OIJcLAWsnXX344HxUPak
manila grey;No Saints Loading;Silver Skies;56;182889;612k0JGUvwPwfXoldaEqs8
ivan ferreiro;Canciones para el tiempo y la distancia;Turnedo;56;278333;541hgOF71B92Jpg4IU6kyx
love of lesbian;1999 (o como generar incendios de nieve con una lupa enfocando la luna);Club de fans de John Boy;56;231160;1KhqSLS8YafrUCbjrn8WxZ
medina azahara;Sin Tiempo;Necesito Respirar;56;269426;6uK6H8xkSQRA4Y2TfczXs0
lance & linton;Best Time’s Right Now;Best Time’s Right Now;56;199948;0GoIGVoX1ZYPeb1BvzaTYP
reinier zonneveld;Move Your Body To The Beat;Move Your Body To The Beat;58;183333;53cLYZSnsw7BeJybRHPlox
reinier zonneveld;Flying Octopus;Flying Octopus;57;211617;2XWBbVold8LNroIDyeockI
reinier zonneveld;CSE;CSE;53;193082;3LvvIhumturTVuHFgpgrb4
ayla;Nirwana;Ayla Pt. 2;56;199674;1hChLdk0hBQbapbpVUVlNa
nostalgia 77;The Sleepwalking Society;Simmerdown;56;207653;09EE3t9STjdRARwhOTxwO4
smoke city;Flying Away;Underwater Love;56;406000;1vahbgf2hkAjBvYRtIo09F
umut timur;Şaheser;Vermedin;56;220506;7F4yovnXyQ4WUrCLHiyyK7
onur atli;Industry Baby;Industry Baby;56;168764;688td3ERdnPDqNyT80PAA8
demxntia;goodnight;tonight;71;84875;0OrwGH9aeguhopTVubv0VZ
demxntia;it kills me;it kills me;65;155428;5QWGib8UBj4U9ybzmpuTUv
demxntia;disappear;disappear;61;109741;3x1edFtdUWSV6bFmAdHO3u
demxntia;i won't let you feel alone again;i won't let you feel alone again;60;148361;4rhUCUk6QLmddwPfek1pRk
demxntia;goodnight, pt. II;tonight, pt. II;58;169411;1KDFTo1pPXuhtQrx9dm16m
demxntia;goodnight;overthinking;54;115793;7xx2Ku5iifWgkc0w2By4TR
demxntia;serene//rewind;serene//rewind;54;156825;1tX0Z3tA7vsal85V1sw3QM
demxntia;somehow;i don't mind;52;188571;5mhHL6HAEcwkYoGSUBekjE
demxntia;goodnight, pt. II;autumn;51;146000;10tEYe2Rj3SExl0zS2HrDP
demxntia;selfish (i wished you hated me);selfish (i wished you hated me);45;172987;6KTG1O45PqNxpXhPwXX9BD
demxntia;compilation I;ocean of stars;44;237466;5siP3no83iDXF2uskNj14a
美波;カワキヲアメク;カワキヲアメク;71;251933;1gUAX2ImxDsB3YDcyxMXlB
美波;アメヲマツ、;アメヲマツ、;57;294161;0UtSPZyW63m5ZHODCwhakB
美波;カワキヲアメク;ライラック;53;302666;3WePQc3e2le4Vmh5W2idln
美波;カワキヲアメク;ホロネス;53;317066;4FAUrZ8wdf8mV202FcEgn6
美波;カワキヲアメク;main actor;51;331466;0wBI0iW9HAcLi1d7tMYOsm
美波;DROP;DROP;50;302356;5DvUv3UT3KcH3IhNOTfiPF
the minions;Despicable Me 2 (Original Motion Picture Soundtrack);I Swear;63;98211;4t9cpYT8AD3G2TGwSRQVDK
the minions;Despicable Me 2 (Original Motion Picture Soundtrack);Y.M.C.A.;60;175291;45WZ2N9hK3b7KhOECCUGkh
the minions;Minions (Original Motion Picture Soundtrack);Universal Fanfare;57;32417;1OrSkn4lXO1cD1NaR7v2IG
the minions;Despicable Me 3 (Original Motion Picture Soundtrack);Papa Mama Loca Pipa;54;89480;1WbZ7ZmDVARABHF2isuWF7
the minions;Minions (Original Motion Picture Soundtrack);Hair;53;54601;0ufMgyci5BJrFzZFxFjCuA
the minions;Despicable Me 3 (Original Motion Picture Soundtrack);Tiki Tiki Babeloo;48;73773;3dgfi5YrSygf97UVhLtH4s
ramin djawadi;Game Of Thrones (Music From The HBO Series);Main Title - From The "Game Of Thrones" Soundtrack;62;106280;2q6fxAvSpqXR4jx9Ne7RGz
ramin djawadi;Game of Thrones (Music from the HBO® Series - Season 6);Light of the Seven;61;589094;6iLzFJhs4ATwJn7P1utZIJ
ramin djawadi;The Prince That Was Promised (from "House of the Dragon");The Prince That Was Promised (from "House of the Dragon");61;274271;4PJXXyHln0QBOir9G0GTtM
ramin djawadi;Game Of Thrones: Season 8 (Music from the HBO Series);The Rains of Castamere;59;224305;0CHvs1UmxA90B2apIpbWCC
ramin djawadi;Game Of Thrones: Season 8 (Music from the HBO Series);The Night King;59;530532;1aDklx1GaBqHFowCzz63wU
ramin djawadi;Game of Thrones (Music from the HBO® Series - Season 6);Main Titles;58;111208;4cKmnSLAhwxaWKXQhfz5Ju
ramin djawadi;Protector of the Realm (from "House of the Dragon");Protector of the Realm (from "House of the Dragon");58;195015;63BRmsStfDWwrP1vB49Sc0
ramin djawadi;Game Of Thrones: Season 3 (Music from the HBO Series);A Lannister Always Pays His Debts;58;170560;1vPEPhmGDnp8RR6GCBozaa
ramin djawadi;Game Of Thrones: Season 8 (Music from the HBO Series);A Song of Ice and Fire;57;131888;1AvLUHxSunGMWWRfEFmWSC
ramin djawadi;Game Of Thrones (Music From The HBO Series);Goodbye Brother - From The "Game Of Thrones" Soundtrack;57;187280;5n44Y1e8exufbm9mmAvopf
ramin djawadi;Game Of Thrones: Season 3 (Music from the HBO Series);Mhysa;54;234933;4wxaEgPlUbEUwiAnThBUkw
ramin djawadi;House of the Dragon: Season 1, Episode 9 (Soundtrack from the HBO® Series);Fate of the Kingdoms;53;205091;2KEC0lBoiYo8DAe9072AEs
ramin djawadi;Pacific Rim (Original Motion Picture Soundtrack);Pacific Rim (feat. Tom Morello);53;295426;2KNmDKL0Ngf5wd7iB25cap
ramin djawadi;Game of Thrones (Music from the HBO® Series - Season 6);The Winds of Winter;53;209808;0wXNnmvuTP0jPMpAXakSs8
ramin djawadi;Game of Thrones (Music from the HBO® Series - Season 6);Blood of My Blood;52;215261;7kMr7gQm5lzvwlc5VZHgMO
ramin djawadi;Game Of Thrones: Season 8 (Music from the HBO Series);The Last of the Starks;51;292490;4fXqpIzgHDBhylBBOLOKVX
ramin djawadi;Game Of Thrones: Season 8 (Music from the HBO Series);Arrival at Winterfell;50;223720;0VeOw2I0PIDZScE9HCUKgN
ramin djawadi;House of the Dragon: Season 1, Episode 9 (Soundtrack from the HBO® Series);Lament;49;206397;20tYAl1DAEwmqT9HDZZpHM
wu-tang clan;Enter The Wu-Tang (36 Chambers) [Expanded Edition];C.R.E.A.M. (Cash Rules Everything Around Me) (feat. Method Man, Raekwon, Inspectah Deck & Buddha Monk);75;252186;119c93MHjrDLJTApCVGpvx
wu-tang clan;Enter The Wu-Tang (36 Chambers) [Expanded Edition];Protect Ya Neck (feat. RZA, Method Man, Inspectah Deck, Raekwon, U-God, Ol' Dirty Bastard, Ghostface Killah & GZA);67;291066;1Sgj10byiGzPpI2IrXSFEn
wu-tang clan;Enter The Wu-Tang (36 Chambers) [Expanded Edition];Wu-Tang Clan Ain't Nuthing ta F' Wit (feat. RZA, Inspectah Deck & Method Man);66;216133;24vNw0Z0srb4zYXwrakw8E
wu-tang clan;Wu-Tang Forever;Triumph (feat. Ol' Dirty Bastard, Inspectah Deck, Method Man, Cappadonna, U-God, RZA, GZA, Masta Killa, Ghostface Killah & Raekwon);64;338186;3glqlA5qY3bbo8UaUDGPnw
wu-tang clan;Enter The Wu-Tang (36 Chambers) [Expanded Edition];Bring Da Ruckus (feat. RZA, Ghostface Killah, Raekwon & Inspectah Deck);63;251466;1v5cgIyffYtfEx0swttdoE
wu-tang clan;Power Rap;Pioneer the Frontier;0;238693;6lav95SObObMoj75oLMILu
sam tinnesz;Play with Fire (feat. Yacht Money);Play with Fire (feat. Yacht Money);76;180690;7vguMCv8uVuZLiQJ156u3Z
sam tinnesz;Babel;Legends Are Made;68;169758;0yqrhHrcWLMjBylHReDN5u
sam tinnesz;Warplanes;Bloodshot;59;200061;1QAH5HMnoDt76yBNpLUsHo
sam tinnesz;Babel;Wolves;58;180004;4oyUjJauYl4zVrozOYk3il
sam tinnesz;Ready Set Let's Go;Ready Set Let's Go;54;216142;6hKpIzJWHQduwojjkWG8zt
sam tinnesz;Far From Home (The Raven);Far From Home (The Raven);52;264761;4kH98W7Wqeycg6CzrrX8JP
sam tinnesz;Legends Are Made;Legends Are Made;51;169758;3VBvV5wMMgEkrXqILx8JnB
sam tinnesz;Man or a Monster (feat. Zayde Wølf);Man or a Monster (feat. Zayde Wølf);51;205343;5wuxZ6UBwAsZpRfQuEVyzw
sam tinnesz;Warplanes;Play with Fire (feat. Yacht Money) - Extended Mix;47;193490;3wzTzcmYZ2MXHSjOYHrJZo
sam tinnesz;Play with Fire (feat. Yacht Money) [Extended Mix];Play with Fire (feat. Yacht Money) - Extended Mix;42;193490;5MuHf3VBDhDq0KDkNUfVrO
chris cornell;Carry On;You Know My Name - From "Casino Royale" Soundtrack;60;240120;3acBQxxlyb0jC2xqndDzSf
chris cornell;Chris Cornell (Deluxe Edition);Nothing Compares 2 U - Live At SiriusXM/2015;60;303906;0tUELgOuOJ3KCsYMDDsNvD
chris cornell;Higher Truth;Nearly Forgot My Broken Heart;59;234426;7MjRtWS2teufvOiMM0BARZ
chris cornell;Patience;Patience;58;253120;7n3u7RrzdXGVcclBEp9aSa
chris cornell;Songbook;Black Hole Sun - Recorded Live At Red Robinson Show Theatre, Vancouver, Canada on April 30, 2011;56;277733;5p0s4na5wJHnaNw9azmiQm
chris cornell;No One Sings Like You Anymore;Patience;55;253120;0cMyMeOTBeweBZRfP6MJ6e
chris cornell;Singles - Original Motion Picture Soundtrack;Seasons;54;345133;4QglwXpVgc088RhQOp42vx
chris cornell;Carry On;Billie Jean;53;281373;3t4p9vIhemAhCMr6hfL2pa
chris cornell;Higher Truth;Before We Disappear;53;229680;74Oym97rxi071QbQrOruzH
chris cornell;Chris Cornell (Deluxe Edition);Seasons;50;345626;1xRUR651GIJoKbu0dqm0uW
lrn slime;why am i crying;Letter to Jarad;67;204659;508QhA2SncMbh5CnuxkvUc
lrn slime;Beautiful Angel;Are you even real;58;157988;5V1ohWM2iv4w8TUfA1LZGa
lrn slime;why am i crying;One Dance;54;72328;3oMiOuEGrVGjkQ3JDjcUFI
lrn slime;why am i crying;Sad Hours;52;178025;1f5gQuy8aQEj6WX9wc8i3k
lrn slime;the moon knows all my secrets;i'll keep you safe - Reverb;48;117890;79GBhyAo9KAuMH3oztkJjb
lloyd banks;The Hunger For More;On Fire;64;187280;0B2ZuTLZnWQ6gz8RlNwBu1
lloyd banks;Rotten Apple;Hands Up;61;240213;2GlhJyZRWP3MnSXOvnovIa
lloyd banks;The Hunger For More;Warrior Part 2;60;217973;1kSSWsWZuCcrlgVpb5yKYn
lloyd banks;10s Hip-Hop Hits;Beamer, Benz, Or Bentley;59;208386;4TY4VeLpmiNY9otITGA8sn
lloyd banks;The Kanan Tape;Too Rich For The B*tch;35;176453;24tp6mtoMwv9DCLVsDhl5Z
bryce fox;Heaven on Hold;Horns;66;217625;49qEikVVPd6PgH6S2pbXjZ
bryce fox;Strength;Bodies;56;142520;50mqgEaWZLt1lpqVOO914A
bryce fox;Heaven on Hold;Stomp Me Out;51;228386;3MowdPlS0Vc83w0Mywdmjx
bryce fox;Horns (StayLoose Remix);Horns (StayLoose Remix);50;204000;1DXN9BShkC5oCnliOmdTFb
mercuzio pianist;J'y suis jamais allé (From ''Amelie'');J'y suis jamais allé - From ''Amelie'';58;63831;7ErkrGvaAbLWgWS7wJ4D7f
mercuzio pianist;Hidden Gems, Vol. 1;J'y suis jamais allé - Theme from "Amelie";58;91039;1tjYTA591mOo8jnAlk7T65
mercuzio pianist;I Just Want You (From 'Castle');I Just Want You - From 'Castle';56;95033;0EnJ7hwoixkSPHQHMDAsQ5
mercuzio pianist;La noyée;La noyée - Amelie soundtrack;51;130652;2ZZ3SXe3q8fwzVtIrQpEKy
afro b;Afrowave 2;Drogba (Joanna);64;199000;4E0teOQQQwagLVvQ7VfYm1
afro b;Joanna (Drogba) [Remix];Joanna (Drogba) - Remix;55;207763;10dVVfHlZYjV4Qv9uNVgrA
afro b;Afrowave 3;Condo;53;165981;6h3OTSLTJubOG0RLkIW91i
afro b;Afrowave 3;Fine Wine & Hennessy;51;190588;63yTeYugkFyU8DEsVFamix
yoh kamiyama;SHIAWASE NA OTONA;YELLOW;62;178712;6oLejuhWNQf76ydBbtLrT9
yoh kamiyama;色香水;色香水;59;250792;7FpABRyv5TaZz0llkhjPgc
yoh kamiyama;CLOSET;色香水;52;251186;4cbGPWSbuKCNo9wNGiLevd
yoh kamiyama;色香水;色香水;50;253053;3IOpaj1JAUK254P4TyJEVQ
secondhand serenade;A Naked Twist in My Story;Fall for You (Acoustic);64;176946;5V7mTIcXVU9k2JNu0mE6vy
secondhand serenade;Awake;Your Call;57;222320;7ddJJFmXZ3984IbVEKinp5
secondhand serenade;A Twist in My Story;Fall for You;52;183600;2fywBLXK9GQi8YR8C8d3c4
secondhand serenade;A Naked Twist in My Story;Stay Close, Don't Go;50;212066;27iZxQjtXo4OxoZyk91Ooq
rahat fateh ali khan;Love Aaj Kal (Original Motion Picture Soundtrack);Ajj Din Chadheya;67;315013;4NmWv6PEGEAmorN5UN9fRo
rahat fateh ali khan;Tera Mera Saath Ho;Rishte Naate - From "De Dana Dan";66;286586;6alUOXeJ3T6vi8dkN8QSbi
rahat fateh ali khan;Back 2 Love;Zaroori Tha;65;342023;0JChw6k59cZxegh0SGceE1
rahat fateh ali khan;Veer (Original Motion Picture Soundtrack);Surili Akhiyon Wale;64;331746;1la0ICQBLfO0lyqsWNwG7l
rahat fateh ali khan;Tere Bin (From "Simmba");Tere Bin (From "Simmba");64;230948;4f5kLqyOJ5ZPnalEVMQrB2
rahat fateh ali khan;Bodyguard;Teri Meri;62;325311;1HT0RzPuChHC1kWbIplHyw
rahat fateh ali khan;Anjaana Anjaani;Aas Paas Khuda;61;319115;3kuxr8U3QynLzyW82p5hYR
rahat fateh ali khan;Meray Paas Tum Ho;Meray Paas Tum Ho;61;301348;1b4gksr8TMyoyFdwrmPSvY
rahat fateh ali khan;Kalyug;Jiya Dhadak Dhadak Jaye;60;319480;5wQlXgGVSwvBVKXf5lmWhp
rahat fateh ali khan;Namastey London (Original Motion Picture Soundtrack);Main Jahaan Rahoon;60;382493;38WTxU8ZWOM7FXf7E07qcG
rahat fateh ali khan;Bhoomi;Lag Ja Gale;58;225873;0oEcok2v13HYAME0zO4m0c
rahat fateh ali khan;Om Shanti Om;Jag Soona Soona Lage;58;329429;2sVzO3L0fdOMVe8wVlM0IE
rahat fateh ali khan;Khuda Aur Mohabbat (Original Score);Khuda Aur Mohabbat (Original Score);57;363658;7r0vc8YhfpwvAwUR4oqqXe
rahat fateh ali khan;Qalandar (Original Score);Qalandar (Original Score);33;289301;1KgIBPUmEDdjsMwPnGmDKC
rahat fateh ali khan;Rishte Naate (LO-FI Remix);Rishte Naate - LO-FI Remix;0;264892;5iHOTwCpFRSdBfITAdBP3d
lucas & steve;If It Ain't Love (feat. Lagique);If It Ain't Love (feat. Lagique);62;145161;7g5WNBlpjF31bFCRJBrtIQ
lucas & steve;Set You Free;Set You Free;62;169523;4MyPLcBTpqfXZJKcUhMXOg
lucas & steve;Paper Planes;Paper Planes;61;186666;4mrAArfFEIqpH6myouJb03
lucas & steve;Perfect (feat. Haris);Perfect (feat. Haris);59;176517;30cW9fD87IgbYFl8o0lUze
lucas & steve;Feel My Love (feat. Joe Taylor);Feel My Love (feat. Joe Taylor);59;172820;3pquutv1kWficJdou7ywag
lucas & steve;Letters To Remember;Where Have You Gone (Anywhere);56;158602;73RTbo2nzGjuhuAPqj3AgB
lucas & steve;Give Me Your Love;Give Me Your Love;56;202530;31DsZ9tyytV1rNCZ33yG0D
lucas & steve;Where Have You Gone (Anywhere);Where Have You Gone (Anywhere);55;158602;3zECQWhwAEydeK9jUTPamo
lucas & steve;Letters To Remember;Perfect (feat. Haris);54;176517;4WRZjx6NQDQQbfe98Peg8T
lucas & steve;SICK;SICK;54;183750;5XFf7KH7vlpUck2XNHH3oY
lucas & steve;Letters To Remember;Another Life (feat. Alida);52;212468;4snOHAw3BxiKWFeOyLeEpB
lucas & steve;Letters To Remember;Letters;52;191000;21te7Pz3VowOuFho1nfdR0
lucas & steve;Rage;Rage;50;175714;3bTjVR73jjv8ifAYbpohUe
lucas & steve;Another Life (feat. Alida);Another Life (feat. Alida);48;212468;0NWVFwJxCMjBdTOCePlQdl
bibio;Curls;Curls;58;197933;3NLm801woJocONz1NmPJZR
bibio;A Mineral Love;Petals;58;152333;1TVd8FHpeg1Afa92kaO0kR
bibio;Ribbons;Curls;51;197933;2dXAmfTnWAzuBakuyMNoMu
gabríel ólafs;Piano Works;Filma Solo;58;195154;4SsDrt7HV1ECcJ2A7EHfLL
gabríel ólafs;The Lily;The Lily - Piano Version;57;116960;2ZGFYsDWwjU0BBvVAw6js9
gabríel ólafs;Absent Minded;Absent Minded;52;278693;7kb31fjEs2qD0hOriq93wj
kiro akiyama;From DROPOUT;Caffeine;59;243253;708feUe50Ed8N6zilSiSQM
kiro akiyama;SKETCH;SKETCH;58;237680;1hoeIeIVXV9nDPWL21Nbjj
kiro akiyama;アイデンティティ;アイデンティティ;50;269813;4cXlM7IelyGNnaOiROPZqn
currents;The Way It Ends;Better Days;59;247747;1BqzzWlA868p8J5VIbp50A
currents;The Way It Ends;Kill the Ache;57;233355;1zNBVe8QG37iPLLQHlUS2u
currents;The Way It Ends;Never There;57;108934;5t1OFHuWDlmusIYUZSNADT
currents;The Death We Seek;The Death We Seek;56;245719;6NYdAmvdebGyB2zASPBEKg
currents;The Way It Ends;Monsters;53;212308;0FnNvh5Azabpbfb7xSmZpj
currents;The Way It Ends;Let Me Leave;52;201011;4xDcGgOzoQq5Jrfa2gkY03
chris lake;Turn off the Lights;Turn off the Lights;67;210546;7dsImih2L25fa6qjNphBI7
chris lake;A Drug From God;A Drug From God;62;192455;4skbQNtyjy8A7mo8oqe2oD
chris lake;Turn off the Lights;Turn off the Lights - Cages Remix;62;208857;5JeBHduTGxXxytZFXBcIlB
chris lake;Deceiver;Deceiver;57;225883;6RIbDs0p4XusU2PZSiDgeZ
chris lake;Free Your Body;Free Your Body;54;269400;5TQxS54o7gw5KOxikHxnUi
chris lake;Turn Off The Lights (Cloonee Remix);Turn Off The Lights - Cloonee Remix;51;198754;5pg2odADhTPe42uf0BghWA
chris lake;Stay With Me;Stay With Me;50;224576;0VgtjIiWXKMxqtYnhHmQ8U
chris lake;Nightmares;Nightmares;49;165024;5xARo31Sdr6Kmk2g9j4t3x
chris lake;I Want You;I Want You;49;248006;7IM73yy9leN8ftZsOVmVTO
namic;In Love;In Love;57;170181;4yUErdeJ4yBN3cajrmSWe5
namic;Be Okay;Be Okay;56;152750;60cDK8K6EAvk7SI7xOGVun
namic;Wait For You;Wait For You;54;179548;3Qgzt1zo6eO4sWyKrmpDQY
karen harding;Say Something;Say Something - Zac Samuel Remix;68;213135;5QifrqmnjHzdOuBAheeeNU
karen harding;Undo My Heart;Undo My Heart;50;180419;4IKa5EKTmhKvV1wuTJf9Eq
karen harding;Other Side of Love;Other Side of Love;49;222425;1TXQh7R4ZaozkuFTRVZlYm
planetopia;Falling In Love;Falling In Love;57;157756;1TUpKepASZ9fQbcG2v9kOy
planetopia;For You;For You;56;168461;06ynDvyG7P9TCZupu29WPs
planetopia;Autumn Leaves;Autumn Leaves;54;154821;5iknC3vD76dPL8qobqdZCV
toby rose;Stand By Me;Stand By Me;59;181912;78DzFkBvWJQPUPIq9c8i5u
toby rose;Cool Kids;Cool Kids;55;153107;1nOrmN6H9MmEzSTU024eAX
toby rose;Palm Trees;Palm Trees;53;168551;1Wcel6pwElL7jp3IrfOVFI
badflower;OK, I'M SICK;Ghost;62;259519;7w09r53aPON8ZUvEAnPe94
badflower;Move Me;Move Me;54;204029;4kBDDlh8PN6SRobI0uANK1
badflower;This Is How The World Ends;Fukboi;51;159916;6BH5Trrr2s7i31GkjqB6dO
fear, and loathing in las vegas;Feeling of Unity;Let Me Hear;62;225546;5sqkarfxe7UejHTlCtHCLS
fear, and loathing in las vegas;All That We Have Now;Just Awake;58;218573;1Gqpa08T7eBAvPQj9O9L2Q
fear, and loathing in las vegas;HYPERTOUGHNESS;The Gong of Knockout;47;210345;7eITsVSfN8kKAxT35hoKF2
caravan palace;<I°_°I>;Lone Digger;57;229804;1TAC5SANfK7l6wGHtUQ7MX
caravan palace;<I°_°I>;Aftermath;56;185869;7iaQV6plfQRead7XdleWM4
caravan palace;<I°_°I>;Comics;54;212596;7Eta1k8UzwooyJCB9stY1d
palak muchhal;2016 Shinning Star - Palak Muchhal;Kaun Tujhe (From "M.S.Dhoni - The Untold Story");66;241448;5b7u3idwfY2LyqMQlCwscm
palak muchhal;M.S.Dhoni - The Untold Story;Kaun Tujhe;65;241448;5T2ZZiBMDGh3TZDUbxg4rV
palak muchhal;Aashiqui 2;Chahun Main Ya Naa;64;304899;6UgcN95w7vQxkR8sEFmwHG
palak muchhal;Aashiqui 2;Meri Aashiqui;59;266069;3E9ryvrKP3hUWX79PAakH2
palak muchhal;Best Of Palak Muchhal;Chahun Main Ya Naa (From "Aashiqui 2");59;304899;7Imk0IG6S5GA5iYWkjmMW5
palak muchhal;Ishara To Karo JI;Ishara To Karo JI;21;324479;3TlMq7DIT203h6CEWzWhzO
kaskade;On Your Mind;On Your Mind;60;320280;5IpIl6c14WCJhjlIl6poVD
kaskade;Flip Reset;Flip Reset;54;187661;2mUnxSunvs3Clvtpq3FtGo
kaskade;Miles To Go;Miles To Go;53;198203;0d2F9wcykuZ1QzDMcI0Mf0
justin stone;MAYBE NEXT YEAR;MESS;58;114580;2ASQGkTKEOAdaxn01jpteN
justin stone;MAYBE NEXT YEAR;STARS;56;120000;16Y57khG1n4LeZl9BnzfYC
justin stone;RECON;RECON;53;107832;6bWJ3kPjskTCS2vzPwl9tY
five finger death punch;F8;A Little Bit Off;72;190718;6GqqGv8frU7kqzXkm2rewI
five finger death punch;AfterLife;The End;67;223199;6hbAVcAB0mQVXMPubZnwuL
five finger death punch;AfterLife;Welcome To The Circus;67;256741;1linrfCmITmQHs4enAxTUY
five finger death punch;The Wrong Side Of Heaven And The Righteous Side Of Hell, Volume 1;Wrong Side of Heaven;66;271000;11Ojp7JniVvwd0gmgvyKkd
five finger death punch;AfterLife;Times Like These;66;209976;6bo13cPb5M0B6LhQEl0A3E
five finger death punch;War is the Answer;Bad Company;65;262440;1UWGkn34CD31VQfdi4D8Zp
five finger death punch;Got Your Six;Jekyll and Hyde;65;206903;6efSwlK3LOlWOeKK9xlUKF
five finger death punch;Got Your Six;Wash It All Away;65;224906;5nRBTzF9dLIlNqnl0xWo9g
five finger death punch;F8;Living The Dream;65;214542;2gsxeJnGbJQkBddBDr0UTV
five finger death punch;AfterLife;AfterLife;65;243560;40gGeC397vLmz4eETZDSrG
five finger death punch;AfterLife;Judgment Day;65;292804;28pN19lOLb7o6CZlCAcflX
five finger death punch;Welcome To The Circus;Welcome To The Circus;63;256741;1r3PWB1ZzxrPsIj2DNoa10
five finger death punch;F8;Inside Out;63;226348;163Kb2pSLLduhfbO6Zn0sL
five finger death punch;AfterLife;Thanks For Asking;63;198780;1pZwsIB2ogBnbjydoIHQnL
five finger death punch;The Wrong Side Of Heaven And The Righteous Side Of Hell, Volume 1;Lift Me Up (feat. Rob Halford of Judas Priest);62;246209;1LHZMWefF9502NPfArRfvP
five finger death punch;F8;Darkness Settles In;62;281803;6RksBSj5fFtPkUnL2EE0oe
five finger death punch;AfterLife;IOU;61;267290;0rqRkmrlWyuhSUqJKvf8SK
five finger death punch;F8;Full Circle;60;202249;76CWLFHm3OFuE2P1dDMhi3
five finger death punch;AfterLife;All I Know;60;311876;3Q90tQQevxxirs4vcIcMkc
five finger death punch;AfterLife;Roll Dem Bones;60;199813;2EwMqSMpU9nTkdB0pIExdX
five finger death punch;The Wrong Side Of Heaven And The Righteous Side Of Hell, Volume 2;House of The Rising Sun;59;247388;4ZmX8elKMkH0MfniNi0Adu
five finger death punch;Times Like These;Times Like These;59;209976;74EiM8EFm5saFo7Tgrdg3r
five finger death punch;AfterLife;AfterLife;59;243560;51lcM37Li2HOhk8F8kPwUv
five finger death punch;F8;Brighter Side of Grey;59;269578;4tW57waWtNZF2CnhQEjPBq
five finger death punch;War is the Answer;Far From Home;58;212493;70WpP83384wgKixTKbt3Nb
five finger death punch;American Capitalist (Deluxe);Under and Over It;57;218133;35aYLuIWeFd7iM7rY3x5GB
five finger death punch;IOU;IOU;56;267290;3nqpRRpUhwfo6BqibVqeuj
five finger death punch;Blue On Black (feat. Kenny Wayne Shepherd, Brantley Gilbert & Brian May);Blue On Black (feat. Kenny Wayne Shepherd, Brantley Gilbert & Brian May);56;274615;3lwpE0SEaQV5DWNjqMtYEk
five finger death punch;The Wrong Side Of Heaven And The Righteous Side Of Hell, Volume 2;Cradle to the Grave;56;198067;4bpI7WOnEjXDAnZtyvaX5A
five finger death punch;And Justice for None (Deluxe);Sham Pain;56;209703;0nqIqABZcujg05mkixJV60
five finger death punch;Got Your Six;I Apologize;56;242956;6rLrVRpM8XY6UZAIl15JWV
five finger death punch;American Capitalist (Deluxe);The Pride;55;203813;2tbMiz9p19QbSJlbHiMs2y
five finger death punch;The Way of the Fist;The Bleeding;54;268666;6LRmV5GZUjKLgxi7lBWriQ
five finger death punch;American Capitalist (Deluxe);Remember Everything;54;278813;4G2GSsAneHpcG5J8cKGXyw
five finger death punch;And Justice for None (Deluxe);Gone Away;54;275212;73P5wYuZ1bsz0ZjsZiaSw2
five finger death punch;American Capitalist (Deluxe);Coming Down;54;241226;22VW5d6k6HT0SQ8MUEXuDz
five finger death punch;Got Your Six;My Nemesis;52;215871;5f2uoq4GfpeViLcsP3FtES
five finger death punch;The Wrong Side Of Heaven And The Righteous Side Of Hell, Volume 1;Burn MF;52;217847;1wF63HajppiUOdcAbp7YHh
five finger death punch;A Decade Of Destruction;Gone Away;51;275212;0h8VX60lat4433GnbP6vQs
five finger death punch;A Decade of Destruction Vol. 2;I Refuse;48;218788;0fMIhVO47aLOTwYgizGmPc
five finger death punch;Wrong Side Of Heaven (Acoustic);Wrong Side Of Heaven - Acoustic;45;269787;2pDUQD1PCN7nYNay2G22Qy
five finger death punch;A Decade Of Destruction;The Bleeding;36;268666;09HQvTyaNQhMaoRuUxddM2
five finger death punch;The Wrong Side Of Heaven And The Righteous Side Of Hell, Volume 1 (Deluxe);M.I.N.E (End This Way);34;245951;3sgnJMRKcAEQrNfjfVq6Sp
five finger death punch;The Wrong Side Of Heaven And The Righteous Side Of Hell, Volume 1 (Deluxe);Dot Your Eyes;33;195090;2ykddKlnrxzo8gAozmOTFT
five finger death punch;The Wrong Side Of Heaven And The Righteous Side Of Hell, Volume 1 (Deluxe);You;27;182316;5s5EX3wF5jVMAWzZQWAqPB
five finger death punch;The Wrong Side Of Heaven And The Righteous Side Of Hell, Volume 1 (Deluxe);Watch You Bleed;27;223291;2V2ldMfYNetYjaM5ZjJQFO
five finger death punch;The Wrong Side Of Heaven And The Righteous Side Of Hell, Volume 1 (Deluxe);Anywhere But Here;26;225691;56jpdAh6I9kdq9aIuIqTG4
badfinger;Straight Up (Remastered 2010 / Deluxe Edition);Baby Blue - Remastered 2010;67;217346;6S3JlDAGk3uu3NtZbPnuhS
badfinger;No Dice (Remastered 2010 / Deluxe Edition);No Matter What - Remastered 2010;67;180546;0zK545STj6P7qbFSpCK9pp
badfinger;Straight Up (Remastered 2010 / Deluxe Edition);Day After Day - Remastered 2010;59;191053;2XKW8CH8nRZH9cF2DNjBHN
badfinger;Magic Christian Music (Remastered 2010 / Deluxe Edition);Dear Angie - Remastered 2010;58;160906;54qG9hpUjLgkgTJQ9qvB1P
badfinger;No Dice (Remastered 2010 / Deluxe Edition);Believe Me - Remastered 2010;56;180053;0JqDfzUZZi86BoZnx1MPQv
badfinger;Straight Up (Remastered 2010 / Deluxe Edition);I'd Die Babe - Remastered 2010;56;154413;5CmGnAY7I7Ggj303HZBbkX
badfinger;Magic Christian Music (Remastered 2010 / Deluxe Edition);Come And Get It - Remastered 2010;55;143213;0wb21I1NV5uVUolRXIqlJF
badfinger;No Dice (Remastered 2010 / Deluxe Edition);Without You - Remastered 2010;53;283493;1VrIr1toXX6bOSdotodB71
badfinger;Straight Up (Remastered 2010 / Deluxe Edition);Sweet Tuesday Morning - Remastered 2010;52;150786;0V8SWgdKA0BWydzwQflZAY
badfinger;Magic Christian Music (Remastered 2010 / Deluxe Edition);Maybe Tomorrow - Remastered 2010;46;180600;15RXL05X13S8iZaQ9LPKOj
badfinger;Ass (Remastered 2010 / Deluxe Edition);Apple Of My Eye - Remastered 2010;42;186400;5Tuout5bAcki6wuD7PTAT9
shreya ghoshal;Ponniyin Selvan Part-1 (Original Motion Picture Soundtrack);Ratchasa Maamaney;71;289942;26aOnndLckt8uAsk6odL5n
shreya ghoshal;Rab Ne Bana Di Jodi (Original);Tujh Mein Rab Dikhta Hai - Ii;63;101799;4Q3oEhpsDommo2naYhCpAl
shreya ghoshal;Kabir Singh;Yeh Aaina;62;311367;62RXe5I6L7n32fUMd8Puvo
shreya ghoshal;Goliyon Ki Raasleela Ram-Leela (Original Motion Picture Soundtrack);Nagada Sang Dhol;61;273256;5s9Kd33ExIhpe1JJSj5zLZ
shreya ghoshal;Singham;Saathiyaa;60;310924;1sNCUR5bUvFSQVDYEvsHCU
shreya ghoshal;Happy New Year;Manwa Laage;60;272082;3H43T5swYywvcdCBFiDgW6
shreya ghoshal;Rozana (From "Naam Shabana");Rozana;59;274201;1mYcukuz7uow0wc7DmPXHU
shreya ghoshal;Aashiqui 2;Sunn Raha Hai (Female);59;314700;2kRzgmBlmhvFvCEgMHltWz
shreya ghoshal;Zeher;Agar Tum Mil Jao;58;360437;23gpA0ZDwhkizbU0NMyMsW
shreya ghoshal;Boom Padi (From "Maja Ma");Boom Padi (From "Maja Ma");57;245674;737AP6EH4PvRzBNfBipaK2
shreya ghoshal;Achyutam Keshavam;Achyutam Keshavam;56;279754;4Y8MGq957LponDUCj4wBnV
shreya ghoshal;Gulabi - Lofi;Gulabi - Lofi;36;188400;0i20Mg4mcYjPfk3E3upbvs
shreya ghoshal;God Father (Hindi);Thaar Maar Thakkar Maar;20;267727;0GOb2YPtPEo9JcFYK77Uso
daniel robinson;Heat Waves (Acoustic);Heat Waves - Acoustic;56;193027;0QzY6rP7C8IWMnpEyuQmC6
daniel robinson;Here With Me (Acoustic);Here With Me - Acoustic;55;164478;0MY3K86lZ9HIat4oBi40dh
sasanomaly;空と虚;空と虚;56;221293;3Qy7j6GkdY3ycf3E7dxfpJ
sasanomaly;空と虚;空と虚;55;223846;1YvLvyEHEUv6xuablK3kpj
john martyn;Solid Air;Over The Hill;59;172440;4doNObRI4sHz3klm81tZmu
john martyn;Solid Air;The Man In The Station;52;172600;1qEG5O6bKeSnYcWLnjmQ37
kaho hung;污糟兒;污糟兒;57;225257;2W9MxlcyMWmeHgZNnCSosb
kaho hung;還原淚;還原淚;56;213969;4knMu3Cbg277Di6oEkpeRA
kaho hung;Learning Curve;及時行樂;55;234177;4co81zh3xm4y6ZcyLj4eTz
kaho hung;Learning Curve;主角光環;54;223627;3CsYuAe0Oi7t9w1jxWfHob
edan 呂爵安;一表人才;一表人才;56;259308;6zeblz6qaURo2JphS7XeFz
edan 呂爵安;E先生 連環不幸事件;E先生 連環不幸事件;55;268536;06sDxr7MbbwFyTP1f6rvvl
meynus;i don't like it, you're not the same;i don't like it, you're not the same;66;97685;6OXJL2HaygePLxP2ICvVh0
meynus;don't stay awake for too long;don't stay awake for too long;45;68444;5j7FeEzvAhUG8XbhzQk3i0
timaya;Cold Outside;Cold Outside;65;181224;2jZ2MrAk8iNZk1dsI0Vr5z
timaya;Chulo Vibes;The Mood;58;161684;6gHUiXF4BiJ9d7biTNmdKR
timaya;Chulo Vibes;Pull Up;53;196800;3qF8DcoQpQ1IXlMbTKHylP
timaya;Gratitude;Don Dada;46;208040;7gReWQ16Qs5gtAkytHEKB8
goldbird;Snow (Hey Oh);Snow (Hey Oh);59;164221;4dIZsI7RjIHeNgBJInhpli
goldbird;Paradise;Paradise;52;173658;6J6i2bms1Qfa4kKRZvmsMU
noyade;In My Mind;In My Mind;58;181565;4dvRowqJbGcM9LtMnTWYf2
noyade;Underwater;Underwater;53;188728;5fnndSCNEnRYozMDZr0gbU
snazzy;Upside Down;Upside Down;58;119500;3cx4qyjwX8Ji4SXKc7P5F6
snazzy;Coolin';Coolin';53;138791;1FqyrPWyT5kPxS77IGkPku
kendji girac;Mi Vida (Edition de Noël);Bebeto;64;205400;1fDFx7MpMpxNeHj0uQ4395
kendji girac;Barbecue;Andalouse;47;167373;36DQ8jmugcqNQPelDRTtKn
egypt central;Hunted;Hunted;60;173398;2o34ml66r7gmwmsIHcg6ym
egypt central;White Rabbit;White Rabbit;57;217786;4QhSscYz3TPLEwD6lMezvG
egypt central;Egypt Central;Over And Under;56;175053;6Lah64e21cUytn0QXfuOoF
egypt central;Over Soon;Over Soon;49;204831;1CQPeKZKKapI4BQPU5L1di
tanir;Да да да (Jarico Remix);Да да да - Jarico Remix;57;214329;7MAS0yiC3a4YX2gatvkEuK
tanir;Da Da Da (Remix by Mikis);Da Da Da - Remix by Mikis;54;183100;2u5Jh4U0GNJWDuafMQQygq
galneryus;ANGEL OF SALVATION;HUNTING FOR YOUR DREAM;57;324480;0jXK4Xy4LAEKFgRiTr3M7w
galneryus;TVアニメ「HUNTERxHUNTER」 キャラクターソング集 ~天空闘技場編~;HUNTING FOR YOUR DREAM (TVサイズ);54;80960;2aZrppfOAxTAGoTAQPBCf4
clonnex;MEDIV Luff N Sip;Ya Lyublyu;57;124226;3Hff4mCaUFKzrq05w78tEn
clonnex;MEDIV Luff N Sip;Dripoholic;54;121678;6CgFrA9qNPFMlnL40LQ8qJ
the masked pianoman;Tolerance;Tolerance;57;140844;28breCSDTKxrWa96iZBNlq
the masked pianoman;Arcticgrey;Arcticgrey;54;122466;0zhaw7PAf3Wofl1yANAOa0
kaaze;DREAMCHILD;I Should Have Walked Away;60;202153;6hlJtVICQWfF8u6z4lWxT1
kaaze;Sweet Mistake;Sweet Mistake;56;213164;5ZxQnpILGtZ0KwiKakA9lD
kaaze;The Evil Folk;The Evil Folk;54;157421;2Hdz3K7Nj21JyKdgtOvGIY
kaaze;Erase You;Erase You;52;209076;6js5FBs8LuYvcoPvqhf0fz
barlow & bear;The Unofficial Bridgerton Musical;Burn for You;56;173887;6lmke3XxJTBC2x2tT6gMo7
barlow & bear;The Unofficial Bridgerton Musical;If I Were a Man;55;178288;7dsxoeycurkfJpmV0Le5Oi
n i g h t s;Gemini / Heavy;Gemini;62;118615;0GPMU2U6hsNdbFEanwINat
n i g h t s;Basic;Basic;49;210000;14909dF5EB4hvURmptzGSB
danny romero;De Tranquilote;De Tranquilote;57;177208;1IDFcb3cjkj2dhv3UaxX9b
danny romero;El Hipo;El Hipo;54;171456;3CCPAxHcGuTL43u4U9euVo
avancada;A State Of Trance Episode 830;Xplode (ASOT 830);64;87269;4lFVJRzXwMf3GsNtu8uAUO
avancada;Xplode (Graham Bell & Yoel Lewis Remix);Xplode - Graham Bell & Yoel Lewis Remix;47;139523;4jui0fclpOBF9zf0CuuwNU
vibie;Saibo (Lofi Flip);Saibo - Lofi Flip;72;146646;1E16f7KcZmuXuhlenRwA2m
vibie;Ranjha (Lofi Flip);Ranjha - Lofi Flip;61;201600;7vwTvVDpsONocB0zr8ShtJ
vibie;Hawayein (Lofi Flip);Hawayein - Lofi Flip;58;313040;5w1MhmSc5S5iHnhy4s3fFb
vibie;Shayad (Lofi Flip);Shayad - Lofi Flip;58;208000;0s8Ht3XaHDQuDjLnK3xVMW
vibie;Teri Ore (Lo-Fi Flip);Teri Ore (Lo-Fi Flip);56;243000;05R5NzVM92huBXaszuXSZH
vibie;Kabhii Tumhhe (Lofi Flip);Kabhii Tumhhe - Lofi Flip;54;217400;1Bd027R0spghop0PUwgjyN
vibie;Kesariya (Lofi Flip);Kesariya - Lofi Flip;53;240157;7nsjBUVRQTUEvCReXAtVPi
vibie;Raataan Lambiyan (Lofi Flip);Raataan Lambiyan - Lofi Flip;51;230360;47GoImoZiTI32p1t4H4b7h
vibie;In Dino (Lofi Flip);In Dino - Lofi Flip;50;273880;5Hl7XgfwAbZhynTEBNKro7
vibie;Ishq Bulaava (Lofi Flip);Ishq Bulaava - Lofi Flip;50;195120;38UEwTs8MCrxuQISFdmNbb
vibie;Doobey (Lofi Flip);Doobey - Lofi Flip;47;231240;6URZh0L8qZ3v7q5EzPFE7A
grouper;Inca Ore / Grouper;Poison Tree;69;196893;6Q5uDNuuFYa8ToL3CCoHPC
grouper;The Man Who Died in His Boat;Living Room;54;142120;1nJV1JGWf61WRJy851LO34
grouper;A I A: Alien Observer;Alien Observer;53;236480;35VfLKymw2iZKWnLTvm8Xv
grouper;Dragging a Dead Deer Up a Hill;Heavy Water/I'd Rather Be Sleeping;53;173026;6IUwiHsyKAZtfBy37Wu4ij
grouper;Paradise Valley;Headache;48;304460;4EDj8GXOlI45vG4SOfswK3
triomphe;Vapor;Vapor;58;126545;2Mt60ByiUEt1CEoMG6vdTo
triomphe;Place de l'étoile;Place de l'étoile;56;189473;74zddYeCEHW8ORcr4t1O8K
triomphe;Give Me The Sun;Give Me The Sun;55;133333;1zumjd8Hp0GIu3g14g8xx0
triomphe;Scintilla;Scintilla;54;192000;362PVrKFsGk1rzV4WpBj4H
triomphe;Patience;Patience;54;128727;5D5ozxcof41qi9V6ypcAJ8
puddle of mudd;Come Clean;She Hates Me;72;216760;16DhvbuyvJob4Q9GHNYu2n
puddle of mudd;Come Clean;Blurry;65;303920;0FLBNqc5oAiTt4J2e3fe3y
puddle of mudd;Come Clean;Control;63;230066;575Sz3R4xOhueUstPObylF
puddle of mudd;Come Clean;Control - Acoustic Version;51;247920;325aNb4eh8HesYlrJmLSMX
puddle of mudd;Best Of;Away From Me;26;238573;2PcI5f8KWCnPD988CTK2Gz
the offspring;Rise And Fall, Rage And Grace;You're Gonna Go Far, Kid;81;177826;6TfBA04WJ3X1d1wXhaCFVT
the offspring;Americana;The Kids Aren't Alright;81;180160;4EchqUKQ3qAQuRNKmeIpnf
the offspring;Smash;Self Esteem;77;257826;1FkoVC85Ds3mFoK0fVqEqP
the offspring;Americana;Pretty Fly (For A White Guy);75;188666;3SFXsFpeGmBTtQvKiwYMDA
the offspring;Americana;Why Don't You Get A Job;74;172466;0sNKiz82ATCvT3f3XVVUUj
the offspring;Conspiracy Of One;Want You Bad;72;202573;6hwQ69v7VbPhTTR2fOtYX7
the offspring;Alt Throwback;Pretty Fly (For A White Guy);36;188480;5oayPLOM38NrQr8FzKa3os
the offspring;90's Music Grandi Successi;Why Don't You Get A Job;2;172466;2XtsxK4mneUrhNHTRs1ZVQ
the offspring;Alternative Christmas 2022;Christmas (Baby Please Come Home);0;187355;2vU6bm5hVF2idVknGzqyPL
taeko onuki;MIGNONNE (Mastered by Bernie Grundman);4:00A.M.;70;336960;0zoGVO4bQXG8U6ChKwNgeg
taeko onuki;SUNSHOWER;Tokai;52;310173;1SmwJJ8YVgiXtyE6elhUx1
taeko onuki;Words Bubble Up Like Soda Pop Original Soundtrack;YAMAZAKURA;44;291000;4ORzuXhQcJAtWaefOdns9P
chris malinchak;Saving My Love;Saving My Love;59;292667;3je1VcyoT3FEH6AbttouZj
chris malinchak;So Good To Me (Remixes);So Good to Me - Radio Edit;56;158677;4YYODVaWvNDvqsYiQtJJrM
chris malinchak;When The World Stops Turning (Quiet Mix);When The World Stops Turning - Quiet Mix;51;227520;1ek1kNO1a5EJCNIUvNs5XI
alex gaudino;Destination Calabria;Destination Calabria - Radio Edit;75;223111;5TmFTHZp7HjBXjjsFvCY6h
alex gaudino;Destination Calabria;Destination Calabria - UK Radio Edit;60;181946;7pGboneNRAZ5zwT7M3WayC
alex gaudino;Ultra 2021;Remember Me;31;229636;4oRz8gRnLhB92Y9pY8tR19
alpha wolf;A Quiet Place to Die;Akudama;58;157411;3coeo9H305LiuDbXXn9ANe
alpha wolf;A Quiet Place to Die;A Quiet Place to Die;57;147227;0qW7uuJfh6tuDocaamHi0I
alpha wolf;The Lost & The Longing;60cm Of Steel;51;210939;4USWAxwVE2dEbfotjAFYMU
raspy;Strawberry Blonde;Strawberry Blonde;57;180304;49C9gniR8HDECH8CCButxN
raspy;meadow;meadow;55;162540;3AlVajn3U2MEuTeh4Z26vK
raspy;roxstar;roxstar;54;150883;0o2Jngx6YVivDjE6RqqFlF
wizkid;Made In Lagos;Essence (feat. Tems);75;248040;5FG7Tl93LdH117jEKYl3Cm
wizkid;Bad To Me;Bad To Me;73;176850;2pUlBBWq8R10ylbBvZJV9j
wizkid;Essence (feat. Justin Bieber & Tems);Essence (feat. Justin Bieber & Tems);68;263288;1mSdbey7RstGLY2udgXv74
wizkid;Made In Lagos: Deluxe Edition;Mood (feat. BNXN);68;209760;6jdTkoEaer7XNGSblczoSu
wizkid;Made In Lagos;Ginger (feat. Burna Boy);67;196146;51mLQ3w7yR7vjdSTFLWaY5
wizkid;Joro;Joro;66;262736;3Yt1ovsh3v3VEzRuhI1TL5
wizkid;Made In Lagos: Deluxe Edition;Essence (feat. Justin Bieber & Tems);64;263293;1MZtr7IH5qtjIkqrXj8WOJ
wizkid;Sounds From The Other Side;Come Closer (feat. Drake);62;211293;2zYs4BonN2ydkbrRk333SN
wizkid;Made In Lagos;True Love (feat. Tay Iwar & Projexx);62;247333;4204hwPYuToiuSunPFUoML
wizkid;Made In Lagos;Blessed (feat. Damian Marley);61;262973;3QO1m6i0nsrp8aOnapvbkx
wizkid;Ayo;Ojuelegba;59;216242;1AtBzcUzKLh4BGwXhFA9K6
wizkid;Made In Lagos;No Stress;57;202640;5C3vZiMOn2KHMbNQOhL6oQ
wizkid;Fever;Fever;56;252244;5mN3xSyvCmFy1jkdA98IfS
wizkid;Made In Lagos: Deluxe Edition;Anoti;55;181360;60lUecrFeE2t6QMJ1Nmsve
wizkid;Made In Lagos;Longtime (feat. Skepta);55;239893;1JiR4RJaZlbZ5b3HG8jkeL
wizkid;Made In Lagos: Deluxe Edition;Steady;55;203026;6mAdcIFP25eb37HjkzglSh
wizkid;Ghetto Love;Ghetto Love;54;198367;4lzkcjVC7xT3HBIg2PjJ30
wizkid;Superstar;Love My Baby;40;246828;7xdHQUxVj0aOAvUOGLCYj3
wizkid;CruiseControl: How I Met The Biggest Bird (DJ Mix);Ghetto Love (Mixed);5;163000;2SII0YNH46x3Jhe0jWCrJP
wizkid;CruiseControl: How I Met The Biggest Bird (DJ Mix);No Stress (Mixed);4;116000;5vz3pqOuNBG4hXFZzrkkMx
tchami;The Calling;The Calling;64;197760;4ANmPUsA3LAvOSP8xen6Vt
tchami;Year Zero;Praise (feat. Gunna);60;210000;5cz0T1Q8AmpY18TDLAe2ja
tchami;Eternity (feat. Lena Leon);Eternity (feat. Lena Leon);59;217258;7DDIVNWlbGJpQjVDDg8rXR
tchami;Promesses;Promesses - Radio Edit;59;159572;75usYC3ytzfttweGDXKMdE
tchami;Adieu;Adieu;58;413333;62OQBLpD3TmkqbtTPqqdRt
tchami;Praise (feat. Gunna);Praise (feat. Gunna);55;210000;6VfKN3j3Cqb7nMWZPIX3bJ
tchami;Aurra / Shades;Shades;54;218000;6U0GYSiAsb9bYvuOzQJLoq
tchami;After Life (feat. Stacy Barthe);After Life (feat. Stacy Barthe);52;293333;3dhPpCQvw3kn7so6mkTbJ3
tchami;Year Zero;All On Me (feat. Zhu);49;249836;5ad6HGAiatmKHXMI0OSodk
tchami;Untrue;Untrue;43;250413;4Dp3yrEK6dQzr9oM2UtZgR
ichiko aoba;Asleep Among Endives;Asleep Among Endives;58;306243;7AKxbxzkxm2ERWrd1ggniO
ichiko aoba;amuletum bouquet;bouquet;56;256361;3V0NxWbbUTa3BUAnchm11i
ichiko aoba;マホロボシヤ;太陽さん;55;144653;1yycinn2WICj4UKGQ9xPjD
ichiko aoba;0;いきのこり●ぼくら;52;406103;6ad7bQ48TlqAgebCExUJVe
kino;Звезда по имени Солнце;Звезда по имени Солнце;56;225666;4g87T7h8coshsA1zJjFFbG
kino;Последний герой;Группа крови;56;235107;0qlCTm0U6Jcgx29HEYIXrg
kino;Звезда по имени Солнце;Пачка сигарет;55;266017;7nzMU6ive8Zpv6Puqid46W
kino;Последний герой;Хочу перемен;54;292606;3uTMwljOgDz2s6oXrM1BQO
buray;Senin Yüzünden;Senin Yüzünden;62;173250;2xIC5DmTHaGBL83a9OUXM4
buray;Deli Kız;Deli Kız;58;195582;3rTnSsUS6gD2BDnMlPB2u8
buray;Çift Gökkuşağı (Ada Masalı Orijinal Dizi Müziği);Çift Gökkuşağı (Ada Masalı Orijinal Dizi Müziği);53;142470;23mm9aftN5GODdix3IY64M
buray;1 Şişe Aşk;İstersen;52;224373;1ISb4TsSeaPX3MfvqOj9YX
buray;Sahiden;Mecnun;51;200272;4K84p5DmcoUm3pp64qzkHY
sarcastic sounds;say goodbye;say goodbye;63;86749;6JdU7eaEl9fPAq0sEVNzGc
sarcastic sounds;I'm A Disappointment;Disappointment (feat. Rxseboy);62;142092;6Xoe3jKnSFKSzsQ8kdDT7I
sarcastic sounds;I Don't Sleep;I Don't Sleep;61;105142;0f0gfm6wHjhqrBMHBn9Ajr
sarcastic sounds;change ur mind;change ur mind;57;183451;58Mh6zmqSo9IvysPAXnG0h
sarcastic sounds;Disappointment (feat. Rxseboy);Disappointment (feat. Rxseboy);57;142092;4jU4Go8TPo3bkvRQSYbp8x
sarcastic sounds;Closure (feat. BIRDY and Mishaal);Closure (feat. BIRDY and Mishaal);55;183986;2gQqknpjQSpBwJOtvTOnqP
sarcastic sounds;I Can't Help;I Can't Help;52;77583;3TwgZ3wCKwObhP8qNkbLYR
sarcastic sounds;College Music Presents: Lift Off;Rain on Me;52;103374;424BvqWZGwElx31qh0B2jw
sarcastic sounds;1 Am. Study Session;Wish You Were Mine;52;121519;1BvSkVrXtnjTuyTR4Qa8be
sarcastic sounds;I'm A Disappointment;change ur mind;51;183451;68BrsbxdeKZcG9JcxOhlOR
sarcastic sounds;Come Back;Come Back;45;101052;1lYOu6AUCU7O5T8gl7aCCw
gashi;GASHI;Roses;60;169573;6qc5EODnUU7XX4zn8B4c89
gashi;Creep On Me;Creep On Me;58;194777;1MUL6DO2gVimj2YrVedubd
gashi;GASHI;Creep On Me (feat. French Montana & DJ Snake);57;194777;4s1HdR4GZb9OQtfTq1avcq
gashi;Sleeping On My Left;Sleeping On My Left;56;156844;1IyD2Apaj1qmcIxzSjeTHl
gashi;GASHI;Safety (feat. DJ Snake);51;177780;26Sw3iKfNsX2i0OnKqKXNi
gashi;Roses;Roses;49;169573;07iVScUe08QYNdEvjsEEGc
creed;Weathered;One Last Breath;72;238240;42T2QQv3xgBlpQxaSP7lnK
creed;Weathered;My Sacrifice;71;294600;2VSbEXqs6NbNiZSTcHlIDR
creed;Human Clay;Higher;71;316733;1ZozJfi8u9cO2Ob8KwiwNT
creed;My Own Prison;My Own Prison;65;298800;5vRPXm59z8ewWO6WiJHg3m
creed;Human Clay;With Arms Wide Open - New Version With Strings;62;235266;0s8OMEGJQJIUr9VFwNEH1v
creed;Weathered;Don't Stop Dancing;61;272866;4FzrCRil9uGpGGsnnM0vkE
creed;Full Circle;Overcome;58;226826;25TQBBKOrtTfnH6QBM9He1
creed;My Own Prison;One;58;302533;35GwlKlVXgFCMF5uTp5r7P
creed;Human Clay;What If;58;318093;22bX2FwXSvG49G0bPWm5nc
creed;Father's Day 2020;With Arms Wide Open;56;278440;2cJDsHTLgDQvf5G73RCNX5
creed;My Own Prison;What's This Life For;56;248226;01z3wyn02forxUQHEDAa0R
creed;Full Circle;Rain;55;208240;2CIsr5cqDJeWffps0vtNeq
creed;Full Circle;On My Sleeve;55;254386;5rqV8nkm4TM1AtuByswVKa
creed;With Arms Wide Open: A Retrospective;With Arms Wide Open - Acoustic Version;55;234666;1BTMXVSnuRPRhsuReHDwKc
creed;Weathered;Weathered;55;330240;33P0xVFGIPfCB2ZBCTGTY9
creed;Full Circle;A Thousand Faces;51;294720;5NnYhHDo5BxDkAXEerswYD
creed;Full Circle;Away In Silence;45;280720;65ONOjGUh9A5mKtvu2JwQg
creed;Throwback Songs;With Arms Wide Open;43;278440;2YHIP0JrmNPJxwuUE45o7l
creed;Fishing Music;One Last Breath;1;239373;6fz1H1xvH7uUycVKUVUHwb
pink floyd;Wish You Were Here;Wish You Were Here;77;334743;6mFkJmJqdDVQ1REhVfGgd1
pink floyd;The Wall;Another Brick in the Wall, Pt. 2;76;238746;4gMgiXfqyzZLMhsksGmbQV
pink floyd;The Wall;Comfortably Numb;74;382296;5HNCy40Ni5BZJFw1TKzRsC
pink floyd;The Dark Side of the Moon;Money;73;382834;0vFOzaXqZHahrZp6enQwQb
pink floyd;The Dark Side of the Moon;Time;71;413947;3TO7bbrUKrOSPGRTB5MeCz
pink floyd;The Dark Side of the Moon;Breathe (In the Air);71;169534;2ctvdKmETyOzPb2GiJJT53
pink floyd;The Wall;Hey You;68;278440;7F02x6EKYIQV3VcTaTm7oN
pink floyd;Wish You Were Here;Shine On You Crazy Diamond (Pts. 1-5);67;811077;6pnwfWyaWjQiHCKTiZLItr
pink floyd;The Dark Side of the Moon;Brain Damage;66;226666;05uGBKRCuePsf43Hfm0JwX
pink floyd;Wish You Were Here;Have a Cigar;66;307733;3CmHvyZQQAGkKkTjTBFWN6
pink floyd;The Dark Side of the Moon;Us and Them;66;469224;1TKTiKp3zbNgrBH2IwSwIx
pink floyd;A Momentary Lapse of Reason;Learning to Fly;63;292080;3ieDOGcOqVxScs2VZBzidt
pink floyd;The Wall;Mother;63;334893;1GEOSS415bZVHNuXWlCT6b
pink floyd;The Wall;Young Lust;63;209956;3xGJuHvSxFJxxYlHj5BIoT
pink floyd;The Dark Side of the Moon;Eclipse;62;130427;1tDWVeCR9oWGX8d5J9rswk
pink floyd;Wish You Were Here;Welcome to the Machine;61;451680;5VWC7v2dC2K0SIIjT9WTLN
pink floyd;The Dark Side of the Moon;Any Colour You Like;61;206429;6FBPOJLxUZEair6x4kLDhf
pink floyd;The Dark Side of the Moon;On the Run;61;225384;73OIUNKRi2y24Cu9cOLrzM
pink floyd;Meddle;Fearless;60;367933;7AalBKBoLDR4UmRYRJpdbj
pink floyd;Animals;Dogs;60;1025280;2jvuMDqBK04WvCYYz5qjvG
pink floyd;The Wall;Goodbye Blue Sky;59;167239;0ESdtt9cjGZUkUbaubSrv2
pink floyd;Animals;Pigs (Three Different Ones);59;685880;0gEaeqVRHPzRc7HMXtOKc7
pink floyd;The Wall;The Happiest Days of Our Lives;59;110826;2O3l4X1yTua8oMMCtazkyo
pink floyd;The Division Bell;Coming Back to Life;58;379241;1bQ4zbP8Fo0qAePTSOfYji
pink floyd;A Foot in the Door: The Best of Pink Floyd;Wish You Were Here;58;305507;0GqGrPWhmiRX9BU93AYFOW
pink floyd;Wish You Were Here;Shine On You Crazy Diamond (Pts. 6-9);58;747325;21j1PsCiTaO8ZW88UZrh3A
pink floyd;Animals;Pigs on the Wing 1;58;84280;19tHmIQsRnebkyK09m2UXE
pink floyd;The Wall;In the Flesh?;58;198221;24YmWQgunJGAU8El3ndkyn
pink floyd;The Division Bell;High Hopes;57;510964;5a4MgIUSf9K8wXLSm6xPEx
pink floyd;Meddle;Echoes;57;1412451;7kriFJLY2KOhw5en9iI2jb
pink floyd;The Division Bell;What Do You Want from Me;57;261587;3Tsh9pjiJ5cvmuiZALdgVz
pink floyd;Animals;Sheep;57;619079;55e99bv2wlgTYtNEYHWtN1
pink floyd;Hey Hey Rise Up (feat. Andriy Khlyvnyuk of Boombox);Hey Hey Rise Up - feat. Andriy Khlyvnyuk of Boombox;56;206493;2ZUSWhE5jP7CvNItpLyZwA
pink floyd;The Division Bell;Marooned;56;330385;6bIPHR8AJG5HAcn9oF21Ma
pink floyd;The Wall;The Thin Ice;56;146321;62zuXt6X5B6YQOBNFV2eXG
pink floyd;The Wall;Another Brick in the Wall, Pt. 3;56;74411;5A7eooPKJHtr0UJmatjH4a
pink floyd;The Division Bell;Lost for Words;55;314960;4Ev1LZ4uzjnSvDHpgdyBZK
pink floyd;A Momentary Lapse of Reason;On the Turning Away;55;341666;7KA6U0WOHdGxWWLGPYN2Sb
pink floyd;Meddle;One of These Days;55;354613;6uU0Hu8oVk9gBihokcrDMH
pink floyd;The Wall;Is There Anybody Out There?;55;161595;5HAjss9faCAowGY8dM24r6
pink floyd;The Wall;One of My Turns;55;216800;66YHxyGAUGjMBDdrDlWIMD
pink floyd;The Division Bell;Poles Apart;54;423064;6uE9hF8fIb6shBXrrzA12U
pink floyd;Meddle;San Tropez;54;223066;3kbUFmLV5SHVQonfOpNgkd
pink floyd;Animals (2018 Remix);Pigs on the Wing 1 - 2018 Remix;54;84960;6EDNT1kMvZuCppLS0IJ3tc
pink floyd;The Wall;The Show Must Go On;54;96560;077OhUjy58qkjscrXjW696
pink floyd;The Wall;Nobody Home;54;203360;2gTnu5RZNVFVnWdjLnyUA5
pink floyd;The Wall;In the Flesh;54;255546;5OFi9CIyD6s1oENyHapK2W
pink floyd;The Final Cut;The Final Cut;53;282602;5y1Uc72BAKxaleTEXpcJJq
pink floyd;Obscured by Clouds;Wot's...Uh the Deal;53;309106;6zGFOp6rJZbYSp9DQO5AHY
pink floyd;Animals (2018 Remix);Dogs - 2018 Remix;53;1026853;1ABSzfyYSTmSrUx5NBxYaV
pink floyd;The Wall;Stop;53;30622;21L1dVOTGhvAKvBXXnTIHj
pink floyd;The Wall;Don't Leave Me Now;53;255934;3QEWEv1tvHmVgsT5THpGDn
pink floyd;Meddle;A Pillow of Winds;52;312893;7krbQbYq63hcwVMNW1R0tD
pink floyd;The Division Bell;Take It Back;52;372225;325toqbCzE1g1pYIED7U4C
pink floyd;Animals (2018 Remix);Pigs (Three Different Ones) - 2018 Remix;52;686640;37PW3wtNKS20b9gUicwqfb
pink floyd;The Wall;Vera;52;93356;7FCiDC7ojdm19CJePq6QAe
pink floyd;The Wall;The Trial;52;318846;1UMXtudajhlocMzXVSngDU
pink floyd;The Wall;Waiting for the Worms;52;237097;2DVkYfl2YuOMlRfC98srEG
pink floyd;Pulse (Live);Shine On You Crazy Diamond (Pts. 1-5, 7) - Live;51;816733;1dBubDq1rKvxmPAWN2dXmC
pink floyd;The Wall;Bring the Boys Back Home;51;87207;4TUStFzBGQqn0GrkzVWFV4
pink floyd;The Division Bell;Wearing the Inside Out;50;409255;2GoeLsETNdx8lRoWW2aeNj
pink floyd;The Division Bell;Keep Talking;50;370666;0vI64OhYqTo6KYswDlx0yT
pink floyd;Animals (2018 Remix);Sheep - 2018 Remix;50;617466;5Y09vbg5vzqoXFPrVvimbS
pink floyd;Animals;Pigs on the Wing 2;50;86696;1OzTJHmUMMYPQpMLxZYHlU
pink floyd;A Momentary Lapse of Reason;Sorrow;49;524753;0u90NnJ2p3Q2MIP9IaAsg5
pink floyd;Pulse (Live);Comfortably Numb - Live;49;570560;7ajPDMxJkj2UCCGE2tnC9u
pink floyd;The Piper at the Gates of Dawn;Astronomy Domine;49;251278;3Y8gNcoJu1uJ5L1BZuGvqB
pink floyd;The Division Bell;A Great Day for Freedom;49;256986;2dxfyqdrI8XVOT3H1YcOsU
pink floyd;The Piper at the Gates of Dawn;Interstellar Overdrive;48;580715;3xyTufSSGLP3oZnomceAVW
pink floyd;Atom Heart Mother;Summer '68;48;328960;5MZALWjwQRX0RsZt31HlNP
pink floyd;The Final Cut;Two Suns in the Sunset;47;315444;3KvKMHMlRj30a7IjHXQVzu
pink floyd;Relics;See Emily Play;47;173800;1YZuigG1YcdgbfD7XJoCU5
pink floyd;Obscured by Clouds;Childhood's End;47;273386;4fnJmewCdmTfErfSYSysyM
pink floyd;More;Green Is the Colour;46;178906;7DDvRmOSP2Yx28CfL6W7aw
pink floyd;A Saucerful of Secrets;Let There Be More Light;46;336727;5xUz3xvyPPrNfnBrh9IOZa
pink floyd;Pulse (Live);Coming Back to Life - Live;46;417413;6JTYg0H6jvDMtpnP11NpE0
pink floyd;The Final Cut;The Gunner's Dream;46;318239;1057KuzIH4fWCyI5Gb5kX2
pink floyd;Pulse (Live);Another Brick in the Wall, (Pt. 2) - Live;46;416293;4IAY70cIvZx9Btx9XB5XPX
pink floyd;Pulse (Live);Hey You - Live;46;278893;0Uy1VmHJOqQlEkSyYfs5mO
pink floyd;Atom Heart Mother;If;45;270773;63brgJhrcNFW8ncUhM1mhG
pink floyd;Relics;Arnold Layne;45;176866;2Dsy7Ls7OuvG1fpjrKI5AE
pink floyd;Pulse (Live);High Hopes - Live;45;474066;1cy4FxrVbTfYRMlAF0n6LX
pink floyd;Atom Heart Mother;Fat Old Sun;44;323733;5qlckstqDQ2RskL0SJsDYx
pink floyd;A Foot in the Door: The Best of Pink Floyd;Eclipse;42;111631;0qeWe2cEpQ7OeBXEJhtb6H
pink floyd;Hey Hey Rise Up (feat. Andriy Khlyvnyuk of Boombox);A Great Day For Freedom 2022;42;247506;08ZP6LzduiKEURYbNex8SH
pink floyd;Relics;Julia Dream;40;157333;4MPkQ1BppSZR0PnZ5HWL0i
susie suh;Here with Me;Here with Me;55;238971;6IF2P93LkyW4GqDQu1yS7H
ivan & alyosha;The Worth Of The Wait;The Worth Of The Wait;55;171800;4ngv7whSPSAwD8ZP3zMHsd
plamina;Someone You Loved (Acoustic);Someone You Loved - Acoustic;55;169253;3Mq1SOKwAPYgE0ZtPzvWZZ
clementine duo;2U (Acoustic Version);2U - Acoustic Version;56;208102;1jUyxF7NmNXGlZQDVw40O8
clementine duo;There She Goes;There She Goes;54;145514;4khjcb6Mpegp1N596VVyf6
william fitzsimmons;Acoustic Sessions;Fortune - Acoustic;55;228013;2M1bgJpUPjfKhHLIIfzGtX
future royalty;The Best;The Best;55;226478;3N1McBmL4FxqiHSfKAB413
aukai;Aukai;Alto Paraíso;55;146322;4rYMgi9PpmYY7pfgx4EahN
leon vynehall;Nothing Is Still;Movements (Chapter III);55;231640;1OD2YXIOmfYmBAYfV1maRV
majiko;Contrast;Kokoronashi;62;273583;1FXrYwvWwjmbw8cqFC1OWz
majiko;命に嫌われている。;命に嫌われている。;61;274586;2lXu7SNGIKHJ8EV2EetYFa
majiko;Contrast;Irony;53;244444;5w65rfJaQDOQ0iAhOuQqiv
majiko;アイロニ;アイロニ;44;246906;1OA144pXkdPDAdp8nm14Pk
スピラ・スピカ;燦々デイズ;燦々デイズ;55;232013;4CebKGVZUJw18tnDzsjv2d
kupla;Life Forms;Those Were the Days;59;180237;5yY0HgXMNRB59E1ckLcn0t
kupla;Kingdom in Blue;Kingdom in Blue;58;201154;5DH2fDXOtzJEGzWRS57wlE
kupla;Melody Mountain;Lavender;54;154817;2eBuez59MU3mSXwamfYueg
kupla;Kingdom in Blue;Roots;54;138947;4ivra3rs51WBdEdlrnjwXb
kupla;Owls and Pinecones;Alone in the World;50;137764;5GrVyPPaSy9OksTkFOpdns
ヴィヴィ(vo.八木海莉);Sing My Pleasure;Sing My Pleasure;55;289274;6wOazYrDGLhMAhwU6RArlg
jon-yakitory;AntiSystem's;AntiSystem's;55;211683;3ixFouonAtRdwg4FiVN9z9
jon-yakitory;Rasen;Rasen;55;231247;5SGesS47gTWra708Z5LhVe
capcom sound team;デビル メイ クライ 3 オリジナル・サウンドトラック;"DEVILS NEVER CRY"(スタッフロール);55;319906;3ozivYJGJGq6TSzdy8m64X
the jon spencer blues explosion;Orange;Bellbottoms;55;317986;6NJQpFNkDCMaRBogIi9sOI
blues saraceno;Dark Country 4;The River;55;215699;1kmbMgdH81XirPnEuGQ2by
fantastic negrito;Arcane League of Legends (Soundtrack from the Animated Series);When Everything Went Wrong (from the series Arcane League of Legends);55;193095;6YCW1g7XwaDZX7sUSM8LWq
the jeff healey band;Hell To Pay;While My Guitar Gently Weeps;55;315666;1T94tcUfe2X74nriMCAWQa
davi sacer;Foi Deus;Foi Deus;55;453941;47zHQVLf1JANzOYVX2bsVB
hawk.;Beggin' (Remix);Beggin' - Remix;55;140947;6Q2Lb0R6siWVAF6DFvLXRF
volac;In A Club;In A Club;55;180880;3LUSxUzJ7wD8N0SeVRLkcR
george ogilvie;October;October;55;307401;48EbR611N6JyaJtzM3M63U
the seekers;The Seekers;I'll Never Find Another You;55;162320;1sQ5WUWw3JrsSEhdiQlfRt
peter sarstedt;The Lost Album;Where Do You Go To (My Lovely) - Re-Recorded;56;287720;6M665tf7ZKQzUFA5yOrUE4
peter sarstedt;Playlist: The Best Of Peter Sarstedt;Where Do You Go To (My Lovely);54;284706;2AvMA7gOOhQpDDUjBs89ap
beowülf;savior;savior;63;110943;15Br2J1kEKCNXCuDtxtfFf
beowülf;Is It Too Late for Me;Is It Too Late for Me;54;117263;2OdbtJsj3h2u3gbXi0RA9n
beowülf;Lose A Friend;Lose A Friend;48;202605;1sMjYDNFpNoPjNH2ifBvuA
william singe;Love You Like Me;Love You Like Me;61;218614;7bevK9DJVy1a16426t2WQ1
william singe;Stiches;Stiches;49;113142;3R9i4jbxzjlo7t8nToxIIN
elijah gonzales;Trust Nobody;Trust Nobody;55;166217;5SJ7wxV5pDvhxs4xjgb2cW
swum;With U;With U;55;218666;0rNpm25xLsckCS9JPAgpwP
miso;Take Me;Take Me;55;257647;7tIJDktakabGoHjwTTa35W
marc wavy;Daydreaming;Daydreaming;55;175495;3gXS1kwhHCpIm6KjpoXWSr
wänderlost;Take Me;Take Me;55;136800;7q6WQDxck4kIeoACgtV2Gs
val;Sad Tape;Something Isn't Right With Us;55;151586;6k2lncPAlexjCzZbsLG1Cn
presence;Just Hold On;Just Hold On;58;203307;4KfjBdFvwtzwROuZiQaHjj
presence;Dear Depression,;Dear Depression,;57;139285;30k0wGukDZlauyrRU4hTc2
presence;We Did Not Make Sense;We Did Not Make Sense;55;188541;5WPbkilyXspX1yiKAiR1oO
presence;Text You Back;Text You Back;50;183000;66OgLLSL9JMGKDkz9rsSk0
valerio castilla;Savoca;Guarisci il mio Cuore;55;189250;7EaZOfcQgKj53K2FPKWpIk
knowmadic;Course;Course;55;138947;0fIBKQo4M0BNrTzgbfwYiH
hoody;Departure;Adios;55;200568;3T4s8KFP2SGW7hfmbcICsv
s n u g;Rainy Nights;Back Then;55;127200;3nic2HyQ0wsLb6IUFWiWu9
protoje;Ten Cane Row (feat. Jorja Smith);Ten Cane Row (feat. Jorja Smith);59;209586;1ObD1mQ91u4yBK46EYNCgl
protoje;Ancient Future;Who Knows;58;208466;43CAMHDrAVA3nJP2zgKJDI
protoje;The Seven Year Itch;Rasta Love Feat. Ky-Mani Marley;58;185312;0cSkIGgh1uICEIcmEb1niw
protoje;In Search Of Lost Time;Switch It Up (feat. Koffee);53;234920;5RPuPEZ0HiXPTnzwqfJMa8
protoje;A Vibe (feat. Wiz Khalifa);A Vibe (feat. Wiz Khalifa);47;163853;6gkepFIH72ZdSIAjtvS7ZV
skales;Man Of The Year;Shake Body;55;208933;4btYeVhPo0QIbUxySZGjba
sean tizzle;Pempe;Pempe;55;177998;5OHms4UOISfeoILcr9AGHi
dallerium;How Do I Sleep Now;How Do I Sleep Now;57;194362;3EtXo9cEurLpblcdWHuBjT
dallerium;Still Love You;Still Love You;53;178793;5H1tp2k7Ck2KPBE8t4zOO1
mandelbarth;Palmtree;Palmtree;55;180468;2gX2FiUB04ZercNnKcuwy9
mandelbarth;Palmtree;Palmtree - Balduin Remix;55;212000;2TI5o3Xzyv9QG4zKwL1XUc
vall;Let You Go;Let You Go;55;159571;7bIdwhf97APQig4oW2Jtgw
westend;Get This Party Started;Get This Party Started;57;160000;3HybwTm4C1n07gqg85f8qt
westend;Moderation (At Night);Moderation (At Night);53;174720;7kyiBfD6aY6qsfLd0Hja3w
totally enormous extinct dinosaurs;When the Lights Go;Be with You;55;247327;2ECjeYPCdRNeuCzO0W1UMW
roger sanchez;Another Chance;Another Chance;55;254130;2zJ5nuyOQi4jBvToG3HHys
adam mitchell;Beauty and the Beast (Original Motion Picture Soundtrack/Deluxe Edition);Days In The Sun;55;160349;2ppkGKabWsSgNV4fvOldQb
cookie monsta;I'm Delighted;I'm Delighted;55;339200;3N6B80cmfOnaQGG7KWppyb
bunny wailer;Blackheart Man;Dream Land;56;166773;7vp89zcbYncoBCbX5HA3tZ
bunny wailer;Blackheart Man;Fighting Against Conviction;54;310706;5MKYnizdhDDik45mEncVXu
champagne drip;Me and You;Me and You;56;226285;707qqokrSYnzJO5FoGIvFL
champagne drip;Starman;Kaleidoscope (Feat. Crystalline);54;211875;10dLRZ7GCIXEuUuONkNcxI
o.b.f;Sixteen Tons Of Pressure - EP;Sixteen Tons Of Pressure;55;235796;6Mha74njfuUnT0ArwCu8NU
sense;Moved On;Moved On;55;129778;1rBXCmKIMcq1bRIsXpq2Qk
axel johansson;Next To Me (feat. Tina Stachowiak);Next To Me (feat. Tina Stachowiak);55;179500;0jvqmWRCyv7xnxqrtinbHJ
axel johansson;The River;The River;55;212210;5sAcIjfZmNEgbseZ1Bpmom
jpb;High;High (feat. Aleesia);55;148800;3Bin1J5O34OUDb3a4BctoI
jim yosef;Linked;Linked;55;223218;7yfhESjiagb2x1WEWlgpbb
carnage;Mase in '97;Mase in '97;60;100008;7j6OJzMIJL5JcFHyeSJZGV
carnage;Xan Man;Xan Man;53;103115;7d2RGPmshGxHGhrBxhMND9
carnage;PSY or DIE;PSY or DIE;52;187093;0y3VbJU7mDnaUboUrVj1I4
joyryde;BRAVE;DAMN - Bonus Track;55;220839;3sGJmCUfZKbbjtZ24eaepn
french 79;Olympic;Diamond Veins (feat. Sarah Rebecca);61;240120;5G0oVoL309pqsvGDzhMOwx
french 79;Joshua;Hometown;55;202107;47x1Gh7yk5mblUWxWRdtjH
french 79;Diamond Veins (Remixes);Diamond Veins (feat. Sarah Rebecca) - Kid Francescoli Remix;55;240000;4TVXQID05mAuTOiWdCPGXW
french 79;FOIX;FOIX;49;245945;7FbMYA708SVxzWp92OUNXz
sofia kourtesis;By Your Side;By Your Side;55;367362;69uPNh3b6VKdMZMbIKYQ1l
taska black;Too Small For The World;Too Small For The World;55;177898;2lHYvU950JRFgn09g31V01
tourist;We Stayed Up All Night;We Stayed Up All Night;55;265758;7eSWgAlmLPXbGxgH3RNoWh
viken arman;Willow;Close - Your Eyes;55;160500;47bR2GFCDsLlbX8NYbLx9U
fella;Dream of Us;Dream of Us;55;138239;1hx8aP2GJPmNk6DpkxXaTD
trick james;Nightmare Hills;Suicide Letter 2;55;177606;31tqdc6hO91Byv18aRLhNE
moose blood;I'll Keep You In Mind, From Time to Time;Cherry;55;159711;2HQY0sXTrBJCuxqJxbeMWB
landon cube;Pretty;Pretty;55;191440;3Z9vR8JrHFyyjB0JoHzx6p
yury pressão;De Geração Pra Geração;A Rosa E O Beija Flor;55;198893;2RBbmWxVFohcBT63gEbbey
seth xvi;Your Taste;Your Taste;55;202966;1uTfgYieZbJ2qZ2v2ICndT
prigida;Early Thoughts;Pillow Thoughts;57;144000;2Hp3OqegIMtyAMH9UXlG6U
prigida;Jelly;Jelly;56;163255;1SJR3tlgtFEGdzNrBHhHU2
prigida;Early Thoughts;Our House;55;156000;5l3Grgdq66KpZAopeBHF01
prigida;Last Time;Last Time;55;133565;2h4wIFtj26OnX7aW1zmest
prigida;Passage;Passage;55;130188;3Q8CwfdyDIjHdlItATIxLt
prigida;Polly;Polly;52;82250;3n6a0UdtMgOvtJRR4zlAwS
jumo;Dérive;Ville;55;132000;6yGAgWa1aMglog9hnFyyM7
h magnum;Bansky;Goudou;55;139426;49hAL0xPGPpjnshjQA22tq
drics;Won't Fall;Won't Fall;55;190260;6qSeyDQjR9cBtopcSS626e
mellow fellow;Dancing;Dancing;56;282671;57asCheDC0X1S9QnyTsmOQ
mellow fellow;How Was Your Day?;How Was Your Day?;54;188786;2E01rRrzaz6TuwCdm27m4m
tommy james & the shondells;Anthology;Crimson & Clover;58;209640;0I4yYE831a8SW8QIx6bz4x
tommy james & the shondells;Crimson & Clover;Crystal Blue Persuasion;55;242320;0aD8W0ChzDgEKpB1zsJ8zv
tommy james & the shondells;Anthology;Draggin' the Line;52;165866;5KcWjNtUm8gnNEMsfAYxlt
hether;Shy;Shy;55;201697;3TFNxpIwIzMi3jsMRy9GVZ
sugar candy mountain;666;Windows;55;192027;4gX8uV7Cx0VYsw1nPaL2qC
default;One Thing Remains;It Only Hurts;55;222706;1k0FCgVwb1jZR57ESOWUVa
mad season;Above (Deluxe Edition);River of Deceit;57;302906;5EUsI3LIV042IV5ydksV9y
mad season;Above (Deluxe Edition);Wake Up;53;456026;5xhQOnyRJfRywbEwpkgoTy
faster pussycat;Wake Me When It's Over;House of Pain;55;344613;46Qy1xAr2K7rylRYwdQ6Gw
aman;Akela Hoon;Akela Hoon;55;224600;7pWAX5kJBULFTDNiH8oB42
bayka;1Uptown;1Uptown;55;137160;0wi1ky0zqwG8195E4omWui
brian the sun;パトスとエートス;HEROES;55;181360;32CwLhZJBa6C5Q0bJe0Q47
frederic;oddloop;Oddloop;57;255293;5hQll2t2rfpVARhVjDVOYJ
frederic;TOGENKYO;Kanashii Ureshii;53;285761;6TT5vTinGLuUQcepMyZ21G
dave matthews band;Crash;Crash into Me;55;316466;77pOyJP8PK4XoUr80TqJjr
lester young;The Complete Aladdin Recordings Of Lester Young;These Foolish Things - Remastered 1995;55;190933;7AHF3V7qRPhZV7gzJLZ3CL
suran;Strong Woman Do Bong Soon, Pt. 2 (Original Television Soundtrack);Heartbeat;55;232653;3Mz7i60GsWWLRyDeAIuCZA
millonario;Trap y No Llores;Llegan Ya;55;191160;1xwhDD7Ksuzs4bxVNCyYsX
唐貓 sugarcat;唐貓SUGARCAT;Lonely;55;182307;5WNwfAXkEE9FXpvdq7PSDs
菲道尔;A Letter;阿拉斯加海湾;55;246000;6VYs9NInduwKl1TBLfeSdy
trivium;The Sin and the Sentence;The Heart from Your Hate;61;243853;5yDJpu0xh0d1w13gXaE3lS
trivium;In Waves (Special Edition);In Waves;60;302466;1yYr4D1KjhhyDD5bZIiFQy
trivium;Vengeance Falls (Special Edition);Strife;58;269266;15zUfY9L1p7bN9JsgaTAP0
trivium;What The Dead Men Say;Catastrophist;55;388035;3fnqNxjN7o0tJe7zOQZV68
trivium;The Sin and the Sentence;The Sin and the Sentence;54;349869;6156ZPGcezId0Bmw7x7c7K
trivium;Ascendancy;Dying in Your Arms;53;173160;2nuA1esWzYEgnfQ4DpsSsm
trivium;In The Court Of The Dragon;Feast Of Fire;53;258837;1c7kZbuNixEsCMbU3MZFpy
trivium;Ascendancy (Special Edition);Master of Puppets;51;489960;0P5D7ji9AJi85bEdQhq50a
trivium;Silence in the Snow;Until the World Goes Cold;50;321161;0ncHMpFGT96pis5pi4iJDm
as i lay dying;Shaped by Fire;My Own Grave;60;253317;0CcqWuAEJC93K8cBMbAjgI
as i lay dying;Shaped by Fire;Blinded;59;202158;2HdjEa5BP2VACt1velDTIk
as i lay dying;An Ocean Between Us;Nothing Left;56;223653;2zy79BntQ1kumEUeqM5O84
as i lay dying;An Ocean Between Us;The Sound Of Truth;54;260786;7lYrz70DntWR7o8Sqfz0Ok
as i lay dying;Shadows Are Security;Through Struggle;54;238173;0fmwyv8VP8Jh71e87oCHv1
as i lay dying;Shaped By Fire (Deluxe Version);Roots Below;53;215373;3MmZ9YFi1vmrblW1AjoFRF
as i lay dying;The Powerless Rise;Parallels;49;297426;50mHTNxev0bSYQhuAASe17
dream on dreamer;It Comes and Goes;Runaway;55;218803;1etHDrmg3sdSfOpSVMw0G4
demon hunter;HEAVEN DON'T CRY;HEAVEN DON'T CRY;55;265706;1Jo1KIp5rigqKayHmce0Lz
landmvrks;Lost in the Waves (The Complete Edition);Suffocate;55;198881;3BzrV9GCvaCr4m7N2FvNvK
landmvrks;Lost in the Waves;Lost in a Wave;55;224929;6Hye4TXeYUXzU0tWofYdhC
future palace;Run;Dead Inside;55;204040;4hZIolup6cgYhrzzGq46aq
le shuuk;Goodbye (feat. Xillions);Goodbye (feat. Xillions);55;155492;0ncgj6yTGzZ4GwX2dbXAKE
alida sørby;Det skal nok gå;Det skal nok gå;55;123000;6i17OjR0ZQYh5RkHexzDMR
biba dupont;Longest days;Longest days;60;165898;1fyoUmAZLx9tLmXA99Uxs4
biba dupont;Shared Shelter;Shared Shelter;60;161723;2gtgt4HljfLVdXRMPG9QiA
biba dupont;Home full of solipsism;Home full of solipsism;56;177882;0i5RkqFU2XfihIcxTxG3h1
biba dupont;Loopholes;Loopholes;44;170889;3AbK2ut769qCyhdAox3QVQ
dominique marais;Ellipses;Ellipses;59;151251;28GCsymrcDUXXLC12nkhp3
dominique marais;Mondegreen;Mondegreen;51;144846;6BKGokQ3PKLFqBlCBjCy8J
lihua zhao;The Far West;The Far West;58;171000;3nI7ooi7HA8oRVSgCKvcE7
lihua zhao;Heartland;Heartland;52;208500;0M3DaTZsuttjClg5VG8exA
love falk;A Whole New World;A Whole New World;57;235342;3ejZDyN8cOcVtK9P8VHfXn
love falk;Someone You Loved;Someone You Loved;56;185845;00utEhrTFR6V4HEuLh2ncI
love falk;Memories;Memories;52;215874;6EEFUnAypbEwE4GgYD6b6U
jean devoite;A Quiet Triumph;A Quiet Triumph;55;124175;6z80w3KsiHTJioRQYGlPDx
alvize fantacone;Fiore;Fiore;55;175284;6DRCugEZcKbSOK9OT5cNvM
sorrel hauer;Contemplation;Contemplation;55;184240;04QMzMxrwND0Tkh3Na0K6K
tomas lee;Every Breath You Take;Every Breath You Take;55;227858;3qLlQ4RLl3B8PaEdIG6H0d
chantal kreviazuk;What If It All Means Something;Feels Like Home;55;279866;7p8vwbbf9sMQbrdQrsmTlI
swarnalatha;Captain Prabhakaran (Original Motion Picture Soundtrack);Aattama Therottama;55;314514;6B8UmdUMhZyyAJKTYibavN
dyro;Memory Bank;Memory Bank;55;159788;43aktSsHN3Pgu0dzw3BS5W
matisyahu;Light;One Day;55;207573;5JlqbEj7Bbh2RdZgcO5kJE
clarence "frogman" henry;Ain't Got No Home: The Best Of Clarence "Frogman" Henry (Reissue);(I Don't Know Why) But I Do;55;141200;1a9EyBydOYhE7SGSodUIjP
bramane;Pastlives;Pastlives;60;204732;3bzgUqMZShKYULCSTDKE3x
bramane;I Won't Wake up This Time;I Won't Wake up This Time (Freaks);56;193044;6ewXjgNwJy2Dhc4mvVMbfj
bramane;death bed (coffee for your head);death bed (coffee for your head) - lofi slowed;49;127716;7B4DrUkxzPKH5hg4f6W98a
xuitcasecity;Misunderstood;Misunderstood;62;227796;4zp8noasnK5XNuNojkVhiy
xuitcasecity;INDXGO;Need Somebody;57;188219;3q2yXpMGvit2zgBYzKE3Zt
xuitcasecity;Need Somebody (Acoustic);Need Somebody (Acoustic);54;192333;5wvtHXLPdNrLBNIta50PeV
xuitcasecity;Out of Order;Crash;52;132500;5YLBkEgpKzkPJOu2JZd2Xo
xuitcasecity;INDXGO;Criminals;50;184563;0orGrwXD4WBPdJ1yzeTT1m
gomey;Red Flags;Red Flags;55;140636;1p7XK6eR8AUUp30TJaH9e5
leslie grace;Bachatica;Bachatica;55;196461;4DZYmpPrr6agOFB1qQSJ8I
grey henson;Mean Girls (Original Broadway Cast Recording);Meet The Plastics;55;257920;4QNuz0m2QCn2Yw1sCUNIS2
velpo sonols;Schmetterling in der Nacht;Schmetterling in der Nacht;55;173856;0KfBm3qkSebxsHoBDCdGXq
miss caffeina;Detroit;Mira cómo vuelo;55;189360;0q26YkYooQjbNyNXzGcHGP
los piratas;Ultrasónica;Años 80;55;220840;7EwISik6EOmK1CZhs68nsg
tutto durán;Me Gustas;Me Gustas;55;206623;59LWNzlcxkc2kymlDIYpNa
midge ure;The Gift (Deluxe Version);The Man Who Sold the World - 2010 Remaster;55;343866;6I6Zjwlx4LSE1iojm94za1
st. lucia;Matter;Dancing On Glass;55;246333;0aersVHlGGXcHeRvHtuaSt
naked eyes;Naked Eyes;Promises, Promises - US Single Version;55;225840;4LxNjTEnb4uh1gUg1Y5Ycp
christian cambas;The Outsiders;The Outsiders - T78 Remix;55;313700;0qP89hbMRlounSq9QDSK6v
jay lumen;Human;Human;55;430000;3SyNfiVCa4GHpezUySluf3
nico moreno;Purple Widow;Purple Widow;55;381118;3OycrGOe84DHAO3crPP2qW
veracocha;Trance Top 1000 (Ibiza Anthems Mini Mix);Carte Blanche (Mix Cut) - FM Edit;55;123937;3T6Gt575CWSaiU4nnRreMJ
noes;Like A Boss;Like A Boss;55;177057;2w3E0I0vpPJsLah019b00Q
slayer;Repentless;Delusions of Saviour;73;115413;06WUUNf7q18NZfjIsQFsfa
slayer;Reign In Blood (Expanded);Raining Blood;65;255186;4fiOTntQKr24p07FvQDHZE
slayer;South Of Heaven;South Of Heaven;64;298533;3U9gogDStAfWxSm91PJuxb
slayer;Reign In Blood (Expanded);Angel Of Death;60;291773;5ohfpKB5tt275f4Y4lQ9F7
slayer;Seasons In The Abyss;Seasons In The Abyss;59;397826;3Ky8IzV8IVSwijtaTWB2SK
slayer;Repentless;Repentless;58;199866;6W2KBpMMXW17r7dPyqi8Iu
slayer;Seasons In The Abyss;Dead Skin Mask;56;320520;0t1lDXmMWBzF6mfnQ6KwqZ
slayer;Seasons In The Abyss;War Ensemble;56;291733;1E0yt5XSdjE9NOu897RilW
slayer;God Hates Us All;Bloodline;55;216973;27uDL5cAoMijxbDLfaz9Xv
slayer;World Painted Blood;World Painted Blood;54;353133;4WFYHBYhFA6tmCRYKng2MB
slayer;Show No Mercy;Black Magic;54;243360;4cJhBmeJ7KiBeuy7oxRnZ3
slayer;Show No Mercy;The Antichrist;53;169533;6Tjr3224DVeSWdq6dXgD6A
slayer;God Hates Us All;Disciple;50;215693;7kPZ2v5kmx0PTI5zV6mvDz
slayer;South Of Heaven;Mandatory Suicide;50;245133;2KPcujYDaukvtfRR0Zmu0O
slayer;Seasons In The Abyss;Skeletons Of Society;49;280346;2LTazmGAG6srTflsDKMPsk
slayer;Repentless;Repentless;49;199866;1HFOpXKl2F9pVDzKjbVTTy
slayer;Soundtrack To The Apocalypse (Deluxe Version);New Faith;29;185826;5HMhCuc9L0z4XGwfNS4YpQ
the velvet underground;The Velvet Underground (45th Anniversary);Pale Blue Eyes;65;339533;11VwZwNF29HrqwalYUMitb
the velvet underground;The Velvet Underground & Nico 45th Anniversary;Sunday Morning;65;175893;11607FzqoipskTsXrwEHnJ
the velvet underground;The Velvet Underground & Nico 45th Anniversary;Femme Fatale;64;159000;3PG7BAJG9WkmNOJOlc4uAo
the velvet underground;The Velvet Underground & Nico 45th Anniversary;I'll Be Your Mirror;61;134040;4PINSJIlBWsnVeveicq1S8
the velvet underground;The Velvet Underground (45th Anniversary);After Hours;60;127453;6cA1usDL8nTHeSgFewQat3
the velvet underground;Loaded: Re-Loaded 45th Anniversary Edition;Oh! Sweet Nuthin' - 2015 Remaster;60;445186;0i19MAZbyn8uTir7FprXId
the velvet underground;Loaded: Re-Loaded 45th Anniversary Edition;Sweet Jane - Full Length Version; 2015 Remaster;59;246306;3cw3Z7mS55gd3NUjh4k0bL
the velvet underground;Loaded: Re-Loaded 45th Anniversary Edition;Rock & Roll - Full Length Version; 2015 Remaster;58;283000;1o6DclZHw0HomxXEQR1ijX
the velvet underground;The Velvet Underground & Nico 45th Anniversary;Venus In Furs;57;312253;29engDqjmMr3VLqMm0c0WE
the velvet underground;The Velvet Underground & Nico 45th Anniversary;Heroin;57;433573;5by3w3NXvwDpV9FBSOR35u
the velvet underground;VU;Stephanie Says;55;169053;341b9JIDHZ3oaMVNwS0OsA
the velvet underground;Loaded: Re-Loaded 45th Anniversary Edition;Who Loves the Sun - 2015 Remaster;55;166213;1rJi8cf8OWsrX4CqBnMSoQ
the velvet underground;Loaded (2015 Remaster);I Found a Reason - 2015 Remaster;53;255680;63OJHHu2ambZAvdrvhdT2b
the velvet underground;Maintain Your Mojo;Rock and Roll;0;283000;1a7ZHtzNCTPuJkStK8WJbq
burnout syndromes;檸檬;FLY HIGH!!;66;244493;3YOZLPRiTuYgItSGO41gPT
burnout syndromes;檸檬;ヒカリアレ;60;244786;5WLaJoYalaASb9JB7Yk5U6
burnout syndromes;BURNOUT SYNDROMEZ;PHOENIX;58;246813;1ZGmDs16vtSI0nlxDFljFK
burnout syndromes;BURNOUT SYNDROMEZ;Good Morning World!;58;249480;6bfDSsy4wnpn6B0de8Qrbx
burnout syndromes;FLY HIGH!!;FLY HIGH!!;51;246000;44ljoaRrogXke0S4U8iekW
burnout syndromes;Good Morning [New] World!;Good Morning [New] World!;51;258613;1yUV3xzgaFWG2Koe9Sfcwd
burnout syndromes;PHOENIX;PHOENIX;48;246786;7yMCljF3pdi6zn9Qz98L2m
burnout syndromes;ヒカリアレ;ヒカリアレ;47;244800;2KP76NyUIH8XNvWa84lRPi
tcm;L'Amour Toujours (Hardstyle Version);L'Amour Toujours - Hardstyle Version;60;169604;4LR1jodAjwy93mUG447kvD
tcm;He's a Pirate;He's a Pirate;55;194824;1rSENjsUV5v8OiRrjxTyhX
tcm;Axel F (Hardstyle Version);Axel F - Hardstyle Version;55;153204;1C1LUNAqsWNFPCO72KGZNp
tcm;Formula 1 Theme (Hardstyle Version);Formula 1 Theme - Hardstyle Version;54;175304;2pnAQDF5tVHoqXLYgVzLQn
tcm;Kernkraft 400 (Radio Edit);Kernkraft 400 - Radio Edit;53;171204;0JR6XjHtmUSUcVC5jW2xII
tcm;Ecuador;Ecuador - Hardstyle Version;52;127204;0dYLbPxyEMoH8BeSJi0oV4
brando;Party's Over;Party's Over;65;147022;3V2lP7h00m02fOQSjNUVMV
brando;All Night;All Night;65;173251;2CNQXaZCnqxYXehrSUzHTa
brando;Yes or No;Yes or No;64;175570;2rqTZrpsqlbzIz3wQ7s2Q1
brando;Saturday Night (Feel The Groove);Saturday Night (Feel The Groove);64;153925;3deRcubbfOBaLsjLqYsmLw
brando;Out Of My League (with Kiesza);Out Of My League (with Kiesza);62;151547;5h5NznbR6QVDFMXRN0fH3A
brando;Look Into My Eyes;Look Into My Eyes - HUGEL & Hugo Cantarra Remix;62;152195;5FBECRYCixAndmFeYn95Is
brando;Don't Call Me;Don't Call Me;59;164096;4bjyJV8VRlEEMWxq2fhRGS
brando;Look Into My Eyes;Look Into My Eyes;59;154653;4XjwHKoDGFWHFi45edRl7y
brando;Look Into My Eyes;Look Into My Eyes - Syn Cole Remix;54;171428;1ZCIgVkeHuBl9yzQR4E0CZ
brando;Close To You;Close To You;49;166743;65Za1FxXvuDLuR8HesjtBx
brando;Armada Music - ADE 2022;Saturday Night (Feel The Groove);0;153925;2AwTFpFcTm9TyOXqu2OZ8D
eve;Kaikai Kitan / Ao No Waltz;Kaikai Kitan;75;221426;6y4GYuZszeXNOXuBFsJlos
eve;Bunka;Dramaturgy;67;238181;72uSoNIf7eScfGZFQjNHrR
eve;Bunka;Okinimesumama;61;246713;4ly9rdCe3PvcYZdAN72T3b
eve;Bunka;Anoko secret;61;233152;67gYAheGPb06KwCkuAaHbF
eve;Smile;Inochi No Tabekata;60;224218;0maSUktGFelOHPjTP8c1Kd
eve;Bubble (feat. Uta);Bubble (feat. Uta);58;226874;13EtMetztrji5zrka6Uzd3
eve;Otogi;Last Dance;58;240496;4gM814NneKElxn37F5Ht7G
eve;Kaikai Kitan / Ao No Waltz;Ao No Waltz;57;277337;1AfFUID69eG8hOkkc3asNM
eve;Kaikai Kitan / Ao No Waltz;Shinkai;57;266308;44VYdLnwvhn1H1cfieb84a
eve;Smile;Raison Detre;57;222245;7dOGSR13vk5532IuIgKO4T
eve;Otogi;Tokyo Ghetto;56;240323;4iiImoJUNnE4MpH3r1l5P4
eve;Smile;Kokoroyohou;55;199995;1pjXUZFaDSgf9wV1X76aXw
eve;Otogi;Outsider;54;207647;316BhPQ7kG9yPqZeLPTanl
eve;Bunka;Nonsense Bungaku;54;203761;4PaZP3ZPHCl6IpFUSuY1Rn
eve;Kaizin;Yoku;53;168209;0ac12GgX8LZK0VNC4N91o2
eve;Kaizin;Yoruwahonoka;53;193921;4yfJpqnjxWd7iHFyYUVC26
eve;レーゾンデートル;レーゾンデートル;53;222489;0Nn9gfz60CyzqnFXiAphMs
eve;Yoruwahonoka;Yoruwahonoka;52;191850;17XgbDzWTso7Vw42ug1yfS
eve;Kaizin;Bouto;52;225178;1DqAeuDzc5uUQeAggxmZk5
eve;Kaizin;Avant;51;204086;4tscsbUMuX7EUZE2m97C6d
eve;Kaizin;Taikutsuwo Saienshinaide;51;228728;0Ca4nK97pypPdmpZcUeGZb
eve;闇夜;闇夜;50;229394;6aW8fq5lGlhoZxhLyC7JuL
eve;Kaizin;Yuseiboushi;49;196008;5QkNlpfeEmsZYbtCqHdPDl
eve;Smile;Leo;49;247413;1GsAU0aPUjNcYDbZErzVmI
eve;Kaikai Kitan;Kaikai Kitan;49;219234;5RpCdEgSjTVIyziY4Ln8Ju
eve;Kaizin;Heikousen;48;279054;5hdYHlf3e2x2XtWI8gr9mB
eve;Heikousen;Heikousen;47;275090;6QX5xybvl9Gk750M5Mm4qe
eve;Smile;Yamiyo;47;230635;2xL6YS9TucCVbIpLXawfFC
martin garrix;In the Name of Love;In the Name of Love;79;195706;23L5CiUhw2jV1OIMwthR3S
martin garrix;Scared to Be Lonely;Scared to Be Lonely;78;220883;3ebXMykcMXOcLeJ9xZ17XH
martin garrix;Summer Days (feat. Macklemore & Patrick Stump of Fall Out Boy);Summer Days (feat. Macklemore & Patrick Stump of Fall Out Boy);74;163804;7Feaw9WAEREY0DUOSXJLOM
martin garrix;High On Life (feat. Bonn);High On Life (feat. Bonn);71;230761;4ut5G4rgB1ClpMTMfjoIuy
martin garrix;Pressure (feat. Tove Lo);Pressure (feat. Tove Lo);70;144391;4ga4WvRNhMsIL38pkBbnIN
martin garrix;There for You;There for You;69;221904;6jA8HL9i4QGzsj6fjoxp8Y
martin garrix;Ocean (feat. Khalid);Ocean (feat. Khalid);69;216419;3nc420PXjTdBV5TN0gCFkS
martin garrix;Drown (feat. Clinton Kane);Drown (feat. Clinton Kane);69;174062;4RVtBlHFKj51Ipvpfv5ER4
martin garrix;So Far Away (feat. Jamie Scott & Romy Dya);So Far Away (feat. Jamie Scott & Romy Dya);67;183636;0OlnLZY4cmQzT6ZGttvWBM
martin garrix;Loop;Loop;67;190560;0lqgo6rIBS0nVsvppZC3Ay
martin garrix;Follow;Follow;67;221220;5aXTfpNOqLj35ydEiLio67
martin garrix;We Are The People (feat. Bono & The Edge) [Official UEFA EURO 2020 Song];We Are The People (feat. Bono & The Edge) - Official UEFA EURO 2020 Song;66;217000;2iL0W5qi0ivZ9WRXbZ74cS
martin garrix;Used To Love (with Dean Lewis);Used To Love (with Dean Lewis);64;236764;7pWK1kMgHy5lNNiIfuRbkP
martin garrix;Don't Look Down (feat. Usher);Don't Look Down (feat. Usher);64;223139;5M9jOReAKGZ2AttVefFjTY
martin garrix;Love Runs Out (feat. G-Eazy & Sasha Alex Sloan);Love Runs Out (feat. G-Eazy & Sasha Alex Sloan);63;164166;3jbAzLVcHiI5hYSkcKe1Ty
martin garrix;No Sleep (feat. Bonn);No Sleep (feat. Bonn);63;207094;1ahVFh0ViDZr8LvkEVlq3B
martin garrix;Something;Something;63;163124;6LHXb1sGs72iTmpSr0603b
martin garrix;Animals;Animals;62;303040;7vKfym6hgeJxxyyVpiXBBX
martin garrix;Forbidden Voices;Forbidden Voices;61;230634;6EsH66Uto1zwZlDGQ6RokU
martin garrix;Starlight (Keep Me Afloat);Starlight (Keep Me Afloat);60;202670;4UQy41kC5LjzwQuiuWOpwA
martin garrix;Animals;Animals - Radio Edit;60;176117;7j9zjqvDt3g5hHUSusUPmG
martin garrix;Higher Ground (feat. John Martin);Higher Ground (feat. John Martin);59;206279;0rohJsT6NWsThpukt0Xxdc
martin garrix;Burn Out (feat. Dewain Whitmore);Burn Out (feat. Dewain Whitmore);58;200322;7IWTIkiWGWNQyYfOLdMrGD
martin garrix;Club Life, Vol. 4 - New York City;The Only Way Is Up;58;258440;1V0Zy7533bjXFSVtn3crzY
martin garrix;In The Name Of Love Remixes;In the Name of Love - DallasK Remix;57;200597;55y30bh2ZUtzOXjWLxn7XT
martin garrix;Won’t Let You Go;Won’t Let You Go;57;217261;5UZA39t4lX42ApegVubl7f
martin garrix;Quantum;Quantum;57;178593;7cmpWAZsamIlIiyU1aMGZD
martin garrix;Sentio;Follow;57;221220;4xFcQGVBVakReaL0OOJiP6
martin garrix;Animals;Animals;56;303040;5q35GiekvBr6oAsCsW8YlR
martin garrix;If We’ll Ever Be Remembered;If We’ll Ever Be Remembered;56;210505;6wnzt59p7i8cAyuWl1avwr
martin garrix;Forever;Forever;56;218437;5EwwwdsQfKI8ZnFG93j5Zu
martin garrix;2019 Remixed;No Sleep (feat. Bonn) - DubVision Remix;56;239062;0mV5JWhyUFANd9qpwLkM8d
martin garrix;Scared To Be Lonely Remixes Vol. 1;Scared To Be Lonely - Brooks Remix;56;200624;389MC596K4IN35zaHAyuYz
martin garrix;Home (feat. Bonn);Home (feat. Bonn);55;239067;4aTtHoSBB0CuQGA6vXBNyp
martin garrix;Ocean (feat. Khalid) [David Guetta Remix];Ocean (feat. Khalid) - David Guetta Remix;55;195832;2Ceq5Ty6rJqazoZIWyS0Vc
martin garrix;Hold On (feat. Michel Zitron);Hold On (feat. Michel Zitron);54;244453;22zxLxXlXrBIm7XaazHNrg
martin garrix;Diamonds;Diamonds;54;205560;4TA48C6sa3lRrr2hHFbePR
martin garrix;Seven;Together;54;221274;6nLctpnQJiPTxkaSgbPKiw
martin garrix;Lions in the Wild;Lions in the Wild;54;211889;6lBQ0SMCrJ7zy1LSCuXqwV
martin garrix;Virus (How About Now) [Radio Edit];Virus (How About Now) - Radio Edit;54;199426;6GLzN6o2fkOupy8e1vGzwp
martin garrix;These Are The Times (feat. JRM);These Are The Times (feat. JRM);53;188656;5YN0zHycJ0Yxz31A5QsVov
martin garrix;Pizza;Pizza;53;255102;5oAgI7Pzg6vxuKrfapg3Pi
martin garrix;Limitless;Limitless;53;146681;7MA8T4pKN6VeBIEGE9hggN
martin garrix;Byte;Byte;53;285089;20hsdn8oITBsuWNLhzr5eh
martin garrix;Summer Days (feat. Macklemore & Patrick Stump of Fall Out Boy) [Remixes];Summer Days (feat. Macklemore & Patrick Stump of Fall Out Boy) - Tiësto Remix;53;255238;55nMnifaQWKe3f9cbwOXwx
martin garrix;Mistaken (feat. Alex Aris);Mistaken (feat. Alex Aris);52;282480;18KjYhghq6K3ZmfcewWDp6
martin garrix;Virus (How About Now);Virus (How About Now);52;273764;3ukWpmRHvpuDATCJkgLEkF
martin garrix;Now That I've Found You;Now That I've Found You;52;192631;24tVqMiAtv8jmpNPhBEsDY
martin garrix;Sentio;Starlight (Keep Me Afloat);51;202670;7js0KdTFdV92eswDxs8zYQ
martin garrix;Poison;Poison;51;248447;2WW3PfGHh0aA2xCAyK6X1J
martin garrix;Sentio;Quantum;51;178593;3krdgrUkow0lWczI0S80ga
martin garrix;Aurora;Aurora;50;210468;5w0264qq5wQpYfNiPpsuqE
martin garrix;Game Over;Game Over;50;155644;5Zpe48RJ5Vs1YuFRodYdeS
martin garrix;There For You: The Remixes;There For You - Madison Mars Remix;49;175000;5K3NDUPkLe46b5DRMt2RNJ
martin garrix;Good Morning;Good Morning;49;181428;5vbFDDuHmTqHR8tGxiipf2
martin garrix;Sentio;Funk;49;189600;56ZstVdH2J5FXTTOKNNxfp
martin garrix;Drown (feat. Clinton Kane) [Alle Farben Remix];Drown (feat. Clinton Kane) - Alle Farben Remix;49;169270;3L3s97R0738xGQ2VqB12qo
martin garrix;Sentio;Limitless;49;146681;44ib3nlda2rBy0qmMUelnd
martin garrix;We Are The People (feat. Bono & The Edge) [Official UEFA EURO 2020 Song];We Are The People (Martin Garrix Remix) (feat. Bono & The Edge) - Official UEFA EURO 2020 Song;49;223333;5J8Ky3NNT98Z8Mp1YQTDCZ
martin garrix;Dreamer;Dreamer;49;193399;0wUxh6XMc698xPCfgBaPRV
martin garrix;Reboot;Reboot;48;163928;1Q7OXxsTM8aUaZ3BbPfIDb
martin garrix;BYLAW EP;Yottabyte;48;210004;1PYsy4cGp3egbeaQDjIGIa
martin garrix;BYLAW EP;Waiting For Tomorrow (feat. Mike Shinoda);48;247504;27YP211Rr8RezhiFVDLFI8
martin garrix;Proxy;Proxy;48;279384;3iLzyDMXB7QXX2RjtmJFOn
martin garrix;Sentio;Find You;48;228750;3vj76vOcRtTSwKREtkh6b7
martin garrix;Find You;Find You;48;228750;20h5SXbpPifAJ7mRG9HY56
martin garrix;There For You: The Remixes;There For You - Dzeko Remix;48;159047;7qDV8EUMjj5sJdholWKUqk
martin garrix;Sentio;Oxygen;48;189921;2ZG0Wumvp291QIsQ9YXzHl
martin garrix;Break Through The Silence EP;Break Through The Silence - Radio Edit;48;204772;2eotSKVADMMV6qaY15qDOd
martin garrix;Waiting For Tomorrow (feat. Mike Shinoda);Waiting For Tomorrow (feat. Mike Shinoda);47;247504;5Gi8lLH3edcexP99srU1Nl
martin garrix;Sentio;If We’ll Ever Be Remembered;47;210505;0wNsUWIYFLYelRCuXPXUT2
martin garrix;Sentio;Reboot;46;163928;69mAhvOXSSpKRSYFtdWpE4
