# username;track_id;timestamp
user_0_hvtl;0IGUXY4JbK18bu9oD4mPIm;2026-03-18T17:26:41.110396
user_0_hvtl;6wfb4nI2Vih263JqC8WSoW;2026-03-04T03:18:59.110396
user_0_hvtl;2iUXsYOEPhVqEBwsqP70rE;2026-02-11T01:03:04.110396
user_0_hvtl;0IGUXY4JbK18bu9oD4mPIm;2026-04-01T09:43:04.110396
user_0_hvtl;0IGUXY4JbK18bu9oD4mPIm;2026-04-18T15:25:19.110396
user_0_hvtl;0IGUXY4JbK18bu9oD4mPIm;2026-03-22T11:59:33.110396
user_0_hvtl;0IGUXY4JbK18bu9oD4mPIm;2026-02-24T12:43:44.110396
user_0_hvtl;0IGUXY4JbK18bu9oD4mPIm;2026-03-26T15:54:05.110396
user_0_hvtl;5FiXhM80sP4yg6tEnHkZZn;2026-03-24T16:21:19.110396
user_0_hvtl;1almCHdsfikRPfVB9VrEdT;2026-02-23T08:21:04.110396
user_0_hvtl;7iL6o9tox1zgHpKUfh9vuC;2026-05-04T14:46:18.110396
user_0_hvtl;2CewvqbfMOcnvYE3yayAJV;2026-02-20T14:53:08.110396
user_0_hvtl;0IGUXY4JbK18bu9oD4mPIm;2026-02-13T10:55:20.110396
user_0_hvtl;0IGUXY4JbK18bu9oD4mPIm;2026-02-08T08:20:26.110396
user_0_hvtl;5FiXhM80sP4yg6tEnHkZZn;2026-02-13T12:24:25.110396
user_0_hvtl;0IGUXY4JbK18bu9oD4mPIm;2026-02-17T15:01:29.110396
user_0_hvtl;7ycWLEP1GsNjVvcjawXz3z;2026-02-14T03:58:07.110396
user_0_hvtl;26wLOs3ZuHJa2Ihhx6QIE6;2026-04-14T06:24:27.110396
user_0_hvtl;4jPy3l0RUwlUI9T5XHBW2m;2026-03-31T10:48:30.110396
user_0_hvtl;2DmRXiyn03tOqKgEJXlaiJ;2026-05-04T00:40:47.110396
user_0_hvtl;1almCHdsfikRPfVB9VrEdT;2026-02-17T19:25:35.110396
user_0_hvtl;2uThc9fZx2BEL3t6uuRMO1;2026-02-22T06:12:13.110396
user_0_hvtl;2DmRXiyn03tOqKgEJXlaiJ;2026-03-03T11:42:40.110396
user_0_hvtl;4jPy3l0RUwlUI9T5XHBW2m;2026-03-28T16:01:11.110396
user_0_hvtl;2uThc9fZx2BEL3t6uuRMO1;2026-03-27T22:39:49.110396
user_0_hvtl;2DmRXiyn03tOqKgEJXlaiJ;2026-02-23T22:20:19.110396
user_0_hvtl;2DmRXiyn03tOqKgEJXlaiJ;2026-04-26T12:44:02.110396
user_0_hvtl;1Ph96WpdjNlwD6iKRE2Xa3;2026-04-14T02:58:58.110396
user_0_hvtl;7sKt5Y2zJpYw78iAxndB8y;2026-02-15T03:15:21.110396
user_0_hvtl;5g9lS8deSIxItFBmZRC4vN;2026-02-26T21:43:49.110396
user_0_hvtl;4jPy3l0RUwlUI9T5XHBW2m;2026-04-18T02:04:56.110396
user_0_hvtl;5FiXhM80sP4yg6tEnHkZZn;2026-02-18T10:21:10.110396
user_0_hvtl;4jPy3l0RUwlUI9T5XHBW2m;2026-02-27T19:10:07.110396
user_0_hvtl;4jPy3l0RUwlUI9T5XHBW2m;2026-04-23T14:15:30.110396
user_0_hvtl;2DmRXiyn03tOqKgEJXlaiJ;2026-04-13T05:27:10.110396
user_0_hvtl;5FiXhM80sP4yg6tEnHkZZn;2026-03-11T01:03:16.110396
user_0_hvtl;5FiXhM80sP4yg6tEnHkZZn;2026-02-06T22:01:38.110396
user_0_hvtl;1almCHdsfikRPfVB9VrEdT;2026-02-25T07:57:12.110396
user_0_hvtl;1IqF5PUDUnaykHLs0RWbDO;2026-04-27T15:22:18.110396
user_0_hvtl;2DmRXiyn03tOqKgEJXlaiJ;2026-04-12T04:44:15.110396
user_0_hvtl;1Ph96WpdjNlwD6iKRE2Xa3;2026-02-26T15:05:49.110396
user_0_hvtl;1almCHdsfikRPfVB9VrEdT;2026-05-05T13:47:17.110396
user_0_hvtl;4jPy3l0RUwlUI9T5XHBW2m;2026-03-22T05:26:51.110396
user_0_hvtl;2DmRXiyn03tOqKgEJXlaiJ;2026-05-04T13:53:35.110396
user_0_hvtl;0IGUXY4JbK18bu9oD4mPIm;2026-03-06T09:31:32.110396
user_1_bcq2;2DmRXiyn03tOqKgEJXlaiJ;2026-04-09T22:41:25.110396
user_1_bcq2;1Ph96WpdjNlwD6iKRE2Xa3;2026-04-27T04:59:28.110396
user_1_bcq2;1Ph96WpdjNlwD6iKRE2Xa3;2026-02-22T15:15:05.110396
user_1_bcq2;0IGUXY4JbK18bu9oD4mPIm;2026-03-28T12:10:33.110396
user_1_bcq2;4jPy3l0RUwlUI9T5XHBW2m;2026-02-05T17:22:58.110396
user_1_bcq2;2DmRXiyn03tOqKgEJXlaiJ;2026-02-06T07:27:28.110396
user_1_bcq2;6wfb4nI2Vih263JqC8WSoW;2026-02-25T08:14:07.110396
user_1_bcq2;5FiXhM80sP4yg6tEnHkZZn;2026-04-10T11:21:40.110396
user_1_bcq2;6kvoHl80mfCVTv7XnZkjQn;2026-03-29T08:38:38.110396
user_1_bcq2;2DmRXiyn03tOqKgEJXlaiJ;2026-04-03T08:15:40.110396
user_1_bcq2;7iL6o9tox1zgHpKUfh9vuC;2026-02-15T17:00:42.110396
user_1_bcq2;0IGUXY4JbK18bu9oD4mPIm;2026-04-27T21:23:39.110396
user_1_bcq2;5FiXhM80sP4yg6tEnHkZZn;2026-04-13T02:46:20.110396
user_1_bcq2;0rWMOzZ7fFYZWI1qlCY4Ig;2026-02-07T04:33:32.110396
user_1_bcq2;7ycWLEP1GsNjVvcjawXz3z;2026-04-26T07:02:36.110396
user_1_bcq2;5FiXhM80sP4yg6tEnHkZZn;2026-03-02T15:14:57.110396
user_1_bcq2;5g9lS8deSIxItFBmZRC4vN;2026-04-23T18:49:47.110396
user_1_bcq2;2bjQvSk5T3A2dmnqqeRhzI;2026-03-20T09:28:37.110396
user_1_bcq2;2zrhoHlFKxFTRF5aMyxMoQ;2026-04-20T05:55:56.110396
user_1_bcq2;7ycWLEP1GsNjVvcjawXz3z;2026-04-19T22:21:38.110396
user_1_bcq2;2DmRXiyn03tOqKgEJXlaiJ;2026-04-04T06:43:27.110396
user_1_bcq2;2uThc9fZx2BEL3t6uuRMO1;2026-02-06T17:50:50.110396
user_1_bcq2;5FiXhM80sP4yg6tEnHkZZn;2026-03-19T01:53:42.110396
user_1_bcq2;26wLOs3ZuHJa2Ihhx6QIE6;2026-03-12T10:09:28.110396
user_1_bcq2;0XRbYXQUymj9SJkrr8YK5B;2026-02-28T03:32:09.110396
user_1_bcq2;2DmRXiyn03tOqKgEJXlaiJ;2026-03-15T18:27:21.110396
user_1_bcq2;4b2tcjrG1qUkSdsqEFP2dB;2026-03-26T03:38:08.110396
user_1_bcq2;2DmRXiyn03tOqKgEJXlaiJ;2026-04-11T17:19:48.110396
user_1_bcq2;5FiXhM80sP4yg6tEnHkZZn;2026-02-06T14:29:36.110396
user_1_bcq2;0IGUXY4JbK18bu9oD4mPIm;2026-03-09T18:17:45.110396
user_1_bcq2;5FiXhM80sP4yg6tEnHkZZn;2026-05-04T14:50:16.110396
user_1_bcq2;5FiXhM80sP4yg6tEnHkZZn;2026-05-03T09:52:56.110396
user_1_bcq2;1ofhfV90EnYhEr7Un2fWiv;2026-03-17T22:31:42.110396
user_1_bcq2;2DmRXiyn03tOqKgEJXlaiJ;2026-03-02T18:50:54.110396
user_1_bcq2;7mzPAftljnsFmU6131Pqcd;2026-04-07T00:18:06.110396
user_2_1spf;5FiXhM80sP4yg6tEnHkZZn;2026-02-09T21:58:25.110396
user_2_1spf;5FiXhM80sP4yg6tEnHkZZn;2026-02-24T19:47:20.110396
user_2_1spf;7iL6o9tox1zgHpKUfh9vuC;2026-03-15T14:28:32.110396
user_2_1spf;4jPy3l0RUwlUI9T5XHBW2m;2026-04-16T07:11:20.110396
user_2_1spf;4jPy3l0RUwlUI9T5XHBW2m;2026-02-14T21:17:49.110396
user_2_1spf;6LwrEZNkvFTOypNwSLjuaJ;2026-04-11T15:22:11.110396
user_2_1spf;4jPy3l0RUwlUI9T5XHBW2m;2026-02-25T08:30:40.110396
user_2_1spf;5FiXhM80sP4yg6tEnHkZZn;2026-04-24T03:51:33.110396
user_2_1spf;2DmRXiyn03tOqKgEJXlaiJ;2026-02-28T11:08:02.110396
user_2_1spf;2DmRXiyn03tOqKgEJXlaiJ;2026-02-15T15:55:34.110396
user_2_1spf;2vmfvSoZBFAt9hhRoEByLi;2026-04-09T21:17:29.110396
user_2_1spf;5FiXhM80sP4yg6tEnHkZZn;2026-04-23T06:39:28.110396
user_2_1spf;7sKt5Y2zJpYw78iAxndB8y;2026-05-03T05:06:52.110396
user_2_1spf;5FiXhM80sP4yg6tEnHkZZn;2026-04-12T05:10:57.110396
user_2_1spf;4jPy3l0RUwlUI9T5XHBW2m;2026-02-25T07:07:29.110396
user_2_1spf;5FiXhM80sP4yg6tEnHkZZn;2026-04-16T09:44:01.110396
user_2_1spf;4jPy3l0RUwlUI9T5XHBW2m;2026-04-08T20:19:00.110396
user_2_1spf;2iUXsYOEPhVqEBwsqP70rE;2026-02-21T08:45:23.110396
user_2_1spf;5FiXhM80sP4yg6tEnHkZZn;2026-05-06T02:06:24.110396
user_2_1spf;5R7l05dglCrUX0qjZ1Eec1;2026-02-07T14:33:17.110396
user_2_1spf;6tDxrq4FxEL2q15y37tXT9;2026-03-07T21:38:26.110396
user_2_1spf;2hFDO1f9t96wZZdQnn5ejI;2026-02-11T12:41:35.110396
user_2_1spf;0IGUXY4JbK18bu9oD4mPIm;2026-04-01T14:23:32.110396
user_2_1spf;2iUXsYOEPhVqEBwsqP70rE;2026-04-05T03:01:54.110396
user_2_1spf;5FiXhM80sP4yg6tEnHkZZn;2026-02-15T06:30:52.110396
user_2_1spf;0IGUXY4JbK18bu9oD4mPIm;2026-03-03T07:12:18.110396
user_2_1spf;5FiXhM80sP4yg6tEnHkZZn;2026-04-04T21:47:14.110396
user_2_1spf;0IGUXY4JbK18bu9oD4mPIm;2026-04-10T13:58:06.110396
user_2_1spf;2DmRXiyn03tOqKgEJXlaiJ;2026-03-02T14:23:01.110396
user_2_1spf;2DmRXiyn03tOqKgEJXlaiJ;2026-03-17T08:42:58.110396
user_2_1spf;4jPy3l0RUwlUI9T5XHBW2m;2026-04-05T00:56:17.110396
user_2_1spf;3IyCL4Em1GOpNGDf451Hg1;2026-04-09T02:27:10.110396
user_2_1spf;0IGUXY4JbK18bu9oD4mPIm;2026-02-16T02:54:24.110396
user_3_ee3f;5A1vGSsqw0UQCBxHOyPOjG;2026-04-15T17:06:05.110396
user_3_ee3f;5FiXhM80sP4yg6tEnHkZZn;2026-03-27T05:34:40.110396
user_3_ee3f;0IGUXY4JbK18bu9oD4mPIm;2026-03-28T03:10:37.110396
user_3_ee3f;0IGUXY4JbK18bu9oD4mPIm;2026-02-25T08:54:51.110396
user_3_ee3f;0IGUXY4JbK18bu9oD4mPIm;2026-02-09T08:20:44.110396
user_3_ee3f;2mlGPkAx4kwF8Df0GlScsC;2026-03-24T16:22:55.110396
user_3_ee3f;5DqdesEfbRyOlSS3Tf6c29;2026-04-17T21:47:34.110396
user_3_ee3f;3mRlFZHUyvJbPTlkzg4LyJ;2026-04-11T02:14:36.110396
user_3_ee3f;2DmRXiyn03tOqKgEJXlaiJ;2026-05-04T02:31:43.110396
user_3_ee3f;0IGUXY4JbK18bu9oD4mPIm;2026-02-08T23:42:17.110396
user_3_ee3f;0IGUXY4JbK18bu9oD4mPIm;2026-04-17T14:06:44.110396
user_3_ee3f;0IGUXY4JbK18bu9oD4mPIm;2026-02-22T22:54:44.110396
user_3_ee3f;2DmRXiyn03tOqKgEJXlaiJ;2026-04-03T05:05:10.110396
user_3_ee3f;5FiXhM80sP4yg6tEnHkZZn;2026-04-14T20:47:07.110396
user_3_ee3f;26wLOs3ZuHJa2Ihhx6QIE6;2026-03-17T16:00:44.110396
user_3_ee3f;2uThc9fZx2BEL3t6uuRMO1;2026-03-21T22:27:45.110396
user_3_ee3f;1ofhfV90EnYhEr7Un2fWiv;2026-02-22T10:33:10.110396
user_3_ee3f;6wfb4nI2Vih263JqC8WSoW;2026-04-19T21:27:47.110396
user_3_ee3f;0IGUXY4JbK18bu9oD4mPIm;2026-04-13T17:39:41.110396
user_3_ee3f;0IGUXY4JbK18bu9oD4mPIm;2026-03-27T08:14:10.110396
user_3_ee3f;26wLOs3ZuHJa2Ihhx6QIE6;2026-04-19T22:41:42.110396
user_4_0fxu;26wLOs3ZuHJa2Ihhx6QIE6;2026-03-17T01:31:23.110396
user_4_0fxu;4jPy3l0RUwlUI9T5XHBW2m;2026-04-27T19:40:59.110396
user_4_0fxu;2DmRXiyn03tOqKgEJXlaiJ;2026-04-01T16:48:50.110396
user_4_0fxu;5FiXhM80sP4yg6tEnHkZZn;2026-04-25T10:24:17.110396
user_4_0fxu;7ycWLEP1GsNjVvcjawXz3z;2026-04-25T19:43:24.110396
user_4_0fxu;0IGUXY4JbK18bu9oD4mPIm;2026-03-28T13:07:14.110396
user_4_0fxu;7ycWLEP1GsNjVvcjawXz3z;2026-03-16T16:14:23.110396
user_4_0fxu;2WTHLEVjfefbGoW7F3dXIg;2026-04-01T09:41:18.110396
user_4_0fxu;4jPy3l0RUwlUI9T5XHBW2m;2026-02-19T03:13:59.110396
user_4_0fxu;0oA9wBGDY4uyILLg4GymWP;2026-04-29T00:33:23.110396
user_4_0fxu;2iUXsYOEPhVqEBwsqP70rE;2026-02-17T17:16:34.110396
user_4_0fxu;2DmRXiyn03tOqKgEJXlaiJ;2026-04-12T08:50:25.110396
user_4_0fxu;5FiXhM80sP4yg6tEnHkZZn;2026-04-10T19:25:10.110396
user_4_0fxu;6zDs6zI94L761vd0cVScTT;2026-03-28T13:01:34.110396
user_4_0fxu;58HvfVOeJY7lUuCqF0m3ly;2026-04-16T05:44:34.110396
user_5_cex2;4jPy3l0RUwlUI9T5XHBW2m;2026-04-27T12:44:08.110396
user_5_cex2;4jPy3l0RUwlUI9T5XHBW2m;2026-04-02T21:17:10.110396
user_5_cex2;4esOae7i4rqTbAu9o5Pxco;2026-03-13T05:58:39.110396
user_5_cex2;6Z8R6UsFuGXGtiIxiD8ISb;2026-04-07T02:45:46.110396
user_5_cex2;6vBMMa2erexusV4XrgXea9;2026-02-22T08:04:33.110396
user_5_cex2;0cBPuDA3xUjR4Vh9o7CKy8;2026-03-28T23:07:13.110396
user_5_cex2;5FiXhM80sP4yg6tEnHkZZn;2026-03-14T16:14:13.110396
user_5_cex2;2DmRXiyn03tOqKgEJXlaiJ;2026-03-08T00:15:45.110396
user_5_cex2;0IGUXY4JbK18bu9oD4mPIm;2026-04-19T12:26:42.110396
user_5_cex2;0nhBKubnVz9yFNNprBniWz;2026-02-13T03:03:23.110396
user_5_cex2;6zDs6zI94L761vd0cVScTT;2026-02-06T12:11:10.110396
user_5_cex2;2iUXsYOEPhVqEBwsqP70rE;2026-03-22T23:13:56.110396
user_5_cex2;5FiXhM80sP4yg6tEnHkZZn;2026-03-14T08:00:21.110396
user_5_cex2;4jPy3l0RUwlUI9T5XHBW2m;2026-04-26T06:02:27.110396
user_6_polj;1v1oIWf2Xgh54kIWuKsDf6;2026-02-22T19:16:28.110396
user_6_polj;1ofhfV90EnYhEr7Un2fWiv;2026-03-04T09:40:30.110396
user_6_polj;2DmRXiyn03tOqKgEJXlaiJ;2026-03-04T09:19:51.110396
user_6_polj;03a359wbiUsjN9h6yzXvmS;2026-04-18T12:56:22.110396
user_6_polj;4jPy3l0RUwlUI9T5XHBW2m;2026-03-20T08:08:31.110396
user_6_polj;2DmRXiyn03tOqKgEJXlaiJ;2026-04-28T00:32:22.110396
user_6_polj;5IgjP7X4th6nMNDh4akUHb;2026-03-01T17:29:55.110396
user_6_polj;47BBI51FKFwOMlIiX6m8ya;2026-03-05T02:56:53.110396
user_6_polj;2vWBUC9djv6BtiGlmKiQaH;2026-03-10T18:03:33.110396
user_6_polj;0IGUXY4JbK18bu9oD4mPIm;2026-03-26T08:09:03.110396
user_6_polj;0qOnSQQF0yzuPWsXrQ9paz;2026-02-24T07:33:30.110396
user_6_polj;2DmRXiyn03tOqKgEJXlaiJ;2026-04-08T13:04:32.110396
user_6_polj;4jPy3l0RUwlUI9T5XHBW2m;2026-03-13T09:58:24.110396
user_6_polj;5FiXhM80sP4yg6tEnHkZZn;2026-02-09T17:58:51.110396
user_6_polj;26wLOs3ZuHJa2Ihhx6QIE6;2026-03-26T17:11:15.110396
user_6_polj;4jPy3l0RUwlUI9T5XHBW2m;2026-05-02T20:10:14.110396
user_6_polj;2DmRXiyn03tOqKgEJXlaiJ;2026-02-20T13:37:41.110396
user_6_polj;2zoobJFEB9h15fjYjRd6oP;2026-03-24T18:03:24.110396
user_6_polj;6h5PAsRni4IRlxWr6uDPTP;2026-02-12T15:28:51.110396
user_6_polj;4sOX1nhpKwFWPvoMMExi3q;2026-02-06T03:46:15.110396
user_6_polj;2DmRXiyn03tOqKgEJXlaiJ;2026-02-23T01:25:10.110396
user_6_polj;0IGUXY4JbK18bu9oD4mPIm;2026-03-14T01:11:56.110396
user_6_polj;1HYzRuWjmS9LXCkdVHi25K;2026-03-29T15:48:25.110396
user_6_polj;1almCHdsfikRPfVB9VrEdT;2026-02-17T17:08:08.110396
user_6_polj;2DmRXiyn03tOqKgEJXlaiJ;2026-04-07T15:17:42.110396
user_6_polj;2WTHLEVjfefbGoW7F3dXIg;2026-02-10T11:50:35.110396
user_6_polj;2DmRXiyn03tOqKgEJXlaiJ;2026-04-29T07:38:29.110396
user_6_polj;0IGUXY4JbK18bu9oD4mPIm;2026-02-23T05:38:03.110396
user_6_polj;1almCHdsfikRPfVB9VrEdT;2026-04-15T14:32:23.110396
user_6_polj;4AE7Lj39VnSZNOmGH2iZaq;2026-02-12T04:06:13.110396
user_6_polj;2nekCvC9XRXQckWNnkIp2l;2026-03-18T21:59:26.110396
user_6_polj;5z6xHjCZr7a7AIcy8sPBKy;2026-02-11T02:17:05.110396
user_7_pdsa;2DmRXiyn03tOqKgEJXlaiJ;2026-02-10T19:25:54.110396
user_7_pdsa;6tDxrq4FxEL2q15y37tXT9;2026-03-15T23:05:03.110396
user_7_pdsa;5FiXhM80sP4yg6tEnHkZZn;2026-04-05T02:58:00.110396
user_7_pdsa;4jPy3l0RUwlUI9T5XHBW2m;2026-03-06T18:43:17.110396
user_7_pdsa;5FiXhM80sP4yg6tEnHkZZn;2026-02-27T21:37:14.110396
user_7_pdsa;2DmRXiyn03tOqKgEJXlaiJ;2026-04-11T10:59:43.110396
user_7_pdsa;7rSERmjAT38lC5QhJ8hnQc;2026-03-31T06:48:10.110396
user_7_pdsa;0oA9wBGDY4uyILLg4GymWP;2026-04-06T03:39:00.110396
user_7_pdsa;4jPy3l0RUwlUI9T5XHBW2m;2026-04-17T01:14:28.110396
user_7_pdsa;2f0pn9DkEJwAzXApnFh5cr;2026-03-29T01:35:18.110396
user_7_pdsa;7jLbTp3qZzah9kMIdW8e5M;2026-03-11T10:38:00.110396
user_7_pdsa;5z6xHjCZr7a7AIcy8sPBKy;2026-03-11T05:21:54.110396
user_7_pdsa;7ycWLEP1GsNjVvcjawXz3z;2026-03-23T01:53:46.110396
user_7_pdsa;5sra5UY6sD658OabHL3QtI;2026-03-10T18:57:24.110396
user_7_pdsa;0IGUXY4JbK18bu9oD4mPIm;2026-04-08T13:35:11.110396
user_7_pdsa;4AE7Lj39VnSZNOmGH2iZaq;2026-02-27T09:26:41.110396
user_7_pdsa;2iUXsYOEPhVqEBwsqP70rE;2026-02-19T21:49:05.110396
user_7_pdsa;2vmfvSoZBFAt9hhRoEByLi;2026-02-09T12:23:15.110396
user_7_pdsa;5FiXhM80sP4yg6tEnHkZZn;2026-04-22T06:08:31.110396
user_7_pdsa;4jPy3l0RUwlUI9T5XHBW2m;2026-05-02T00:05:49.110396
user_7_pdsa;2DmRXiyn03tOqKgEJXlaiJ;2026-02-19T04:02:04.110396
user_7_pdsa;5z6xHjCZr7a7AIcy8sPBKy;2026-03-12T08:45:24.110396
user_7_pdsa;2DmRXiyn03tOqKgEJXlaiJ;2026-04-29T03:29:43.110396
user_7_pdsa;2zoobJFEB9h15fjYjRd6oP;2026-03-04T21:49:11.110396
user_7_pdsa;5FiXhM80sP4yg6tEnHkZZn;2026-02-26T21:05:30.110396
user_8_x912;4jPy3l0RUwlUI9T5XHBW2m;2026-04-21T14:58:39.110396
user_8_x912;4jPy3l0RUwlUI9T5XHBW2m;2026-05-05T23:47:29.110396
user_8_x912;2DmRXiyn03tOqKgEJXlaiJ;2026-03-01T13:31:25.110396
user_8_x912;2DmRXiyn03tOqKgEJXlaiJ;2026-03-02T04:34:10.110396
user_8_x912;3VvA1wSxukMLsvXoXtlwWx;2026-05-03T20:50:10.110396
user_8_x912;4jPy3l0RUwlUI9T5XHBW2m;2026-04-08T14:30:37.110396
user_8_x912;4jPy3l0RUwlUI9T5XHBW2m;2026-04-25T14:30:11.110396
user_8_x912;1RTYixE1DD3g3upEpmCJpa;2026-04-04T02:07:24.110396
user_8_x912;2HXixVqzzm9rEUIMAWzshl;2026-03-30T18:50:34.110396
user_8_x912;3jsYQw78lrxJA2ysnmOIf9;2026-02-26T18:52:48.110396
user_8_x912;4jPy3l0RUwlUI9T5XHBW2m;2026-03-12T07:30:15.110396
user_8_x912;5DqdesEfbRyOlSS3Tf6c29;2026-03-31T17:08:28.110396
user_8_x912;7iL6o9tox1zgHpKUfh9vuC;2026-04-22T14:54:35.110396
user_8_x912;4jPy3l0RUwlUI9T5XHBW2m;2026-03-02T23:53:42.110396
user_9_9wy5;42qNWdLKCI41S4uzfamhFM;2026-02-08T18:02:24.110396
user_9_9wy5;2DmRXiyn03tOqKgEJXlaiJ;2026-03-20T13:18:17.110396
user_9_9wy5;0IGUXY4JbK18bu9oD4mPIm;2026-04-15T19:42:57.110396
user_9_9wy5;4jPy3l0RUwlUI9T5XHBW2m;2026-04-14T14:37:39.110396
user_9_9wy5;0IGUXY4JbK18bu9oD4mPIm;2026-03-28T17:07:54.110396
user_9_9wy5;5FiXhM80sP4yg6tEnHkZZn;2026-03-24T17:54:03.110396
user_9_9wy5;2uThc9fZx2BEL3t6uuRMO1;2026-04-02T21:47:29.110396
user_9_9wy5;1almCHdsfikRPfVB9VrEdT;2026-02-28T18:26:03.110396
user_9_9wy5;26wLOs3ZuHJa2Ihhx6QIE6;2026-04-16T21:04:55.110396
user_9_9wy5;4jPy3l0RUwlUI9T5XHBW2m;2026-02-22T05:15:56.110396
user_9_9wy5;0IGUXY4JbK18bu9oD4mPIm;2026-05-05T18:59:16.110396
user_9_9wy5;2DmRXiyn03tOqKgEJXlaiJ;2026-04-12T08:34:43.110396
user_9_9wy5;6wfb4nI2Vih263JqC8WSoW;2026-04-26T05:28:43.110396
user_10_i91e;5EOoMWIB9iK4ZpcSex9Ec7;2026-02-28T05:22:06.110396
user_10_i91e;5FiXhM80sP4yg6tEnHkZZn;2026-03-03T12:42:41.110396
user_10_i91e;2DmRXiyn03tOqKgEJXlaiJ;2026-03-27T04:44:25.110396
user_10_i91e;2DmRXiyn03tOqKgEJXlaiJ;2026-02-23T14:36:35.110396
user_10_i91e;5FiXhM80sP4yg6tEnHkZZn;2026-03-25T22:49:48.110396
user_10_i91e;0IGUXY4JbK18bu9oD4mPIm;2026-03-17T07:19:16.110396
user_10_i91e;0IGUXY4JbK18bu9oD4mPIm;2026-02-09T07:11:45.110396
user_10_i91e;0IGUXY4JbK18bu9oD4mPIm;2026-04-30T01:41:23.110396
user_10_i91e;4jPy3l0RUwlUI9T5XHBW2m;2026-04-01T00:03:03.110396
user_10_i91e;2iUXsYOEPhVqEBwsqP70rE;2026-02-17T13:47:13.110396
user_10_i91e;0IGUXY4JbK18bu9oD4mPIm;2026-04-11T04:37:44.110396
user_10_i91e;4jPy3l0RUwlUI9T5XHBW2m;2026-03-26T10:26:53.110396
user_10_i91e;6tDxrq4FxEL2q15y37tXT9;2026-02-16T16:08:35.110396
user_10_i91e;7iL6o9tox1zgHpKUfh9vuC;2026-03-08T04:55:38.110396
user_10_i91e;5FiXhM80sP4yg6tEnHkZZn;2026-04-06T17:29:34.110396
user_10_i91e;5FiXhM80sP4yg6tEnHkZZn;2026-03-12T13:50:51.110396
user_10_i91e;0IGUXY4JbK18bu9oD4mPIm;2026-02-25T11:28:50.110396
user_10_i91e;0IGUXY4JbK18bu9oD4mPIm;2026-03-09T19:21:29.110396
user_10_i91e;6LwrEZNkvFTOypNwSLjuaJ;2026-02-10T22:32:18.110396
user_10_i91e;4jPy3l0RUwlUI9T5XHBW2m;2026-02-07T14:54:25.110396
user_10_i91e;4jPy3l0RUwlUI9T5XHBW2m;2026-04-15T18:47:34.110396
user_10_i91e;2DmRXiyn03tOqKgEJXlaiJ;2026-02-09T18:30:26.110396
user_10_i91e;5FiXhM80sP4yg6tEnHkZZn;2026-02-05T16:44:44.110396
user_10_i91e;0IGUXY4JbK18bu9oD4mPIm;2026-02-24T05:23:28.110396
user_10_i91e;1xzi1Jcr7mEi9K2RfzLOqS;2026-03-17T00:48:53.110396
user_10_i91e;2vmfvSoZBFAt9hhRoEByLi;2026-02-16T09:53:50.110396
user_10_i91e;2iUXsYOEPhVqEBwsqP70rE;2026-04-29T08:39:35.110396
user_10_i91e;0IGUXY4JbK18bu9oD4mPIm;2026-03-14T16:11:44.110396
user_10_i91e;4jPy3l0RUwlUI9T5XHBW2m;2026-04-29T04:24:45.110396
user_10_i91e;2iUXsYOEPhVqEBwsqP70rE;2026-02-24T06:08:26.110396
user_10_i91e;1Ph96WpdjNlwD6iKRE2Xa3;2026-04-11T10:36:10.110396
user_10_i91e;0IGUXY4JbK18bu9oD4mPIm;2026-05-06T08:22:14.110396
user_10_i91e;5FiXhM80sP4yg6tEnHkZZn;2026-04-09T07:28:49.110396
user_10_i91e;4jPy3l0RUwlUI9T5XHBW2m;2026-04-14T12:08:57.110396
user_10_i91e;26wLOs3ZuHJa2Ihhx6QIE6;2026-02-15T00:02:44.110396
user_10_i91e;2f0pn9DkEJwAzXApnFh5cr;2026-05-01T17:19:17.110396
user_10_i91e;5z6xHjCZr7a7AIcy8sPBKy;2026-03-19T17:01:24.110396
user_10_i91e;7iL6o9tox1zgHpKUfh9vuC;2026-02-17T05:42:34.110396
user_10_i91e;7jLbTp3qZzah9kMIdW8e5M;2026-02-17T15:25:18.110396
user_10_i91e;2DmRXiyn03tOqKgEJXlaiJ;2026-03-17T20:11:35.110396
user_10_i91e;2DmRXiyn03tOqKgEJXlaiJ;2026-02-27T22:58:56.110396
user_10_i91e;2DmRXiyn03tOqKgEJXlaiJ;2026-02-25T19:04:57.110396
user_11_cp8i;0IGUXY4JbK18bu9oD4mPIm;2026-03-23T00:18:35.110396
user_11_cp8i;5FiXhM80sP4yg6tEnHkZZn;2026-02-21T07:44:32.110396
user_11_cp8i;4jPy3l0RUwlUI9T5XHBW2m;2026-03-06T14:01:05.110396
user_11_cp8i;2iUXsYOEPhVqEBwsqP70rE;2026-04-22T13:41:48.110396
user_11_cp8i;5oQcOu1omDykbIPSdSQQNJ;2026-04-10T02:10:25.110396
user_11_cp8i;7ycWLEP1GsNjVvcjawXz3z;2026-03-20T07:48:21.110396
user_11_cp8i;4BggEwLhGfrbrl7JBhC8EC;2026-02-15T23:50:16.110396
user_11_cp8i;1ofhfV90EnYhEr7Un2fWiv;2026-02-19T03:56:13.110396
user_11_cp8i;7mzPAftljnsFmU6131Pqcd;2026-03-05T08:12:05.110396
user_11_cp8i;2DmRXiyn03tOqKgEJXlaiJ;2026-03-28T16:56:02.110396
user_11_cp8i;4eWQlBRaTjPPUlzacqEeoQ;2026-04-23T05:29:10.110396
user_11_cp8i;5sra5UY6sD658OabHL3QtI;2026-03-18T23:48:38.110396
user_11_cp8i;6tDxrq4FxEL2q15y37tXT9;2026-03-25T22:51:58.110396
user_11_cp8i;4yugZvBYaoREkJKtbG08Qr;2026-02-26T09:08:58.110396
user_11_cp8i;5z6xHjCZr7a7AIcy8sPBKy;2026-03-20T19:34:36.110396
user_11_cp8i;7jLbTp3qZzah9kMIdW8e5M;2026-02-24T17:05:35.110396
user_11_cp8i;4VQNCzfZ3MdHEwwErNXpBo;2026-02-21T21:41:54.110396
user_11_cp8i;5R7l05dglCrUX0qjZ1Eec1;2026-02-23T12:40:30.110396
user_11_cp8i;5FiXhM80sP4yg6tEnHkZZn;2026-04-17T08:23:24.110396
user_11_cp8i;4jPy3l0RUwlUI9T5XHBW2m;2026-02-17T11:14:00.110396
user_11_cp8i;2DmRXiyn03tOqKgEJXlaiJ;2026-04-01T15:50:35.110396
user_11_cp8i;5g9lS8deSIxItFBmZRC4vN;2026-03-12T01:29:24.110396
user_11_cp8i;4jPy3l0RUwlUI9T5XHBW2m;2026-02-12T19:31:33.110396
user_11_cp8i;0IGUXY4JbK18bu9oD4mPIm;2026-03-17T20:16:39.110396
user_11_cp8i;7mzPAftljnsFmU6131Pqcd;2026-04-10T10:08:11.110396
user_11_cp8i;5FiXhM80sP4yg6tEnHkZZn;2026-04-14T02:42:15.110396
user_11_cp8i;5FiXhM80sP4yg6tEnHkZZn;2026-02-12T00:14:18.110396
user_11_cp8i;1w2Nnj1HEUgoOglVRWfZj8;2026-03-31T21:10:27.110396
user_11_cp8i;5DqdesEfbRyOlSS3Tf6c29;2026-02-13T02:12:36.110396
user_11_cp8i;0IGUXY4JbK18bu9oD4mPIm;2026-04-27T17:00:46.110396
user_11_cp8i;3FAJ6O0NOHQV8Mc5Ri6ENp;2026-04-30T03:20:59.110396
user_12_n8gq;5fRvePkRGdpn2nKacG7I6d;2026-03-09T18:35:02.110396
user_12_n8gq;5FiXhM80sP4yg6tEnHkZZn;2026-04-27T18:10:56.110396
user_12_n8gq;5FiXhM80sP4yg6tEnHkZZn;2026-03-23T08:06:20.110396
user_12_n8gq;1ofhfV90EnYhEr7Un2fWiv;2026-02-08T08:38:39.110396
user_12_n8gq;2zrhoHlFKxFTRF5aMyxMoQ;2026-02-06T08:38:24.110396
user_12_n8gq;0E9ZjEAyAwOXZ7wJC0PD33;2026-04-06T15:44:56.110396
user_12_n8gq;2iUXsYOEPhVqEBwsqP70rE;2026-05-06T10:07:04.110396
user_12_n8gq;2DmRXiyn03tOqKgEJXlaiJ;2026-04-04T18:13:52.110396
user_12_n8gq;4jPy3l0RUwlUI9T5XHBW2m;2026-02-18T06:09:12.110396
user_12_n8gq;2iUXsYOEPhVqEBwsqP70rE;2026-03-22T21:14:56.110396
user_12_n8gq;03a359wbiUsjN9h6yzXvmS;2026-03-07T02:31:16.110396
user_12_n8gq;0oA9wBGDY4uyILLg4GymWP;2026-04-19T03:08:35.110396
user_12_n8gq;4jPy3l0RUwlUI9T5XHBW2m;2026-04-20T20:07:25.110396
user_12_n8gq;2DmRXiyn03tOqKgEJXlaiJ;2026-04-26T06:21:11.110396
user_12_n8gq;2DmRXiyn03tOqKgEJXlaiJ;2026-03-25T17:06:30.110396
user_12_n8gq;5A1vGSsqw0UQCBxHOyPOjG;2026-03-09T09:01:06.110396
user_12_n8gq;2DmRXiyn03tOqKgEJXlaiJ;2026-02-14T20:58:30.110396
user_12_n8gq;4jPy3l0RUwlUI9T5XHBW2m;2026-02-19T18:59:46.110396
user_12_n8gq;0IGUXY4JbK18bu9oD4mPIm;2026-04-05T17:12:07.110396
user_12_n8gq;6N22FZs2ZhPBYi3b9XPajV;2026-02-11T02:09:15.110396
user_13_o4ni;5FiXhM80sP4yg6tEnHkZZn;2026-02-14T21:58:19.110396
user_13_o4ni;499SvLeXfMRLhi6BSrPU3Y;2026-03-12T01:56:15.110396
user_13_o4ni;26wLOs3ZuHJa2Ihhx6QIE6;2026-03-29T07:30:32.110396
user_13_o4ni;2uThc9fZx2BEL3t6uuRMO1;2026-04-17T12:43:24.110396
user_13_o4ni;1v1oIWf2Xgh54kIWuKsDf6;2026-04-08T15:52:03.110396
user_13_o4ni;0IGUXY4JbK18bu9oD4mPIm;2026-02-07T18:27:41.110396
user_13_o4ni;2iUXsYOEPhVqEBwsqP70rE;2026-02-11T23:30:10.110396
user_13_o4ni;2uThc9fZx2BEL3t6uuRMO1;2026-02-12T05:42:45.110396
user_13_o4ni;0IGUXY4JbK18bu9oD4mPIm;2026-03-04T11:25:17.110396
user_13_o4ni;5FiXhM80sP4yg6tEnHkZZn;2026-04-17T05:51:33.110396
user_13_o4ni;1nocRtwyNPVtGcIJqfgdzZ;2026-04-04T10:49:40.110396
user_13_o4ni;2DmRXiyn03tOqKgEJXlaiJ;2026-03-18T04:38:15.110396
user_13_o4ni;5FiXhM80sP4yg6tEnHkZZn;2026-03-31T03:58:40.110396
user_13_o4ni;2DmRXiyn03tOqKgEJXlaiJ;2026-05-01T23:51:50.110396
user_13_o4ni;0IGUXY4JbK18bu9oD4mPIm;2026-04-29T23:35:02.110396
user_13_o4ni;47BBI51FKFwOMlIiX6m8ya;2026-04-12T14:54:39.110396
user_13_o4ni;28cnXtME493VX9NOw9cIUh;2026-04-21T14:46:43.110396
user_13_o4ni;5FiXhM80sP4yg6tEnHkZZn;2026-03-27T08:26:22.110396
user_13_o4ni;4VQNCzfZ3MdHEwwErNXpBo;2026-03-10T00:58:11.110396
user_14_y2wc;4jPy3l0RUwlUI9T5XHBW2m;2026-02-24T14:43:08.110396
user_14_y2wc;4jPy3l0RUwlUI9T5XHBW2m;2026-04-13T01:16:47.110396
user_14_y2wc;2DmRXiyn03tOqKgEJXlaiJ;2026-04-17T15:32:20.110396
user_14_y2wc;2iUXsYOEPhVqEBwsqP70rE;2026-04-30T17:31:45.110396
user_14_y2wc;2DmRXiyn03tOqKgEJXlaiJ;2026-04-05T09:22:41.110396
user_14_y2wc;1Ph96WpdjNlwD6iKRE2Xa3;2026-04-20T04:53:18.110396
user_14_y2wc;4jPy3l0RUwlUI9T5XHBW2m;2026-04-23T23:53:40.110396
user_14_y2wc;2DmRXiyn03tOqKgEJXlaiJ;2026-03-12T22:51:23.110396
user_14_y2wc;5FiXhM80sP4yg6tEnHkZZn;2026-04-02T18:02:18.110396
user_14_y2wc;5FiXhM80sP4yg6tEnHkZZn;2026-04-18T03:59:02.110396
user_14_y2wc;5FiXhM80sP4yg6tEnHkZZn;2026-04-22T18:49:22.110396
user_14_y2wc;4VQNCzfZ3MdHEwwErNXpBo;2026-04-21T09:43:22.110396
user_14_y2wc;5FiXhM80sP4yg6tEnHkZZn;2026-03-05T15:05:38.110396
user_14_y2wc;0IGUXY4JbK18bu9oD4mPIm;2026-03-09T01:10:03.110396
user_14_y2wc;776AftMmFFAWUIEAb3lHhw;2026-04-21T13:30:13.110396
user_14_y2wc;2DmRXiyn03tOqKgEJXlaiJ;2026-04-08T18:55:00.110396
user_14_y2wc;5FiXhM80sP4yg6tEnHkZZn;2026-02-20T04:34:33.110396
user_14_y2wc;4jPy3l0RUwlUI9T5XHBW2m;2026-02-10T11:09:22.110396
user_14_y2wc;1Ph96WpdjNlwD6iKRE2Xa3;2026-02-13T04:40:08.110396
user_14_y2wc;2DmRXiyn03tOqKgEJXlaiJ;2026-02-05T22:54:26.110396
user_14_y2wc;0XRbYXQUymj9SJkrr8YK5B;2026-02-07T09:10:53.110396
user_14_y2wc;0IGUXY4JbK18bu9oD4mPIm;2026-03-23T16:13:37.110396
user_14_y2wc;4jPy3l0RUwlUI9T5XHBW2m;2026-03-28T00:20:25.110396
user_14_y2wc;5FiXhM80sP4yg6tEnHkZZn;2026-03-19T15:07:02.110396
user_14_y2wc;1xzi1Jcr7mEi9K2RfzLOqS;2026-04-13T05:01:53.110396
user_14_y2wc;4jPy3l0RUwlUI9T5XHBW2m;2026-04-24T20:18:26.110396
user_14_y2wc;0IGUXY4JbK18bu9oD4mPIm;2026-02-13T21:58:21.110396
user_14_y2wc;7iL6o9tox1zgHpKUfh9vuC;2026-04-18T09:20:04.110396
user_14_y2wc;1xzi1Jcr7mEi9K2RfzLOqS;2026-04-07T23:18:47.110396
user_14_y2wc;5FiXhM80sP4yg6tEnHkZZn;2026-02-27T18:24:14.110396
user_14_y2wc;4jPy3l0RUwlUI9T5XHBW2m;2026-04-20T10:09:49.110396
user_14_y2wc;7CFfqRW50ffULvBv7lfIIg;2026-04-12T23:10:37.110396
user_14_y2wc;2DmRXiyn03tOqKgEJXlaiJ;2026-04-03T18:51:29.110396
user_14_y2wc;2DmRXiyn03tOqKgEJXlaiJ;2026-05-03T11:39:57.110396
user_14_y2wc;4jPy3l0RUwlUI9T5XHBW2m;2026-02-08T20:59:04.110396
user_14_y2wc;7mzPAftljnsFmU6131Pqcd;2026-02-12T04:28:21.110396
user_14_y2wc;5FiXhM80sP4yg6tEnHkZZn;2026-03-14T21:36:08.110396
user_14_y2wc;7mzPAftljnsFmU6131Pqcd;2026-04-25T11:36:18.110396
user_14_y2wc;3dbLT62Cvs46Ju7a8gpr36;2026-03-06T15:11:02.110396
user_14_y2wc;0IGUXY4JbK18bu9oD4mPIm;2026-02-12T18:29:16.110396
user_14_y2wc;4jPy3l0RUwlUI9T5XHBW2m;2026-04-15T03:03:10.110396
user_14_y2wc;4jPy3l0RUwlUI9T5XHBW2m;2026-02-15T13:56:55.110396
user_15_t9t2;2DmRXiyn03tOqKgEJXlaiJ;2026-04-05T08:40:07.110396
user_15_t9t2;7iL6o9tox1zgHpKUfh9vuC;2026-02-28T03:47:37.110396
user_15_t9t2;5vhrsx08dHh2QcVh1Rsiwt;2026-02-11T07:49:07.110396
user_15_t9t2;2DmRXiyn03tOqKgEJXlaiJ;2026-05-01T02:56:56.110396
user_15_t9t2;0IGUXY4JbK18bu9oD4mPIm;2026-03-25T05:30:53.110396
user_15_t9t2;2DmRXiyn03tOqKgEJXlaiJ;2026-02-09T19:53:51.110396
user_15_t9t2;0IGUXY4JbK18bu9oD4mPIm;2026-03-29T06:51:50.110396
user_15_t9t2;5FiXhM80sP4yg6tEnHkZZn;2026-04-06T09:50:35.110396
user_15_t9t2;5DqdesEfbRyOlSS3Tf6c29;2026-04-10T14:47:03.110396
user_15_t9t2;1xEpgyKx4ZHtefFAh0SmU5;2026-04-11T07:57:07.110396
user_15_t9t2;5FiXhM80sP4yg6tEnHkZZn;2026-03-09T13:19:41.110396
user_15_t9t2;0IGUXY4JbK18bu9oD4mPIm;2026-03-05T23:36:59.110396
user_15_t9t2;26wLOs3ZuHJa2Ihhx6QIE6;2026-04-11T01:56:00.110396
user_15_t9t2;2DmRXiyn03tOqKgEJXlaiJ;2026-02-15T03:26:47.110396
user_15_t9t2;2DmRXiyn03tOqKgEJXlaiJ;2026-04-25T22:13:39.110396
user_15_t9t2;4jPy3l0RUwlUI9T5XHBW2m;2026-03-09T09:18:26.110396
user_15_t9t2;2DmRXiyn03tOqKgEJXlaiJ;2026-04-28T00:20:46.110396
user_15_t9t2;4jPy3l0RUwlUI9T5XHBW2m;2026-03-21T19:36:11.110396
user_15_t9t2;5FiXhM80sP4yg6tEnHkZZn;2026-04-07T13:38:46.110396
user_15_t9t2;0IGUXY4JbK18bu9oD4mPIm;2026-03-21T09:18:47.110396
user_15_t9t2;0IGUXY4JbK18bu9oD4mPIm;2026-03-14T20:27:23.110396
user_15_t9t2;7iL6o9tox1zgHpKUfh9vuC;2026-03-18T17:19:34.110396
user_15_t9t2;2uThc9fZx2BEL3t6uuRMO1;2026-04-22T06:46:06.110396
user_15_t9t2;4jPy3l0RUwlUI9T5XHBW2m;2026-04-23T05:31:45.110396
user_15_t9t2;5v6qYImm5k36GHlFxdEZyv;2026-04-10T06:13:17.110396
user_15_t9t2;7jLbTp3qZzah9kMIdW8e5M;2026-03-26T06:57:30.110396
user_15_t9t2;2DmRXiyn03tOqKgEJXlaiJ;2026-02-17T05:43:45.110396
user_15_t9t2;4jPy3l0RUwlUI9T5XHBW2m;2026-04-05T11:21:04.110396
user_15_t9t2;5g9lS8deSIxItFBmZRC4vN;2026-04-05T19:50:55.110396
user_15_t9t2;2DmRXiyn03tOqKgEJXlaiJ;2026-02-27T08:21:59.110396
user_15_t9t2;4jPy3l0RUwlUI9T5XHBW2m;2026-02-27T02:30:21.110396
user_15_t9t2;0IGUXY4JbK18bu9oD4mPIm;2026-04-04T03:49:10.110396
user_15_t9t2;4jPy3l0RUwlUI9T5XHBW2m;2026-03-24T12:05:46.110396
user_15_t9t2;7ycWLEP1GsNjVvcjawXz3z;2026-04-05T18:37:14.110396
user_15_t9t2;1ofhfV90EnYhEr7Un2fWiv;2026-02-18T06:16:32.110396
user_15_t9t2;7Fq9RwQxSn3kW85PrDUf0M;2026-04-29T03:49:29.110396
user_15_t9t2;2mgzUVvDpb1zMSB4glLQ6T;2026-02-14T22:51:53.110396
user_15_t9t2;3e9HZxeyfWwjeyPAMmWSSQ;2026-02-06T01:36:50.110396
user_16_in6d;0IGUXY4JbK18bu9oD4mPIm;2026-03-16T09:01:18.110396
user_16_in6d;7Fq9RwQxSn3kW85PrDUf0M;2026-03-14T22:51:39.110396
user_16_in6d;1RTYixE1DD3g3upEpmCJpa;2026-02-28T11:27:12.110396
user_16_in6d;2iUXsYOEPhVqEBwsqP70rE;2026-03-07T23:03:56.110396
user_16_in6d;0IGUXY4JbK18bu9oD4mPIm;2026-03-24T04:45:43.110396
user_16_in6d;4jPy3l0RUwlUI9T5XHBW2m;2026-05-05T17:59:50.110396
user_16_in6d;7iL6o9tox1zgHpKUfh9vuC;2026-03-06T17:14:57.110396
user_16_in6d;7iL6o9tox1zgHpKUfh9vuC;2026-02-12T04:11:05.110396
user_16_in6d;2DmRXiyn03tOqKgEJXlaiJ;2026-04-18T01:32:43.110396
user_16_in6d;6ocbgoVGwYJhOv1GgI9NsF;2026-03-24T13:37:01.110396
user_16_in6d;2DmRXiyn03tOqKgEJXlaiJ;2026-02-24T07:09:52.110396
user_16_in6d;2DmRXiyn03tOqKgEJXlaiJ;2026-04-02T20:36:02.110396
user_16_in6d;2DmRXiyn03tOqKgEJXlaiJ;2026-03-31T03:54:54.110396
user_16_in6d;0IGUXY4JbK18bu9oD4mPIm;2026-04-03T03:52:40.110396
user_16_in6d;7iL6o9tox1zgHpKUfh9vuC;2026-03-13T02:33:03.110396
user_16_in6d;4v7riPZWyAclrOfUSwD0zp;2026-02-15T09:10:52.110396
user_16_in6d;2DmRXiyn03tOqKgEJXlaiJ;2026-04-21T03:20:44.110396
user_16_in6d;3ia3dJETSOllPsv3LJkE35;2026-03-04T09:51:30.110396
user_16_in6d;4AE7Lj39VnSZNOmGH2iZaq;2026-04-17T21:43:56.110396
user_16_in6d;5FiXhM80sP4yg6tEnHkZZn;2026-04-04T10:19:19.110396
user_16_in6d;5FiXhM80sP4yg6tEnHkZZn;2026-04-13T09:53:31.110396
user_16_in6d;0oA9wBGDY4uyILLg4GymWP;2026-04-03T16:51:33.110396
user_16_in6d;7ycWLEP1GsNjVvcjawXz3z;2026-02-21T06:35:31.110396
user_16_in6d;4jPy3l0RUwlUI9T5XHBW2m;2026-02-16T00:26:02.110396
user_16_in6d;6LwrEZNkvFTOypNwSLjuaJ;2026-03-11T05:25:59.110396
user_16_in6d;5FiXhM80sP4yg6tEnHkZZn;2026-04-25T12:41:58.110396
user_17_j6wr;5g9lS8deSIxItFBmZRC4vN;2026-04-03T22:09:12.110396
user_17_j6wr;41P6Tnd8KIHqON0QIydx6a;2026-02-21T06:14:50.110396
user_17_j6wr;3ia3dJETSOllPsv3LJkE35;2026-03-21T19:52:11.110396
user_17_j6wr;2DmRXiyn03tOqKgEJXlaiJ;2026-03-17T18:43:35.110396
user_17_j6wr;0IGUXY4JbK18bu9oD4mPIm;2026-04-06T14:35:36.110396
user_17_j6wr;2zoobJFEB9h15fjYjRd6oP;2026-02-24T23:17:29.110396
user_17_j6wr;4jPy3l0RUwlUI9T5XHBW2m;2026-04-14T23:37:29.110396
user_17_j6wr;4jPy3l0RUwlUI9T5XHBW2m;2026-03-23T11:47:15.110396
user_17_j6wr;26wLOs3ZuHJa2Ihhx6QIE6;2026-03-02T07:19:52.110396
user_17_j6wr;0IGUXY4JbK18bu9oD4mPIm;2026-04-18T20:28:46.110396
user_17_j6wr;0YU17F0BlVXvmx5ytsR43w;2026-04-08T11:00:48.110396
user_17_j6wr;7iL6o9tox1zgHpKUfh9vuC;2026-03-20T00:24:28.110396
user_17_j6wr;3kdlVcMVsSkbsUy8eQcBjI;2026-04-09T07:33:21.110396
user_17_j6wr;7iL6o9tox1zgHpKUfh9vuC;2026-03-30T03:06:44.110396
user_17_j6wr;0IGUXY4JbK18bu9oD4mPIm;2026-02-20T22:39:02.110396
user_17_j6wr;2DmRXiyn03tOqKgEJXlaiJ;2026-02-08T14:31:24.110396
user_17_j6wr;1almCHdsfikRPfVB9VrEdT;2026-02-06T02:13:08.110396
user_17_j6wr;1I4lCSP69P74nU3a6Su5L2;2026-02-25T09:14:41.110396
user_17_j6wr;7ycWLEP1GsNjVvcjawXz3z;2026-03-10T12:37:50.110396
user_17_j6wr;0IGUXY4JbK18bu9oD4mPIm;2026-03-29T19:59:59.110396
user_17_j6wr;0IGUXY4JbK18bu9oD4mPIm;2026-02-07T08:42:45.110396
user_17_j6wr;5z6xHjCZr7a7AIcy8sPBKy;2026-04-20T03:15:09.110396
user_17_j6wr;2bjQvSk5T3A2dmnqqeRhzI;2026-04-01T21:56:00.110396
user_17_j6wr;2iUXsYOEPhVqEBwsqP70rE;2026-04-28T07:20:18.110396
user_18_r3u6;21RzyxY3EFaxVy6K4RqaU9;2026-03-25T14:40:39.110396
user_18_r3u6;4jPy3l0RUwlUI9T5XHBW2m;2026-04-23T13:24:39.110396
user_18_r3u6;0IGUXY4JbK18bu9oD4mPIm;2026-04-20T06:58:44.110396
user_18_r3u6;1t2qYCAjUAoGfeFeoBlK51;2026-04-22T07:37:48.110396
user_18_r3u6;0IGUXY4JbK18bu9oD4mPIm;2026-02-21T17:12:05.110396
user_18_r3u6;0IGUXY4JbK18bu9oD4mPIm;2026-04-23T22:28:35.110396
user_18_r3u6;7Dk8r4VR5NoveUvTiCKEXC;2026-03-22T20:43:26.110396
user_18_r3u6;2DmRXiyn03tOqKgEJXlaiJ;2026-03-26T23:55:44.110396
user_18_r3u6;0IGUXY4JbK18bu9oD4mPIm;2026-04-02T02:53:23.110396
user_18_r3u6;0IGUXY4JbK18bu9oD4mPIm;2026-03-19T16:23:51.110396
user_18_r3u6;4jPy3l0RUwlUI9T5XHBW2m;2026-03-12T06:01:28.110396
user_18_r3u6;5FiXhM80sP4yg6tEnHkZZn;2026-02-28T20:57:39.110396
user_18_r3u6;4jPy3l0RUwlUI9T5XHBW2m;2026-02-06T03:50:37.110396
user_18_r3u6;2DmRXiyn03tOqKgEJXlaiJ;2026-03-24T04:51:27.110396
user_18_r3u6;2DmRXiyn03tOqKgEJXlaiJ;2026-03-02T20:31:32.110396
user_18_r3u6;1xzi1Jcr7mEi9K2RfzLOqS;2026-03-23T10:19:39.110396
user_18_r3u6;5DqdesEfbRyOlSS3Tf6c29;2026-02-21T18:10:05.110396
user_18_r3u6;5FiXhM80sP4yg6tEnHkZZn;2026-04-03T14:06:08.110396
user_18_r3u6;3XVBdLihbNbxUwZosxcGuJ;2026-02-21T23:15:16.110396
user_18_r3u6;0IGUXY4JbK18bu9oD4mPIm;2026-03-01T23:53:57.110396
user_18_r3u6;2uThc9fZx2BEL3t6uuRMO1;2026-03-04T06:01:46.110396
user_18_r3u6;1ofhfV90EnYhEr7Un2fWiv;2026-05-04T22:42:00.110396
user_18_r3u6;2DmRXiyn03tOqKgEJXlaiJ;2026-04-11T11:44:03.110396
user_18_r3u6;7ycWLEP1GsNjVvcjawXz3z;2026-04-30T02:17:03.110396
user_18_r3u6;2DmRXiyn03tOqKgEJXlaiJ;2026-04-06T18:18:03.110396
user_18_r3u6;0IGUXY4JbK18bu9oD4mPIm;2026-02-22T14:14:31.110396
user_18_r3u6;5FiXhM80sP4yg6tEnHkZZn;2026-02-19T07:29:54.110396
user_18_r3u6;26wLOs3ZuHJa2Ihhx6QIE6;2026-04-07T18:28:37.110396
user_18_r3u6;2DmRXiyn03tOqKgEJXlaiJ;2026-04-15T01:05:30.110396
user_18_r3u6;2uThc9fZx2BEL3t6uuRMO1;2026-03-07T20:37:14.110396
user_18_r3u6;7mzPAftljnsFmU6131Pqcd;2026-04-22T21:19:15.110396
user_18_r3u6;0IGUXY4JbK18bu9oD4mPIm;2026-03-12T17:55:42.110396
user_18_r3u6;26wLOs3ZuHJa2Ihhx6QIE6;2026-04-13T02:11:06.110396
user_18_r3u6;4jPy3l0RUwlUI9T5XHBW2m;2026-03-16T05:17:00.110396
user_18_r3u6;1almCHdsfikRPfVB9VrEdT;2026-02-08T04:22:48.110396
user_18_r3u6;5FiXhM80sP4yg6tEnHkZZn;2026-02-25T14:24:45.110396
user_18_r3u6;0IGUXY4JbK18bu9oD4mPIm;2026-04-11T15:34:57.110396
user_18_r3u6;4jPy3l0RUwlUI9T5XHBW2m;2026-03-13T03:51:37.110396
user_18_r3u6;5FiXhM80sP4yg6tEnHkZZn;2026-03-05T19:17:08.110396
user_19_qa1x;5FiXhM80sP4yg6tEnHkZZn;2026-03-19T02:05:55.110396
user_19_qa1x;0IGUXY4JbK18bu9oD4mPIm;2026-04-25T19:03:39.110396
user_19_qa1x;7iL6o9tox1zgHpKUfh9vuC;2026-03-26T15:41:41.110396
user_19_qa1x;6tDxrq4FxEL2q15y37tXT9;2026-02-25T15:40:11.110396
user_19_qa1x;66sBTYlkaiyBwf4fhbIHlZ;2026-03-26T18:35:49.110396
user_19_qa1x;0IGUXY4JbK18bu9oD4mPIm;2026-05-03T14:36:25.110396
user_19_qa1x;3F5CgOj3wFlRv51JsHbxhe;2026-04-22T00:43:54.110396
user_19_qa1x;2uThc9fZx2BEL3t6uuRMO1;2026-03-07T01:59:43.110396
user_19_qa1x;5FiXhM80sP4yg6tEnHkZZn;2026-03-27T17:51:21.110396
user_19_qa1x;7mzPAftljnsFmU6131Pqcd;2026-03-12T01:29:52.110396
user_19_qa1x;0IGUXY4JbK18bu9oD4mPIm;2026-02-08T14:40:25.110396
user_19_qa1x;5FiXhM80sP4yg6tEnHkZZn;2026-02-26T00:54:39.110396
user_19_qa1x;4jPy3l0RUwlUI9T5XHBW2m;2026-02-06T06:50:22.110396
user_19_qa1x;7iL6o9tox1zgHpKUfh9vuC;2026-03-28T19:17:06.110396
user_19_qa1x;4jPy3l0RUwlUI9T5XHBW2m;2026-02-15T13:38:53.110396
user_19_qa1x;0IGUXY4JbK18bu9oD4mPIm;2026-02-27T21:59:27.110396
user_19_qa1x;4jPy3l0RUwlUI9T5XHBW2m;2026-02-18T07:54:08.110396
user_19_qa1x;6tDxrq4FxEL2q15y37tXT9;2026-03-12T08:26:00.110396
user_19_qa1x;4jPy3l0RUwlUI9T5XHBW2m;2026-03-10T01:08:44.110396
user_19_qa1x;2DmRXiyn03tOqKgEJXlaiJ;2026-03-06T00:26:07.110396
user_19_qa1x;6wfb4nI2Vih263JqC8WSoW;2026-03-08T21:34:12.110396
user_19_qa1x;2DmRXiyn03tOqKgEJXlaiJ;2026-04-05T00:03:11.110396
user_19_qa1x;0IGUXY4JbK18bu9oD4mPIm;2026-02-22T07:34:40.110396
user_19_qa1x;2DmRXiyn03tOqKgEJXlaiJ;2026-03-28T03:31:35.110396
user_19_qa1x;1v1oIWf2Xgh54kIWuKsDf6;2026-03-30T02:35:43.110396
user_19_qa1x;2DmRXiyn03tOqKgEJXlaiJ;2026-04-26T07:14:22.110396
user_19_qa1x;0IGUXY4JbK18bu9oD4mPIm;2026-03-08T22:38:09.110396
user_19_qa1x;4jPy3l0RUwlUI9T5XHBW2m;2026-04-17T07:56:38.110396
user_19_qa1x;4jPy3l0RUwlUI9T5XHBW2m;2026-04-20T16:08:03.110396
user_19_qa1x;0IGUXY4JbK18bu9oD4mPIm;2026-04-02T19:06:25.110396
user_20_1ukk;4jPy3l0RUwlUI9T5XHBW2m;2026-02-10T10:39:44.110396
user_20_1ukk;5FiXhM80sP4yg6tEnHkZZn;2026-03-28T10:35:21.110396
user_20_1ukk;0Z2J91b2iTGLVTZC4fKgxf;2026-03-07T12:10:40.110396
user_20_1ukk;5FiXhM80sP4yg6tEnHkZZn;2026-02-14T07:59:38.110396
user_20_1ukk;4jPy3l0RUwlUI9T5XHBW2m;2026-05-01T22:37:32.110396
user_20_1ukk;5FiXhM80sP4yg6tEnHkZZn;2026-02-23T23:48:42.110396
user_20_1ukk;2uThc9fZx2BEL3t6uuRMO1;2026-04-28T04:51:25.110396
user_20_1ukk;4jPy3l0RUwlUI9T5XHBW2m;2026-04-18T17:07:30.110396
user_20_1ukk;5sra5UY6sD658OabHL3QtI;2026-04-25T04:54:48.110396
user_20_1ukk;0IGUXY4JbK18bu9oD4mPIm;2026-05-01T14:23:58.110396
user_20_1ukk;1t2qYCAjUAoGfeFeoBlK51;2026-03-10T18:52:04.110396
user_20_1ukk;4jPy3l0RUwlUI9T5XHBW2m;2026-03-27T05:53:36.110396
user_20_1ukk;2DmRXiyn03tOqKgEJXlaiJ;2026-02-22T18:09:51.110396
user_20_1ukk;2DmRXiyn03tOqKgEJXlaiJ;2026-03-06T21:49:40.110396
user_20_1ukk;2zrhoHlFKxFTRF5aMyxMoQ;2026-04-01T13:41:06.110396
user_20_1ukk;1xzi1Jcr7mEi9K2RfzLOqS;2026-02-12T20:50:01.110396
user_20_1ukk;7jLbTp3qZzah9kMIdW8e5M;2026-05-02T10:06:04.110396
user_20_1ukk;0IGUXY4JbK18bu9oD4mPIm;2026-03-14T17:00:41.110396
user_20_1ukk;4ZHGRFGwjnEIXHG2FhcDPv;2026-04-24T12:01:54.110396
user_20_1ukk;26wLOs3ZuHJa2Ihhx6QIE6;2026-05-06T11:40:30.110396
user_20_1ukk;5FiXhM80sP4yg6tEnHkZZn;2026-02-07T06:17:39.110396
user_20_1ukk;2DmRXiyn03tOqKgEJXlaiJ;2026-04-01T05:58:06.110396
user_20_1ukk;4jPy3l0RUwlUI9T5XHBW2m;2026-03-25T17:33:30.110396
user_21_vvpu;2DmRXiyn03tOqKgEJXlaiJ;2026-03-28T06:07:22.110396
user_21_vvpu;0Z2J91b2iTGLVTZC4fKgxf;2026-04-17T02:54:35.110396
user_21_vvpu;4jPy3l0RUwlUI9T5XHBW2m;2026-04-24T09:28:39.110396
user_21_vvpu;47BBI51FKFwOMlIiX6m8ya;2026-02-25T07:32:41.110396
user_21_vvpu;5FiXhM80sP4yg6tEnHkZZn;2026-04-28T05:59:52.110396
user_21_vvpu;6T689Jvh5KrSXyaPtUWZtQ;2026-05-01T19:59:50.110396
user_21_vvpu;4jPy3l0RUwlUI9T5XHBW2m;2026-04-11T23:29:30.110396
user_21_vvpu;4jPy3l0RUwlUI9T5XHBW2m;2026-04-01T23:42:41.110396
user_21_vvpu;5FiXhM80sP4yg6tEnHkZZn;2026-04-06T20:51:56.110396
user_21_vvpu;7iL6o9tox1zgHpKUfh9vuC;2026-02-15T23:02:24.110396
user_21_vvpu;5FiXhM80sP4yg6tEnHkZZn;2026-03-21T16:11:23.110396
user_21_vvpu;2DmRXiyn03tOqKgEJXlaiJ;2026-04-05T13:32:35.110396
user_21_vvpu;2DmRXiyn03tOqKgEJXlaiJ;2026-03-20T14:22:15.110396
user_21_vvpu;5FiXhM80sP4yg6tEnHkZZn;2026-03-19T00:01:20.110396
user_21_vvpu;4jPy3l0RUwlUI9T5XHBW2m;2026-03-08T16:25:37.110396
user_21_vvpu;4jPy3l0RUwlUI9T5XHBW2m;2026-03-03T18:36:56.110396
user_21_vvpu;0IGUXY4JbK18bu9oD4mPIm;2026-03-07T09:48:11.110396
user_21_vvpu;2DmRXiyn03tOqKgEJXlaiJ;2026-03-03T03:38:29.110396
user_21_vvpu;4jPy3l0RUwlUI9T5XHBW2m;2026-04-27T05:07:56.110396
user_21_vvpu;1xzi1Jcr7mEi9K2RfzLOqS;2026-03-28T13:06:18.110396
user_21_vvpu;4jPy3l0RUwlUI9T5XHBW2m;2026-04-25T02:45:50.110396
user_21_vvpu;6AOrC7t2WS5ykYcnoHpiS2;2026-03-03T14:19:50.110396
user_21_vvpu;2iUXsYOEPhVqEBwsqP70rE;2026-04-20T23:50:24.110396
user_21_vvpu;5sra5UY6sD658OabHL3QtI;2026-04-16T18:59:47.110396
user_21_vvpu;2DmRXiyn03tOqKgEJXlaiJ;2026-03-24T12:41:56.110396
user_21_vvpu;1almCHdsfikRPfVB9VrEdT;2026-03-22T05:11:12.110396
user_21_vvpu;5sra5UY6sD658OabHL3QtI;2026-03-27T19:59:51.110396
user_21_vvpu;4jPy3l0RUwlUI9T5XHBW2m;2026-02-25T00:19:41.110396
user_21_vvpu;2DmRXiyn03tOqKgEJXlaiJ;2026-03-03T10:24:57.110396
user_21_vvpu;7iL6o9tox1zgHpKUfh9vuC;2026-04-15T11:41:40.110396
user_21_vvpu;0IGUXY4JbK18bu9oD4mPIm;2026-03-14T00:20:53.110396
user_21_vvpu;2DmRXiyn03tOqKgEJXlaiJ;2026-03-05T00:52:20.110396
user_21_vvpu;2DmRXiyn03tOqKgEJXlaiJ;2026-02-28T02:56:41.110396
user_21_vvpu;26wLOs3ZuHJa2Ihhx6QIE6;2026-03-15T11:32:14.110396
user_21_vvpu;3ia3dJETSOllPsv3LJkE35;2026-04-06T20:14:20.110396
user_21_vvpu;2DmRXiyn03tOqKgEJXlaiJ;2026-04-21T05:20:54.110396
user_21_vvpu;2iUXsYOEPhVqEBwsqP70rE;2026-03-22T02:58:14.110396
user_21_vvpu;2iUXsYOEPhVqEBwsqP70rE;2026-03-07T02:01:13.110396
user_21_vvpu;4jPy3l0RUwlUI9T5XHBW2m;2026-04-26T21:12:09.110396
user_21_vvpu;26wLOs3ZuHJa2Ihhx6QIE6;2026-03-01T16:59:55.110396
user_21_vvpu;2q0VexHJirnUPnEOhr2DxK;2026-04-28T02:52:08.110396
user_21_vvpu;5FiXhM80sP4yg6tEnHkZZn;2026-03-17T05:55:10.110396
user_21_vvpu;7iL6o9tox1zgHpKUfh9vuC;2026-04-16T05:57:23.110396
user_21_vvpu;5FiXhM80sP4yg6tEnHkZZn;2026-02-19T06:38:54.110396
user_21_vvpu;2DmRXiyn03tOqKgEJXlaiJ;2026-03-25T21:25:54.110396
user_21_vvpu;5DqdesEfbRyOlSS3Tf6c29;2026-02-07T05:36:25.110396
user_22_sy7o;5FiXhM80sP4yg6tEnHkZZn;2026-03-03T06:48:17.110396
user_22_sy7o;2DmRXiyn03tOqKgEJXlaiJ;2026-03-31T04:07:28.110396
user_22_sy7o;47BBI51FKFwOMlIiX6m8ya;2026-03-02T10:56:38.110396
user_22_sy7o;4FvJysAX0y4TfHE9CIprrx;2026-04-15T05:01:32.110396
user_22_sy7o;2DmRXiyn03tOqKgEJXlaiJ;2026-04-28T07:50:36.110396
user_22_sy7o;2DmRXiyn03tOqKgEJXlaiJ;2026-03-19T08:54:43.110396
user_22_sy7o;5FiXhM80sP4yg6tEnHkZZn;2026-02-28T23:32:12.110396
user_22_sy7o;0XRbYXQUymj9SJkrr8YK5B;2026-03-27T19:22:49.110396
user_22_sy7o;0IGUXY4JbK18bu9oD4mPIm;2026-04-08T22:21:20.110396
user_22_sy7o;0IGUXY4JbK18bu9oD4mPIm;2026-04-06T02:32:01.110396
user_22_sy7o;5FiXhM80sP4yg6tEnHkZZn;2026-02-16T15:09:59.110396
user_22_sy7o;5FiXhM80sP4yg6tEnHkZZn;2026-04-30T19:28:43.110396
user_22_sy7o;6L1V0LvpXBJ7QptKuLUj3v;2026-04-05T02:04:03.110396
user_22_sy7o;4jPy3l0RUwlUI9T5XHBW2m;2026-02-18T02:48:21.110396
user_22_sy7o;5FiXhM80sP4yg6tEnHkZZn;2026-04-29T13:10:17.110396
user_22_sy7o;2DmRXiyn03tOqKgEJXlaiJ;2026-02-05T13:43:47.110396
user_22_sy7o;5FiXhM80sP4yg6tEnHkZZn;2026-04-28T06:31:31.110396
user_23_jnzm;3kdlVcMVsSkbsUy8eQcBjI;2026-04-26T07:52:06.110396
user_23_jnzm;4jPy3l0RUwlUI9T5XHBW2m;2026-05-06T10:33:12.110396
user_23_jnzm;1wsZ0cp5He4Wm4yohNjwIs;2026-04-01T21:03:26.110396
user_23_jnzm;7iL6o9tox1zgHpKUfh9vuC;2026-02-23T07:59:37.110396
user_23_jnzm;5FiXhM80sP4yg6tEnHkZZn;2026-04-27T14:46:22.110396
user_23_jnzm;5FiXhM80sP4yg6tEnHkZZn;2026-04-15T19:26:14.110396
user_23_jnzm;0IGUXY4JbK18bu9oD4mPIm;2026-02-13T22:05:49.110396
user_23_jnzm;7iL6o9tox1zgHpKUfh9vuC;2026-02-26T06:55:45.110396
user_23_jnzm;1Ph96WpdjNlwD6iKRE2Xa3;2026-03-11T00:53:05.110396
user_23_jnzm;5FiXhM80sP4yg6tEnHkZZn;2026-02-05T21:56:35.110396
user_23_jnzm;4sNG6zQBmtq7M8aeeKJRMQ;2026-04-25T02:39:23.110396
user_23_jnzm;6zDs6zI94L761vd0cVScTT;2026-03-31T17:11:50.110396
user_23_jnzm;5FiXhM80sP4yg6tEnHkZZn;2026-02-09T12:56:48.110396
user_23_jnzm;0IGUXY4JbK18bu9oD4mPIm;2026-04-12T12:59:44.110396
user_23_jnzm;4b2tcjrG1qUkSdsqEFP2dB;2026-02-18T00:52:32.110396
user_23_jnzm;1IqF5PUDUnaykHLs0RWbDO;2026-03-03T21:16:55.110396
user_23_jnzm;3ia3dJETSOllPsv3LJkE35;2026-04-13T02:49:20.110396
user_23_jnzm;4jPy3l0RUwlUI9T5XHBW2m;2026-04-08T00:47:23.110396
user_23_jnzm;4jPy3l0RUwlUI9T5XHBW2m;2026-04-03T18:06:05.110396
user_23_jnzm;7iL6o9tox1zgHpKUfh9vuC;2026-03-23T21:11:11.110396
user_23_jnzm;0XRbYXQUymj9SJkrr8YK5B;2026-04-13T02:23:46.110396
user_23_jnzm;2tMoOS9grHtn4upzb4LwMG;2026-04-06T04:18:51.110396
user_23_jnzm;2mgzUVvDpb1zMSB4glLQ6T;2026-04-02T06:09:05.110396
user_23_jnzm;5FiXhM80sP4yg6tEnHkZZn;2026-05-02T20:20:16.110396
user_23_jnzm;5FiXhM80sP4yg6tEnHkZZn;2026-02-11T12:21:09.110396
user_23_jnzm;0IGUXY4JbK18bu9oD4mPIm;2026-03-31T04:29:59.110396
user_23_jnzm;7sKt5Y2zJpYw78iAxndB8y;2026-03-15T00:45:31.110396
user_23_jnzm;3wNNbf63xkxw9rIVWtFy7a;2026-02-17T05:13:02.110396
user_23_jnzm;6IwKcFdiRQZOWeYNhUiWIv;2026-03-15T11:54:35.110396
user_23_jnzm;2DmRXiyn03tOqKgEJXlaiJ;2026-03-08T12:26:25.110396
user_23_jnzm;5FiXhM80sP4yg6tEnHkZZn;2026-03-09T06:17:45.110396
user_23_jnzm;1Ph96WpdjNlwD6iKRE2Xa3;2026-04-27T08:34:50.110396
user_23_jnzm;2nC3QhMI9reBIOWutbU3Tj;2026-04-04T11:08:07.110396
user_23_jnzm;0IGUXY4JbK18bu9oD4mPIm;2026-04-21T08:27:13.110396
user_23_jnzm;2iUXsYOEPhVqEBwsqP70rE;2026-03-30T19:08:14.110396
user_23_jnzm;2NWVdwbd2hPIzC2lyf4y63;2026-03-20T06:04:28.110396
user_23_jnzm;7rUchbZxrhF29Q0vYjKEU0;2026-04-14T11:44:43.110396
user_23_jnzm;10n66m41IGjA2ZulKPK7Ew;2026-02-15T22:00:47.110396
user_23_jnzm;2iUXsYOEPhVqEBwsqP70rE;2026-02-09T02:46:21.110396
user_23_jnzm;2DmRXiyn03tOqKgEJXlaiJ;2026-03-25T18:50:22.110396
user_23_jnzm;6vBMMa2erexusV4XrgXea9;2026-05-04T02:53:42.110396
user_23_jnzm;7iL6o9tox1zgHpKUfh9vuC;2026-04-29T08:25:59.110396
user_23_jnzm;6Im9k8u9iIzKMrmV7BWtlF;2026-04-12T03:09:33.110396
user_23_jnzm;2DmRXiyn03tOqKgEJXlaiJ;2026-04-16T21:51:04.110396
user_23_jnzm;4jPy3l0RUwlUI9T5XHBW2m;2026-04-04T10:14:19.110396
user_23_jnzm;0IGUXY4JbK18bu9oD4mPIm;2026-02-28T19:32:13.110396
user_23_jnzm;1170VohRSx6GwE6QDCHPPH;2026-04-18T01:03:10.110396
user_23_jnzm;0IGUXY4JbK18bu9oD4mPIm;2026-03-12T07:33:06.110396
user_23_jnzm;4jPy3l0RUwlUI9T5XHBW2m;2026-03-27T04:55:13.110396
user_24_lz1t;2DmRXiyn03tOqKgEJXlaiJ;2026-03-28T04:30:47.110396
user_24_lz1t;0IGUXY4JbK18bu9oD4mPIm;2026-04-04T17:24:33.110396
user_24_lz1t;5FiXhM80sP4yg6tEnHkZZn;2026-04-16T04:09:03.110396
user_24_lz1t;0IGUXY4JbK18bu9oD4mPIm;2026-02-18T09:28:33.110396
user_24_lz1t;2DmRXiyn03tOqKgEJXlaiJ;2026-02-12T02:52:39.110396
user_24_lz1t;5FiXhM80sP4yg6tEnHkZZn;2026-03-11T17:18:38.110396
user_24_lz1t;2DmRXiyn03tOqKgEJXlaiJ;2026-02-12T14:13:44.110396
user_24_lz1t;5FiXhM80sP4yg6tEnHkZZn;2026-04-12T02:19:10.110396
user_24_lz1t;7iL6o9tox1zgHpKUfh9vuC;2026-03-03T06:08:10.110396
user_24_lz1t;4jPy3l0RUwlUI9T5XHBW2m;2026-02-11T13:37:06.110396
user_24_lz1t;2DmRXiyn03tOqKgEJXlaiJ;2026-03-11T02:34:13.110396
user_24_lz1t;0IGUXY4JbK18bu9oD4mPIm;2026-04-08T12:46:40.110396
user_24_lz1t;2DmRXiyn03tOqKgEJXlaiJ;2026-04-13T00:17:20.110396
user_24_lz1t;5z6xHjCZr7a7AIcy8sPBKy;2026-03-23T14:16:28.110396
user_24_lz1t;7ycWLEP1GsNjVvcjawXz3z;2026-05-06T10:14:09.110396
user_24_lz1t;7ycWLEP1GsNjVvcjawXz3z;2026-03-15T09:38:29.110396
user_24_lz1t;4jPy3l0RUwlUI9T5XHBW2m;2026-03-01T10:33:57.110396
user_24_lz1t;7ycWLEP1GsNjVvcjawXz3z;2026-04-14T04:45:23.110396
user_24_lz1t;5Yx9t9RgATAtYoHN8gbRM0;2026-04-09T11:04:58.110396
user_24_lz1t;0IGUXY4JbK18bu9oD4mPIm;2026-05-05T09:19:56.110396
user_24_lz1t;6L1V0LvpXBJ7QptKuLUj3v;2026-02-25T12:51:25.110396
user_24_lz1t;4jPy3l0RUwlUI9T5XHBW2m;2026-03-03T06:21:44.110396
user_24_lz1t;7iL6o9tox1zgHpKUfh9vuC;2026-04-25T10:57:36.110396
user_25_5fhk;2DmRXiyn03tOqKgEJXlaiJ;2026-02-12T00:43:51.110396
user_25_5fhk;5z6xHjCZr7a7AIcy8sPBKy;2026-04-19T11:10:18.110396
user_25_5fhk;0IGUXY4JbK18bu9oD4mPIm;2026-03-17T17:06:54.110396
user_25_5fhk;0IGUXY4JbK18bu9oD4mPIm;2026-03-15T06:39:12.110396
user_25_5fhk;7ycWLEP1GsNjVvcjawXz3z;2026-04-17T14:19:52.110396
user_25_5fhk;5FiXhM80sP4yg6tEnHkZZn;2026-04-29T14:43:20.110396
user_25_5fhk;3fqwjXwUGN6vbzIwvyFMhx;2026-03-15T16:56:12.110396
user_25_5fhk;2DmRXiyn03tOqKgEJXlaiJ;2026-03-31T05:57:52.110396
user_25_5fhk;5z6xHjCZr7a7AIcy8sPBKy;2026-04-11T00:50:29.110396
user_25_5fhk;0IGUXY4JbK18bu9oD4mPIm;2026-03-02T05:47:30.110396
user_25_5fhk;4jPy3l0RUwlUI9T5XHBW2m;2026-04-04T19:09:54.110396
user_25_5fhk;2DmRXiyn03tOqKgEJXlaiJ;2026-03-01T15:09:52.110396
user_25_5fhk;2DmRXiyn03tOqKgEJXlaiJ;2026-04-29T10:48:30.110396
user_25_5fhk;4tYFy8ALRjIZvnvSLw5lxN;2026-02-28T01:17:38.110396
user_25_5fhk;2DmRXiyn03tOqKgEJXlaiJ;2026-04-11T22:07:48.110396
user_25_5fhk;69HzZ3ti9DLwb0GdWCGYSo;2026-02-07T22:13:57.110396
user_25_5fhk;0IGUXY4JbK18bu9oD4mPIm;2026-03-02T12:33:08.110396
user_25_5fhk;0IGUXY4JbK18bu9oD4mPIm;2026-02-08T21:29:47.110396
user_25_5fhk;2DmRXiyn03tOqKgEJXlaiJ;2026-04-09T17:55:20.110396
user_25_5fhk;7iL6o9tox1zgHpKUfh9vuC;2026-03-04T14:03:18.110396
user_25_5fhk;7iL6o9tox1zgHpKUfh9vuC;2026-04-23T09:05:11.110396
user_25_5fhk;6UBjSnyP1O5W5ndJoO9vUk;2026-03-15T14:11:15.110396
user_25_5fhk;1ofhfV90EnYhEr7Un2fWiv;2026-04-08T10:42:47.110396
user_25_5fhk;4jPy3l0RUwlUI9T5XHBW2m;2026-03-25T07:28:03.110396
user_25_5fhk;4jPy3l0RUwlUI9T5XHBW2m;2026-02-27T19:07:25.110396
user_25_5fhk;5FiXhM80sP4yg6tEnHkZZn;2026-04-12T14:27:41.110396
user_25_5fhk;2DmRXiyn03tOqKgEJXlaiJ;2026-04-17T02:15:56.110396
user_25_5fhk;2iUXsYOEPhVqEBwsqP70rE;2026-03-30T04:54:38.110396
user_25_5fhk;1xzi1Jcr7mEi9K2RfzLOqS;2026-03-02T05:13:03.110396
user_25_5fhk;4jPy3l0RUwlUI9T5XHBW2m;2026-03-20T02:50:24.110396
user_25_5fhk;5FiXhM80sP4yg6tEnHkZZn;2026-02-11T19:11:48.110396
user_25_5fhk;5FiXhM80sP4yg6tEnHkZZn;2026-03-18T12:15:05.110396
user_25_5fhk;2WTHLEVjfefbGoW7F3dXIg;2026-02-14T20:22:43.110396
user_25_5fhk;2DmRXiyn03tOqKgEJXlaiJ;2026-02-27T10:37:40.110396
user_25_5fhk;4VQNCzfZ3MdHEwwErNXpBo;2026-03-04T15:28:20.110396
user_26_qp7r;2iUXsYOEPhVqEBwsqP70rE;2026-02-23T10:31:33.110396
user_26_qp7r;47BBI51FKFwOMlIiX6m8ya;2026-03-05T04:38:56.110396
user_26_qp7r;1YGZyfvdgZxzipWoWYVKxi;2026-03-17T15:02:19.110396
user_26_qp7r;4jPy3l0RUwlUI9T5XHBW2m;2026-05-02T12:56:07.110396
user_26_qp7r;3dbLT62Cvs46Ju7a8gpr36;2026-03-28T05:06:18.110396
user_26_qp7r;2mzDRrBn6M6rWX4bGzd1uQ;2026-03-17T09:26:14.110396
user_26_qp7r;2DmRXiyn03tOqKgEJXlaiJ;2026-04-29T02:40:16.110396
user_26_qp7r;7iL6o9tox1zgHpKUfh9vuC;2026-04-16T07:54:40.110396
user_26_qp7r;2DmRXiyn03tOqKgEJXlaiJ;2026-04-22T07:38:09.110396
user_26_qp7r;0IGUXY4JbK18bu9oD4mPIm;2026-04-10T14:59:28.110396
user_26_qp7r;7jLbTp3qZzah9kMIdW8e5M;2026-03-03T21:02:14.110396
user_26_qp7r;2uThc9fZx2BEL3t6uuRMO1;2026-04-30T00:21:15.110396
user_26_qp7r;0IGUXY4JbK18bu9oD4mPIm;2026-03-17T04:29:58.110396
user_26_qp7r;5FiXhM80sP4yg6tEnHkZZn;2026-02-10T06:05:06.110396
user_26_qp7r;5FiXhM80sP4yg6tEnHkZZn;2026-04-16T04:55:45.110396
user_26_qp7r;6M47gaKejso9772SKTa3yH;2026-02-28T21:21:32.110396
user_26_qp7r;5FiXhM80sP4yg6tEnHkZZn;2026-02-14T09:06:30.110396
user_26_qp7r;2DmRXiyn03tOqKgEJXlaiJ;2026-03-09T22:52:44.110396
user_26_qp7r;4jPy3l0RUwlUI9T5XHBW2m;2026-04-03T20:01:08.110396
user_26_qp7r;4jPy3l0RUwlUI9T5XHBW2m;2026-04-23T10:54:22.110396
user_26_qp7r;2enPRFda84VE2wtI8c86Uf;2026-02-08T02:12:56.110396
user_26_qp7r;5FiXhM80sP4yg6tEnHkZZn;2026-03-10T20:29:09.110396
user_26_qp7r;2DmRXiyn03tOqKgEJXlaiJ;2026-03-28T17:24:07.110396
user_26_qp7r;0IGUXY4JbK18bu9oD4mPIm;2026-02-28T19:18:50.110396
user_26_qp7r;5FiXhM80sP4yg6tEnHkZZn;2026-04-19T07:12:40.110396
user_26_qp7r;396FqjKmViUZ92Wmm4rx3i;2026-04-18T06:38:50.110396
user_26_qp7r;4jPy3l0RUwlUI9T5XHBW2m;2026-04-19T00:17:00.110396
user_26_qp7r;1IqF5PUDUnaykHLs0RWbDO;2026-04-20T04:50:44.110396
user_26_qp7r;4jPy3l0RUwlUI9T5XHBW2m;2026-03-26T13:56:11.110396
user_26_qp7r;5uFqjHOo3Sh0bVPCKf3DdH;2026-04-30T15:03:35.110396
user_26_qp7r;4jPy3l0RUwlUI9T5XHBW2m;2026-02-11T03:22:15.110396
user_26_qp7r;0IGUXY4JbK18bu9oD4mPIm;2026-03-05T07:03:42.110396
user_26_qp7r;0IGUXY4JbK18bu9oD4mPIm;2026-02-08T17:09:04.110396
user_26_qp7r;2DmRXiyn03tOqKgEJXlaiJ;2026-03-08T20:46:49.110396
user_26_qp7r;0IGUXY4JbK18bu9oD4mPIm;2026-03-02T18:20:39.110396
user_26_qp7r;1xEpgyKx4ZHtefFAh0SmU5;2026-04-04T10:34:59.110396
user_26_qp7r;7mzPAftljnsFmU6131Pqcd;2026-04-15T14:45:11.110396
user_26_qp7r;2O9O26335YYVckmRgPKY3s;2026-03-10T19:59:51.110396
user_27_5x9f;2d8D7uk3tbAThjRkdfrx9c;2026-03-15T04:43:08.110396
user_27_5x9f;5FiXhM80sP4yg6tEnHkZZn;2026-02-18T12:13:16.110396
user_27_5x9f;7iL6o9tox1zgHpKUfh9vuC;2026-02-14T07:46:22.110396
user_27_5x9f;5vhrsx08dHh2QcVh1Rsiwt;2026-02-08T21:08:08.110396
user_27_5x9f;1Ph96WpdjNlwD6iKRE2Xa3;2026-02-16T14:40:34.110396
user_27_5x9f;0IGUXY4JbK18bu9oD4mPIm;2026-05-05T00:02:02.110396
user_27_5x9f;6LwrEZNkvFTOypNwSLjuaJ;2026-03-16T19:22:11.110396
user_27_5x9f;4jPy3l0RUwlUI9T5XHBW2m;2026-04-20T15:41:32.110396
user_27_5x9f;0IGUXY4JbK18bu9oD4mPIm;2026-04-25T22:40:58.110396
user_27_5x9f;2DmRXiyn03tOqKgEJXlaiJ;2026-03-19T00:44:53.110396
user_27_5x9f;5FiXhM80sP4yg6tEnHkZZn;2026-03-11T16:30:14.110396
user_27_5x9f;2DmRXiyn03tOqKgEJXlaiJ;2026-02-12T09:26:37.110396
user_27_5x9f;3XVBdLihbNbxUwZosxcGuJ;2026-04-27T02:52:44.110396
user_27_5x9f;1almCHdsfikRPfVB9VrEdT;2026-04-13T20:21:36.110396
user_27_5x9f;0IGUXY4JbK18bu9oD4mPIm;2026-03-30T00:39:58.110396
user_27_5x9f;1Ph96WpdjNlwD6iKRE2Xa3;2026-04-05T12:17:31.110396
user_27_5x9f;05bfbizlM5AX6Mf1RRyMho;2026-02-06T22:48:34.110396
user_27_5x9f;2DmRXiyn03tOqKgEJXlaiJ;2026-02-20T19:36:53.110396
user_27_5x9f;5FiXhM80sP4yg6tEnHkZZn;2026-03-23T09:21:10.110396
user_27_5x9f;6vBMMa2erexusV4XrgXea9;2026-02-27T03:47:13.110396
user_27_5x9f;3kdlVcMVsSkbsUy8eQcBjI;2026-04-01T02:31:32.110396
user_27_5x9f;0XRbYXQUymj9SJkrr8YK5B;2026-04-25T23:35:38.110396
user_27_5x9f;1Ph96WpdjNlwD6iKRE2Xa3;2026-03-17T06:04:31.110396
user_27_5x9f;2DmRXiyn03tOqKgEJXlaiJ;2026-02-09T12:17:53.110396
user_27_5x9f;4jPy3l0RUwlUI9T5XHBW2m;2026-03-10T14:09:01.110396
user_27_5x9f;1Ph96WpdjNlwD6iKRE2Xa3;2026-03-16T08:26:40.110396
user_27_5x9f;7DbdUf8aHSYoliSjO6LZv6;2026-03-08T01:21:27.110396
user_27_5x9f;5EOoMWIB9iK4ZpcSex9Ec7;2026-05-03T15:01:42.110396
user_27_5x9f;2zoobJFEB9h15fjYjRd6oP;2026-03-06T03:34:27.110396
user_27_5x9f;2vmfvSoZBFAt9hhRoEByLi;2026-03-14T06:46:36.110396
user_27_5x9f;4jPy3l0RUwlUI9T5XHBW2m;2026-03-29T17:10:09.110396
user_27_5x9f;4jPy3l0RUwlUI9T5XHBW2m;2026-02-18T15:06:06.110396
user_27_5x9f;1t2qYCAjUAoGfeFeoBlK51;2026-04-05T20:59:30.110396
user_27_5x9f;4jPy3l0RUwlUI9T5XHBW2m;2026-03-28T16:48:29.110396
user_27_5x9f;0E9ZjEAyAwOXZ7wJC0PD33;2026-02-05T18:09:44.110396
user_27_5x9f;2DmRXiyn03tOqKgEJXlaiJ;2026-03-12T09:29:10.110396
user_27_5x9f;2vmfvSoZBFAt9hhRoEByLi;2026-04-07T07:09:39.110396
user_27_5x9f;5FiXhM80sP4yg6tEnHkZZn;2026-04-12T18:04:10.110396
user_27_5x9f;0IGUXY4JbK18bu9oD4mPIm;2026-02-14T13:30:49.110396
user_27_5x9f;1RTYixE1DD3g3upEpmCJpa;2026-04-13T02:38:01.110396
user_27_5x9f;2iUXsYOEPhVqEBwsqP70rE;2026-04-13T13:56:05.110396
user_27_5x9f;0IGUXY4JbK18bu9oD4mPIm;2026-02-12T11:35:30.110396
user_27_5x9f;4jPy3l0RUwlUI9T5XHBW2m;2026-03-28T04:07:14.110396
user_27_5x9f;2iUXsYOEPhVqEBwsqP70rE;2026-05-04T17:47:52.110396
user_27_5x9f;7ycWLEP1GsNjVvcjawXz3z;2026-03-30T02:05:53.110396
user_27_5x9f;5FiXhM80sP4yg6tEnHkZZn;2026-04-03T18:22:44.110396
user_27_5x9f;1IqF5PUDUnaykHLs0RWbDO;2026-04-27T04:24:11.110396
user_28_pjcb;5FiXhM80sP4yg6tEnHkZZn;2026-04-08T00:26:15.110396
user_28_pjcb;0IGUXY4JbK18bu9oD4mPIm;2026-03-16T22:26:17.110396
user_28_pjcb;2DmRXiyn03tOqKgEJXlaiJ;2026-04-21T13:31:26.110396
user_28_pjcb;7ycWLEP1GsNjVvcjawXz3z;2026-04-12T00:59:43.110396
user_28_pjcb;26wLOs3ZuHJa2Ihhx6QIE6;2026-03-07T09:02:29.110396
user_28_pjcb;5FiXhM80sP4yg6tEnHkZZn;2026-04-29T03:03:01.110396
user_28_pjcb;4jPy3l0RUwlUI9T5XHBW2m;2026-02-08T08:53:24.110396
user_28_pjcb;396FqjKmViUZ92Wmm4rx3i;2026-02-27T13:20:22.110396
user_28_pjcb;1v1oIWf2Xgh54kIWuKsDf6;2026-03-18T02:55:49.110396
user_28_pjcb;76FZM38RC8XaAjJ77CVTNe;2026-02-16T21:30:32.110396
user_28_pjcb;0IGUXY4JbK18bu9oD4mPIm;2026-02-20T14:21:10.110396
user_28_pjcb;0Z2J91b2iTGLVTZC4fKgxf;2026-03-22T23:43:19.110396
user_28_pjcb;0IGUXY4JbK18bu9oD4mPIm;2026-02-28T08:24:24.110396
user_28_pjcb;0IGUXY4JbK18bu9oD4mPIm;2026-03-20T12:14:50.110396
user_28_pjcb;4jPy3l0RUwlUI9T5XHBW2m;2026-04-06T21:36:06.110396
user_28_pjcb;4jPy3l0RUwlUI9T5XHBW2m;2026-03-30T01:06:57.110396
user_28_pjcb;4jPy3l0RUwlUI9T5XHBW2m;2026-04-20T16:41:30.110396
user_28_pjcb;2DmRXiyn03tOqKgEJXlaiJ;2026-03-21T16:32:52.110396
user_28_pjcb;3dbLT62Cvs46Ju7a8gpr36;2026-02-22T02:05:12.110396
user_28_pjcb;2DmRXiyn03tOqKgEJXlaiJ;2026-04-11T18:42:05.110396
user_28_pjcb;5FiXhM80sP4yg6tEnHkZZn;2026-03-08T00:24:38.110396
user_28_pjcb;3TVUW7bJJWDOonkVCZxfLV;2026-04-25T03:49:10.110396
user_28_pjcb;1Ph96WpdjNlwD6iKRE2Xa3;2026-04-25T03:41:26.110396
user_28_pjcb;7ycWLEP1GsNjVvcjawXz3z;2026-03-24T11:47:27.110396
user_28_pjcb;2iUXsYOEPhVqEBwsqP70rE;2026-03-08T16:05:55.110396
user_28_pjcb;2WTHLEVjfefbGoW7F3dXIg;2026-02-23T02:54:58.110396
user_28_pjcb;5FiXhM80sP4yg6tEnHkZZn;2026-04-22T03:21:35.110396
user_28_pjcb;3ia3dJETSOllPsv3LJkE35;2026-02-14T10:03:19.110396
user_28_pjcb;396FqjKmViUZ92Wmm4rx3i;2026-05-05T18:59:52.110396
user_28_pjcb;7iL6o9tox1zgHpKUfh9vuC;2026-03-09T22:00:05.110396
user_28_pjcb;3pxCXv0NACYfYnLjFcQW5D;2026-02-12T01:08:30.110396
user_28_pjcb;4jPy3l0RUwlUI9T5XHBW2m;2026-03-12T09:39:55.110396
user_28_pjcb;4AE7Lj39VnSZNOmGH2iZaq;2026-04-20T18:57:09.110396
user_28_pjcb;1nocRtwyNPVtGcIJqfgdzZ;2026-03-06T12:35:59.110396
user_28_pjcb;3TVUW7bJJWDOonkVCZxfLV;2026-04-06T19:20:24.110396
user_28_pjcb;2DmRXiyn03tOqKgEJXlaiJ;2026-04-23T04:46:25.110396
user_28_pjcb;26wLOs3ZuHJa2Ihhx6QIE6;2026-04-29T20:45:33.110396
user_28_pjcb;7sKt5Y2zJpYw78iAxndB8y;2026-03-12T16:43:00.110396
user_28_pjcb;2DmRXiyn03tOqKgEJXlaiJ;2026-03-16T08:36:01.110396
user_28_pjcb;5FiXhM80sP4yg6tEnHkZZn;2026-02-18T10:50:51.110396
user_28_pjcb;5FiXhM80sP4yg6tEnHkZZn;2026-04-17T12:43:29.110396
user_28_pjcb;2DmRXiyn03tOqKgEJXlaiJ;2026-04-05T00:11:39.110396
user_29_l442;2DmRXiyn03tOqKgEJXlaiJ;2026-04-23T22:21:57.110396
user_29_l442;4jPy3l0RUwlUI9T5XHBW2m;2026-04-12T11:05:55.110396
user_29_l442;3kdlVcMVsSkbsUy8eQcBjI;2026-03-12T12:20:04.110396
user_29_l442;4jPy3l0RUwlUI9T5XHBW2m;2026-02-18T06:01:30.110396
user_29_l442;2DB4DdfCFMw1iaR6JaR03a;2026-02-24T17:22:20.110396
user_29_l442;2DmRXiyn03tOqKgEJXlaiJ;2026-02-28T22:37:07.110396
user_29_l442;6tDxrq4FxEL2q15y37tXT9;2026-04-25T23:39:25.110396
user_29_l442;0IGUXY4JbK18bu9oD4mPIm;2026-02-19T11:17:11.110396
user_29_l442;2DmRXiyn03tOqKgEJXlaiJ;2026-02-24T23:41:09.110396
user_29_l442;0IGUXY4JbK18bu9oD4mPIm;2026-03-28T05:56:51.110396
user_29_l442;5FiXhM80sP4yg6tEnHkZZn;2026-04-05T17:03:31.110396
user_29_l442;4jPy3l0RUwlUI9T5XHBW2m;2026-02-21T21:44:09.110396
user_29_l442;0IGUXY4JbK18bu9oD4mPIm;2026-03-22T05:29:11.110396
user_29_l442;1almCHdsfikRPfVB9VrEdT;2026-03-30T03:18:37.110396
user_29_l442;26wLOs3ZuHJa2Ihhx6QIE6;2026-02-07T02:13:12.110396
user_29_l442;4jPy3l0RUwlUI9T5XHBW2m;2026-04-23T10:12:47.110396
user_29_l442;1Ph96WpdjNlwD6iKRE2Xa3;2026-02-17T20:38:01.110396
user_29_l442;2DmRXiyn03tOqKgEJXlaiJ;2026-03-09T19:57:23.110396
user_29_l442;396FqjKmViUZ92Wmm4rx3i;2026-03-10T05:15:49.110396
user_29_l442;4ZHGRFGwjnEIXHG2FhcDPv;2026-04-08T00:06:48.110396
user_29_l442;4jPy3l0RUwlUI9T5XHBW2m;2026-03-06T01:54:23.110396
user_29_l442;4VQNCzfZ3MdHEwwErNXpBo;2026-04-02T18:54:48.110396
user_29_l442;7mzPAftljnsFmU6131Pqcd;2026-03-09T08:26:13.110396
user_29_l442;5FiXhM80sP4yg6tEnHkZZn;2026-03-04T16:20:28.110396
user_29_l442;5FiXhM80sP4yg6tEnHkZZn;2026-02-07T15:42:35.110396
user_29_l442;7iL6o9tox1zgHpKUfh9vuC;2026-04-28T00:53:23.110396
user_29_l442;5z6xHjCZr7a7AIcy8sPBKy;2026-04-20T22:35:22.110396
user_29_l442;5FiXhM80sP4yg6tEnHkZZn;2026-02-07T02:45:40.110396
user_29_l442;0IGUXY4JbK18bu9oD4mPIm;2026-04-02T16:48:33.110396
user_30_4zom;0IGUXY4JbK18bu9oD4mPIm;2026-04-23T02:14:37.110396
user_30_4zom;5FiXhM80sP4yg6tEnHkZZn;2026-04-07T19:02:33.110396
user_30_4zom;0IGUXY4JbK18bu9oD4mPIm;2026-03-11T19:10:18.110396
user_30_4zom;2DmRXiyn03tOqKgEJXlaiJ;2026-02-21T12:40:48.110396
user_30_4zom;2zoobJFEB9h15fjYjRd6oP;2026-03-22T03:32:26.110396
user_30_4zom;4jPy3l0RUwlUI9T5XHBW2m;2026-04-25T21:54:28.110396
user_30_4zom;4jPy3l0RUwlUI9T5XHBW2m;2026-02-22T01:20:34.110396
user_30_4zom;35mvY5S1H3J2QZyna3TFe0;2026-02-06T07:02:07.110396
user_30_4zom;7iL6o9tox1zgHpKUfh9vuC;2026-02-20T02:27:28.110396
user_30_4zom;2DmRXiyn03tOqKgEJXlaiJ;2026-04-10T04:45:50.110396
user_30_4zom;26wLOs3ZuHJa2Ihhx6QIE6;2026-04-29T21:01:52.110396
user_30_4zom;5FiXhM80sP4yg6tEnHkZZn;2026-02-25T09:49:09.110396
user_30_4zom;5DqdesEfbRyOlSS3Tf6c29;2026-03-14T04:41:08.110396
user_30_4zom;2DmRXiyn03tOqKgEJXlaiJ;2026-04-09T16:24:21.110396
user_30_4zom;4jPy3l0RUwlUI9T5XHBW2m;2026-02-12T12:03:13.110396
user_30_4zom;7jLbTp3qZzah9kMIdW8e5M;2026-02-25T22:58:43.110396
user_30_4zom;0IGUXY4JbK18bu9oD4mPIm;2026-02-14T22:04:37.110396
user_30_4zom;47BBI51FKFwOMlIiX6m8ya;2026-02-26T04:55:10.110396
user_30_4zom;2DmRXiyn03tOqKgEJXlaiJ;2026-05-03T13:17:39.110396
user_30_4zom;3h4T9Bg8OVSUYa6danHeH5;2026-04-20T07:01:35.110396
user_30_4zom;5sra5UY6sD658OabHL3QtI;2026-03-14T06:50:21.110396
user_30_4zom;5wwPdWKbDEiybmWkZqsGGn;2026-03-26T11:54:18.110396
user_30_4zom;3jsYQw78lrxJA2ysnmOIf9;2026-02-09T05:16:44.110396
user_30_4zom;0IGUXY4JbK18bu9oD4mPIm;2026-03-24T05:48:59.110396
user_30_4zom;0IGUXY4JbK18bu9oD4mPIm;2026-03-20T00:26:12.110396
user_30_4zom;4jPy3l0RUwlUI9T5XHBW2m;2026-03-23T08:07:24.110396
user_30_4zom;5FiXhM80sP4yg6tEnHkZZn;2026-03-12T18:46:45.110396
user_30_4zom;5g9lS8deSIxItFBmZRC4vN;2026-03-19T15:21:50.110396
user_30_4zom;2DmRXiyn03tOqKgEJXlaiJ;2026-02-21T12:46:33.110396
user_30_4zom;3GZD6HmiNUhxXYf8Gch723;2026-04-30T13:05:53.110396
user_30_4zom;6Ql7rNuoP90aIdgwQkPYBP;2026-04-26T10:47:21.110396
user_31_n41v;5FiXhM80sP4yg6tEnHkZZn;2026-04-27T03:15:17.110396
user_31_n41v;0IGUXY4JbK18bu9oD4mPIm;2026-04-08T00:45:24.110396
user_31_n41v;4jPy3l0RUwlUI9T5XHBW2m;2026-04-16T20:38:26.110396
user_31_n41v;1ofhfV90EnYhEr7Un2fWiv;2026-03-06T04:03:54.110396
user_31_n41v;4jPy3l0RUwlUI9T5XHBW2m;2026-02-25T04:38:39.110396
user_31_n41v;0IGUXY4JbK18bu9oD4mPIm;2026-04-10T01:20:32.110396
user_31_n41v;5FiXhM80sP4yg6tEnHkZZn;2026-03-19T22:05:01.110396
user_31_n41v;2iUXsYOEPhVqEBwsqP70rE;2026-03-24T22:34:16.110396
user_31_n41v;0IGUXY4JbK18bu9oD4mPIm;2026-02-20T15:34:29.110396
user_31_n41v;0IGUXY4JbK18bu9oD4mPIm;2026-05-01T16:53:49.110396
user_31_n41v;6tDxrq4FxEL2q15y37tXT9;2026-03-01T04:32:11.110396
user_31_n41v;2DmRXiyn03tOqKgEJXlaiJ;2026-05-06T04:45:35.110396
user_31_n41v;429NtPmr12aypzFH3FkN9l;2026-02-27T14:13:50.110396
user_31_n41v;3dbLT62Cvs46Ju7a8gpr36;2026-03-26T03:28:08.110396
user_31_n41v;2iUXsYOEPhVqEBwsqP70rE;2026-05-01T02:24:15.110396
user_31_n41v;4jPy3l0RUwlUI9T5XHBW2m;2026-02-10T09:12:13.110396
user_31_n41v;7mzPAftljnsFmU6131Pqcd;2026-03-04T10:18:28.110396
user_31_n41v;4jPy3l0RUwlUI9T5XHBW2m;2026-02-12T16:21:13.110396
user_31_n41v;4jPy3l0RUwlUI9T5XHBW2m;2026-05-06T08:14:17.110396
user_31_n41v;2uThc9fZx2BEL3t6uuRMO1;2026-02-18T19:37:09.110396
user_31_n41v;2DmRXiyn03tOqKgEJXlaiJ;2026-02-26T12:23:20.110396
user_31_n41v;5uFqjHOo3Sh0bVPCKf3DdH;2026-02-16T15:13:57.110396
user_32_u1wc;5FiXhM80sP4yg6tEnHkZZn;2026-04-08T12:10:54.110396
user_32_u1wc;0IGUXY4JbK18bu9oD4mPIm;2026-03-19T00:09:13.110396
user_32_u1wc;7rUchbZxrhF29Q0vYjKEU0;2026-04-05T06:03:35.110396
user_32_u1wc;7mzPAftljnsFmU6131Pqcd;2026-03-12T22:34:15.110396
user_32_u1wc;4jPy3l0RUwlUI9T5XHBW2m;2026-02-22T08:29:35.110396
user_32_u1wc;1ofhfV90EnYhEr7Un2fWiv;2026-03-22T19:39:29.110396
user_32_u1wc;1RTYixE1DD3g3upEpmCJpa;2026-04-05T20:57:05.110396
user_32_u1wc;7CFfqRW50ffULvBv7lfIIg;2026-04-06T15:21:02.110396
user_32_u1wc;0IGUXY4JbK18bu9oD4mPIm;2026-03-12T10:14:14.110396
user_32_u1wc;0IGUXY4JbK18bu9oD4mPIm;2026-04-27T13:48:43.110396
user_32_u1wc;5FiXhM80sP4yg6tEnHkZZn;2026-02-07T11:06:32.110396
user_32_u1wc;7iL6o9tox1zgHpKUfh9vuC;2026-04-04T19:06:57.110396
user_32_u1wc;5FiXhM80sP4yg6tEnHkZZn;2026-03-23T12:38:20.110396
user_32_u1wc;0HAqq2GcQKyi3s87GuN7jU;2026-04-08T07:29:21.110396
user_32_u1wc;5FiXhM80sP4yg6tEnHkZZn;2026-03-30T05:01:34.110396
user_32_u1wc;26wLOs3ZuHJa2Ihhx6QIE6;2026-02-19T23:32:25.110396
user_32_u1wc;4jPy3l0RUwlUI9T5XHBW2m;2026-04-27T17:45:27.110396
user_32_u1wc;0XRbYXQUymj9SJkrr8YK5B;2026-03-09T16:27:45.110396
user_32_u1wc;1almCHdsfikRPfVB9VrEdT;2026-03-04T18:31:24.110396
user_32_u1wc;1vMGIZbIkpaLSagdF2ygcV;2026-04-17T13:46:41.110396
user_32_u1wc;3XVBdLihbNbxUwZosxcGuJ;2026-03-16T09:32:24.110396
user_32_u1wc;4jPy3l0RUwlUI9T5XHBW2m;2026-04-14T08:45:09.110396
user_32_u1wc;2DmRXiyn03tOqKgEJXlaiJ;2026-03-07T10:30:20.110396
user_32_u1wc;7iL6o9tox1zgHpKUfh9vuC;2026-03-27T16:08:02.110396
user_32_u1wc;5FiXhM80sP4yg6tEnHkZZn;2026-03-23T03:46:05.110396
user_32_u1wc;7iL6o9tox1zgHpKUfh9vuC;2026-03-19T10:50:51.110396
user_32_u1wc;0IGUXY4JbK18bu9oD4mPIm;2026-04-28T13:42:41.110396
user_32_u1wc;5g9lS8deSIxItFBmZRC4vN;2026-04-02T05:17:54.110396
user_32_u1wc;4jPy3l0RUwlUI9T5XHBW2m;2026-02-12T08:01:37.110396
user_32_u1wc;6Ho58vQUjGnBU9m8Z6uNcv;2026-03-11T00:15:01.110396
user_32_u1wc;4jPy3l0RUwlUI9T5XHBW2m;2026-02-15T03:34:52.110396
user_32_u1wc;26wLOs3ZuHJa2Ihhx6QIE6;2026-03-02T22:59:28.110396
user_32_u1wc;0IGUXY4JbK18bu9oD4mPIm;2026-05-06T04:07:06.110396
user_33_0yb2;26wLOs3ZuHJa2Ihhx6QIE6;2026-03-28T12:57:42.110396
user_33_0yb2;6LwrEZNkvFTOypNwSLjuaJ;2026-03-19T08:14:39.110396
user_33_0yb2;0IGUXY4JbK18bu9oD4mPIm;2026-03-25T03:17:57.110396
user_33_0yb2;4jPy3l0RUwlUI9T5XHBW2m;2026-02-07T14:03:00.110396
user_33_0yb2;2DmRXiyn03tOqKgEJXlaiJ;2026-02-15T02:38:24.110396
user_33_0yb2;42qNWdLKCI41S4uzfamhFM;2026-04-13T14:03:28.110396
user_33_0yb2;4jPy3l0RUwlUI9T5XHBW2m;2026-04-26T05:24:51.110396
user_33_0yb2;1v1oIWf2Xgh54kIWuKsDf6;2026-04-05T10:20:06.110396
user_33_0yb2;0IGUXY4JbK18bu9oD4mPIm;2026-02-16T23:10:51.110396
user_33_0yb2;4jPy3l0RUwlUI9T5XHBW2m;2026-02-15T21:19:42.110396
user_33_0yb2;0IGUXY4JbK18bu9oD4mPIm;2026-03-01T05:04:10.110396
user_33_0yb2;2iUXsYOEPhVqEBwsqP70rE;2026-03-17T00:48:48.110396
user_33_0yb2;4jPy3l0RUwlUI9T5XHBW2m;2026-04-15T01:45:46.110396
user_33_0yb2;1almCHdsfikRPfVB9VrEdT;2026-03-22T23:28:59.110396
user_33_0yb2;3TVUW7bJJWDOonkVCZxfLV;2026-02-24T20:54:54.110396
user_33_0yb2;7ycWLEP1GsNjVvcjawXz3z;2026-04-03T21:36:24.110396
user_33_0yb2;6Q4foUefrAyCt8VxJFML56;2026-03-23T02:01:09.110396
user_33_0yb2;2DmRXiyn03tOqKgEJXlaiJ;2026-02-07T10:35:28.110396
user_33_0yb2;7mzPAftljnsFmU6131Pqcd;2026-04-18T02:05:44.110396
user_33_0yb2;7iL6o9tox1zgHpKUfh9vuC;2026-05-02T07:01:33.110396
user_33_0yb2;5FiXhM80sP4yg6tEnHkZZn;2026-05-02T15:07:14.110396
user_33_0yb2;5FiXhM80sP4yg6tEnHkZZn;2026-04-25T05:25:16.110396
user_33_0yb2;2DmRXiyn03tOqKgEJXlaiJ;2026-02-14T19:44:42.110396
user_33_0yb2;4jPy3l0RUwlUI9T5XHBW2m;2026-03-26T00:56:51.110396
user_33_0yb2;4jPy3l0RUwlUI9T5XHBW2m;2026-02-25T13:46:30.110396
user_33_0yb2;2DmRXiyn03tOqKgEJXlaiJ;2026-05-03T21:25:23.110396
user_33_0yb2;3ia3dJETSOllPsv3LJkE35;2026-04-21T16:23:44.110396
user_33_0yb2;7jLbTp3qZzah9kMIdW8e5M;2026-03-17T07:10:28.110396
user_33_0yb2;2DmRXiyn03tOqKgEJXlaiJ;2026-04-20T07:12:22.110396
user_33_0yb2;2iUXsYOEPhVqEBwsqP70rE;2026-02-07T03:55:39.110396
user_33_0yb2;2zrhoHlFKxFTRF5aMyxMoQ;2026-04-25T21:23:24.110396
user_33_0yb2;2iUXsYOEPhVqEBwsqP70rE;2026-03-12T12:34:20.110396
user_33_0yb2;6SZwj6cjc8JQbkrr8cbIUn;2026-05-03T23:28:16.110396
user_33_0yb2;4jPy3l0RUwlUI9T5XHBW2m;2026-05-04T23:59:05.110396
user_33_0yb2;5FiXhM80sP4yg6tEnHkZZn;2026-03-01T22:40:29.110396
user_33_0yb2;5z6xHjCZr7a7AIcy8sPBKy;2026-03-07T11:02:44.110396
user_33_0yb2;2iUXsYOEPhVqEBwsqP70rE;2026-02-13T21:10:50.110396
user_33_0yb2;2DmRXiyn03tOqKgEJXlaiJ;2026-04-24T02:47:45.110396
user_33_0yb2;0IGUXY4JbK18bu9oD4mPIm;2026-04-23T04:25:25.110396
user_33_0yb2;4jPy3l0RUwlUI9T5XHBW2m;2026-04-10T06:54:36.110396
user_33_0yb2;4jPy3l0RUwlUI9T5XHBW2m;2026-02-27T16:11:33.110396
user_33_0yb2;396FqjKmViUZ92Wmm4rx3i;2026-02-28T07:38:48.110396
user_33_0yb2;5N4erncE7kuUccm7zEmwzk;2026-03-14T19:55:34.110396
user_33_0yb2;2DmRXiyn03tOqKgEJXlaiJ;2026-03-09T17:51:46.110396
user_33_0yb2;0IGUXY4JbK18bu9oD4mPIm;2026-02-19T06:44:52.110396
user_33_0yb2;4jPy3l0RUwlUI9T5XHBW2m;2026-02-14T21:03:09.110396
user_34_tnv7;5FiXhM80sP4yg6tEnHkZZn;2026-05-05T04:14:34.110396
user_34_tnv7;4jPy3l0RUwlUI9T5XHBW2m;2026-04-29T10:41:17.110396
user_34_tnv7;2DmRXiyn03tOqKgEJXlaiJ;2026-03-28T01:57:38.110396
user_34_tnv7;0IGUXY4JbK18bu9oD4mPIm;2026-02-06T12:57:19.110396
user_34_tnv7;5FiXhM80sP4yg6tEnHkZZn;2026-04-10T04:20:52.110396
user_34_tnv7;4jPy3l0RUwlUI9T5XHBW2m;2026-04-03T03:49:25.110396
user_34_tnv7;4jPy3l0RUwlUI9T5XHBW2m;2026-02-25T12:26:10.110396
user_34_tnv7;14BH4qO7pgCmIe6mgLKOK3;2026-04-14T13:43:38.110396
user_34_tnv7;26wLOs3ZuHJa2Ihhx6QIE6;2026-02-21T13:03:15.110396
user_34_tnv7;0IGUXY4JbK18bu9oD4mPIm;2026-04-09T15:19:10.110396
user_34_tnv7;4jPy3l0RUwlUI9T5XHBW2m;2026-04-13T12:17:48.110396
user_34_tnv7;3zksbXteOCeSusJ5Xltr3t;2026-02-13T22:53:54.110396
user_34_tnv7;2DmRXiyn03tOqKgEJXlaiJ;2026-03-16T16:11:43.110396
user_34_tnv7;0Z2J91b2iTGLVTZC4fKgxf;2026-04-14T09:34:37.110396
user_34_tnv7;0IGUXY4JbK18bu9oD4mPIm;2026-03-03T20:09:59.110396
user_35_vz8b;2zoobJFEB9h15fjYjRd6oP;2026-05-01T12:06:13.110396
user_35_vz8b;2DmRXiyn03tOqKgEJXlaiJ;2026-03-30T23:57:33.110396
user_35_vz8b;4jPy3l0RUwlUI9T5XHBW2m;2026-02-16T18:13:12.110396
user_35_vz8b;0IGUXY4JbK18bu9oD4mPIm;2026-02-12T17:28:58.110396
user_35_vz8b;5FiXhM80sP4yg6tEnHkZZn;2026-04-08T22:51:38.110396
user_35_vz8b;5FiXhM80sP4yg6tEnHkZZn;2026-03-31T00:58:16.110396
user_35_vz8b;5FiXhM80sP4yg6tEnHkZZn;2026-05-03T07:46:07.110396
user_35_vz8b;2DmRXiyn03tOqKgEJXlaiJ;2026-02-14T16:44:01.110396
user_35_vz8b;2iUXsYOEPhVqEBwsqP70rE;2026-03-09T21:23:16.110396
user_35_vz8b;7ycWLEP1GsNjVvcjawXz3z;2026-02-13T12:22:34.110396
user_35_vz8b;4jPy3l0RUwlUI9T5XHBW2m;2026-04-27T00:14:03.110396
user_35_vz8b;1QpwvWMQGdOgA8MXXfgs4H;2026-04-28T23:05:36.110396
user_35_vz8b;2DmRXiyn03tOqKgEJXlaiJ;2026-02-16T18:01:09.110396
user_35_vz8b;4AE7Lj39VnSZNOmGH2iZaq;2026-04-26T09:22:58.110396
user_35_vz8b;4jPy3l0RUwlUI9T5XHBW2m;2026-04-02T07:39:03.110396
user_35_vz8b;2DmRXiyn03tOqKgEJXlaiJ;2026-04-11T21:13:03.110396
user_35_vz8b;5FiXhM80sP4yg6tEnHkZZn;2026-04-01T21:35:19.110396
user_35_vz8b;4jPy3l0RUwlUI9T5XHBW2m;2026-02-20T09:28:18.110396
user_35_vz8b;2DmRXiyn03tOqKgEJXlaiJ;2026-03-31T08:24:13.110396
user_35_vz8b;7rSERmjAT38lC5QhJ8hnQc;2026-02-17T06:14:42.110396
user_35_vz8b;3TVUW7bJJWDOonkVCZxfLV;2026-04-23T14:09:50.110396
user_35_vz8b;2DmRXiyn03tOqKgEJXlaiJ;2026-02-08T09:42:51.110396
user_35_vz8b;2DmRXiyn03tOqKgEJXlaiJ;2026-02-19T19:55:26.110396
user_35_vz8b;5FiXhM80sP4yg6tEnHkZZn;2026-04-17T20:50:56.110396
user_35_vz8b;5FiXhM80sP4yg6tEnHkZZn;2026-02-26T11:09:42.110396
user_35_vz8b;4jPy3l0RUwlUI9T5XHBW2m;2026-04-16T00:31:41.110396
user_35_vz8b;2uThc9fZx2BEL3t6uuRMO1;2026-03-22T03:36:31.110396
user_35_vz8b;5FiXhM80sP4yg6tEnHkZZn;2026-04-04T12:32:44.110396
user_35_vz8b;6LwrEZNkvFTOypNwSLjuaJ;2026-03-22T18:28:07.110396
user_35_vz8b;0IGUXY4JbK18bu9oD4mPIm;2026-04-26T00:57:13.110396
user_35_vz8b;5FiXhM80sP4yg6tEnHkZZn;2026-03-05T02:37:57.110396
user_35_vz8b;2vmfvSoZBFAt9hhRoEByLi;2026-03-07T19:00:19.110396
user_35_vz8b;2DmRXiyn03tOqKgEJXlaiJ;2026-02-18T16:51:38.110396
user_35_vz8b;0IGUXY4JbK18bu9oD4mPIm;2026-02-21T05:30:47.110396
user_35_vz8b;7iL6o9tox1zgHpKUfh9vuC;2026-03-20T01:16:37.110396
user_35_vz8b;7ycWLEP1GsNjVvcjawXz3z;2026-03-03T10:41:44.110396
user_36_m2az;5uFqjHOo3Sh0bVPCKf3DdH;2026-02-08T00:49:52.110396
user_36_m2az;4jPy3l0RUwlUI9T5XHBW2m;2026-02-15T00:07:17.110396
user_36_m2az;4jPy3l0RUwlUI9T5XHBW2m;2026-04-22T03:58:09.110396
user_36_m2az;4jPy3l0RUwlUI9T5XHBW2m;2026-04-30T04:03:53.110396
user_36_m2az;4jPy3l0RUwlUI9T5XHBW2m;2026-03-23T13:21:09.110396
user_36_m2az;3ia3dJETSOllPsv3LJkE35;2026-04-28T12:40:13.110396
user_36_m2az;1almCHdsfikRPfVB9VrEdT;2026-02-05T23:06:14.110396
user_36_m2az;5FiXhM80sP4yg6tEnHkZZn;2026-03-14T19:50:34.110396
user_36_m2az;2DmRXiyn03tOqKgEJXlaiJ;2026-03-22T03:34:58.110396
user_36_m2az;2iUXsYOEPhVqEBwsqP70rE;2026-03-14T10:54:05.110396
user_36_m2az;6LwrEZNkvFTOypNwSLjuaJ;2026-04-03T19:05:59.110396
user_36_m2az;7ycWLEP1GsNjVvcjawXz3z;2026-04-20T18:42:23.110396
user_36_m2az;5FiXhM80sP4yg6tEnHkZZn;2026-04-24T01:06:54.110396
user_36_m2az;0Z2J91b2iTGLVTZC4fKgxf;2026-02-12T19:55:10.110396
user_36_m2az;5FiXhM80sP4yg6tEnHkZZn;2026-04-19T18:10:07.110396
user_36_m2az;7rUchbZxrhF29Q0vYjKEU0;2026-02-21T17:52:55.110396
user_36_m2az;6wfb4nI2Vih263JqC8WSoW;2026-04-04T05:07:51.110396
user_36_m2az;01UeBfllW39eaKdiCw556R;2026-04-01T07:58:24.110396
user_36_m2az;5FiXhM80sP4yg6tEnHkZZn;2026-04-01T14:36:05.110396
user_37_1afg;2DmRXiyn03tOqKgEJXlaiJ;2026-02-16T12:11:18.110396
user_37_1afg;0IGUXY4JbK18bu9oD4mPIm;2026-02-17T09:48:24.110396
user_37_1afg;0IGUXY4JbK18bu9oD4mPIm;2026-03-29T06:01:10.110396
user_37_1afg;2DmRXiyn03tOqKgEJXlaiJ;2026-02-24T00:05:15.110396
user_37_1afg;2DmRXiyn03tOqKgEJXlaiJ;2026-04-27T00:50:17.110396
user_37_1afg;2enPRFda84VE2wtI8c86Uf;2026-04-10T15:45:05.110396
user_37_1afg;4jPy3l0RUwlUI9T5XHBW2m;2026-04-09T09:18:30.110396
user_37_1afg;7jLbTp3qZzah9kMIdW8e5M;2026-02-17T09:14:45.110396
user_37_1afg;7IkuRNVAjwXpZ2DheQHL4L;2026-04-14T17:54:07.110396
user_37_1afg;5FiXhM80sP4yg6tEnHkZZn;2026-02-15T16:13:39.110396
user_37_1afg;2DmRXiyn03tOqKgEJXlaiJ;2026-04-04T19:52:16.110396
user_37_1afg;5FiXhM80sP4yg6tEnHkZZn;2026-04-30T16:58:32.110396
user_37_1afg;4jPy3l0RUwlUI9T5XHBW2m;2026-03-08T04:59:08.110396
user_37_1afg;4jPy3l0RUwlUI9T5XHBW2m;2026-04-27T07:12:51.110396
user_37_1afg;5uCax9HTNlzGybIStD3vDh;2026-02-23T08:28:01.110396
user_37_1afg;5DqdesEfbRyOlSS3Tf6c29;2026-04-15T17:31:37.110396
user_37_1afg;2uThc9fZx2BEL3t6uuRMO1;2026-02-23T07:10:31.110396
user_37_1afg;5FiXhM80sP4yg6tEnHkZZn;2026-04-03T03:52:30.110396
user_37_1afg;1ofhfV90EnYhEr7Un2fWiv;2026-03-12T23:45:46.110396
user_37_1afg;6tDxrq4FxEL2q15y37tXT9;2026-02-27T14:39:06.110396
user_37_1afg;2DmRXiyn03tOqKgEJXlaiJ;2026-02-24T13:18:46.110396
user_37_1afg;4jPy3l0RUwlUI9T5XHBW2m;2026-05-03T12:09:05.110396
user_37_1afg;6IwKcFdiRQZOWeYNhUiWIv;2026-04-14T21:23:02.110396
user_37_1afg;0IGUXY4JbK18bu9oD4mPIm;2026-02-12T19:49:23.110396
user_37_1afg;3Dzso9Q2WwupEclqgxBZht;2026-04-06T12:03:28.110396
user_37_1afg;2f0pn9DkEJwAzXApnFh5cr;2026-04-21T11:46:06.110396
user_37_1afg;4jPy3l0RUwlUI9T5XHBW2m;2026-02-25T13:11:28.110396
user_37_1afg;26wLOs3ZuHJa2Ihhx6QIE6;2026-03-25T16:34:59.110396
user_37_1afg;2DmRXiyn03tOqKgEJXlaiJ;2026-02-27T18:56:05.110396
user_37_1afg;1t2qYCAjUAoGfeFeoBlK51;2026-03-05T19:35:30.110396
user_37_1afg;3dbLT62Cvs46Ju7a8gpr36;2026-03-22T08:42:36.110396
user_37_1afg;4jPy3l0RUwlUI9T5XHBW2m;2026-02-07T11:46:55.110396
user_37_1afg;6tDxrq4FxEL2q15y37tXT9;2026-03-27T08:20:53.110396
user_37_1afg;2DmRXiyn03tOqKgEJXlaiJ;2026-02-28T20:14:41.110396
user_37_1afg;5FiXhM80sP4yg6tEnHkZZn;2026-04-29T07:32:51.110396
user_37_1afg;2DmRXiyn03tOqKgEJXlaiJ;2026-04-04T04:21:10.110396
user_37_1afg;0IGUXY4JbK18bu9oD4mPIm;2026-03-10T21:52:06.110396
user_37_1afg;4jPy3l0RUwlUI9T5XHBW2m;2026-04-25T00:47:48.110396
user_37_1afg;3ia3dJETSOllPsv3LJkE35;2026-04-29T11:57:55.110396
user_37_1afg;0IGUXY4JbK18bu9oD4mPIm;2026-02-21T20:00:33.110396
user_37_1afg;4jPy3l0RUwlUI9T5XHBW2m;2026-05-03T07:25:53.110396
user_37_1afg;5FiXhM80sP4yg6tEnHkZZn;2026-03-30T07:37:04.110396
user_37_1afg;5FiXhM80sP4yg6tEnHkZZn;2026-03-25T07:10:06.110396
user_37_1afg;1xyUCr7dIJYaUaaiDf4Q1L;2026-04-20T22:44:38.110396
user_37_1afg;2DmRXiyn03tOqKgEJXlaiJ;2026-04-17T11:38:51.110396
user_37_1afg;5DqdesEfbRyOlSS3Tf6c29;2026-03-09T16:11:44.110396
user_37_1afg;5FiXhM80sP4yg6tEnHkZZn;2026-03-09T13:38:18.110396
user_37_1afg;0IGUXY4JbK18bu9oD4mPIm;2026-05-03T20:06:22.110396
user_38_3wm3;4jPy3l0RUwlUI9T5XHBW2m;2026-04-06T10:07:30.110396
user_38_3wm3;0IGUXY4JbK18bu9oD4mPIm;2026-02-12T00:42:24.110396
user_38_3wm3;2DmRXiyn03tOqKgEJXlaiJ;2026-03-26T05:08:42.110396
user_38_3wm3;7DbdUf8aHSYoliSjO6LZv6;2026-04-11T03:45:43.110396
user_38_3wm3;5FiXhM80sP4yg6tEnHkZZn;2026-02-18T21:46:52.110396
user_38_3wm3;0IGUXY4JbK18bu9oD4mPIm;2026-02-25T21:39:00.110396
user_38_3wm3;4jPy3l0RUwlUI9T5XHBW2m;2026-02-11T14:17:07.110396
user_38_3wm3;0IGUXY4JbK18bu9oD4mPIm;2026-02-16T03:18:56.110396
user_38_3wm3;4jPy3l0RUwlUI9T5XHBW2m;2026-03-29T15:16:05.110396
user_38_3wm3;0IGUXY4JbK18bu9oD4mPIm;2026-03-18T11:51:54.110396
user_38_3wm3;4jPy3l0RUwlUI9T5XHBW2m;2026-03-04T11:35:08.110396
user_38_3wm3;7iL6o9tox1zgHpKUfh9vuC;2026-03-07T13:17:13.110396
user_38_3wm3;4jPy3l0RUwlUI9T5XHBW2m;2026-04-21T02:38:23.110396
user_38_3wm3;0IGUXY4JbK18bu9oD4mPIm;2026-05-01T04:09:25.110396
user_38_3wm3;5FiXhM80sP4yg6tEnHkZZn;2026-02-25T05:51:04.110396
user_38_3wm3;1HYzRuWjmS9LXCkdVHi25K;2026-03-20T15:32:15.110396
user_38_3wm3;4jPy3l0RUwlUI9T5XHBW2m;2026-04-03T03:37:49.110396
user_38_3wm3;0IGUXY4JbK18bu9oD4mPIm;2026-02-14T22:35:42.110396
user_38_3wm3;5FiXhM80sP4yg6tEnHkZZn;2026-03-21T16:59:13.110396
user_38_3wm3;2DmRXiyn03tOqKgEJXlaiJ;2026-04-21T20:34:08.110396
user_38_3wm3;0IGUXY4JbK18bu9oD4mPIm;2026-04-26T15:54:09.110396
user_38_3wm3;14BH4qO7pgCmIe6mgLKOK3;2026-03-01T23:17:39.110396
user_38_3wm3;4jPy3l0RUwlUI9T5XHBW2m;2026-03-17T01:36:01.110396
user_38_3wm3;7jLbTp3qZzah9kMIdW8e5M;2026-03-04T21:02:50.110396
user_38_3wm3;4jPy3l0RUwlUI9T5XHBW2m;2026-02-24T23:42:12.110396
user_38_3wm3;52VIdyKqp1pJRSyUQaxKUA;2026-03-22T09:52:04.110396
user_38_3wm3;2uThc9fZx2BEL3t6uuRMO1;2026-02-24T15:07:57.110396
user_38_3wm3;5FiXhM80sP4yg6tEnHkZZn;2026-03-31T02:09:55.110396
user_38_3wm3;4jPy3l0RUwlUI9T5XHBW2m;2026-04-14T15:28:45.110396
user_38_3wm3;2DmRXiyn03tOqKgEJXlaiJ;2026-02-17T02:11:17.110396
user_38_3wm3;26wLOs3ZuHJa2Ihhx6QIE6;2026-04-12T15:03:35.110396
user_38_3wm3;1xzi1Jcr7mEi9K2RfzLOqS;2026-04-03T17:04:30.110396
user_38_3wm3;1TEZWG1FdjzDdercCguTwj;2026-03-10T05:34:02.110396
user_38_3wm3;5FiXhM80sP4yg6tEnHkZZn;2026-03-25T13:52:54.110396
user_38_3wm3;2DmRXiyn03tOqKgEJXlaiJ;2026-03-22T13:34:55.110396
user_38_3wm3;4jPy3l0RUwlUI9T5XHBW2m;2026-04-09T13:10:45.110396
user_38_3wm3;0IGUXY4JbK18bu9oD4mPIm;2026-04-09T03:23:41.110396
user_38_3wm3;5FiXhM80sP4yg6tEnHkZZn;2026-04-02T21:39:51.110396
user_38_3wm3;2vmfvSoZBFAt9hhRoEByLi;2026-04-14T19:26:04.110396
user_38_3wm3;2DmRXiyn03tOqKgEJXlaiJ;2026-03-07T02:50:58.110396
user_38_3wm3;0IGUXY4JbK18bu9oD4mPIm;2026-02-15T18:16:39.110396
user_38_3wm3;4HBZA5flZLE435QTztThqH;2026-02-08T10:01:47.110396
user_38_3wm3;7iL6o9tox1zgHpKUfh9vuC;2026-04-23T00:41:53.110396
user_39_nydo;7ycWLEP1GsNjVvcjawXz3z;2026-03-17T09:00:59.110396
user_39_nydo;5FiXhM80sP4yg6tEnHkZZn;2026-03-06T18:55:40.110396
user_39_nydo;2uThc9fZx2BEL3t6uuRMO1;2026-02-22T04:56:37.110396
user_39_nydo;1almCHdsfikRPfVB9VrEdT;2026-04-21T22:37:05.110396
user_39_nydo;5DqdesEfbRyOlSS3Tf6c29;2026-02-09T13:32:54.110396
user_39_nydo;0oA9wBGDY4uyILLg4GymWP;2026-03-23T00:50:35.110396
user_39_nydo;1almCHdsfikRPfVB9VrEdT;2026-03-17T10:13:30.110396
user_39_nydo;5aucVLKiumD89mxVCB4zvS;2026-02-21T08:13:32.110396
user_39_nydo;5FiXhM80sP4yg6tEnHkZZn;2026-02-07T18:43:03.110396
user_39_nydo;2DmRXiyn03tOqKgEJXlaiJ;2026-02-24T08:33:00.110396
user_39_nydo;4jPy3l0RUwlUI9T5XHBW2m;2026-02-13T20:30:07.110396
user_39_nydo;2DmRXiyn03tOqKgEJXlaiJ;2026-02-19T09:47:05.110396
user_39_nydo;4AE7Lj39VnSZNOmGH2iZaq;2026-02-10T06:31:04.110396
user_39_nydo;6L1V0LvpXBJ7QptKuLUj3v;2026-03-13T16:54:37.110396
user_39_nydo;0IGUXY4JbK18bu9oD4mPIm;2026-04-22T03:39:30.110396
user_39_nydo;7iL6o9tox1zgHpKUfh9vuC;2026-02-14T01:36:55.110396
user_39_nydo;5DqdesEfbRyOlSS3Tf6c29;2026-04-25T06:58:26.110396
user_39_nydo;7iL6o9tox1zgHpKUfh9vuC;2026-03-15T07:41:31.110396
user_39_nydo;5FiXhM80sP4yg6tEnHkZZn;2026-05-02T21:28:47.110396
user_39_nydo;2DmRXiyn03tOqKgEJXlaiJ;2026-04-28T14:14:18.110396
user_39_nydo;0IGUXY4JbK18bu9oD4mPIm;2026-03-15T16:11:24.110396
user_39_nydo;2uThc9fZx2BEL3t6uuRMO1;2026-04-02T05:29:32.110396
user_39_nydo;26wLOs3ZuHJa2Ihhx6QIE6;2026-02-23T12:32:42.110396
user_39_nydo;2DmRXiyn03tOqKgEJXlaiJ;2026-03-28T20:23:14.110396
user_40_bxkx;2DmRXiyn03tOqKgEJXlaiJ;2026-05-02T19:11:47.110396
user_40_bxkx;5FiXhM80sP4yg6tEnHkZZn;2026-03-17T13:43:06.110396
user_40_bxkx;4ZHGRFGwjnEIXHG2FhcDPv;2026-02-16T21:10:14.110396
user_40_bxkx;7rUchbZxrhF29Q0vYjKEU0;2026-04-28T12:34:25.110396
user_40_bxkx;2mgzUVvDpb1zMSB4glLQ6T;2026-04-20T13:10:21.110396
user_40_bxkx;4jPy3l0RUwlUI9T5XHBW2m;2026-03-04T12:19:53.110396
user_40_bxkx;47BBI51FKFwOMlIiX6m8ya;2026-04-14T21:45:34.110396
user_40_bxkx;0IGUXY4JbK18bu9oD4mPIm;2026-03-08T14:51:45.110396
user_40_bxkx;4VQNCzfZ3MdHEwwErNXpBo;2026-04-29T12:41:07.110396
user_40_bxkx;5FiXhM80sP4yg6tEnHkZZn;2026-02-27T23:39:04.110396
user_40_bxkx;7ycWLEP1GsNjVvcjawXz3z;2026-04-07T03:02:37.110396
user_40_bxkx;0IGUXY4JbK18bu9oD4mPIm;2026-02-12T09:52:18.110396
user_40_bxkx;4VQNCzfZ3MdHEwwErNXpBo;2026-05-04T02:56:15.110396
user_40_bxkx;6vBMMa2erexusV4XrgXea9;2026-03-05T20:09:20.110396
user_40_bxkx;1GqlvSEtMx5xbGptxOTTyk;2026-02-22T13:05:23.110396
user_40_bxkx;6h5PAsRni4IRlxWr6uDPTP;2026-04-14T20:42:33.110396
user_40_bxkx;5FiXhM80sP4yg6tEnHkZZn;2026-02-13T05:13:22.110396
user_40_bxkx;2DmRXiyn03tOqKgEJXlaiJ;2026-04-10T02:08:40.110396
user_40_bxkx;2DmRXiyn03tOqKgEJXlaiJ;2026-03-22T23:41:59.110396
user_40_bxkx;6tDxrq4FxEL2q15y37tXT9;2026-02-25T04:49:31.110396
user_40_bxkx;5DqdesEfbRyOlSS3Tf6c29;2026-04-30T07:45:20.110396
user_40_bxkx;0oA9wBGDY4uyILLg4GymWP;2026-02-20T04:52:11.110396
user_40_bxkx;5aucVLKiumD89mxVCB4zvS;2026-04-22T20:00:52.110396
user_41_uy13;4jPy3l0RUwlUI9T5XHBW2m;2026-04-20T23:13:13.110396
user_41_uy13;5Hroj5K7vLpIG4FNCRIjbP;2026-03-31T07:47:38.110396
user_41_uy13;7ycWLEP1GsNjVvcjawXz3z;2026-02-14T05:13:22.110396
user_41_uy13;0IGUXY4JbK18bu9oD4mPIm;2026-04-24T13:25:39.110396
user_41_uy13;4jPy3l0RUwlUI9T5XHBW2m;2026-03-06T02:00:34.110396
user_41_uy13;7ycWLEP1GsNjVvcjawXz3z;2026-02-16T02:59:10.110396
user_41_uy13;0IGUXY4JbK18bu9oD4mPIm;2026-04-07T13:35:00.110396
user_41_uy13;4jPy3l0RUwlUI9T5XHBW2m;2026-04-19T08:35:00.110396
user_41_uy13;4d4ZXH4dr5bYfgErHiZCX2;2026-03-27T15:16:46.110396
user_41_uy13;0IGUXY4JbK18bu9oD4mPIm;2026-02-20T01:09:53.110396
user_41_uy13;5FiXhM80sP4yg6tEnHkZZn;2026-04-02T19:50:56.110396
user_41_uy13;5FiXhM80sP4yg6tEnHkZZn;2026-02-24T18:07:30.110396
user_41_uy13;0IGUXY4JbK18bu9oD4mPIm;2026-04-03T11:39:52.110396
user_41_uy13;0IGUXY4JbK18bu9oD4mPIm;2026-05-04T12:05:08.110396
user_41_uy13;5FiXhM80sP4yg6tEnHkZZn;2026-02-13T17:43:16.110396
user_41_uy13;5FiXhM80sP4yg6tEnHkZZn;2026-02-23T17:28:41.110396
user_41_uy13;2DmRXiyn03tOqKgEJXlaiJ;2026-03-25T00:08:14.110396
user_41_uy13;5J4ZkQpzMUFojo1CtAZYpn;2026-05-01T06:33:49.110396
user_41_uy13;0IGUXY4JbK18bu9oD4mPIm;2026-03-18T06:44:48.110396
user_41_uy13;2DmRXiyn03tOqKgEJXlaiJ;2026-02-14T11:28:27.110396
user_41_uy13;0IGUXY4JbK18bu9oD4mPIm;2026-03-18T14:07:47.110396
user_41_uy13;0IGUXY4JbK18bu9oD4mPIm;2026-04-14T12:33:42.110396
user_41_uy13;4jPy3l0RUwlUI9T5XHBW2m;2026-04-24T12:44:32.110396
user_41_uy13;5FiXhM80sP4yg6tEnHkZZn;2026-04-15T05:50:25.110396
user_41_uy13;0IGUXY4JbK18bu9oD4mPIm;2026-02-18T14:39:43.110396
user_41_uy13;5oQcOu1omDykbIPSdSQQNJ;2026-02-07T21:02:18.110396
user_41_uy13;2rtGaCAeYtmcIvuZsvgTf6;2026-02-27T16:06:33.110396
user_41_uy13;5z6xHjCZr7a7AIcy8sPBKy;2026-02-05T21:51:41.110396
user_41_uy13;6tDxrq4FxEL2q15y37tXT9;2026-03-27T01:18:25.110396
user_41_uy13;0IGUXY4JbK18bu9oD4mPIm;2026-03-30T11:18:33.110396
user_41_uy13;2tTmW7RDtMQtBk7m2rYeSw;2026-03-01T04:21:38.110396
user_41_uy13;5g9lS8deSIxItFBmZRC4vN;2026-05-05T07:23:49.110396
user_41_uy13;2DmRXiyn03tOqKgEJXlaiJ;2026-05-02T09:02:37.110396
user_41_uy13;4jPy3l0RUwlUI9T5XHBW2m;2026-04-27T22:35:50.110396
user_41_uy13;2vmfvSoZBFAt9hhRoEByLi;2026-03-25T06:55:00.110396
user_41_uy13;0IGUXY4JbK18bu9oD4mPIm;2026-05-04T07:11:07.110396
user_41_uy13;2DmRXiyn03tOqKgEJXlaiJ;2026-04-13T12:10:14.110396
user_41_uy13;2zoobJFEB9h15fjYjRd6oP;2026-05-04T14:06:38.110396
user_41_uy13;7ycWLEP1GsNjVvcjawXz3z;2026-02-09T03:14:33.110396
user_42_ksqe;2DmRXiyn03tOqKgEJXlaiJ;2026-02-16T00:36:18.110396
user_42_ksqe;4jPy3l0RUwlUI9T5XHBW2m;2026-05-01T18:56:53.110396
user_42_ksqe;0IGUXY4JbK18bu9oD4mPIm;2026-03-22T11:46:59.110396
user_42_ksqe;5sra5UY6sD658OabHL3QtI;2026-04-30T11:37:02.110396
user_42_ksqe;7ycWLEP1GsNjVvcjawXz3z;2026-04-02T05:11:32.110396
user_42_ksqe;2DmRXiyn03tOqKgEJXlaiJ;2026-03-05T04:19:09.110396
user_42_ksqe;5sra5UY6sD658OabHL3QtI;2026-03-30T05:28:37.110396
user_42_ksqe;0IGUXY4JbK18bu9oD4mPIm;2026-02-15T23:31:16.110396
user_42_ksqe;5FiXhM80sP4yg6tEnHkZZn;2026-03-15T23:16:36.110396
user_42_ksqe;7rUchbZxrhF29Q0vYjKEU0;2026-03-28T14:03:08.110396
user_42_ksqe;4jPy3l0RUwlUI9T5XHBW2m;2026-03-20T22:47:31.110396
user_42_ksqe;2zrhoHlFKxFTRF5aMyxMoQ;2026-03-29T11:29:12.110396
user_42_ksqe;2WTHLEVjfefbGoW7F3dXIg;2026-03-20T00:54:21.110396
user_42_ksqe;7IXQrRgmHxWYWitSlyFY7z;2026-02-08T14:02:59.110396
user_42_ksqe;7iL6o9tox1zgHpKUfh9vuC;2026-02-14T18:10:38.110396
user_42_ksqe;5FiXhM80sP4yg6tEnHkZZn;2026-02-23T00:35:10.110396
user_42_ksqe;5A1vGSsqw0UQCBxHOyPOjG;2026-04-25T03:57:54.110396
user_42_ksqe;4jPy3l0RUwlUI9T5XHBW2m;2026-03-20T07:49:38.110396
user_42_ksqe;77G0k1La0c5Dw8bAFANcyp;2026-04-25T06:41:14.110396
user_42_ksqe;5FiXhM80sP4yg6tEnHkZZn;2026-02-23T07:46:37.110396
user_43_rlgu;3kdlVcMVsSkbsUy8eQcBjI;2026-04-10T21:10:36.110396
user_43_rlgu;2DmRXiyn03tOqKgEJXlaiJ;2026-03-04T00:00:55.110396
user_43_rlgu;396FqjKmViUZ92Wmm4rx3i;2026-03-29T21:54:19.110396
user_43_rlgu;2DmRXiyn03tOqKgEJXlaiJ;2026-04-12T01:53:12.110396
user_43_rlgu;5FiXhM80sP4yg6tEnHkZZn;2026-03-15T04:08:04.110396
user_43_rlgu;1almCHdsfikRPfVB9VrEdT;2026-04-18T07:52:54.110396
user_43_rlgu;6tDxrq4FxEL2q15y37tXT9;2026-03-10T14:07:30.110396
user_43_rlgu;0IGUXY4JbK18bu9oD4mPIm;2026-04-17T10:17:35.110396
user_43_rlgu;5vhrsx08dHh2QcVh1Rsiwt;2026-03-17T18:17:18.110396
user_43_rlgu;1ofhfV90EnYhEr7Un2fWiv;2026-04-20T03:02:42.110396
user_43_rlgu;0IGUXY4JbK18bu9oD4mPIm;2026-05-05T19:00:24.110396
user_43_rlgu;0IGUXY4JbK18bu9oD4mPIm;2026-02-16T05:53:34.110396
user_43_rlgu;4jPy3l0RUwlUI9T5XHBW2m;2026-04-08T20:09:50.110396
user_43_rlgu;2mgzUVvDpb1zMSB4glLQ6T;2026-03-27T04:12:10.110396
user_43_rlgu;4jPy3l0RUwlUI9T5XHBW2m;2026-04-02T15:07:00.110396
user_43_rlgu;3ia3dJETSOllPsv3LJkE35;2026-04-12T20:42:01.110396
user_43_rlgu;2DmRXiyn03tOqKgEJXlaiJ;2026-05-01T05:56:18.110396
user_43_rlgu;0IGUXY4JbK18bu9oD4mPIm;2026-04-27T14:35:58.110396
user_43_rlgu;7CFfqRW50ffULvBv7lfIIg;2026-04-23T02:14:54.110396
user_43_rlgu;4jPy3l0RUwlUI9T5XHBW2m;2026-02-20T14:47:19.110396
user_43_rlgu;5FiXhM80sP4yg6tEnHkZZn;2026-04-25T04:41:58.110396
user_43_rlgu;2DmRXiyn03tOqKgEJXlaiJ;2026-04-07T10:31:23.110396
user_43_rlgu;2DmRXiyn03tOqKgEJXlaiJ;2026-02-07T00:02:56.110396
user_43_rlgu;4AE7Lj39VnSZNOmGH2iZaq;2026-02-16T06:14:42.110396
user_43_rlgu;1GqlvSEtMx5xbGptxOTTyk;2026-02-09T06:57:03.110396
user_43_rlgu;1almCHdsfikRPfVB9VrEdT;2026-02-19T01:39:19.110396
user_43_rlgu;0IGUXY4JbK18bu9oD4mPIm;2026-04-26T03:57:13.110396
user_43_rlgu;0IGUXY4JbK18bu9oD4mPIm;2026-02-10T13:30:57.110396
user_43_rlgu;4jPy3l0RUwlUI9T5XHBW2m;2026-03-28T21:37:06.110396
user_43_rlgu;5z6xHjCZr7a7AIcy8sPBKy;2026-03-06T17:59:49.110396
user_43_rlgu;7sKt5Y2zJpYw78iAxndB8y;2026-03-18T04:12:00.110396
user_43_rlgu;5FiXhM80sP4yg6tEnHkZZn;2026-04-30T13:33:44.110396
user_44_jtap;2DmRXiyn03tOqKgEJXlaiJ;2026-02-14T04:36:55.110396
user_44_jtap;5FiXhM80sP4yg6tEnHkZZn;2026-04-01T09:25:27.110396
user_44_jtap;5FiXhM80sP4yg6tEnHkZZn;2026-05-01T16:19:03.110396
user_44_jtap;4jPy3l0RUwlUI9T5XHBW2m;2026-03-09T02:08:03.110396
user_44_jtap;0IGUXY4JbK18bu9oD4mPIm;2026-04-21T03:43:46.110396
user_44_jtap;0Z2J91b2iTGLVTZC4fKgxf;2026-02-10T03:11:10.110396
user_44_jtap;2zoobJFEB9h15fjYjRd6oP;2026-03-11T12:23:42.110396
user_44_jtap;1LM5zQv5pBKPyO7rm7Uz6U;2026-02-27T07:13:18.110396
user_44_jtap;2GiJYvgVaD2HtM8GqD9EgQ;2026-03-27T23:57:07.110396
user_44_jtap;7DbdUf8aHSYoliSjO6LZv6;2026-04-06T15:09:14.110396
user_44_jtap;5FiXhM80sP4yg6tEnHkZZn;2026-05-04T06:08:58.110396
user_44_jtap;5FiXhM80sP4yg6tEnHkZZn;2026-03-01T06:45:12.110396
user_44_jtap;2f0pn9DkEJwAzXApnFh5cr;2026-03-14T20:40:09.110396
user_44_jtap;4jPy3l0RUwlUI9T5XHBW2m;2026-03-25T21:25:25.110396
user_44_jtap;4jPy3l0RUwlUI9T5XHBW2m;2026-03-31T19:01:12.110396
user_44_jtap;4jPy3l0RUwlUI9T5XHBW2m;2026-03-10T10:21:00.110396
user_44_jtap;4jPy3l0RUwlUI9T5XHBW2m;2026-03-17T07:07:47.110396
user_44_jtap;4VQNCzfZ3MdHEwwErNXpBo;2026-03-13T00:19:10.110396
user_44_jtap;2iUXsYOEPhVqEBwsqP70rE;2026-02-18T04:27:10.110396
user_44_jtap;4jPy3l0RUwlUI9T5XHBW2m;2026-03-19T10:41:55.110396
user_44_jtap;3gsCAGsWr6pUm1Vy7CPPob;2026-04-21T17:30:10.110396
user_44_jtap;5FiXhM80sP4yg6tEnHkZZn;2026-04-26T11:31:51.110396
user_44_jtap;0IGUXY4JbK18bu9oD4mPIm;2026-02-06T19:34:44.110396
user_44_jtap;5FiXhM80sP4yg6tEnHkZZn;2026-03-30T03:34:19.110396
user_44_jtap;5FiXhM80sP4yg6tEnHkZZn;2026-03-31T05:32:06.110396
user_44_jtap;7ycWLEP1GsNjVvcjawXz3z;2026-04-18T16:44:04.110396
user_44_jtap;2iUXsYOEPhVqEBwsqP70rE;2026-04-22T23:03:49.110396
user_45_maeh;2DmRXiyn03tOqKgEJXlaiJ;2026-03-23T07:01:47.110396
user_45_maeh;1Ph96WpdjNlwD6iKRE2Xa3;2026-04-05T23:29:51.110396
user_45_maeh;1almCHdsfikRPfVB9VrEdT;2026-04-26T02:48:32.110396
user_45_maeh;1almCHdsfikRPfVB9VrEdT;2026-03-03T09:53:46.110396
user_45_maeh;1Ph96WpdjNlwD6iKRE2Xa3;2026-03-02T05:21:41.110396
user_45_maeh;0IGUXY4JbK18bu9oD4mPIm;2026-02-13T14:21:50.110396
user_45_maeh;0IGUXY4JbK18bu9oD4mPIm;2026-02-18T12:13:19.110396
user_45_maeh;5v6qYImm5k36GHlFxdEZyv;2026-03-04T16:00:19.110396
user_45_maeh;396FqjKmViUZ92Wmm4rx3i;2026-02-26T17:52:23.110396
user_45_maeh;2DmRXiyn03tOqKgEJXlaiJ;2026-03-23T19:38:59.110396
user_45_maeh;2iUXsYOEPhVqEBwsqP70rE;2026-03-17T01:07:32.110396
user_45_maeh;5FiXhM80sP4yg6tEnHkZZn;2026-04-20T06:23:51.110396
user_45_maeh;5FiXhM80sP4yg6tEnHkZZn;2026-03-04T22:19:04.110396
user_45_maeh;0IGUXY4JbK18bu9oD4mPIm;2026-05-03T12:54:24.110396
user_45_maeh;0iTpQYzJnYgh7kIxyq8A2O;2026-03-30T10:59:53.110396
user_45_maeh;2tTmW7RDtMQtBk7m2rYeSw;2026-04-14T18:45:16.110396
user_45_maeh;0IGUXY4JbK18bu9oD4mPIm;2026-02-15T03:10:49.110396
user_45_maeh;7iL6o9tox1zgHpKUfh9vuC;2026-04-08T14:22:58.110396
user_45_maeh;4jPy3l0RUwlUI9T5XHBW2m;2026-05-02T23:19:56.110396
user_45_maeh;2DmRXiyn03tOqKgEJXlaiJ;2026-03-10T10:54:37.110396
user_45_maeh;5DqdesEfbRyOlSS3Tf6c29;2026-03-08T10:45:49.110396
user_45_maeh;4jPy3l0RUwlUI9T5XHBW2m;2026-03-23T04:21:15.110396
user_45_maeh;7sKt5Y2zJpYw78iAxndB8y;2026-03-21T05:05:05.110396
user_45_maeh;2DmRXiyn03tOqKgEJXlaiJ;2026-03-06T09:38:43.110396
user_45_maeh;2iUXsYOEPhVqEBwsqP70rE;2026-02-17T09:10:31.110396
user_45_maeh;0IGUXY4JbK18bu9oD4mPIm;2026-03-14T07:19:33.110396
user_45_maeh;4jPy3l0RUwlUI9T5XHBW2m;2026-03-10T09:39:11.110396
user_46_abvx;7iL6o9tox1zgHpKUfh9vuC;2026-02-11T13:02:08.110396
user_46_abvx;0mr8FAnN9X70p5KRUwMIJx;2026-04-16T08:48:46.110396
user_46_abvx;26wLOs3ZuHJa2Ihhx6QIE6;2026-02-28T00:19:55.110396
user_46_abvx;5FiXhM80sP4yg6tEnHkZZn;2026-02-20T17:48:44.110396
user_46_abvx;2DmRXiyn03tOqKgEJXlaiJ;2026-04-05T06:48:23.110396
user_46_abvx;4jPy3l0RUwlUI9T5XHBW2m;2026-04-28T00:09:20.110396
user_46_abvx;7rUchbZxrhF29Q0vYjKEU0;2026-03-21T11:51:18.110396
user_46_abvx;1Xi84slp6FryDSCbzq4UCD;2026-04-27T15:01:00.110396
user_46_abvx;5FiXhM80sP4yg6tEnHkZZn;2026-03-31T17:26:44.110396
user_46_abvx;2DmRXiyn03tOqKgEJXlaiJ;2026-04-03T07:52:54.110396
user_46_abvx;0IGUXY4JbK18bu9oD4mPIm;2026-03-16T12:00:14.110396
user_46_abvx;6vBMMa2erexusV4XrgXea9;2026-03-26T20:41:50.110396
user_46_abvx;7iL6o9tox1zgHpKUfh9vuC;2026-05-06T05:53:41.110396
user_46_abvx;26wLOs3ZuHJa2Ihhx6QIE6;2026-03-31T02:55:28.110396
user_46_abvx;4jPy3l0RUwlUI9T5XHBW2m;2026-03-17T20:38:57.110396
user_46_abvx;2DmRXiyn03tOqKgEJXlaiJ;2026-02-17T09:57:47.110396
user_46_abvx;4jPy3l0RUwlUI9T5XHBW2m;2026-02-14T17:11:50.110396
user_46_abvx;26wLOs3ZuHJa2Ihhx6QIE6;2026-03-24T12:24:47.110396
user_46_abvx;5FiXhM80sP4yg6tEnHkZZn;2026-02-24T22:59:06.110396
user_46_abvx;2DmRXiyn03tOqKgEJXlaiJ;2026-03-06T03:15:53.110396
user_46_abvx;396FqjKmViUZ92Wmm4rx3i;2026-04-04T09:19:56.110396
user_46_abvx;35mvY5S1H3J2QZyna3TFe0;2026-04-04T16:59:31.110396
user_46_abvx;7iL6o9tox1zgHpKUfh9vuC;2026-02-21T21:21:42.110396
user_46_abvx;2DmRXiyn03tOqKgEJXlaiJ;2026-02-26T21:10:30.110396
user_46_abvx;5FiXhM80sP4yg6tEnHkZZn;2026-03-22T19:05:48.110396
user_46_abvx;2iUXsYOEPhVqEBwsqP70rE;2026-03-29T06:07:23.110396
user_46_abvx;7iL6o9tox1zgHpKUfh9vuC;2026-05-06T02:25:17.110396
user_46_abvx;7ycWLEP1GsNjVvcjawXz3z;2026-02-06T10:30:11.110396
user_46_abvx;7iL6o9tox1zgHpKUfh9vuC;2026-04-01T20:32:16.110396
user_46_abvx;1RTYixE1DD3g3upEpmCJpa;2026-03-01T07:23:00.110396
user_47_rva7;4jPy3l0RUwlUI9T5XHBW2m;2026-03-16T10:40:18.110396
user_47_rva7;2WTHLEVjfefbGoW7F3dXIg;2026-02-17T14:13:14.110396
user_47_rva7;1Ph96WpdjNlwD6iKRE2Xa3;2026-02-17T14:02:48.110396
user_47_rva7;0IGUXY4JbK18bu9oD4mPIm;2026-04-09T06:38:15.110396
user_47_rva7;5FiXhM80sP4yg6tEnHkZZn;2026-03-26T21:30:50.110396
user_47_rva7;1Ph96WpdjNlwD6iKRE2Xa3;2026-02-11T09:01:31.110396
user_47_rva7;2DmRXiyn03tOqKgEJXlaiJ;2026-02-16T22:51:20.110396
user_47_rva7;3wNNbf63xkxw9rIVWtFy7a;2026-02-12T11:01:56.110396
user_47_rva7;1v1oIWf2Xgh54kIWuKsDf6;2026-03-05T02:41:43.110396
user_47_rva7;2DmRXiyn03tOqKgEJXlaiJ;2026-02-18T13:03:40.110396
user_47_rva7;1gyee1JuFFiP476LQpRMYU;2026-02-21T15:05:53.110396
user_47_rva7;2DmRXiyn03tOqKgEJXlaiJ;2026-02-10T06:51:03.110396
user_47_rva7;4jPy3l0RUwlUI9T5XHBW2m;2026-03-13T20:42:59.110396
user_47_rva7;0bRXwKfigvpKZUurwqAlEh;2026-02-18T00:18:09.110396
user_47_rva7;4jPy3l0RUwlUI9T5XHBW2m;2026-02-19T09:31:30.110396
user_47_rva7;2vmfvSoZBFAt9hhRoEByLi;2026-02-27T12:37:14.110396
user_47_rva7;1xzi1Jcr7mEi9K2RfzLOqS;2026-02-08T17:35:01.110396
user_47_rva7;7iL6o9tox1zgHpKUfh9vuC;2026-02-07T15:05:42.110396
user_47_rva7;4jPy3l0RUwlUI9T5XHBW2m;2026-02-18T10:45:45.110396
user_47_rva7;2uThc9fZx2BEL3t6uuRMO1;2026-04-14T22:07:25.110396
user_47_rva7;0IGUXY4JbK18bu9oD4mPIm;2026-02-22T00:06:52.110396
user_47_rva7;2iUXsYOEPhVqEBwsqP70rE;2026-04-27T15:19:55.110396
user_47_rva7;0IGUXY4JbK18bu9oD4mPIm;2026-02-20T21:12:55.110396
user_47_rva7;4jPy3l0RUwlUI9T5XHBW2m;2026-02-22T23:21:38.110396
user_47_rva7;0YU17F0BlVXvmx5ytsR43w;2026-04-22T09:29:05.110396
user_47_rva7;2uThc9fZx2BEL3t6uuRMO1;2026-03-01T16:16:13.110396
user_47_rva7;4jPy3l0RUwlUI9T5XHBW2m;2026-02-26T00:26:57.110396
user_47_rva7;2769RhOZs0ezRncRW1vryp;2026-02-10T12:33:57.110396
user_47_rva7;1almCHdsfikRPfVB9VrEdT;2026-03-03T21:35:57.110396
user_47_rva7;2uThc9fZx2BEL3t6uuRMO1;2026-03-14T23:39:58.110396
user_47_rva7;4jPy3l0RUwlUI9T5XHBW2m;2026-04-26T01:26:25.110396
user_47_rva7;2DmRXiyn03tOqKgEJXlaiJ;2026-03-27T05:30:26.110396
user_47_rva7;0IGUXY4JbK18bu9oD4mPIm;2026-02-07T05:10:31.110396
user_47_rva7;1ei3hzQmrgealgRKFxIcWn;2026-04-27T11:13:05.110396
user_47_rva7;5FiXhM80sP4yg6tEnHkZZn;2026-02-12T05:29:40.110396
user_47_rva7;5FiXhM80sP4yg6tEnHkZZn;2026-02-20T19:07:00.110396
user_47_rva7;5FiXhM80sP4yg6tEnHkZZn;2026-04-13T11:38:28.110396
user_47_rva7;5FiXhM80sP4yg6tEnHkZZn;2026-02-25T03:32:24.110396
user_47_rva7;6vFsBXYczYsP0H3lgunZOm;2026-02-26T23:59:10.110396
user_48_i9vk;1ofhfV90EnYhEr7Un2fWiv;2026-02-12T09:43:32.110396
user_48_i9vk;5FiXhM80sP4yg6tEnHkZZn;2026-03-22T15:58:47.110396
user_48_i9vk;1YGZyfvdgZxzipWoWYVKxi;2026-03-08T00:28:53.110396
user_48_i9vk;2mzDRrBn6M6rWX4bGzd1uQ;2026-02-25T04:35:07.110396
user_48_i9vk;1almCHdsfikRPfVB9VrEdT;2026-02-06T20:24:38.110396
user_48_i9vk;5FiXhM80sP4yg6tEnHkZZn;2026-02-28T09:57:37.110396
user_48_i9vk;4jPy3l0RUwlUI9T5XHBW2m;2026-04-30T08:21:14.110396
user_48_i9vk;4jPy3l0RUwlUI9T5XHBW2m;2026-02-17T20:09:05.110396
user_48_i9vk;5z6xHjCZr7a7AIcy8sPBKy;2026-03-07T22:20:57.110396
user_48_i9vk;3kdlVcMVsSkbsUy8eQcBjI;2026-04-12T11:48:49.110396
user_48_i9vk;6h5PAsRni4IRlxWr6uDPTP;2026-04-29T04:59:49.110396
user_48_i9vk;5FiXhM80sP4yg6tEnHkZZn;2026-05-06T04:19:20.110396
user_48_i9vk;2DmRXiyn03tOqKgEJXlaiJ;2026-04-06T01:18:10.110396
user_48_i9vk;7iL6o9tox1zgHpKUfh9vuC;2026-04-07T17:56:54.110396
user_48_i9vk;2Foc5Q5nqNiosCNqttzHof;2026-04-26T10:08:02.110396
user_48_i9vk;0IGUXY4JbK18bu9oD4mPIm;2026-05-05T20:33:03.110396
user_48_i9vk;5GkQIP5mWPi4KZLLXeuFTT;2026-03-20T21:57:07.110396
user_48_i9vk;6Ql7rNuoP90aIdgwQkPYBP;2026-03-03T23:46:09.110396
user_48_i9vk;26wLOs3ZuHJa2Ihhx6QIE6;2026-04-09T19:32:05.110396
user_48_i9vk;2uThc9fZx2BEL3t6uuRMO1;2026-04-19T13:48:17.110396
user_48_i9vk;0IGUXY4JbK18bu9oD4mPIm;2026-04-26T15:10:41.110396
user_48_i9vk;5FiXhM80sP4yg6tEnHkZZn;2026-04-27T23:34:44.110396
user_48_i9vk;1Ph96WpdjNlwD6iKRE2Xa3;2026-02-10T08:32:44.110396
user_48_i9vk;26wLOs3ZuHJa2Ihhx6QIE6;2026-02-13T11:44:29.110396
user_48_i9vk;4AE7Lj39VnSZNOmGH2iZaq;2026-02-09T10:02:58.110396
user_48_i9vk;2DmRXiyn03tOqKgEJXlaiJ;2026-04-29T07:12:54.110396
user_48_i9vk;1GqlvSEtMx5xbGptxOTTyk;2026-04-11T00:22:20.110396
user_48_i9vk;5FiXhM80sP4yg6tEnHkZZn;2026-05-03T21:40:53.110396
user_48_i9vk;2DmRXiyn03tOqKgEJXlaiJ;2026-03-19T01:52:10.110396
user_48_i9vk;4AE7Lj39VnSZNOmGH2iZaq;2026-02-19T23:42:23.110396
user_48_i9vk;2DmRXiyn03tOqKgEJXlaiJ;2026-04-04T06:46:54.110396
user_48_i9vk;0BRHnOFm6sjxN1i9LJrUDu;2026-04-20T02:17:51.110396
user_48_i9vk;0IGUXY4JbK18bu9oD4mPIm;2026-02-27T09:04:03.110396
user_49_k9ba;26wLOs3ZuHJa2Ihhx6QIE6;2026-03-12T03:33:56.110396
user_49_k9ba;4jPy3l0RUwlUI9T5XHBW2m;2026-03-01T18:52:14.110396
user_49_k9ba;4jPy3l0RUwlUI9T5XHBW2m;2026-03-11T00:07:03.110396
user_49_k9ba;7iL6o9tox1zgHpKUfh9vuC;2026-03-12T14:09:32.110396
user_49_k9ba;5g9lS8deSIxItFBmZRC4vN;2026-05-03T14:09:48.110396
user_49_k9ba;5g9lS8deSIxItFBmZRC4vN;2026-03-11T21:38:22.110396
user_49_k9ba;5sra5UY6sD658OabHL3QtI;2026-03-24T07:53:13.110396
user_49_k9ba;5FiXhM80sP4yg6tEnHkZZn;2026-02-10T23:00:00.110396
user_49_k9ba;26wLOs3ZuHJa2Ihhx6QIE6;2026-04-25T11:44:59.110396
user_49_k9ba;0IGUXY4JbK18bu9oD4mPIm;2026-04-14T22:47:14.110396
user_49_k9ba;0IGUXY4JbK18bu9oD4mPIm;2026-04-26T00:37:56.110396
user_49_k9ba;26wLOs3ZuHJa2Ihhx6QIE6;2026-03-07T08:10:02.110396
user_49_k9ba;2l3dFxtoSMgMQVyRIUHjpz;2026-04-27T21:02:17.110396
user_49_k9ba;0IGUXY4JbK18bu9oD4mPIm;2026-04-04T18:00:40.110396
user_49_k9ba;2DmRXiyn03tOqKgEJXlaiJ;2026-03-18T18:58:58.110396
user_49_k9ba;2iUXsYOEPhVqEBwsqP70rE;2026-03-01T14:28:05.110396
user_49_k9ba;5FiXhM80sP4yg6tEnHkZZn;2026-02-14T16:26:45.110396
user_49_k9ba;0XRbYXQUymj9SJkrr8YK5B;2026-03-30T15:16:33.110396
user_49_k9ba;4jPy3l0RUwlUI9T5XHBW2m;2026-02-19T16:16:02.110396
user_50_ztxw;4jPy3l0RUwlUI9T5XHBW2m;2026-03-26T14:35:15.110396
user_50_ztxw;6g6MHm9u0h2Em9Xuk89eqR;2026-02-16T05:40:15.110396
user_50_ztxw;5FiXhM80sP4yg6tEnHkZZn;2026-04-20T17:59:09.110396
user_50_ztxw;7ycWLEP1GsNjVvcjawXz3z;2026-04-08T12:05:33.110396
user_50_ztxw;1almCHdsfikRPfVB9VrEdT;2026-04-21T22:41:23.110396
user_50_ztxw;4jPy3l0RUwlUI9T5XHBW2m;2026-02-22T19:40:22.110396
user_50_ztxw;2DmRXiyn03tOqKgEJXlaiJ;2026-04-25T23:50:59.110396
user_50_ztxw;0IGUXY4JbK18bu9oD4mPIm;2026-02-22T22:27:30.110396
user_50_ztxw;6tDxrq4FxEL2q15y37tXT9;2026-02-10T13:03:54.110396
user_50_ztxw;2tMoOS9grHtn4upzb4LwMG;2026-02-11T01:39:01.110396
user_50_ztxw;0IGUXY4JbK18bu9oD4mPIm;2026-04-18T18:55:31.110396
user_50_ztxw;1Ph96WpdjNlwD6iKRE2Xa3;2026-04-05T14:45:48.110396
user_51_itds;3wz2vWhYnnBoFmgMkqtzLy;2026-02-12T12:51:18.110396
user_51_itds;4jPy3l0RUwlUI9T5XHBW2m;2026-03-09T18:22:06.110396
user_51_itds;5FiXhM80sP4yg6tEnHkZZn;2026-02-10T04:40:45.110396
user_51_itds;2DmRXiyn03tOqKgEJXlaiJ;2026-03-18T01:23:42.110396
user_51_itds;1Ol5LmdNDNpFu1oNwfgkux;2026-04-18T17:54:39.110396
user_51_itds;2DmRXiyn03tOqKgEJXlaiJ;2026-03-05T09:24:23.110396
user_51_itds;2DmRXiyn03tOqKgEJXlaiJ;2026-03-28T19:20:35.110396
user_51_itds;7ycWLEP1GsNjVvcjawXz3z;2026-02-21T02:57:50.110396
user_51_itds;0rWMOzZ7fFYZWI1qlCY4Ig;2026-04-29T05:19:25.110396
user_51_itds;7sKt5Y2zJpYw78iAxndB8y;2026-03-27T03:19:59.110396
user_51_itds;5DqdesEfbRyOlSS3Tf6c29;2026-02-21T23:11:19.110396
user_51_itds;2mgzUVvDpb1zMSB4glLQ6T;2026-02-22T17:38:53.110396
user_51_itds;7ycWLEP1GsNjVvcjawXz3z;2026-03-08T03:27:41.110396
user_51_itds;2DmRXiyn03tOqKgEJXlaiJ;2026-02-27T18:43:27.110396
user_51_itds;0IGUXY4JbK18bu9oD4mPIm;2026-04-07T09:49:00.110396
user_51_itds;3TVUW7bJJWDOonkVCZxfLV;2026-03-03T17:20:28.110396
user_51_itds;5DqdesEfbRyOlSS3Tf6c29;2026-05-04T19:07:59.110396
user_51_itds;2DmRXiyn03tOqKgEJXlaiJ;2026-04-12T07:20:54.110396
user_51_itds;0IGUXY4JbK18bu9oD4mPIm;2026-03-12T14:33:03.110396
user_51_itds;0bRXwKfigvpKZUurwqAlEh;2026-02-21T00:20:15.110396
user_51_itds;2DmRXiyn03tOqKgEJXlaiJ;2026-02-17T01:24:06.110396
user_51_itds;2DmRXiyn03tOqKgEJXlaiJ;2026-03-30T10:54:42.110396
user_51_itds;5FiXhM80sP4yg6tEnHkZZn;2026-02-12T13:00:58.110396
user_51_itds;5vhrsx08dHh2QcVh1Rsiwt;2026-03-31T19:39:13.110396
user_51_itds;6F5mZpEEjhsAW8UEqbIpz1;2026-02-09T10:47:21.110396
user_51_itds;2DmRXiyn03tOqKgEJXlaiJ;2026-05-03T10:40:00.110396
user_51_itds;6LwrEZNkvFTOypNwSLjuaJ;2026-02-19T12:12:49.110396
user_51_itds;1almCHdsfikRPfVB9VrEdT;2026-04-09T02:48:13.110396
user_51_itds;26wLOs3ZuHJa2Ihhx6QIE6;2026-02-15T15:23:20.110396
user_51_itds;2DmRXiyn03tOqKgEJXlaiJ;2026-04-18T07:26:18.110396
user_51_itds;4x5YzxjrF9wvIIXJV7TveC;2026-02-21T19:12:51.110396
user_51_itds;5FiXhM80sP4yg6tEnHkZZn;2026-03-06T08:01:04.110396
user_51_itds;5FiXhM80sP4yg6tEnHkZZn;2026-04-22T09:32:09.110396
user_51_itds;6LwrEZNkvFTOypNwSLjuaJ;2026-04-27T17:36:55.110396
user_51_itds;2gvmxusSOe3vNjNDjQWaso;2026-02-09T16:33:22.110396
user_52_3emz;2uThc9fZx2BEL3t6uuRMO1;2026-03-27T22:13:28.110396
user_52_3emz;2DmRXiyn03tOqKgEJXlaiJ;2026-02-09T18:11:36.110396
user_52_3emz;2mzDRrBn6M6rWX4bGzd1uQ;2026-04-30T19:33:17.110396
user_52_3emz;4jPy3l0RUwlUI9T5XHBW2m;2026-03-22T21:07:54.110396
user_52_3emz;6F5mZpEEjhsAW8UEqbIpz1;2026-03-10T02:32:30.110396
user_52_3emz;2iUXsYOEPhVqEBwsqP70rE;2026-05-04T08:59:08.110396
user_52_3emz;6UFivO2zqqPFPoQYsEMuCc;2026-03-08T19:11:17.110396
user_52_3emz;5FiXhM80sP4yg6tEnHkZZn;2026-02-22T07:34:15.110396
user_52_3emz;7iL6o9tox1zgHpKUfh9vuC;2026-03-14T15:08:23.110396
user_52_3emz;26wLOs3ZuHJa2Ihhx6QIE6;2026-02-21T06:50:59.110396
user_52_3emz;0IGUXY4JbK18bu9oD4mPIm;2026-03-05T01:29:06.110396
user_52_3emz;1RTYixE1DD3g3upEpmCJpa;2026-03-21T09:56:52.110396
user_52_3emz;5FiXhM80sP4yg6tEnHkZZn;2026-05-02T17:33:08.110396
user_52_3emz;0IGUXY4JbK18bu9oD4mPIm;2026-02-22T23:07:40.110396
user_52_3emz;2uThc9fZx2BEL3t6uuRMO1;2026-04-18T00:02:04.110396
user_52_3emz;5DqdesEfbRyOlSS3Tf6c29;2026-03-05T01:50:53.110396
user_52_3emz;0IGUXY4JbK18bu9oD4mPIm;2026-03-03T15:45:14.110396
user_52_3emz;2DmRXiyn03tOqKgEJXlaiJ;2026-02-17T03:08:44.110396
user_52_3emz;5FiXhM80sP4yg6tEnHkZZn;2026-02-05T15:14:08.110396
user_52_3emz;3TVUW7bJJWDOonkVCZxfLV;2026-04-01T09:18:53.110396
user_52_3emz;0IGUXY4JbK18bu9oD4mPIm;2026-03-23T15:27:48.110396
user_52_3emz;2iUXsYOEPhVqEBwsqP70rE;2026-04-28T03:05:10.110396
user_52_3emz;0IGUXY4JbK18bu9oD4mPIm;2026-03-18T15:31:43.110396
user_53_uo2l;1almCHdsfikRPfVB9VrEdT;2026-02-11T12:04:46.110396
user_53_uo2l;5FiXhM80sP4yg6tEnHkZZn;2026-03-10T20:06:32.110396
user_53_uo2l;7iL6o9tox1zgHpKUfh9vuC;2026-02-10T00:06:00.110396
user_53_uo2l;5FiXhM80sP4yg6tEnHkZZn;2026-03-26T14:02:25.110396
user_53_uo2l;3kdlVcMVsSkbsUy8eQcBjI;2026-03-15T14:10:07.110396
user_53_uo2l;0UV5zxRMz6AO4ZwUOZNIKI;2026-02-19T23:37:34.110396
user_53_uo2l;2DmRXiyn03tOqKgEJXlaiJ;2026-02-24T01:46:17.110396
user_53_uo2l;7DbdUf8aHSYoliSjO6LZv6;2026-02-06T07:49:56.110396
user_53_uo2l;2DmRXiyn03tOqKgEJXlaiJ;2026-05-03T07:19:03.110396
user_53_uo2l;4jPy3l0RUwlUI9T5XHBW2m;2026-02-21T16:25:53.110396
user_53_uo2l;5FiXhM80sP4yg6tEnHkZZn;2026-03-09T09:30:11.110396
user_53_uo2l;5DqdesEfbRyOlSS3Tf6c29;2026-03-24T13:17:22.110396
user_53_uo2l;2O9O26335YYVckmRgPKY3s;2026-02-16T22:39:24.110396
user_53_uo2l;2DmRXiyn03tOqKgEJXlaiJ;2026-03-10T11:36:07.110396
user_53_uo2l;3kdlVcMVsSkbsUy8eQcBjI;2026-03-31T21:14:56.110396
user_53_uo2l;0XRbYXQUymj9SJkrr8YK5B;2026-02-10T11:49:01.110396
user_54_e6sh;26wLOs3ZuHJa2Ihhx6QIE6;2026-04-06T00:46:09.110396
user_54_e6sh;2DmRXiyn03tOqKgEJXlaiJ;2026-03-09T10:28:17.110396
user_54_e6sh;2DmRXiyn03tOqKgEJXlaiJ;2026-03-09T14:04:52.110396
user_54_e6sh;2DmRXiyn03tOqKgEJXlaiJ;2026-02-08T03:17:06.110396
user_54_e6sh;2vmfvSoZBFAt9hhRoEByLi;2026-03-14T23:14:09.110396
user_54_e6sh;6wfb4nI2Vih263JqC8WSoW;2026-03-19T13:54:32.110396
user_54_e6sh;2DmRXiyn03tOqKgEJXlaiJ;2026-04-05T19:21:48.110396
user_54_e6sh;0IGUXY4JbK18bu9oD4mPIm;2026-03-14T10:12:52.110396
user_54_e6sh;5IgjP7X4th6nMNDh4akUHb;2026-02-18T15:03:20.110396
user_54_e6sh;7iL6o9tox1zgHpKUfh9vuC;2026-02-08T22:25:33.110396
user_54_e6sh;6vFsBXYczYsP0H3lgunZOm;2026-03-21T23:17:48.110396
user_54_e6sh;4jPy3l0RUwlUI9T5XHBW2m;2026-03-15T23:16:49.110396
user_54_e6sh;1ei3hzQmrgealgRKFxIcWn;2026-05-02T09:51:18.110396
user_54_e6sh;2uThc9fZx2BEL3t6uuRMO1;2026-03-05T03:28:20.110396
user_54_e6sh;5FiXhM80sP4yg6tEnHkZZn;2026-04-20T09:09:02.110396
user_54_e6sh;4jPy3l0RUwlUI9T5XHBW2m;2026-03-08T06:25:10.110396
user_54_e6sh;5DqdesEfbRyOlSS3Tf6c29;2026-02-23T20:55:41.110396
user_54_e6sh;5DqdesEfbRyOlSS3Tf6c29;2026-04-30T14:57:03.110396
user_55_2ace;1ofhfV90EnYhEr7Un2fWiv;2026-02-06T17:04:57.110396
user_55_2ace;4jPy3l0RUwlUI9T5XHBW2m;2026-02-15T17:03:13.110396
user_55_2ace;0IGUXY4JbK18bu9oD4mPIm;2026-04-18T03:35:16.110396
user_55_2ace;5FiXhM80sP4yg6tEnHkZZn;2026-05-02T22:12:27.110396
user_55_2ace;2vmfvSoZBFAt9hhRoEByLi;2026-04-24T18:22:29.110396
user_55_2ace;4jPy3l0RUwlUI9T5XHBW2m;2026-05-04T18:58:00.110396
user_55_2ace;2DmRXiyn03tOqKgEJXlaiJ;2026-05-01T10:08:46.110396
user_55_2ace;4jPy3l0RUwlUI9T5XHBW2m;2026-03-07T07:11:30.110396
user_55_2ace;4jPy3l0RUwlUI9T5XHBW2m;2026-03-01T03:50:18.110396
user_55_2ace;4jPy3l0RUwlUI9T5XHBW2m;2026-03-04T17:14:18.110396
user_55_2ace;0IGUXY4JbK18bu9oD4mPIm;2026-02-06T07:22:19.110396
user_55_2ace;0IGUXY4JbK18bu9oD4mPIm;2026-04-24T18:14:41.110396
user_55_2ace;4jPy3l0RUwlUI9T5XHBW2m;2026-02-07T03:42:27.110396
user_55_2ace;4jPy3l0RUwlUI9T5XHBW2m;2026-04-01T19:56:23.110396
user_55_2ace;0IGUXY4JbK18bu9oD4mPIm;2026-02-08T23:12:53.110396
user_55_2ace;6SE4JAo7T8C7XkFka5bbga;2026-04-01T01:35:41.110396
user_55_2ace;2DmRXiyn03tOqKgEJXlaiJ;2026-03-18T19:10:16.110396
user_55_2ace;5R7l05dglCrUX0qjZ1Eec1;2026-04-17T16:40:42.110396
user_55_2ace;6tDxrq4FxEL2q15y37tXT9;2026-02-16T13:24:05.110396
user_55_2ace;2uThc9fZx2BEL3t6uuRMO1;2026-02-10T01:04:03.110396
user_55_2ace;2DmRXiyn03tOqKgEJXlaiJ;2026-04-07T09:33:08.110396
user_55_2ace;2iUXsYOEPhVqEBwsqP70rE;2026-03-30T19:49:23.110396
user_55_2ace;5FiXhM80sP4yg6tEnHkZZn;2026-03-02T19:00:07.110396
user_55_2ace;2iUXsYOEPhVqEBwsqP70rE;2026-02-20T11:15:22.110396
user_55_2ace;4jPy3l0RUwlUI9T5XHBW2m;2026-02-07T13:05:54.110396
user_55_2ace;2iUXsYOEPhVqEBwsqP70rE;2026-02-13T15:35:33.110396
user_55_2ace;2DmRXiyn03tOqKgEJXlaiJ;2026-03-26T06:37:30.110396
user_55_2ace;0HAqq2GcQKyi3s87GuN7jU;2026-05-03T05:32:21.110396
user_55_2ace;0IGUXY4JbK18bu9oD4mPIm;2026-04-14T09:59:22.110396
user_55_2ace;4jPy3l0RUwlUI9T5XHBW2m;2026-03-04T10:20:28.110396
user_55_2ace;0XRbYXQUymj9SJkrr8YK5B;2026-02-23T21:00:57.110396
user_55_2ace;2DmRXiyn03tOqKgEJXlaiJ;2026-03-05T22:36:12.110396
user_55_2ace;2DmRXiyn03tOqKgEJXlaiJ;2026-03-14T12:19:33.110396
user_55_2ace;0IGUXY4JbK18bu9oD4mPIm;2026-03-14T14:11:31.110396
user_55_2ace;0bRXwKfigvpKZUurwqAlEh;2026-04-08T03:30:23.110396
user_55_2ace;5FiXhM80sP4yg6tEnHkZZn;2026-02-18T12:29:08.110396
user_55_2ace;5FiXhM80sP4yg6tEnHkZZn;2026-04-25T02:26:06.110396
user_55_2ace;7iL6o9tox1zgHpKUfh9vuC;2026-02-07T18:25:37.110396
user_55_2ace;6wfb4nI2Vih263JqC8WSoW;2026-04-18T20:58:46.110396
user_56_upp7;2DmRXiyn03tOqKgEJXlaiJ;2026-02-08T11:49:21.110396
user_56_upp7;5sra5UY6sD658OabHL3QtI;2026-05-01T13:32:27.110396
user_56_upp7;5FiXhM80sP4yg6tEnHkZZn;2026-03-30T19:42:26.110396
user_56_upp7;0IGUXY4JbK18bu9oD4mPIm;2026-03-13T19:28:07.110396
user_56_upp7;5FiXhM80sP4yg6tEnHkZZn;2026-05-06T05:33:49.110396
user_56_upp7;4jPy3l0RUwlUI9T5XHBW2m;2026-02-25T05:30:35.110396
user_56_upp7;7sKt5Y2zJpYw78iAxndB8y;2026-03-21T06:18:08.110396
user_56_upp7;7sKt5Y2zJpYw78iAxndB8y;2026-02-17T03:05:14.110396
user_56_upp7;0IGUXY4JbK18bu9oD4mPIm;2026-04-21T23:18:29.110396
user_56_upp7;5DqdesEfbRyOlSS3Tf6c29;2026-02-12T19:55:30.110396
user_56_upp7;6zDs6zI94L761vd0cVScTT;2026-04-15T03:45:46.110396
user_56_upp7;4jPy3l0RUwlUI9T5XHBW2m;2026-04-29T07:26:33.110396
user_56_upp7;2DmRXiyn03tOqKgEJXlaiJ;2026-04-21T07:09:42.110396
user_56_upp7;5FiXhM80sP4yg6tEnHkZZn;2026-04-19T22:22:18.110396
user_56_upp7;4jPy3l0RUwlUI9T5XHBW2m;2026-04-21T03:44:55.110396
user_56_upp7;4jPy3l0RUwlUI9T5XHBW2m;2026-03-25T15:33:21.110396
user_56_upp7;26wLOs3ZuHJa2Ihhx6QIE6;2026-03-07T14:24:55.110396
user_56_upp7;5FiXhM80sP4yg6tEnHkZZn;2026-02-13T02:31:53.110396
user_56_upp7;2DmRXiyn03tOqKgEJXlaiJ;2026-02-23T13:44:23.110396
user_56_upp7;4jPy3l0RUwlUI9T5XHBW2m;2026-04-04T20:55:46.110396
user_56_upp7;5FiXhM80sP4yg6tEnHkZZn;2026-03-11T08:03:40.110396
user_56_upp7;6LwrEZNkvFTOypNwSLjuaJ;2026-03-15T05:32:44.110396
user_56_upp7;2iUXsYOEPhVqEBwsqP70rE;2026-04-03T08:44:16.110396
user_56_upp7;1xzi1Jcr7mEi9K2RfzLOqS;2026-04-04T10:03:49.110396
user_56_upp7;5FiXhM80sP4yg6tEnHkZZn;2026-04-08T22:43:24.110396
user_56_upp7;3kdlVcMVsSkbsUy8eQcBjI;2026-02-08T03:27:17.110396
user_56_upp7;5FiXhM80sP4yg6tEnHkZZn;2026-03-11T05:37:58.110396
user_56_upp7;5FiXhM80sP4yg6tEnHkZZn;2026-04-07T03:24:29.110396
user_56_upp7;1IqF5PUDUnaykHLs0RWbDO;2026-03-08T07:40:55.110396
user_56_upp7;5FiXhM80sP4yg6tEnHkZZn;2026-02-15T02:09:35.110396
user_57_brw5;5sra5UY6sD658OabHL3QtI;2026-03-30T08:03:26.110396
user_57_brw5;2DmRXiyn03tOqKgEJXlaiJ;2026-02-11T23:53:23.110396
user_57_brw5;0IGUXY4JbK18bu9oD4mPIm;2026-03-12T06:57:18.110396
user_57_brw5;0IGUXY4JbK18bu9oD4mPIm;2026-02-07T07:41:29.110396
user_57_brw5;2uThc9fZx2BEL3t6uuRMO1;2026-02-21T22:17:20.110396
user_57_brw5;0IGUXY4JbK18bu9oD4mPIm;2026-02-18T22:59:24.110396
user_57_brw5;0IGUXY4JbK18bu9oD4mPIm;2026-02-27T12:11:38.110396
user_57_brw5;42qNWdLKCI41S4uzfamhFM;2026-03-02T15:15:07.110396
user_57_brw5;0IGUXY4JbK18bu9oD4mPIm;2026-02-11T11:19:51.110396
user_57_brw5;5FiXhM80sP4yg6tEnHkZZn;2026-03-20T04:01:00.110396
user_57_brw5;26wLOs3ZuHJa2Ihhx6QIE6;2026-05-01T02:23:33.110396
user_57_brw5;0IGUXY4JbK18bu9oD4mPIm;2026-02-13T00:10:27.110396
user_57_brw5;4jPy3l0RUwlUI9T5XHBW2m;2026-03-06T14:11:01.110396
user_57_brw5;5FiXhM80sP4yg6tEnHkZZn;2026-03-11T19:47:19.110396
user_57_brw5;0Z2J91b2iTGLVTZC4fKgxf;2026-03-04T01:56:07.110396
user_57_brw5;4jPy3l0RUwlUI9T5XHBW2m;2026-04-01T04:35:07.110396
user_57_brw5;2DmRXiyn03tOqKgEJXlaiJ;2026-04-14T14:12:21.110396
user_57_brw5;7ycWLEP1GsNjVvcjawXz3z;2026-04-28T02:13:06.110396
user_57_brw5;4jPy3l0RUwlUI9T5XHBW2m;2026-02-17T05:23:32.110396
user_57_brw5;5sra5UY6sD658OabHL3QtI;2026-04-22T08:12:17.110396
user_57_brw5;0IGUXY4JbK18bu9oD4mPIm;2026-03-13T23:11:47.110396
user_57_brw5;4jPy3l0RUwlUI9T5XHBW2m;2026-04-30T12:32:33.110396
user_57_brw5;0IGUXY4JbK18bu9oD4mPIm;2026-03-05T15:43:33.110396
user_57_brw5;7iL6o9tox1zgHpKUfh9vuC;2026-04-16T14:02:55.110396
user_57_brw5;5FiXhM80sP4yg6tEnHkZZn;2026-04-18T01:31:01.110396
user_57_brw5;0IGUXY4JbK18bu9oD4mPIm;2026-05-01T14:11:04.110396
user_57_brw5;7ycWLEP1GsNjVvcjawXz3z;2026-02-10T05:23:03.110396
user_57_brw5;5FiXhM80sP4yg6tEnHkZZn;2026-04-30T14:00:01.110396
user_57_brw5;4jPy3l0RUwlUI9T5XHBW2m;2026-05-03T18:01:02.110396
user_57_brw5;0IGUXY4JbK18bu9oD4mPIm;2026-04-07T03:03:26.110396
user_58_tx5g;5FiXhM80sP4yg6tEnHkZZn;2026-03-20T12:43:31.110396
user_58_tx5g;4jPy3l0RUwlUI9T5XHBW2m;2026-04-21T02:40:42.110396
user_58_tx5g;0IGUXY4JbK18bu9oD4mPIm;2026-03-02T17:50:07.110396
user_58_tx5g;7ycWLEP1GsNjVvcjawXz3z;2026-04-18T13:32:36.110396
user_58_tx5g;0IGUXY4JbK18bu9oD4mPIm;2026-04-13T10:19:17.110396
user_58_tx5g;0IGUXY4JbK18bu9oD4mPIm;2026-04-12T19:02:54.110396
user_58_tx5g;26wLOs3ZuHJa2Ihhx6QIE6;2026-03-28T12:23:15.110396
user_58_tx5g;2DmRXiyn03tOqKgEJXlaiJ;2026-03-18T08:29:51.110396
user_58_tx5g;7sKt5Y2zJpYw78iAxndB8y;2026-04-22T07:08:18.110396
user_58_tx5g;0IGUXY4JbK18bu9oD4mPIm;2026-04-11T07:41:00.110396
user_58_tx5g;5FiXhM80sP4yg6tEnHkZZn;2026-02-19T05:02:05.110396
user_58_tx5g;6tDxrq4FxEL2q15y37tXT9;2026-05-01T20:58:08.110396
user_58_tx5g;2DmRXiyn03tOqKgEJXlaiJ;2026-03-27T20:06:02.110396
user_58_tx5g;5FiXhM80sP4yg6tEnHkZZn;2026-02-20T08:10:49.110396
user_58_tx5g;2f0pn9DkEJwAzXApnFh5cr;2026-05-04T04:16:15.110396
user_58_tx5g;4jPy3l0RUwlUI9T5XHBW2m;2026-04-13T10:15:36.110396
user_58_tx5g;0IGUXY4JbK18bu9oD4mPIm;2026-04-10T00:46:55.110396
user_58_tx5g;26wLOs3ZuHJa2Ihhx6QIE6;2026-02-27T13:55:22.110396
user_58_tx5g;5FiXhM80sP4yg6tEnHkZZn;2026-04-07T11:58:20.110396
user_58_tx5g;0IGUXY4JbK18bu9oD4mPIm;2026-04-26T15:00:57.110396
user_58_tx5g;2DmRXiyn03tOqKgEJXlaiJ;2026-02-09T12:17:56.110396
user_58_tx5g;7iL6o9tox1zgHpKUfh9vuC;2026-03-03T21:44:33.110396
user_58_tx5g;7mzPAftljnsFmU6131Pqcd;2026-02-27T07:41:53.110396
user_58_tx5g;2mgzUVvDpb1zMSB4glLQ6T;2026-04-18T16:18:36.110396
user_58_tx5g;5DqdesEfbRyOlSS3Tf6c29;2026-03-25T22:56:42.110396
user_58_tx5g;0IGUXY4JbK18bu9oD4mPIm;2026-03-21T12:15:15.110396
user_58_tx5g;0IGUXY4JbK18bu9oD4mPIm;2026-02-26T22:57:02.110396
user_58_tx5g;4jPy3l0RUwlUI9T5XHBW2m;2026-02-26T23:06:25.110396
user_58_tx5g;2DmRXiyn03tOqKgEJXlaiJ;2026-04-07T06:21:23.110396
user_58_tx5g;2DmRXiyn03tOqKgEJXlaiJ;2026-04-18T19:21:56.110396
user_58_tx5g;2DmRXiyn03tOqKgEJXlaiJ;2026-03-04T05:07:32.110396
user_58_tx5g;2uThc9fZx2BEL3t6uuRMO1;2026-02-11T21:12:43.110396
user_58_tx5g;0IGUXY4JbK18bu9oD4mPIm;2026-04-03T17:31:12.110396
user_58_tx5g;4jPy3l0RUwlUI9T5XHBW2m;2026-03-22T04:32:12.110396
user_58_tx5g;6IwKcFdiRQZOWeYNhUiWIv;2026-04-19T02:26:15.110396
user_58_tx5g;1ofhfV90EnYhEr7Un2fWiv;2026-03-13T15:07:01.110396
user_58_tx5g;4x5YzxjrF9wvIIXJV7TveC;2026-04-26T06:53:44.110396
user_58_tx5g;0IGUXY4JbK18bu9oD4mPIm;2026-02-09T05:52:54.110396
user_58_tx5g;0IGUXY4JbK18bu9oD4mPIm;2026-04-18T13:56:36.110396
user_58_tx5g;4jPy3l0RUwlUI9T5XHBW2m;2026-02-12T17:03:15.110396
user_58_tx5g;0IGUXY4JbK18bu9oD4mPIm;2026-03-24T15:30:21.110396
user_58_tx5g;2iUXsYOEPhVqEBwsqP70rE;2026-03-14T03:06:22.110396
user_59_r3y2;4jPy3l0RUwlUI9T5XHBW2m;2026-04-29T00:15:44.110396
user_59_r3y2;5z6xHjCZr7a7AIcy8sPBKy;2026-03-27T19:56:04.110396
user_59_r3y2;5FiXhM80sP4yg6tEnHkZZn;2026-03-10T04:06:33.110396
user_59_r3y2;2DmRXiyn03tOqKgEJXlaiJ;2026-03-27T09:07:51.110396
user_59_r3y2;0dOg1ySSI7NkpAe89Zo0b9;2026-02-08T13:33:20.110396
user_59_r3y2;0IGUXY4JbK18bu9oD4mPIm;2026-03-10T14:57:12.110396
user_59_r3y2;5FiXhM80sP4yg6tEnHkZZn;2026-03-17T13:49:11.110396
user_59_r3y2;5FiXhM80sP4yg6tEnHkZZn;2026-02-15T16:37:25.110396
user_59_r3y2;27rdGxbavYJeBphck5MZAF;2026-02-23T23:50:18.110396
user_59_r3y2;5FiXhM80sP4yg6tEnHkZZn;2026-05-03T08:10:05.110396
user_59_r3y2;3B54sVLJ402zGa6Xm4YGNe;2026-03-09T21:44:34.110396
user_59_r3y2;4jPy3l0RUwlUI9T5XHBW2m;2026-05-04T08:37:51.110396
user_59_r3y2;5vhrsx08dHh2QcVh1Rsiwt;2026-04-06T10:41:53.110396
user_59_r3y2;6IwKcFdiRQZOWeYNhUiWIv;2026-04-21T10:40:47.110396
user_59_r3y2;2DmRXiyn03tOqKgEJXlaiJ;2026-02-21T12:19:40.110396
user_59_r3y2;0IGUXY4JbK18bu9oD4mPIm;2026-04-16T12:41:46.110396
user_59_r3y2;0IGUXY4JbK18bu9oD4mPIm;2026-03-04T11:17:42.110396
user_59_r3y2;7ycWLEP1GsNjVvcjawXz3z;2026-03-31T19:05:32.110396
user_59_r3y2;4jPy3l0RUwlUI9T5XHBW2m;2026-02-08T10:56:32.110396
user_59_r3y2;6wfb4nI2Vih263JqC8WSoW;2026-03-27T04:26:37.110396
user_59_r3y2;5FiXhM80sP4yg6tEnHkZZn;2026-03-18T15:42:39.110396
user_59_r3y2;0mr8FAnN9X70p5KRUwMIJx;2026-03-10T03:44:17.110396
user_59_r3y2;1almCHdsfikRPfVB9VrEdT;2026-04-28T05:55:10.110396
user_59_r3y2;0IGUXY4JbK18bu9oD4mPIm;2026-05-02T07:56:56.110396
user_59_r3y2;1RTYixE1DD3g3upEpmCJpa;2026-03-11T13:49:34.110396
user_59_r3y2;4jPy3l0RUwlUI9T5XHBW2m;2026-04-26T18:24:02.110396
user_59_r3y2;7rUchbZxrhF29Q0vYjKEU0;2026-03-06T21:56:04.110396
user_59_r3y2;14BH4qO7pgCmIe6mgLKOK3;2026-02-08T10:01:29.110396
user_59_r3y2;0IGUXY4JbK18bu9oD4mPIm;2026-04-14T04:35:27.110396
user_59_r3y2;6tDxrq4FxEL2q15y37tXT9;2026-02-13T16:07:57.110396
user_59_r3y2;4jPy3l0RUwlUI9T5XHBW2m;2026-02-15T17:14:23.110396
user_59_r3y2;5FiXhM80sP4yg6tEnHkZZn;2026-04-10T00:05:48.110396
user_59_r3y2;2iUXsYOEPhVqEBwsqP70rE;2026-02-12T08:28:46.110396
user_59_r3y2;7ycWLEP1GsNjVvcjawXz3z;2026-03-27T05:09:17.110396
user_59_r3y2;5oQcOu1omDykbIPSdSQQNJ;2026-02-18T23:21:00.110396
user_59_r3y2;1ofhfV90EnYhEr7Un2fWiv;2026-02-25T10:45:12.110396
user_59_r3y2;0IGUXY4JbK18bu9oD4mPIm;2026-03-21T14:05:38.110396
user_59_r3y2;2DmRXiyn03tOqKgEJXlaiJ;2026-02-12T14:12:42.110396
user_59_r3y2;0IGUXY4JbK18bu9oD4mPIm;2026-04-28T15:04:04.110396
user_59_r3y2;7iL6o9tox1zgHpKUfh9vuC;2026-02-19T06:00:41.110396
user_59_r3y2;2DmRXiyn03tOqKgEJXlaiJ;2026-03-03T17:24:59.110396
user_59_r3y2;1ofhfV90EnYhEr7Un2fWiv;2026-03-17T09:46:28.110396
user_59_r3y2;2DmRXiyn03tOqKgEJXlaiJ;2026-03-11T14:39:42.110396
user_59_r3y2;6jRq8gaZhMUyy5RclRPcAf;2026-04-12T15:27:01.110396
user_59_r3y2;5FiXhM80sP4yg6tEnHkZZn;2026-02-08T07:03:01.110396
user_60_ytoc;0IGUXY4JbK18bu9oD4mPIm;2026-03-14T13:39:05.110396
user_60_ytoc;5FiXhM80sP4yg6tEnHkZZn;2026-03-20T22:16:18.110396
user_60_ytoc;5FiXhM80sP4yg6tEnHkZZn;2026-03-22T12:39:15.110396
user_60_ytoc;7iL6o9tox1zgHpKUfh9vuC;2026-02-19T23:29:24.110396
user_60_ytoc;6zDs6zI94L761vd0cVScTT;2026-04-30T21:15:13.110396
user_60_ytoc;4jYt1pQqg2mIZmY4FWCZEM;2026-02-09T11:32:11.110396
user_60_ytoc;2DmRXiyn03tOqKgEJXlaiJ;2026-02-20T20:00:42.110396
user_60_ytoc;0IGUXY4JbK18bu9oD4mPIm;2026-02-21T08:09:04.110396
user_60_ytoc;5FiXhM80sP4yg6tEnHkZZn;2026-03-18T04:12:43.110396
user_60_ytoc;2WTHLEVjfefbGoW7F3dXIg;2026-05-05T22:51:29.110396
user_60_ytoc;5FiXhM80sP4yg6tEnHkZZn;2026-03-03T22:04:08.110396
user_60_ytoc;4jPy3l0RUwlUI9T5XHBW2m;2026-02-26T21:45:44.110396
user_60_ytoc;1ccZZf0IQi5y0bHMl2aGDF;2026-02-21T18:11:05.110396
user_60_ytoc;2DmRXiyn03tOqKgEJXlaiJ;2026-05-03T13:15:02.110396
user_60_ytoc;2DmRXiyn03tOqKgEJXlaiJ;2026-04-25T20:59:49.110396
user_60_ytoc;2DmRXiyn03tOqKgEJXlaiJ;2026-05-01T14:55:35.110396
user_60_ytoc;5FiXhM80sP4yg6tEnHkZZn;2026-04-20T18:07:13.110396
user_60_ytoc;41P6Tnd8KIHqON0QIydx6a;2026-03-24T05:47:30.110396
user_60_ytoc;4jPy3l0RUwlUI9T5XHBW2m;2026-04-29T20:01:00.110396
user_60_ytoc;3MwHZDGwAR8RjZZBriBqmx;2026-03-26T23:33:53.110396
user_60_ytoc;4jPy3l0RUwlUI9T5XHBW2m;2026-04-01T12:59:55.110396
user_60_ytoc;6tDxrq4FxEL2q15y37tXT9;2026-03-20T22:18:49.110396
user_60_ytoc;1ei3hzQmrgealgRKFxIcWn;2026-05-04T16:53:58.110396
user_60_ytoc;2uThc9fZx2BEL3t6uuRMO1;2026-04-05T06:05:46.110396
user_60_ytoc;0oA9wBGDY4uyILLg4GymWP;2026-03-28T00:43:39.110396
user_60_ytoc;2DmRXiyn03tOqKgEJXlaiJ;2026-05-04T23:14:02.110396
user_60_ytoc;5FiXhM80sP4yg6tEnHkZZn;2026-05-01T00:56:19.110396
user_60_ytoc;5FiXhM80sP4yg6tEnHkZZn;2026-04-27T19:04:24.110396
user_60_ytoc;26wLOs3ZuHJa2Ihhx6QIE6;2026-04-22T09:06:32.110396
user_60_ytoc;4jPy3l0RUwlUI9T5XHBW2m;2026-02-19T05:43:39.110396
user_60_ytoc;1v1oIWf2Xgh54kIWuKsDf6;2026-03-14T13:55:26.110396
user_60_ytoc;4jPy3l0RUwlUI9T5XHBW2m;2026-02-25T01:22:06.110396
user_60_ytoc;4jPy3l0RUwlUI9T5XHBW2m;2026-03-22T02:37:45.110396
user_60_ytoc;2DmRXiyn03tOqKgEJXlaiJ;2026-02-21T08:58:51.110396
user_60_ytoc;1Ph96WpdjNlwD6iKRE2Xa3;2026-02-06T18:58:41.110396
user_60_ytoc;6LwrEZNkvFTOypNwSLjuaJ;2026-03-16T09:32:31.110396
user_60_ytoc;2DmRXiyn03tOqKgEJXlaiJ;2026-03-03T21:59:49.110396
user_60_ytoc;6zDs6zI94L761vd0cVScTT;2026-02-10T03:47:30.110396
user_60_ytoc;0IGUXY4JbK18bu9oD4mPIm;2026-03-26T22:38:59.110396
user_60_ytoc;2iUXsYOEPhVqEBwsqP70rE;2026-03-02T02:55:53.110396
user_60_ytoc;2DmRXiyn03tOqKgEJXlaiJ;2026-02-25T13:15:04.110396
user_60_ytoc;5FiXhM80sP4yg6tEnHkZZn;2026-03-25T19:15:05.110396
user_60_ytoc;3z06k8YF9CqX0CGFrlekOK;2026-04-03T01:06:57.110396
user_60_ytoc;5FiXhM80sP4yg6tEnHkZZn;2026-02-15T09:56:27.110396
user_60_ytoc;2zrhoHlFKxFTRF5aMyxMoQ;2026-02-07T20:08:59.110396
user_60_ytoc;2iUXsYOEPhVqEBwsqP70rE;2026-02-06T17:07:50.110396
user_60_ytoc;5FiXhM80sP4yg6tEnHkZZn;2026-04-14T11:38:13.110396
user_60_ytoc;7iL6o9tox1zgHpKUfh9vuC;2026-04-23T23:32:17.110396
user_61_0vun;0IGUXY4JbK18bu9oD4mPIm;2026-05-04T15:35:38.110396
user_61_0vun;0IGUXY4JbK18bu9oD4mPIm;2026-04-02T22:28:13.110396
user_61_0vun;0IGUXY4JbK18bu9oD4mPIm;2026-02-19T17:54:39.110396
user_61_0vun;396FqjKmViUZ92Wmm4rx3i;2026-02-07T09:05:34.110396
user_61_0vun;0IGUXY4JbK18bu9oD4mPIm;2026-02-16T19:58:27.110396
user_61_0vun;5DqdesEfbRyOlSS3Tf6c29;2026-02-17T13:08:18.110396
user_61_0vun;4jPy3l0RUwlUI9T5XHBW2m;2026-03-15T05:53:06.110396
user_61_0vun;0IGUXY4JbK18bu9oD4mPIm;2026-03-19T16:21:29.110396
user_61_0vun;7iL6o9tox1zgHpKUfh9vuC;2026-04-19T06:05:44.110396
user_61_0vun;5FiXhM80sP4yg6tEnHkZZn;2026-02-11T00:18:53.110396
user_61_0vun;0IGUXY4JbK18bu9oD4mPIm;2026-02-05T18:24:03.110396
user_61_0vun;2vmfvSoZBFAt9hhRoEByLi;2026-02-09T17:20:07.110396
user_61_0vun;2vmfvSoZBFAt9hhRoEByLi;2026-02-28T02:08:54.110396
user_61_0vun;2tMoOS9grHtn4upzb4LwMG;2026-02-21T20:11:43.110396
user_61_0vun;3ia3dJETSOllPsv3LJkE35;2026-03-28T23:57:00.110396
user_61_0vun;5FiXhM80sP4yg6tEnHkZZn;2026-02-22T05:53:55.110396
user_61_0vun;3dbLT62Cvs46Ju7a8gpr36;2026-05-01T15:15:33.110396
user_61_0vun;7ycWLEP1GsNjVvcjawXz3z;2026-03-01T05:34:45.110396
user_61_0vun;1t2qYCAjUAoGfeFeoBlK51;2026-03-06T08:23:02.110396
user_61_0vun;1ofhfV90EnYhEr7Un2fWiv;2026-03-02T03:00:36.110396
user_61_0vun;2DmRXiyn03tOqKgEJXlaiJ;2026-02-24T11:05:32.110396
user_61_0vun;396FqjKmViUZ92Wmm4rx3i;2026-02-27T16:35:28.110396
user_61_0vun;5FiXhM80sP4yg6tEnHkZZn;2026-02-20T02:14:29.110396
user_61_0vun;2vmfvSoZBFAt9hhRoEByLi;2026-04-06T13:17:52.110396
user_61_0vun;5FiXhM80sP4yg6tEnHkZZn;2026-05-03T14:14:36.110396
user_61_0vun;0IGUXY4JbK18bu9oD4mPIm;2026-02-28T23:41:22.110396
user_61_0vun;6V50MyHPGhEmwYu0Wdyf0t;2026-04-11T21:26:36.110396
user_61_0vun;0Z2J91b2iTGLVTZC4fKgxf;2026-04-06T09:10:18.110396
user_61_0vun;5DqdesEfbRyOlSS3Tf6c29;2026-04-12T03:36:41.110396
user_61_0vun;2DmRXiyn03tOqKgEJXlaiJ;2026-03-23T17:14:18.110396
user_61_0vun;3wz2vWhYnnBoFmgMkqtzLy;2026-04-19T08:27:01.110396
user_61_0vun;4jPy3l0RUwlUI9T5XHBW2m;2026-04-03T01:50:35.110396
user_61_0vun;1Ph96WpdjNlwD6iKRE2Xa3;2026-04-10T07:26:10.110396
user_61_0vun;5FiXhM80sP4yg6tEnHkZZn;2026-03-08T22:34:31.110396
user_61_0vun;0IGUXY4JbK18bu9oD4mPIm;2026-03-26T04:39:35.110396
user_61_0vun;5N4erncE7kuUccm7zEmwzk;2026-03-20T11:27:40.110396
user_61_0vun;5FiXhM80sP4yg6tEnHkZZn;2026-02-23T10:27:01.110396
user_61_0vun;3XVBdLihbNbxUwZosxcGuJ;2026-02-09T03:11:08.110396
user_61_0vun;2DmRXiyn03tOqKgEJXlaiJ;2026-03-24T22:40:03.110396
user_62_ab73;0n4bITAu0Y0nigrz3MFJMb;2026-03-12T23:29:37.110396
user_62_ab73;2DmRXiyn03tOqKgEJXlaiJ;2026-02-15T12:22:58.110396
user_62_ab73;2DmRXiyn03tOqKgEJXlaiJ;2026-02-07T05:02:23.110396
user_62_ab73;26wLOs3ZuHJa2Ihhx6QIE6;2026-05-02T02:16:13.110396
user_62_ab73;4jPy3l0RUwlUI9T5XHBW2m;2026-03-15T23:13:08.110396
user_62_ab73;5FiXhM80sP4yg6tEnHkZZn;2026-03-05T15:12:15.110396
user_62_ab73;0IGUXY4JbK18bu9oD4mPIm;2026-05-06T11:09:28.110396
user_62_ab73;0oA9wBGDY4uyILLg4GymWP;2026-02-19T10:37:56.110396
user_62_ab73;3VvA1wSxukMLsvXoXtlwWx;2026-04-06T05:15:43.110396
user_62_ab73;1t2qYCAjUAoGfeFeoBlK51;2026-04-11T12:55:19.110396
user_62_ab73;7ycWLEP1GsNjVvcjawXz3z;2026-04-27T05:23:51.110396
user_62_ab73;2DmRXiyn03tOqKgEJXlaiJ;2026-04-10T19:24:01.110396
user_62_ab73;5DqdesEfbRyOlSS3Tf6c29;2026-04-03T04:22:56.110396
user_62_ab73;7iL6o9tox1zgHpKUfh9vuC;2026-04-05T20:43:05.110396
user_62_ab73;5g9lS8deSIxItFBmZRC4vN;2026-04-07T15:01:03.110396
user_62_ab73;5DqdesEfbRyOlSS3Tf6c29;2026-04-06T15:40:19.110396
user_62_ab73;5kVZxyMY1gfdCLiChsfjn1;2026-03-12T17:09:11.110396
user_62_ab73;2DmRXiyn03tOqKgEJXlaiJ;2026-04-26T11:06:45.110396
user_62_ab73;7ycWLEP1GsNjVvcjawXz3z;2026-04-10T22:32:58.110396
user_62_ab73;1IqF5PUDUnaykHLs0RWbDO;2026-03-28T15:16:31.110396
user_62_ab73;6F5mZpEEjhsAW8UEqbIpz1;2026-02-15T07:06:47.110396
user_62_ab73;5FiXhM80sP4yg6tEnHkZZn;2026-04-30T09:10:43.110396
user_62_ab73;0IGUXY4JbK18bu9oD4mPIm;2026-03-08T04:45:46.110396
user_62_ab73;0IGUXY4JbK18bu9oD4mPIm;2026-02-15T14:39:00.110396
user_62_ab73;3XVBdLihbNbxUwZosxcGuJ;2026-04-16T10:25:46.110396
user_62_ab73;0IGUXY4JbK18bu9oD4mPIm;2026-04-17T15:08:40.110396
user_62_ab73;2DmRXiyn03tOqKgEJXlaiJ;2026-03-19T18:18:46.110396
user_62_ab73;5FiXhM80sP4yg6tEnHkZZn;2026-05-02T11:28:32.110396
user_62_ab73;4jPy3l0RUwlUI9T5XHBW2m;2026-04-20T10:54:53.110396
user_62_ab73;2uThc9fZx2BEL3t6uuRMO1;2026-04-03T02:31:21.110396
user_62_ab73;0oA9wBGDY4uyILLg4GymWP;2026-02-27T03:34:52.110396
user_62_ab73;0IGUXY4JbK18bu9oD4mPIm;2026-02-21T22:33:54.110396
user_62_ab73;4jPy3l0RUwlUI9T5XHBW2m;2026-04-21T07:44:57.110396
user_62_ab73;0IGUXY4JbK18bu9oD4mPIm;2026-04-20T17:47:18.110396
user_62_ab73;5z6xHjCZr7a7AIcy8sPBKy;2026-03-06T02:22:59.110396
user_62_ab73;26wLOs3ZuHJa2Ihhx6QIE6;2026-03-12T15:29:49.110396
user_62_ab73;2iUXsYOEPhVqEBwsqP70rE;2026-03-20T10:37:50.110396
user_62_ab73;0IGUXY4JbK18bu9oD4mPIm;2026-04-17T22:03:08.110396
user_62_ab73;4jPy3l0RUwlUI9T5XHBW2m;2026-04-14T01:49:26.110396
user_62_ab73;5GkQIP5mWPi4KZLLXeuFTT;2026-03-26T11:07:03.110396
user_62_ab73;4jPy3l0RUwlUI9T5XHBW2m;2026-03-30T07:19:09.110396
user_62_ab73;7qEHsqek33rTcFNT9PFqLf;2026-02-07T05:10:07.110396
user_62_ab73;4jPy3l0RUwlUI9T5XHBW2m;2026-05-03T21:13:40.110396
user_62_ab73;5FiXhM80sP4yg6tEnHkZZn;2026-03-26T18:36:20.110396
user_62_ab73;5FiXhM80sP4yg6tEnHkZZn;2026-03-14T06:14:02.110396
user_62_ab73;1IqF5PUDUnaykHLs0RWbDO;2026-04-25T09:14:21.110396
user_62_ab73;0Z2J91b2iTGLVTZC4fKgxf;2026-03-31T20:47:28.110396
user_62_ab73;2DmRXiyn03tOqKgEJXlaiJ;2026-03-22T00:29:23.110396
user_63_ulv4;5FiXhM80sP4yg6tEnHkZZn;2026-03-01T08:22:26.110396
user_63_ulv4;26wLOs3ZuHJa2Ihhx6QIE6;2026-02-20T09:15:44.110396
user_63_ulv4;3Y7fpFZbHLpAvWJJYGehz0;2026-02-24T16:31:41.110396
user_63_ulv4;2DmRXiyn03tOqKgEJXlaiJ;2026-04-10T02:09:31.110396
user_63_ulv4;0IGUXY4JbK18bu9oD4mPIm;2026-02-08T12:07:18.110396
user_63_ulv4;4jPy3l0RUwlUI9T5XHBW2m;2026-04-01T08:16:55.110396
user_63_ulv4;4jPy3l0RUwlUI9T5XHBW2m;2026-03-18T23:04:35.110396
user_63_ulv4;0IGUXY4JbK18bu9oD4mPIm;2026-03-18T02:31:00.110396
user_63_ulv4;0IGUXY4JbK18bu9oD4mPIm;2026-03-19T05:00:54.110396
user_63_ulv4;2DmRXiyn03tOqKgEJXlaiJ;2026-03-07T14:50:43.110396
user_63_ulv4;5FiXhM80sP4yg6tEnHkZZn;2026-02-20T05:15:59.110396
user_63_ulv4;6zDs6zI94L761vd0cVScTT;2026-03-14T15:47:40.110396
user_63_ulv4;2DmRXiyn03tOqKgEJXlaiJ;2026-02-07T09:48:21.110396
user_63_ulv4;2zoobJFEB9h15fjYjRd6oP;2026-03-15T08:11:58.110396
user_63_ulv4;0IGUXY4JbK18bu9oD4mPIm;2026-03-31T05:11:43.110396
user_63_ulv4;2DmRXiyn03tOqKgEJXlaiJ;2026-03-08T14:22:15.110396
user_63_ulv4;2vmfvSoZBFAt9hhRoEByLi;2026-02-09T15:02:14.110396
user_63_ulv4;6wfb4nI2Vih263JqC8WSoW;2026-02-17T21:52:47.110396
user_63_ulv4;4jPy3l0RUwlUI9T5XHBW2m;2026-04-09T15:12:52.110396
user_63_ulv4;0IGUXY4JbK18bu9oD4mPIm;2026-04-29T11:05:49.110396
user_63_ulv4;0IGUXY4JbK18bu9oD4mPIm;2026-04-15T11:17:42.110396
user_63_ulv4;5IgjP7X4th6nMNDh4akUHb;2026-02-12T09:03:18.110396
user_63_ulv4;4jPy3l0RUwlUI9T5XHBW2m;2026-02-10T17:37:47.110396
user_64_uud5;7ycWLEP1GsNjVvcjawXz3z;2026-03-20T19:04:13.110396
user_64_uud5;3XVBdLihbNbxUwZosxcGuJ;2026-02-07T16:20:59.110396
user_64_uud5;5FiXhM80sP4yg6tEnHkZZn;2026-03-24T05:14:01.110396
user_64_uud5;2DmRXiyn03tOqKgEJXlaiJ;2026-03-17T11:32:27.110396
user_64_uud5;5FiXhM80sP4yg6tEnHkZZn;2026-02-25T11:24:50.110396
user_64_uud5;2DmRXiyn03tOqKgEJXlaiJ;2026-03-23T01:23:42.110396
user_64_uud5;0XRbYXQUymj9SJkrr8YK5B;2026-03-22T18:03:46.110396
user_64_uud5;0IGUXY4JbK18bu9oD4mPIm;2026-02-08T16:09:16.110396
user_64_uud5;7jLbTp3qZzah9kMIdW8e5M;2026-02-17T18:34:03.110396
user_64_uud5;2DmRXiyn03tOqKgEJXlaiJ;2026-02-19T17:57:09.110396
user_64_uud5;2uThc9fZx2BEL3t6uuRMO1;2026-03-10T14:38:39.110396
user_64_uud5;2iUXsYOEPhVqEBwsqP70rE;2026-04-12T19:15:59.110396
user_64_uud5;4jPy3l0RUwlUI9T5XHBW2m;2026-04-15T14:49:39.110396
user_64_uud5;7iL6o9tox1zgHpKUfh9vuC;2026-04-07T07:59:23.110396
user_64_uud5;7ycWLEP1GsNjVvcjawXz3z;2026-05-04T08:15:33.110396
user_64_uud5;5EOoMWIB9iK4ZpcSex9Ec7;2026-04-30T22:59:43.110396
user_64_uud5;0IGUXY4JbK18bu9oD4mPIm;2026-03-08T08:44:50.110396
user_64_uud5;7iL6o9tox1zgHpKUfh9vuC;2026-04-22T07:32:55.110396
user_64_uud5;7iL6o9tox1zgHpKUfh9vuC;2026-02-16T05:35:59.110396
user_64_uud5;1t2qYCAjUAoGfeFeoBlK51;2026-02-07T14:22:07.110396
user_64_uud5;4jPy3l0RUwlUI9T5XHBW2m;2026-04-27T10:56:00.110396
user_64_uud5;2DmRXiyn03tOqKgEJXlaiJ;2026-02-20T05:19:01.110396
user_64_uud5;0IGUXY4JbK18bu9oD4mPIm;2026-02-11T02:11:19.110396
user_64_uud5;0IGUXY4JbK18bu9oD4mPIm;2026-03-16T12:11:02.110396
user_64_uud5;4jPy3l0RUwlUI9T5XHBW2m;2026-04-10T13:00:59.110396
user_64_uud5;1ofhfV90EnYhEr7Un2fWiv;2026-04-23T05:33:41.110396
user_65_gws3;5vhrsx08dHh2QcVh1Rsiwt;2026-02-26T14:11:52.110396
user_65_gws3;6F5mZpEEjhsAW8UEqbIpz1;2026-03-26T17:34:16.110396
user_65_gws3;7iL6o9tox1zgHpKUfh9vuC;2026-03-21T00:08:18.110396
user_65_gws3;6vBMMa2erexusV4XrgXea9;2026-03-23T05:34:55.110396
user_65_gws3;0IGUXY4JbK18bu9oD4mPIm;2026-02-25T12:08:20.110396
user_65_gws3;5FiXhM80sP4yg6tEnHkZZn;2026-02-27T18:54:01.110396
user_65_gws3;1Ph96WpdjNlwD6iKRE2Xa3;2026-02-26T07:18:30.110396
user_65_gws3;396FqjKmViUZ92Wmm4rx3i;2026-04-06T16:01:01.110396
user_65_gws3;2769RhOZs0ezRncRW1vryp;2026-03-12T22:18:07.110396
user_65_gws3;5FiXhM80sP4yg6tEnHkZZn;2026-03-22T03:52:46.110396
user_65_gws3;0XRbYXQUymj9SJkrr8YK5B;2026-03-09T09:29:34.110396
user_65_gws3;2mgzUVvDpb1zMSB4glLQ6T;2026-03-04T17:48:03.110396
user_65_gws3;42qNWdLKCI41S4uzfamhFM;2026-03-11T00:43:22.110396
user_65_gws3;4ZHGRFGwjnEIXHG2FhcDPv;2026-03-27T12:18:00.110396
user_65_gws3;2DmRXiyn03tOqKgEJXlaiJ;2026-04-19T15:32:32.110396
user_65_gws3;4jPy3l0RUwlUI9T5XHBW2m;2026-04-16T12:39:57.110396
user_65_gws3;5FiXhM80sP4yg6tEnHkZZn;2026-02-16T21:55:16.110396
user_66_irxr;1tD8J13a74q8fBqXwAP50j;2026-03-15T14:43:09.110396
user_66_irxr;7ycWLEP1GsNjVvcjawXz3z;2026-03-21T16:05:05.110396
user_66_irxr;2uThc9fZx2BEL3t6uuRMO1;2026-03-03T03:19:54.110396
user_66_irxr;7iL6o9tox1zgHpKUfh9vuC;2026-03-08T20:14:11.110396
user_66_irxr;3ia3dJETSOllPsv3LJkE35;2026-03-11T08:58:07.110396
user_66_irxr;1v1oIWf2Xgh54kIWuKsDf6;2026-03-19T07:52:54.110396
user_66_irxr;6tDxrq4FxEL2q15y37tXT9;2026-04-10T17:59:07.110396
user_66_irxr;6LwrEZNkvFTOypNwSLjuaJ;2026-02-15T12:02:26.110396
user_66_irxr;4jPy3l0RUwlUI9T5XHBW2m;2026-04-08T18:14:35.110396
user_66_irxr;0IGUXY4JbK18bu9oD4mPIm;2026-02-20T03:24:31.110396
user_66_irxr;5DqdesEfbRyOlSS3Tf6c29;2026-03-12T00:01:12.110396
user_66_irxr;2DmRXiyn03tOqKgEJXlaiJ;2026-02-17T03:35:56.110396
user_66_irxr;3kdlVcMVsSkbsUy8eQcBjI;2026-02-12T00:43:08.110396
user_66_irxr;7iL6o9tox1zgHpKUfh9vuC;2026-03-12T14:00:08.110396
user_66_irxr;0IGUXY4JbK18bu9oD4mPIm;2026-04-16T17:15:48.110396
user_67_du93;7vF3xkCMvZjAe2nTWY0uQZ;2026-03-01T12:41:53.110396
user_67_du93;5FiXhM80sP4yg6tEnHkZZn;2026-04-03T13:03:05.110396
user_67_du93;71R6zJsrF3ffc3TBFHfivX;2026-04-21T00:30:14.110396
user_67_du93;0IGUXY4JbK18bu9oD4mPIm;2026-02-16T22:17:26.110396
user_67_du93;1ofhfV90EnYhEr7Un2fWiv;2026-04-25T08:56:53.110396
user_67_du93;1I4lCSP69P74nU3a6Su5L2;2026-03-26T11:34:47.110396
user_67_du93;2DmRXiyn03tOqKgEJXlaiJ;2026-02-12T13:35:15.110396
user_67_du93;7ycWLEP1GsNjVvcjawXz3z;2026-04-14T19:32:52.110396
user_67_du93;4jPy3l0RUwlUI9T5XHBW2m;2026-02-23T08:35:07.110396
user_67_du93;4VQNCzfZ3MdHEwwErNXpBo;2026-04-06T07:33:03.110396
user_68_1r01;5FiXhM80sP4yg6tEnHkZZn;2026-02-25T18:43:22.110396
user_68_1r01;0IGUXY4JbK18bu9oD4mPIm;2026-04-23T18:30:55.110396
user_68_1r01;5DqdesEfbRyOlSS3Tf6c29;2026-03-17T08:50:24.110396
user_68_1r01;4jPy3l0RUwlUI9T5XHBW2m;2026-03-02T09:52:29.110396
user_68_1r01;5FiXhM80sP4yg6tEnHkZZn;2026-02-06T04:56:43.110396
user_68_1r01;4VQNCzfZ3MdHEwwErNXpBo;2026-05-05T19:51:02.110396
user_68_1r01;4jPy3l0RUwlUI9T5XHBW2m;2026-04-07T17:45:01.110396
user_68_1r01;4jPy3l0RUwlUI9T5XHBW2m;2026-04-06T23:43:25.110396
user_68_1r01;0IGUXY4JbK18bu9oD4mPIm;2026-04-24T16:43:51.110396
user_68_1r01;0IGUXY4JbK18bu9oD4mPIm;2026-04-15T12:43:04.110396
user_68_1r01;5DqdesEfbRyOlSS3Tf6c29;2026-03-01T21:39:51.110396
user_68_1r01;4jPy3l0RUwlUI9T5XHBW2m;2026-03-29T15:14:27.110396
user_68_1r01;7iL6o9tox1zgHpKUfh9vuC;2026-04-03T06:05:19.110396
user_68_1r01;0IGUXY4JbK18bu9oD4mPIm;2026-04-14T03:48:08.110396
user_68_1r01;5FiXhM80sP4yg6tEnHkZZn;2026-02-19T18:17:29.110396
user_68_1r01;5DqdesEfbRyOlSS3Tf6c29;2026-04-12T08:01:32.110396
user_68_1r01;6LwrEZNkvFTOypNwSLjuaJ;2026-05-01T13:49:13.110396
user_68_1r01;2cGxRwrMyEAp8dEbuZaVv6;2026-03-02T01:45:28.110396
user_68_1r01;7iL6o9tox1zgHpKUfh9vuC;2026-02-09T14:04:57.110396
user_68_1r01;0IGUXY4JbK18bu9oD4mPIm;2026-02-28T06:21:54.110396
user_68_1r01;5RubKOuDoPn5Kj5TLVxSxY;2026-02-16T13:54:47.110396
user_68_1r01;7txxAtOMwLLnQTpKeBL6bp;2026-03-06T20:40:54.110396
user_68_1r01;5FiXhM80sP4yg6tEnHkZZn;2026-03-24T12:34:25.110396
user_68_1r01;5FiXhM80sP4yg6tEnHkZZn;2026-02-10T19:10:28.110396
user_68_1r01;7ycWLEP1GsNjVvcjawXz3z;2026-02-28T04:43:01.110396
user_68_1r01;0IGUXY4JbK18bu9oD4mPIm;2026-03-08T11:49:07.110396
user_68_1r01;2NWVdwbd2hPIzC2lyf4y63;2026-04-03T03:00:30.110396
user_68_1r01;2iUXsYOEPhVqEBwsqP70rE;2026-02-24T21:21:47.110396
user_68_1r01;1almCHdsfikRPfVB9VrEdT;2026-03-06T13:56:25.110396
user_68_1r01;0IGUXY4JbK18bu9oD4mPIm;2026-05-01T04:20:30.110396
user_68_1r01;7ycWLEP1GsNjVvcjawXz3z;2026-03-29T08:49:05.110396
user_68_1r01;0IGUXY4JbK18bu9oD4mPIm;2026-03-15T12:03:16.110396
user_68_1r01;5FiXhM80sP4yg6tEnHkZZn;2026-02-22T10:21:51.110396
user_68_1r01;4jPy3l0RUwlUI9T5XHBW2m;2026-05-06T03:12:00.110396
user_68_1r01;4Dvkj6JhhA12EX05fT7y2e;2026-04-30T18:41:10.110396
user_68_1r01;2DmRXiyn03tOqKgEJXlaiJ;2026-04-24T05:35:18.110396
user_68_1r01;2DmRXiyn03tOqKgEJXlaiJ;2026-02-11T22:42:23.110396
user_68_1r01;4v7riPZWyAclrOfUSwD0zp;2026-02-13T21:08:36.110396
user_68_1r01;5uFqjHOo3Sh0bVPCKf3DdH;2026-04-30T22:43:58.110396
user_68_1r01;2DmRXiyn03tOqKgEJXlaiJ;2026-04-25T21:34:53.110396
user_68_1r01;5FiXhM80sP4yg6tEnHkZZn;2026-03-07T21:20:19.110396
user_68_1r01;5FiXhM80sP4yg6tEnHkZZn;2026-04-08T15:01:13.110396
user_68_1r01;6wfb4nI2Vih263JqC8WSoW;2026-04-22T13:37:10.110396
user_68_1r01;2DmRXiyn03tOqKgEJXlaiJ;2026-03-25T08:47:36.110396
user_68_1r01;26wLOs3ZuHJa2Ihhx6QIE6;2026-03-25T13:55:16.110396
user_68_1r01;7iL6o9tox1zgHpKUfh9vuC;2026-02-10T14:03:47.110396
user_68_1r01;5DxXgozhkPLgrbKFY91w0c;2026-03-03T09:02:31.110396
user_68_1r01;2DmRXiyn03tOqKgEJXlaiJ;2026-04-18T12:07:58.110396
user_69_9c6d;26wLOs3ZuHJa2Ihhx6QIE6;2026-02-10T12:13:17.110396
user_69_9c6d;4jPy3l0RUwlUI9T5XHBW2m;2026-04-23T21:44:38.110396
user_69_9c6d;5FiXhM80sP4yg6tEnHkZZn;2026-03-12T09:11:28.110396
user_69_9c6d;2vmfvSoZBFAt9hhRoEByLi;2026-04-12T11:53:39.110396
user_69_9c6d;2vmfvSoZBFAt9hhRoEByLi;2026-02-06T23:26:30.110396
user_69_9c6d;4jPy3l0RUwlUI9T5XHBW2m;2026-03-26T23:31:07.110396
user_69_9c6d;0IGUXY4JbK18bu9oD4mPIm;2026-02-08T05:23:13.110396
user_69_9c6d;5FiXhM80sP4yg6tEnHkZZn;2026-03-06T03:41:32.110396
user_69_9c6d;4jPy3l0RUwlUI9T5XHBW2m;2026-04-05T21:29:48.110396
user_69_9c6d;4jPy3l0RUwlUI9T5XHBW2m;2026-05-06T06:20:58.110396
user_69_9c6d;2DmRXiyn03tOqKgEJXlaiJ;2026-02-23T04:30:34.110396
user_69_9c6d;4jPy3l0RUwlUI9T5XHBW2m;2026-03-30T09:12:27.110396
user_69_9c6d;4jPy3l0RUwlUI9T5XHBW2m;2026-03-19T14:16:58.110396
user_69_9c6d;26wLOs3ZuHJa2Ihhx6QIE6;2026-03-16T20:06:35.110396
user_69_9c6d;4jPy3l0RUwlUI9T5XHBW2m;2026-04-19T05:31:46.110396
user_69_9c6d;2DmRXiyn03tOqKgEJXlaiJ;2026-02-08T11:20:35.110396
user_69_9c6d;2zoobJFEB9h15fjYjRd6oP;2026-02-15T18:13:25.110396
user_69_9c6d;26wLOs3ZuHJa2Ihhx6QIE6;2026-02-06T20:40:03.110396
user_70_nkyy;1QEEqeFIZktqIpPI4jSVSF;2026-02-08T03:50:53.110396
user_70_nkyy;5FiXhM80sP4yg6tEnHkZZn;2026-05-01T13:16:43.110396
user_70_nkyy;5z6xHjCZr7a7AIcy8sPBKy;2026-02-23T07:44:56.110396
user_70_nkyy;1fr92Vupmcs2vgLMFVQ7rd;2026-03-08T18:03:56.110396
user_70_nkyy;5FiXhM80sP4yg6tEnHkZZn;2026-02-11T03:32:11.110396
user_70_nkyy;2DmRXiyn03tOqKgEJXlaiJ;2026-03-27T15:08:16.110396
user_70_nkyy;3e9HZxeyfWwjeyPAMmWSSQ;2026-03-13T19:03:58.110396
user_70_nkyy;0oA9wBGDY4uyILLg4GymWP;2026-03-16T05:26:25.110396
user_70_nkyy;2DmRXiyn03tOqKgEJXlaiJ;2026-05-06T02:46:39.110396
user_70_nkyy;0IGUXY4JbK18bu9oD4mPIm;2026-03-28T23:36:45.110396
user_70_nkyy;0Z2J91b2iTGLVTZC4fKgxf;2026-03-07T16:00:19.110396
user_70_nkyy;4jPy3l0RUwlUI9T5XHBW2m;2026-02-14T16:05:49.110396
user_70_nkyy;5g9lS8deSIxItFBmZRC4vN;2026-03-14T19:25:07.110396
user_70_nkyy;5FiXhM80sP4yg6tEnHkZZn;2026-04-20T20:18:46.110396
user_70_nkyy;0IGUXY4JbK18bu9oD4mPIm;2026-02-17T18:45:37.110396
user_70_nkyy;4jPy3l0RUwlUI9T5XHBW2m;2026-04-07T06:52:43.110396
user_71_j0dg;2enPRFda84VE2wtI8c86Uf;2026-02-13T15:30:04.110396
user_71_j0dg;7sKt5Y2zJpYw78iAxndB8y;2026-03-09T14:43:22.110396
user_71_j0dg;2DmRXiyn03tOqKgEJXlaiJ;2026-03-08T05:55:18.110396
user_71_j0dg;6L1V0LvpXBJ7QptKuLUj3v;2026-03-06T16:53:26.110396
user_71_j0dg;2DmRXiyn03tOqKgEJXlaiJ;2026-03-31T23:40:14.110396
user_71_j0dg;5FiXhM80sP4yg6tEnHkZZn;2026-03-28T17:13:18.110396
user_71_j0dg;6h5PAsRni4IRlxWr6uDPTP;2026-04-14T03:32:55.110396
user_71_j0dg;6vBMMa2erexusV4XrgXea9;2026-04-25T09:15:19.110396
user_71_j0dg;5FiXhM80sP4yg6tEnHkZZn;2026-02-28T15:06:38.110396
user_71_j0dg;26wLOs3ZuHJa2Ihhx6QIE6;2026-02-28T04:18:46.110396
user_71_j0dg;4jPy3l0RUwlUI9T5XHBW2m;2026-04-15T02:18:58.110396
user_71_j0dg;4jPy3l0RUwlUI9T5XHBW2m;2026-02-14T12:42:46.110396
user_71_j0dg;5FiXhM80sP4yg6tEnHkZZn;2026-04-16T02:18:11.110396
user_71_j0dg;7iL6o9tox1zgHpKUfh9vuC;2026-02-22T19:30:08.110396
user_71_j0dg;5DqdesEfbRyOlSS3Tf6c29;2026-03-07T10:05:22.110396
user_71_j0dg;1almCHdsfikRPfVB9VrEdT;2026-03-05T09:33:02.110396
user_71_j0dg;5DqdesEfbRyOlSS3Tf6c29;2026-04-30T06:51:40.110396
user_71_j0dg;1Ph96WpdjNlwD6iKRE2Xa3;2026-03-31T21:05:22.110396
user_71_j0dg;0IGUXY4JbK18bu9oD4mPIm;2026-02-19T00:29:08.110396
user_71_j0dg;7mzPAftljnsFmU6131Pqcd;2026-03-22T08:56:29.110396
user_71_j0dg;1almCHdsfikRPfVB9VrEdT;2026-02-14T02:48:21.110396
user_71_j0dg;0Z2J91b2iTGLVTZC4fKgxf;2026-04-20T20:40:54.110396
user_71_j0dg;6Sq7ltF9Qa7SNFBsV5Cogx;2026-03-06T18:41:14.110396
user_71_j0dg;4jPy3l0RUwlUI9T5XHBW2m;2026-04-17T08:39:10.110396
user_71_j0dg;7ycWLEP1GsNjVvcjawXz3z;2026-03-22T06:40:21.110396
user_71_j0dg;2iUXsYOEPhVqEBwsqP70rE;2026-03-19T14:12:46.110396
user_71_j0dg;26wLOs3ZuHJa2Ihhx6QIE6;2026-03-08T12:42:21.110396
user_71_j0dg;7mzPAftljnsFmU6131Pqcd;2026-02-27T20:45:48.110396
user_71_j0dg;5FiXhM80sP4yg6tEnHkZZn;2026-03-29T03:52:42.110396
user_71_j0dg;4jPy3l0RUwlUI9T5XHBW2m;2026-02-26T14:43:47.110396
user_71_j0dg;4ZWyj5whGZ3nNLwOtOLrMt;2026-03-29T15:13:59.110396
user_71_j0dg;0IGUXY4JbK18bu9oD4mPIm;2026-04-14T00:06:16.110396
user_71_j0dg;2iUXsYOEPhVqEBwsqP70rE;2026-02-12T21:15:09.110396
user_71_j0dg;0IGUXY4JbK18bu9oD4mPIm;2026-04-22T13:41:35.110396
user_71_j0dg;2DmRXiyn03tOqKgEJXlaiJ;2026-02-12T21:41:50.110396
user_71_j0dg;4jPy3l0RUwlUI9T5XHBW2m;2026-03-20T09:03:00.110396
user_71_j0dg;6vBMMa2erexusV4XrgXea9;2026-04-22T00:45:47.110396
user_71_j0dg;1Ph96WpdjNlwD6iKRE2Xa3;2026-04-25T04:13:43.110396
user_71_j0dg;4jPy3l0RUwlUI9T5XHBW2m;2026-03-06T21:00:00.110396
user_71_j0dg;4TgxFMOn5yoESW6zCidCXL;2026-04-05T00:19:35.110396
user_71_j0dg;5FiXhM80sP4yg6tEnHkZZn;2026-04-19T20:35:44.110396
user_71_j0dg;0IGUXY4JbK18bu9oD4mPIm;2026-02-12T18:19:37.110396
user_71_j0dg;5FiXhM80sP4yg6tEnHkZZn;2026-02-14T01:33:41.110396
user_71_j0dg;7iL6o9tox1zgHpKUfh9vuC;2026-04-23T12:30:00.110396
user_71_j0dg;2DmRXiyn03tOqKgEJXlaiJ;2026-02-14T15:29:56.110396
user_72_cu0v;5FiXhM80sP4yg6tEnHkZZn;2026-04-08T05:31:14.110396
user_72_cu0v;0Z2J91b2iTGLVTZC4fKgxf;2026-04-27T21:31:14.110396
user_72_cu0v;2DmRXiyn03tOqKgEJXlaiJ;2026-04-26T02:11:13.110396
user_72_cu0v;5FiXhM80sP4yg6tEnHkZZn;2026-02-23T04:10:39.110396
user_72_cu0v;0IGUXY4JbK18bu9oD4mPIm;2026-03-30T09:30:31.110396
user_72_cu0v;0IGUXY4JbK18bu9oD4mPIm;2026-02-11T12:55:12.110396
user_72_cu0v;5FiXhM80sP4yg6tEnHkZZn;2026-04-09T17:55:47.110396
user_72_cu0v;5FiXhM80sP4yg6tEnHkZZn;2026-04-30T22:34:21.110396
user_72_cu0v;3jTWd38NseaNnSuIK2Ybsp;2026-03-29T10:34:24.110396
user_72_cu0v;3XVBdLihbNbxUwZosxcGuJ;2026-03-12T14:45:44.110396
user_72_cu0v;0IGUXY4JbK18bu9oD4mPIm;2026-02-05T13:56:34.110396
user_72_cu0v;5FiXhM80sP4yg6tEnHkZZn;2026-02-07T05:31:50.110396
user_72_cu0v;0IGUXY4JbK18bu9oD4mPIm;2026-04-04T19:20:28.110396
user_72_cu0v;5g9lS8deSIxItFBmZRC4vN;2026-02-26T14:19:10.110396
user_72_cu0v;3TVUW7bJJWDOonkVCZxfLV;2026-02-15T09:48:49.110396
user_72_cu0v;2uThc9fZx2BEL3t6uuRMO1;2026-03-26T18:15:13.110396
user_72_cu0v;2iUXsYOEPhVqEBwsqP70rE;2026-04-22T14:19:41.110396
user_72_cu0v;5FiXhM80sP4yg6tEnHkZZn;2026-02-14T01:14:11.110396
user_72_cu0v;2DmRXiyn03tOqKgEJXlaiJ;2026-03-01T03:50:39.110396
user_72_cu0v;7iL6o9tox1zgHpKUfh9vuC;2026-04-24T02:40:02.110396
user_72_cu0v;5FiXhM80sP4yg6tEnHkZZn;2026-02-27T17:00:43.110396
user_72_cu0v;26wLOs3ZuHJa2Ihhx6QIE6;2026-02-13T20:29:49.110396
user_72_cu0v;2iUXsYOEPhVqEBwsqP70rE;2026-03-06T18:31:42.110396
user_72_cu0v;2DmRXiyn03tOqKgEJXlaiJ;2026-03-08T03:40:09.110396
user_72_cu0v;2DmRXiyn03tOqKgEJXlaiJ;2026-04-05T02:28:58.110396
user_72_cu0v;2cGxRwrMyEAp8dEbuZaVv6;2026-04-16T05:55:46.110396
user_72_cu0v;7mzPAftljnsFmU6131Pqcd;2026-03-07T20:59:47.110396
user_72_cu0v;5FiXhM80sP4yg6tEnHkZZn;2026-03-24T12:42:53.110396
user_72_cu0v;4jPy3l0RUwlUI9T5XHBW2m;2026-05-06T11:39:39.110396
user_72_cu0v;0IGUXY4JbK18bu9oD4mPIm;2026-02-27T00:30:56.110396
user_72_cu0v;0IGUXY4JbK18bu9oD4mPIm;2026-03-02T12:22:04.110396
user_72_cu0v;2DmRXiyn03tOqKgEJXlaiJ;2026-02-11T18:17:50.110396
user_72_cu0v;4jPy3l0RUwlUI9T5XHBW2m;2026-04-26T17:03:25.110396
user_72_cu0v;6Z8R6UsFuGXGtiIxiD8ISb;2026-02-11T14:00:52.110396
user_72_cu0v;0IGUXY4JbK18bu9oD4mPIm;2026-04-05T08:45:00.110396
user_72_cu0v;5FiXhM80sP4yg6tEnHkZZn;2026-03-19T21:12:13.110396
user_72_cu0v;1almCHdsfikRPfVB9VrEdT;2026-03-10T16:47:57.110396
user_72_cu0v;5g9lS8deSIxItFBmZRC4vN;2026-04-23T15:02:47.110396
user_72_cu0v;2DmRXiyn03tOqKgEJXlaiJ;2026-03-17T04:14:31.110396
user_72_cu0v;4jPy3l0RUwlUI9T5XHBW2m;2026-04-30T12:18:50.110396
user_72_cu0v;5Hroj5K7vLpIG4FNCRIjbP;2026-04-13T17:30:50.110396
user_72_cu0v;2DmRXiyn03tOqKgEJXlaiJ;2026-04-10T14:38:51.110396
user_72_cu0v;2DmRXiyn03tOqKgEJXlaiJ;2026-03-17T20:03:47.110396
user_72_cu0v;7rSERmjAT38lC5QhJ8hnQc;2026-03-19T15:51:33.110396
user_72_cu0v;1IqF5PUDUnaykHLs0RWbDO;2026-04-01T10:42:19.110396
user_72_cu0v;5FiXhM80sP4yg6tEnHkZZn;2026-03-30T13:56:13.110396
user_72_cu0v;5FiXhM80sP4yg6tEnHkZZn;2026-04-20T02:17:59.110396
user_73_1odj;1v1oIWf2Xgh54kIWuKsDf6;2026-02-07T17:44:51.110396
user_73_1odj;2uThc9fZx2BEL3t6uuRMO1;2026-03-11T18:46:33.110396
user_73_1odj;2DmRXiyn03tOqKgEJXlaiJ;2026-04-04T02:29:57.110396
user_73_1odj;4VQNCzfZ3MdHEwwErNXpBo;2026-03-06T13:37:59.110396
user_73_1odj;7ycWLEP1GsNjVvcjawXz3z;2026-02-19T08:29:49.110396
user_73_1odj;3TVUW7bJJWDOonkVCZxfLV;2026-02-19T09:35:36.110396
user_73_1odj;0IGUXY4JbK18bu9oD4mPIm;2026-02-06T06:11:29.110396
user_73_1odj;3ia3dJETSOllPsv3LJkE35;2026-03-31T10:44:13.110396
user_73_1odj;4gMPlHHAjOQnUrhsuqHivn;2026-04-24T23:01:43.110396
user_73_1odj;7ycWLEP1GsNjVvcjawXz3z;2026-02-20T19:16:11.110396
user_73_1odj;4jPy3l0RUwlUI9T5XHBW2m;2026-03-25T22:14:13.110396
user_73_1odj;0IGUXY4JbK18bu9oD4mPIm;2026-02-12T01:59:41.110396
user_73_1odj;4jPy3l0RUwlUI9T5XHBW2m;2026-03-19T03:22:04.110396
user_73_1odj;2DmRXiyn03tOqKgEJXlaiJ;2026-04-26T20:27:35.110396
user_73_1odj;7mzPAftljnsFmU6131Pqcd;2026-04-27T22:42:01.110396
user_73_1odj;5z6xHjCZr7a7AIcy8sPBKy;2026-04-29T01:08:21.110396
user_73_1odj;5FiXhM80sP4yg6tEnHkZZn;2026-04-09T20:41:23.110396
user_73_1odj;4AE7Lj39VnSZNOmGH2iZaq;2026-03-23T21:28:03.110396
user_73_1odj;7ycWLEP1GsNjVvcjawXz3z;2026-02-17T04:48:36.110396
user_73_1odj;2DmRXiyn03tOqKgEJXlaiJ;2026-05-04T10:59:13.110396
user_73_1odj;5z6xHjCZr7a7AIcy8sPBKy;2026-02-18T13:48:48.110396
user_73_1odj;7ycWLEP1GsNjVvcjawXz3z;2026-04-28T18:15:56.110396
user_73_1odj;5z6xHjCZr7a7AIcy8sPBKy;2026-04-15T16:14:58.110396
user_73_1odj;5FiXhM80sP4yg6tEnHkZZn;2026-03-06T07:32:43.110396
user_73_1odj;2DmRXiyn03tOqKgEJXlaiJ;2026-02-12T14:33:15.110396
user_73_1odj;2DmRXiyn03tOqKgEJXlaiJ;2026-02-11T03:46:53.110396
user_73_1odj;26wLOs3ZuHJa2Ihhx6QIE6;2026-02-10T04:06:40.110396
user_73_1odj;26wLOs3ZuHJa2Ihhx6QIE6;2026-03-10T19:31:05.110396
user_73_1odj;4jPy3l0RUwlUI9T5XHBW2m;2026-03-10T23:12:39.110396
user_73_1odj;1Ph96WpdjNlwD6iKRE2Xa3;2026-02-06T17:10:25.110396
user_73_1odj;4jPy3l0RUwlUI9T5XHBW2m;2026-04-16T00:01:42.110396
user_73_1odj;5FiXhM80sP4yg6tEnHkZZn;2026-03-16T04:27:45.110396
user_73_1odj;5FiXhM80sP4yg6tEnHkZZn;2026-03-11T04:09:27.110396
user_73_1odj;2DmRXiyn03tOqKgEJXlaiJ;2026-04-28T02:25:30.110396
user_73_1odj;5FiXhM80sP4yg6tEnHkZZn;2026-03-11T07:23:36.110396
user_73_1odj;2uThc9fZx2BEL3t6uuRMO1;2026-03-09T07:00:35.110396
user_73_1odj;2uThc9fZx2BEL3t6uuRMO1;2026-04-02T14:49:00.110396
user_73_1odj;5FiXhM80sP4yg6tEnHkZZn;2026-04-24T07:40:58.110396
user_73_1odj;4jPy3l0RUwlUI9T5XHBW2m;2026-03-12T20:26:42.110396
user_73_1odj;5FiXhM80sP4yg6tEnHkZZn;2026-05-04T00:16:44.110396
user_73_1odj;2DmRXiyn03tOqKgEJXlaiJ;2026-03-01T15:57:27.110396
user_73_1odj;4jPy3l0RUwlUI9T5XHBW2m;2026-04-27T12:42:09.110396
user_73_1odj;5FiXhM80sP4yg6tEnHkZZn;2026-04-27T21:47:53.110396
user_73_1odj;7sKt5Y2zJpYw78iAxndB8y;2026-03-18T09:09:37.110396
user_73_1odj;4jPy3l0RUwlUI9T5XHBW2m;2026-04-15T13:36:42.110396
user_73_1odj;5FiXhM80sP4yg6tEnHkZZn;2026-03-11T12:32:07.110396
user_74_py3s;7IXQrRgmHxWYWitSlyFY7z;2026-03-26T18:50:57.110396
user_74_py3s;5FiXhM80sP4yg6tEnHkZZn;2026-03-04T05:20:48.110396
user_74_py3s;0IGUXY4JbK18bu9oD4mPIm;2026-05-05T15:14:48.110396
user_74_py3s;4jPy3l0RUwlUI9T5XHBW2m;2026-05-06T03:33:48.110396
user_74_py3s;2DmRXiyn03tOqKgEJXlaiJ;2026-04-08T20:33:17.110396
user_74_py3s;4jPy3l0RUwlUI9T5XHBW2m;2026-02-21T06:24:28.110396
user_74_py3s;1vxw6aYJls2oq3gW0DujAo;2026-03-27T23:56:27.110396
user_74_py3s;0IGUXY4JbK18bu9oD4mPIm;2026-02-22T19:30:28.110396
user_74_py3s;2DmRXiyn03tOqKgEJXlaiJ;2026-02-23T08:28:16.110396
user_74_py3s;4jPy3l0RUwlUI9T5XHBW2m;2026-03-10T13:32:22.110396
user_74_py3s;4jPy3l0RUwlUI9T5XHBW2m;2026-02-17T05:25:48.110396
user_74_py3s;2DmRXiyn03tOqKgEJXlaiJ;2026-04-06T16:55:21.110396
user_74_py3s;4jPy3l0RUwlUI9T5XHBW2m;2026-02-19T01:55:46.110396
user_74_py3s;4jPy3l0RUwlUI9T5XHBW2m;2026-04-01T10:08:03.110396
user_74_py3s;4jPy3l0RUwlUI9T5XHBW2m;2026-02-13T00:24:56.110396
user_74_py3s;2DmRXiyn03tOqKgEJXlaiJ;2026-03-10T15:16:53.110396
user_74_py3s;0IGUXY4JbK18bu9oD4mPIm;2026-03-27T10:34:56.110396
user_74_py3s;4jPy3l0RUwlUI9T5XHBW2m;2026-05-02T18:35:03.110396
user_74_py3s;5FiXhM80sP4yg6tEnHkZZn;2026-03-11T23:50:02.110396
user_74_py3s;6zDs6zI94L761vd0cVScTT;2026-04-01T21:28:50.110396
user_74_py3s;1almCHdsfikRPfVB9VrEdT;2026-04-27T16:27:41.110396
user_74_py3s;2DmRXiyn03tOqKgEJXlaiJ;2026-04-10T15:20:48.110396
user_74_py3s;5g9lS8deSIxItFBmZRC4vN;2026-04-21T16:51:15.110396
user_74_py3s;0IGUXY4JbK18bu9oD4mPIm;2026-02-07T20:15:57.110396
user_74_py3s;5FiXhM80sP4yg6tEnHkZZn;2026-02-27T07:05:28.110396
user_74_py3s;1v1oIWf2Xgh54kIWuKsDf6;2026-02-23T08:05:48.110396
user_74_py3s;7ycWLEP1GsNjVvcjawXz3z;2026-03-19T04:09:02.110396
user_74_py3s;4AE7Lj39VnSZNOmGH2iZaq;2026-04-01T15:07:22.110396
user_74_py3s;3dbLT62Cvs46Ju7a8gpr36;2026-03-27T00:33:21.110396
user_74_py3s;5FiXhM80sP4yg6tEnHkZZn;2026-02-19T00:32:24.110396
user_74_py3s;3fqwjXwUGN6vbzIwvyFMhx;2026-03-15T01:48:43.110396
user_74_py3s;1xzi1Jcr7mEi9K2RfzLOqS;2026-04-07T03:56:46.110396
user_74_py3s;2DmRXiyn03tOqKgEJXlaiJ;2026-04-05T06:03:31.110396
user_74_py3s;5z6xHjCZr7a7AIcy8sPBKy;2026-04-27T18:48:26.110396
user_74_py3s;0IGUXY4JbK18bu9oD4mPIm;2026-03-11T21:26:43.110396
user_74_py3s;5FiXhM80sP4yg6tEnHkZZn;2026-04-11T09:09:11.110396
user_75_zagh;0IGUXY4JbK18bu9oD4mPIm;2026-05-01T17:20:35.110396
user_75_zagh;4jPy3l0RUwlUI9T5XHBW2m;2026-02-17T03:40:09.110396
user_75_zagh;4jPy3l0RUwlUI9T5XHBW2m;2026-04-15T07:24:05.110396
user_75_zagh;2uThc9fZx2BEL3t6uuRMO1;2026-04-13T22:28:34.110396
user_75_zagh;4jPy3l0RUwlUI9T5XHBW2m;2026-03-05T23:10:01.110396
user_75_zagh;2iUXsYOEPhVqEBwsqP70rE;2026-02-12T20:43:27.110396
user_75_zagh;7iL6o9tox1zgHpKUfh9vuC;2026-03-03T06:06:15.110396
user_75_zagh;1xzi1Jcr7mEi9K2RfzLOqS;2026-03-11T10:18:09.110396
user_75_zagh;0IGUXY4JbK18bu9oD4mPIm;2026-04-20T05:10:11.110396
user_75_zagh;4VQNCzfZ3MdHEwwErNXpBo;2026-02-28T05:48:46.110396
user_75_zagh;4jPy3l0RUwlUI9T5XHBW2m;2026-04-30T02:12:32.110396
user_75_zagh;5FiXhM80sP4yg6tEnHkZZn;2026-02-06T13:05:49.110396
user_75_zagh;7ycWLEP1GsNjVvcjawXz3z;2026-04-05T02:19:32.110396
user_75_zagh;2DmRXiyn03tOqKgEJXlaiJ;2026-05-03T06:48:39.110396
user_75_zagh;0IGUXY4JbK18bu9oD4mPIm;2026-04-27T04:01:26.110396
user_75_zagh;2DmRXiyn03tOqKgEJXlaiJ;2026-02-13T11:00:25.110396
user_76_rfgk;4AE7Lj39VnSZNOmGH2iZaq;2026-03-13T12:44:00.110396
user_76_rfgk;7vF3xkCMvZjAe2nTWY0uQZ;2026-03-30T12:21:48.110396
user_76_rfgk;4jPy3l0RUwlUI9T5XHBW2m;2026-02-08T01:06:10.110396
user_76_rfgk;7ycWLEP1GsNjVvcjawXz3z;2026-02-06T22:00:41.110396
user_76_rfgk;2DmRXiyn03tOqKgEJXlaiJ;2026-02-11T23:36:22.110396
user_76_rfgk;5FiXhM80sP4yg6tEnHkZZn;2026-03-24T10:54:30.110396
user_76_rfgk;4jPy3l0RUwlUI9T5XHBW2m;2026-02-25T14:22:44.110396
user_76_rfgk;4jPy3l0RUwlUI9T5XHBW2m;2026-03-31T13:49:22.110396
user_76_rfgk;7ycWLEP1GsNjVvcjawXz3z;2026-03-24T20:24:19.110396
user_76_rfgk;3kdlVcMVsSkbsUy8eQcBjI;2026-04-30T14:49:55.110396
user_76_rfgk;26wLOs3ZuHJa2Ihhx6QIE6;2026-02-14T10:11:36.110396
user_76_rfgk;7iL6o9tox1zgHpKUfh9vuC;2026-04-07T19:11:12.110396
user_76_rfgk;6vBMMa2erexusV4XrgXea9;2026-02-07T22:56:08.110396
user_77_voc6;0IGUXY4JbK18bu9oD4mPIm;2026-04-02T23:46:07.110396
user_77_voc6;2DmRXiyn03tOqKgEJXlaiJ;2026-04-30T05:26:09.110396
user_77_voc6;7iL6o9tox1zgHpKUfh9vuC;2026-04-04T19:22:56.110396
user_77_voc6;7mzPAftljnsFmU6131Pqcd;2026-03-28T10:14:04.110396
user_77_voc6;5FiXhM80sP4yg6tEnHkZZn;2026-03-17T22:54:57.110396
user_77_voc6;2DmRXiyn03tOqKgEJXlaiJ;2026-05-06T11:27:14.110396
user_77_voc6;14BH4qO7pgCmIe6mgLKOK3;2026-03-21T00:06:32.110396
user_77_voc6;4jPy3l0RUwlUI9T5XHBW2m;2026-04-19T22:18:00.110396
user_77_voc6;5FiXhM80sP4yg6tEnHkZZn;2026-05-02T06:07:22.110396
user_77_voc6;4jPy3l0RUwlUI9T5XHBW2m;2026-04-02T14:44:37.110396
user_77_voc6;1IqF5PUDUnaykHLs0RWbDO;2026-04-10T01:35:35.110396
user_77_voc6;4jPy3l0RUwlUI9T5XHBW2m;2026-03-31T05:33:16.110396
user_77_voc6;0IGUXY4JbK18bu9oD4mPIm;2026-02-28T05:19:23.110396
user_77_voc6;4jPy3l0RUwlUI9T5XHBW2m;2026-04-01T15:07:10.110396
user_77_voc6;2uThc9fZx2BEL3t6uuRMO1;2026-04-12T21:11:03.110396
user_77_voc6;7mzPAftljnsFmU6131Pqcd;2026-05-01T03:01:30.110396
user_77_voc6;4jPy3l0RUwlUI9T5XHBW2m;2026-04-16T15:38:38.110396
user_77_voc6;7iL6o9tox1zgHpKUfh9vuC;2026-04-19T08:14:27.110396
user_77_voc6;4jPy3l0RUwlUI9T5XHBW2m;2026-04-27T19:13:29.110396
user_77_voc6;7iL6o9tox1zgHpKUfh9vuC;2026-04-16T07:46:08.110396
user_77_voc6;0IGUXY4JbK18bu9oD4mPIm;2026-04-13T17:06:40.110396
user_77_voc6;5FiXhM80sP4yg6tEnHkZZn;2026-03-24T04:32:44.110396
user_77_voc6;3dbLT62Cvs46Ju7a8gpr36;2026-03-20T04:16:27.110396
user_77_voc6;0IGUXY4JbK18bu9oD4mPIm;2026-03-27T12:34:05.110396
user_77_voc6;4VQNCzfZ3MdHEwwErNXpBo;2026-05-01T03:55:57.110396
user_77_voc6;0IGUXY4JbK18bu9oD4mPIm;2026-04-02T19:57:04.110396
user_77_voc6;7ycWLEP1GsNjVvcjawXz3z;2026-03-17T03:14:41.110396
user_77_voc6;2DmRXiyn03tOqKgEJXlaiJ;2026-03-29T12:44:55.110396
user_77_voc6;11IqNbLOD4s4nVYSuEttFR;2026-03-30T02:18:45.110396
user_77_voc6;5FiXhM80sP4yg6tEnHkZZn;2026-02-09T05:24:09.110396
user_77_voc6;0IGUXY4JbK18bu9oD4mPIm;2026-02-19T06:41:27.110396
user_77_voc6;7sKt5Y2zJpYw78iAxndB8y;2026-02-23T11:04:05.110396
user_77_voc6;0IGUXY4JbK18bu9oD4mPIm;2026-04-28T17:51:43.110396
user_77_voc6;7ycWLEP1GsNjVvcjawXz3z;2026-02-14T18:49:32.110396
user_77_voc6;0IGUXY4JbK18bu9oD4mPIm;2026-04-14T15:17:26.110396
user_77_voc6;34x6hEJgGAOQvmlMql5Ige;2026-04-21T02:40:59.110396
user_77_voc6;5FiXhM80sP4yg6tEnHkZZn;2026-03-21T11:49:27.110396
user_77_voc6;4jPy3l0RUwlUI9T5XHBW2m;2026-03-01T06:22:06.110396
user_77_voc6;7iL6o9tox1zgHpKUfh9vuC;2026-03-31T02:41:57.110396
user_77_voc6;1almCHdsfikRPfVB9VrEdT;2026-05-06T13:12:12.110396
user_77_voc6;0IGUXY4JbK18bu9oD4mPIm;2026-03-29T10:23:11.110396
user_77_voc6;47BBI51FKFwOMlIiX6m8ya;2026-02-20T15:06:53.110396
user_77_voc6;0IGUXY4JbK18bu9oD4mPIm;2026-04-08T23:14:01.110396
user_77_voc6;7mzPAftljnsFmU6131Pqcd;2026-04-14T20:20:54.110396
user_77_voc6;6vBMMa2erexusV4XrgXea9;2026-04-07T22:34:24.110396
user_78_rorx;2DmRXiyn03tOqKgEJXlaiJ;2026-03-21T23:47:37.110396
user_78_rorx;1v1oIWf2Xgh54kIWuKsDf6;2026-04-15T01:34:09.110396
user_78_rorx;0IGUXY4JbK18bu9oD4mPIm;2026-04-04T19:47:40.110396
user_78_rorx;0IGUXY4JbK18bu9oD4mPIm;2026-02-06T20:17:13.110396
user_78_rorx;0oA9wBGDY4uyILLg4GymWP;2026-04-25T08:55:06.110396
user_78_rorx;0IGUXY4JbK18bu9oD4mPIm;2026-03-18T01:10:03.110396
user_78_rorx;7iL6o9tox1zgHpKUfh9vuC;2026-03-28T03:46:42.110396
user_78_rorx;5DqdesEfbRyOlSS3Tf6c29;2026-02-07T00:57:47.110396
user_78_rorx;4jPy3l0RUwlUI9T5XHBW2m;2026-03-10T18:19:10.110396
user_78_rorx;2iUXsYOEPhVqEBwsqP70rE;2026-03-14T17:08:50.110396
user_78_rorx;0oA9wBGDY4uyILLg4GymWP;2026-04-15T13:47:03.110396
user_78_rorx;0IGUXY4JbK18bu9oD4mPIm;2026-04-05T18:24:27.110396
user_78_rorx;7iL6o9tox1zgHpKUfh9vuC;2026-04-13T04:47:10.110396
user_78_rorx;5DqdesEfbRyOlSS3Tf6c29;2026-03-28T17:21:11.110396
user_78_rorx;5DqdesEfbRyOlSS3Tf6c29;2026-02-20T10:42:41.110396
user_78_rorx;2DmRXiyn03tOqKgEJXlaiJ;2026-02-12T22:22:19.110396
user_78_rorx;0IGUXY4JbK18bu9oD4mPIm;2026-02-11T00:45:54.110396
user_78_rorx;4jPy3l0RUwlUI9T5XHBW2m;2026-03-14T12:27:32.110396
user_78_rorx;4jPy3l0RUwlUI9T5XHBW2m;2026-04-26T16:01:16.110396
user_78_rorx;1almCHdsfikRPfVB9VrEdT;2026-04-22T15:14:19.110396
user_78_rorx;0IGUXY4JbK18bu9oD4mPIm;2026-02-11T22:20:16.110396
user_78_rorx;26wLOs3ZuHJa2Ihhx6QIE6;2026-04-27T03:23:32.110396
user_78_rorx;5EOoMWIB9iK4ZpcSex9Ec7;2026-05-05T22:52:47.110396
user_78_rorx;5FiXhM80sP4yg6tEnHkZZn;2026-05-02T06:54:42.110396
user_78_rorx;4jPy3l0RUwlUI9T5XHBW2m;2026-04-09T03:33:10.110396
user_78_rorx;5z6xHjCZr7a7AIcy8sPBKy;2026-03-18T00:58:00.110396
user_78_rorx;0IGUXY4JbK18bu9oD4mPIm;2026-03-02T17:42:45.110396
user_78_rorx;4jPy3l0RUwlUI9T5XHBW2m;2026-03-01T03:39:50.110396
user_78_rorx;2DmRXiyn03tOqKgEJXlaiJ;2026-03-18T02:56:36.110396
user_78_rorx;5FiXhM80sP4yg6tEnHkZZn;2026-02-06T05:04:46.110396
user_78_rorx;0IGUXY4JbK18bu9oD4mPIm;2026-04-06T07:13:22.110396
user_78_rorx;2Foc5Q5nqNiosCNqttzHof;2026-03-02T10:02:12.110396
user_78_rorx;4jPy3l0RUwlUI9T5XHBW2m;2026-04-12T08:12:31.110396
user_78_rorx;0IGUXY4JbK18bu9oD4mPIm;2026-02-17T10:55:28.110396
user_78_rorx;0IGUXY4JbK18bu9oD4mPIm;2026-02-07T09:22:22.110396
user_78_rorx;2DmRXiyn03tOqKgEJXlaiJ;2026-02-11T04:04:42.110396
user_78_rorx;4esOae7i4rqTbAu9o5Pxco;2026-04-11T16:28:07.110396
user_78_rorx;4jPy3l0RUwlUI9T5XHBW2m;2026-02-09T10:20:33.110396
user_78_rorx;396FqjKmViUZ92Wmm4rx3i;2026-03-14T07:10:09.110396
user_78_rorx;5FiXhM80sP4yg6tEnHkZZn;2026-02-15T18:16:55.110396
user_78_rorx;2DmRXiyn03tOqKgEJXlaiJ;2026-04-12T19:13:56.110396
user_78_rorx;26wLOs3ZuHJa2Ihhx6QIE6;2026-03-21T20:57:38.110396
user_78_rorx;2DmRXiyn03tOqKgEJXlaiJ;2026-02-18T06:41:22.110396
user_78_rorx;2DmRXiyn03tOqKgEJXlaiJ;2026-04-22T20:45:17.110396
user_78_rorx;7iL6o9tox1zgHpKUfh9vuC;2026-03-03T23:25:46.110396
user_78_rorx;3wz2vWhYnnBoFmgMkqtzLy;2026-05-05T13:43:09.110396
user_78_rorx;4jPy3l0RUwlUI9T5XHBW2m;2026-04-05T08:29:13.110396
user_78_rorx;44ONERBHALxftQNWq6dmyd;2026-04-07T23:56:40.110396
user_78_rorx;2DmRXiyn03tOqKgEJXlaiJ;2026-05-01T12:46:40.110396
user_78_rorx;5FiXhM80sP4yg6tEnHkZZn;2026-03-15T21:44:03.110396
user_79_dqml;4jPy3l0RUwlUI9T5XHBW2m;2026-03-30T09:50:45.110396
user_79_dqml;1xzi1Jcr7mEi9K2RfzLOqS;2026-02-21T06:32:09.110396
user_79_dqml;2DmRXiyn03tOqKgEJXlaiJ;2026-04-15T18:36:29.110396
user_79_dqml;1IqF5PUDUnaykHLs0RWbDO;2026-03-16T06:34:58.110396
user_79_dqml;4VQNCzfZ3MdHEwwErNXpBo;2026-03-02T07:43:42.110396
user_79_dqml;4jPy3l0RUwlUI9T5XHBW2m;2026-05-03T09:12:16.110396
user_79_dqml;26wLOs3ZuHJa2Ihhx6QIE6;2026-04-07T02:15:51.110396
user_79_dqml;6wfb4nI2Vih263JqC8WSoW;2026-03-16T19:02:31.110396
user_79_dqml;5FiXhM80sP4yg6tEnHkZZn;2026-04-17T07:32:44.110396
user_79_dqml;5FiXhM80sP4yg6tEnHkZZn;2026-02-26T20:33:12.110396
user_79_dqml;2iUXsYOEPhVqEBwsqP70rE;2026-02-08T10:21:30.110396
user_79_dqml;0IGUXY4JbK18bu9oD4mPIm;2026-05-05T10:52:08.110396
user_79_dqml;5g9lS8deSIxItFBmZRC4vN;2026-02-16T06:31:05.110396
user_79_dqml;5FiXhM80sP4yg6tEnHkZZn;2026-04-29T16:44:44.110396
user_79_dqml;1v1oIWf2Xgh54kIWuKsDf6;2026-03-18T20:59:13.110396
user_79_dqml;0IGUXY4JbK18bu9oD4mPIm;2026-02-06T21:37:16.110396
user_79_dqml;4jPy3l0RUwlUI9T5XHBW2m;2026-04-08T22:44:11.110396
user_79_dqml;2DmRXiyn03tOqKgEJXlaiJ;2026-04-19T21:27:36.110396
user_79_dqml;0IGUXY4JbK18bu9oD4mPIm;2026-03-01T11:16:44.110396
user_79_dqml;2DmRXiyn03tOqKgEJXlaiJ;2026-04-14T07:35:48.110396
user_79_dqml;4jPy3l0RUwlUI9T5XHBW2m;2026-04-09T18:22:35.110396
user_79_dqml;0IGUXY4JbK18bu9oD4mPIm;2026-04-07T07:59:58.110396
user_79_dqml;2vmfvSoZBFAt9hhRoEByLi;2026-03-07T23:25:11.110396
user_79_dqml;429NtPmr12aypzFH3FkN9l;2026-04-08T08:28:42.110396
user_79_dqml;2DmRXiyn03tOqKgEJXlaiJ;2026-03-27T04:53:47.110396
user_79_dqml;5vhrsx08dHh2QcVh1Rsiwt;2026-02-27T07:22:02.110396
user_79_dqml;7ArVzlFsFsQXNseVXmdOyk;2026-04-27T15:23:19.110396
user_79_dqml;0IGUXY4JbK18bu9oD4mPIm;2026-03-07T20:52:34.110396
user_79_dqml;2DmRXiyn03tOqKgEJXlaiJ;2026-04-30T09:41:28.110396
user_79_dqml;47BBI51FKFwOMlIiX6m8ya;2026-04-07T01:49:05.110396
user_79_dqml;2DmRXiyn03tOqKgEJXlaiJ;2026-05-02T20:48:46.110396
user_79_dqml;5z6xHjCZr7a7AIcy8sPBKy;2026-03-30T18:32:16.110396
user_79_dqml;2WTHLEVjfefbGoW7F3dXIg;2026-04-29T09:13:18.110396
user_79_dqml;0IGUXY4JbK18bu9oD4mPIm;2026-03-26T04:12:16.110396
user_79_dqml;2DmRXiyn03tOqKgEJXlaiJ;2026-03-02T13:08:39.110396
user_79_dqml;0IGUXY4JbK18bu9oD4mPIm;2026-03-18T10:00:54.110396
user_79_dqml;7ycWLEP1GsNjVvcjawXz3z;2026-03-18T23:32:52.110396
user_79_dqml;0IGUXY4JbK18bu9oD4mPIm;2026-03-21T17:54:20.110396
user_79_dqml;4jPy3l0RUwlUI9T5XHBW2m;2026-03-06T11:07:57.110396
user_79_dqml;5FiXhM80sP4yg6tEnHkZZn;2026-03-12T12:51:29.110396
user_80_69hi;0IGUXY4JbK18bu9oD4mPIm;2026-04-04T15:17:27.110396
user_80_69hi;2uThc9fZx2BEL3t6uuRMO1;2026-03-27T21:36:32.110396
user_80_69hi;0IGUXY4JbK18bu9oD4mPIm;2026-02-21T11:48:11.110396
user_80_69hi;4jPy3l0RUwlUI9T5XHBW2m;2026-03-06T02:14:05.110396
user_80_69hi;4jPy3l0RUwlUI9T5XHBW2m;2026-03-29T13:27:48.110396
user_80_69hi;2DmRXiyn03tOqKgEJXlaiJ;2026-03-18T05:21:14.110396
user_80_69hi;2DmRXiyn03tOqKgEJXlaiJ;2026-03-04T17:28:51.110396
user_80_69hi;5FiXhM80sP4yg6tEnHkZZn;2026-04-25T11:42:51.110396
user_80_69hi;2DmRXiyn03tOqKgEJXlaiJ;2026-02-08T22:50:53.110396
user_80_69hi;0IGUXY4JbK18bu9oD4mPIm;2026-03-14T11:56:36.110396
user_80_69hi;6V50MyHPGhEmwYu0Wdyf0t;2026-03-11T16:49:27.110396
user_80_69hi;1Ph96WpdjNlwD6iKRE2Xa3;2026-03-28T08:35:08.110396
user_80_69hi;4jPy3l0RUwlUI9T5XHBW2m;2026-04-16T05:52:24.110396
user_80_69hi;6tDxrq4FxEL2q15y37tXT9;2026-02-26T16:24:48.110396
user_80_69hi;4jPy3l0RUwlUI9T5XHBW2m;2026-04-23T04:57:43.110396
user_80_69hi;5FiXhM80sP4yg6tEnHkZZn;2026-03-22T06:29:23.110396
user_80_69hi;0IGUXY4JbK18bu9oD4mPIm;2026-03-02T02:09:58.110396
user_81_z920;4jPy3l0RUwlUI9T5XHBW2m;2026-02-16T19:31:23.110396
user_81_z920;5FiXhM80sP4yg6tEnHkZZn;2026-02-19T16:24:30.110396
user_81_z920;4jPy3l0RUwlUI9T5XHBW2m;2026-03-10T13:39:21.110396
user_81_z920;5FiXhM80sP4yg6tEnHkZZn;2026-03-16T20:54:38.110396
user_81_z920;7iL6o9tox1zgHpKUfh9vuC;2026-04-25T07:45:50.110396
user_81_z920;4jPy3l0RUwlUI9T5XHBW2m;2026-03-23T06:01:51.110396
user_81_z920;4jPy3l0RUwlUI9T5XHBW2m;2026-04-29T05:50:46.110396
user_81_z920;4jPy3l0RUwlUI9T5XHBW2m;2026-03-22T08:36:06.110396
user_81_z920;1v1oIWf2Xgh54kIWuKsDf6;2026-03-12T01:11:09.110396
user_81_z920;5FiXhM80sP4yg6tEnHkZZn;2026-04-01T12:39:35.110396
user_82_oy80;2zoobJFEB9h15fjYjRd6oP;2026-04-25T23:52:20.110396
user_82_oy80;4jPy3l0RUwlUI9T5XHBW2m;2026-03-06T01:59:08.110396
user_82_oy80;7rUchbZxrhF29Q0vYjKEU0;2026-03-20T13:58:27.110396
user_82_oy80;0XRbYXQUymj9SJkrr8YK5B;2026-03-19T19:47:08.110396
user_82_oy80;0IGUXY4JbK18bu9oD4mPIm;2026-02-11T21:00:40.110396
user_82_oy80;26wLOs3ZuHJa2Ihhx6QIE6;2026-03-11T11:35:49.110396
user_82_oy80;7sKt5Y2zJpYw78iAxndB8y;2026-02-22T08:05:47.110396
user_82_oy80;2DmRXiyn03tOqKgEJXlaiJ;2026-02-18T05:21:48.110396
user_82_oy80;4jPy3l0RUwlUI9T5XHBW2m;2026-03-07T14:31:54.110396
user_82_oy80;2DmRXiyn03tOqKgEJXlaiJ;2026-04-25T09:37:31.110396
user_82_oy80;0IGUXY4JbK18bu9oD4mPIm;2026-04-16T00:11:41.110396
user_82_oy80;7sKt5Y2zJpYw78iAxndB8y;2026-03-15T18:21:43.110396
user_82_oy80;4jPy3l0RUwlUI9T5XHBW2m;2026-04-10T00:21:19.110396
user_82_oy80;5FiXhM80sP4yg6tEnHkZZn;2026-04-07T05:45:23.110396
user_82_oy80;0IGUXY4JbK18bu9oD4mPIm;2026-02-28T04:07:16.110396
user_82_oy80;0IGUXY4JbK18bu9oD4mPIm;2026-02-08T16:33:14.110396
user_82_oy80;0IGUXY4JbK18bu9oD4mPIm;2026-04-12T18:56:13.110396
user_82_oy80;5FiXhM80sP4yg6tEnHkZZn;2026-04-04T11:41:04.110396
user_82_oy80;4jPy3l0RUwlUI9T5XHBW2m;2026-03-09T07:31:53.110396
user_82_oy80;7iL6o9tox1zgHpKUfh9vuC;2026-04-30T20:52:27.110396
user_82_oy80;26wLOs3ZuHJa2Ihhx6QIE6;2026-04-13T19:00:18.110396
user_82_oy80;1almCHdsfikRPfVB9VrEdT;2026-03-21T08:33:31.110396
user_82_oy80;0IGUXY4JbK18bu9oD4mPIm;2026-02-16T04:41:38.110396
user_82_oy80;0IGUXY4JbK18bu9oD4mPIm;2026-04-10T12:15:33.110396
user_82_oy80;7iL6o9tox1zgHpKUfh9vuC;2026-03-09T14:27:55.110396
user_82_oy80;2DmRXiyn03tOqKgEJXlaiJ;2026-04-08T12:12:09.110396
user_82_oy80;2DmRXiyn03tOqKgEJXlaiJ;2026-03-13T23:29:37.110396
user_82_oy80;4jPy3l0RUwlUI9T5XHBW2m;2026-03-02T19:36:20.110396
user_82_oy80;2iUXsYOEPhVqEBwsqP70rE;2026-03-18T11:58:22.110396
user_82_oy80;2iUXsYOEPhVqEBwsqP70rE;2026-03-02T13:40:44.110396
user_82_oy80;1almCHdsfikRPfVB9VrEdT;2026-04-13T15:50:03.110396
user_82_oy80;2DmRXiyn03tOqKgEJXlaiJ;2026-02-08T03:02:14.110396
user_82_oy80;7rUchbZxrhF29Q0vYjKEU0;2026-04-19T00:16:59.110396
user_82_oy80;2DmRXiyn03tOqKgEJXlaiJ;2026-02-21T06:34:48.110396
user_82_oy80;6LwrEZNkvFTOypNwSLjuaJ;2026-04-01T09:38:37.110396
user_82_oy80;2DmRXiyn03tOqKgEJXlaiJ;2026-04-14T04:07:17.110396
user_82_oy80;2vmfvSoZBFAt9hhRoEByLi;2026-03-29T16:33:07.110396
user_82_oy80;7mzPAftljnsFmU6131Pqcd;2026-03-26T08:45:05.110396
user_82_oy80;1ei3hzQmrgealgRKFxIcWn;2026-02-07T07:42:25.110396
user_83_g55e;2DmRXiyn03tOqKgEJXlaiJ;2026-02-15T05:48:00.110396
user_83_g55e;7iL6o9tox1zgHpKUfh9vuC;2026-04-01T07:20:39.110396
user_83_g55e;1ofhfV90EnYhEr7Un2fWiv;2026-03-17T00:48:46.110396
user_83_g55e;6MpCaSIOfqBqbMED4kXgNY;2026-03-12T11:06:50.110396
user_83_g55e;7sKt5Y2zJpYw78iAxndB8y;2026-04-11T05:13:21.110396
user_83_g55e;2DmRXiyn03tOqKgEJXlaiJ;2026-02-08T12:51:16.110396
user_83_g55e;5FiXhM80sP4yg6tEnHkZZn;2026-04-24T02:16:00.110396
user_83_g55e;0IGUXY4JbK18bu9oD4mPIm;2026-03-21T05:50:13.110396
user_83_g55e;1v1oIWf2Xgh54kIWuKsDf6;2026-04-17T18:13:17.110396
user_83_g55e;2iUXsYOEPhVqEBwsqP70rE;2026-02-26T06:10:34.110396
user_83_g55e;5FiXhM80sP4yg6tEnHkZZn;2026-02-17T07:26:19.110396
user_83_g55e;6zDs6zI94L761vd0cVScTT;2026-02-19T22:37:10.110396
user_83_g55e;3jsYQw78lrxJA2ysnmOIf9;2026-04-01T00:18:41.110396
user_83_g55e;2DmRXiyn03tOqKgEJXlaiJ;2026-03-04T19:51:38.110396
user_83_g55e;2DmRXiyn03tOqKgEJXlaiJ;2026-03-17T18:48:05.110396
user_83_g55e;7eVu7FI02cTicLEgVtUvwF;2026-02-18T10:12:50.110396
user_83_g55e;0IGUXY4JbK18bu9oD4mPIm;2026-02-09T14:23:35.110396
user_83_g55e;5FiXhM80sP4yg6tEnHkZZn;2026-02-18T22:39:59.110396
user_83_g55e;2DmRXiyn03tOqKgEJXlaiJ;2026-04-14T11:25:36.110396
user_83_g55e;2DmRXiyn03tOqKgEJXlaiJ;2026-05-02T21:26:39.110396
user_83_g55e;7ycWLEP1GsNjVvcjawXz3z;2026-03-24T09:22:29.110396
user_83_g55e;5FiXhM80sP4yg6tEnHkZZn;2026-05-02T23:49:48.110396
user_83_g55e;0XRbYXQUymj9SJkrr8YK5B;2026-03-23T14:38:13.110396
user_83_g55e;7jLbTp3qZzah9kMIdW8e5M;2026-03-09T17:10:48.110396
user_83_g55e;2DmRXiyn03tOqKgEJXlaiJ;2026-04-23T05:34:14.110396
user_83_g55e;6wfb4nI2Vih263JqC8WSoW;2026-04-04T09:12:53.110396
user_83_g55e;5FiXhM80sP4yg6tEnHkZZn;2026-04-28T17:55:39.110396
user_83_g55e;4jPy3l0RUwlUI9T5XHBW2m;2026-03-19T15:25:51.110396
user_83_g55e;47BBI51FKFwOMlIiX6m8ya;2026-03-23T17:04:13.110396
user_83_g55e;0IGUXY4JbK18bu9oD4mPIm;2026-03-21T16:59:26.110396
user_83_g55e;3fqwjXwUGN6vbzIwvyFMhx;2026-03-04T20:26:55.110396
user_83_g55e;3kdlVcMVsSkbsUy8eQcBjI;2026-03-12T10:50:24.110396
user_83_g55e;7iL6o9tox1zgHpKUfh9vuC;2026-02-11T19:25:42.110396
user_83_g55e;4jPy3l0RUwlUI9T5XHBW2m;2026-04-21T07:17:35.110396
user_83_g55e;2iUXsYOEPhVqEBwsqP70rE;2026-04-30T22:53:31.110396
user_83_g55e;5FiXhM80sP4yg6tEnHkZZn;2026-02-10T08:19:32.110396
user_83_g55e;0BV0AYGLVlu2SdjN3J9twp;2026-03-21T02:26:19.110396
user_83_g55e;2DmRXiyn03tOqKgEJXlaiJ;2026-04-04T18:28:10.110396
user_83_g55e;4jPy3l0RUwlUI9T5XHBW2m;2026-02-19T01:10:46.110396
user_84_p8h8;2DmRXiyn03tOqKgEJXlaiJ;2026-02-26T05:12:39.110396
user_84_p8h8;0IGUXY4JbK18bu9oD4mPIm;2026-02-10T10:31:00.110396
user_84_p8h8;5FiXhM80sP4yg6tEnHkZZn;2026-03-25T02:25:07.110396
user_84_p8h8;4jPy3l0RUwlUI9T5XHBW2m;2026-03-19T14:47:19.110396
user_84_p8h8;3XVBdLihbNbxUwZosxcGuJ;2026-02-06T12:21:16.110396
user_84_p8h8;7iL6o9tox1zgHpKUfh9vuC;2026-04-04T15:54:01.110396
user_84_p8h8;0IGUXY4JbK18bu9oD4mPIm;2026-03-29T23:40:40.110396
user_84_p8h8;7ycWLEP1GsNjVvcjawXz3z;2026-03-10T18:33:02.110396
user_84_p8h8;7rUchbZxrhF29Q0vYjKEU0;2026-03-03T10:39:54.110396
user_84_p8h8;0Z2J91b2iTGLVTZC4fKgxf;2026-03-21T20:35:18.110396
user_84_p8h8;6tDxrq4FxEL2q15y37tXT9;2026-02-17T05:13:39.110396
user_84_p8h8;0IGUXY4JbK18bu9oD4mPIm;2026-04-09T06:09:57.110396
user_84_p8h8;0Z2J91b2iTGLVTZC4fKgxf;2026-04-18T08:33:58.110396
user_84_p8h8;3ia3dJETSOllPsv3LJkE35;2026-02-21T00:28:43.110396
user_84_p8h8;4jPy3l0RUwlUI9T5XHBW2m;2026-02-16T06:25:51.110396
user_84_p8h8;4jPy3l0RUwlUI9T5XHBW2m;2026-04-14T15:06:18.110396
user_84_p8h8;4jPy3l0RUwlUI9T5XHBW2m;2026-03-22T20:29:45.110396
user_84_p8h8;2DmRXiyn03tOqKgEJXlaiJ;2026-02-20T19:48:23.110396
user_84_p8h8;7ycWLEP1GsNjVvcjawXz3z;2026-03-08T04:48:51.110396
user_84_p8h8;5FiXhM80sP4yg6tEnHkZZn;2026-04-10T21:22:21.110396
user_84_p8h8;2iUXsYOEPhVqEBwsqP70rE;2026-02-17T13:07:07.110396
user_84_p8h8;4jPy3l0RUwlUI9T5XHBW2m;2026-04-02T06:40:51.110396
user_84_p8h8;2iUXsYOEPhVqEBwsqP70rE;2026-04-15T03:46:45.110396
user_84_p8h8;1v1oIWf2Xgh54kIWuKsDf6;2026-03-15T03:45:23.110396
user_84_p8h8;4jPy3l0RUwlUI9T5XHBW2m;2026-05-05T09:41:36.110396
user_84_p8h8;14BH4qO7pgCmIe6mgLKOK3;2026-02-10T03:02:14.110396
user_84_p8h8;1v1oIWf2Xgh54kIWuKsDf6;2026-02-19T20:21:00.110396
user_84_p8h8;3yUcJwYu7fXAfqMj9krY6l;2026-04-15T02:52:54.110396
user_84_p8h8;1gyee1JuFFiP476LQpRMYU;2026-05-03T09:19:46.110396
user_84_p8h8;6tDxrq4FxEL2q15y37tXT9;2026-04-26T05:26:19.110396
user_84_p8h8;1almCHdsfikRPfVB9VrEdT;2026-04-09T08:27:35.110396
user_84_p8h8;5FiXhM80sP4yg6tEnHkZZn;2026-04-11T05:12:23.110396
user_84_p8h8;2DmRXiyn03tOqKgEJXlaiJ;2026-04-16T20:17:21.110396
user_84_p8h8;5FiXhM80sP4yg6tEnHkZZn;2026-04-19T15:21:55.110396
user_84_p8h8;7ycWLEP1GsNjVvcjawXz3z;2026-03-02T03:45:28.110396
user_84_p8h8;7ycWLEP1GsNjVvcjawXz3z;2026-02-18T13:09:25.110396
user_85_yb86;4jPy3l0RUwlUI9T5XHBW2m;2026-05-01T18:11:46.110396
user_85_yb86;6vFsBXYczYsP0H3lgunZOm;2026-03-25T10:31:31.110396
user_85_yb86;2DmRXiyn03tOqKgEJXlaiJ;2026-03-16T11:05:48.110396
user_85_yb86;7mzPAftljnsFmU6131Pqcd;2026-05-03T21:41:02.110396
user_85_yb86;2uThc9fZx2BEL3t6uuRMO1;2026-02-10T18:53:57.110396
user_85_yb86;5FiXhM80sP4yg6tEnHkZZn;2026-04-12T19:10:51.110396
user_85_yb86;2f0pn9DkEJwAzXApnFh5cr;2026-04-17T16:16:21.110396
user_85_yb86;4AE7Lj39VnSZNOmGH2iZaq;2026-02-19T05:23:49.110396
user_85_yb86;7ycWLEP1GsNjVvcjawXz3z;2026-02-14T17:58:22.110396
user_85_yb86;0IGUXY4JbK18bu9oD4mPIm;2026-03-02T21:26:41.110396
user_85_yb86;3VvA1wSxukMLsvXoXtlwWx;2026-04-04T12:18:17.110396
user_85_yb86;5FiXhM80sP4yg6tEnHkZZn;2026-04-06T23:49:00.110396
user_85_yb86;2WTHLEVjfefbGoW7F3dXIg;2026-02-27T13:14:24.110396
user_85_yb86;7sKt5Y2zJpYw78iAxndB8y;2026-04-22T03:25:59.110396
user_85_yb86;1almCHdsfikRPfVB9VrEdT;2026-02-20T20:25:17.110396
user_85_yb86;4jPy3l0RUwlUI9T5XHBW2m;2026-04-02T08:36:35.110396
user_85_yb86;0IGUXY4JbK18bu9oD4mPIm;2026-03-22T18:05:54.110396
user_85_yb86;396FqjKmViUZ92Wmm4rx3i;2026-03-13T05:12:12.110396
user_85_yb86;6Z8R6UsFuGXGtiIxiD8ISb;2026-03-05T12:36:24.110396
user_85_yb86;4jPy3l0RUwlUI9T5XHBW2m;2026-02-15T12:40:53.110396
user_85_yb86;7ycWLEP1GsNjVvcjawXz3z;2026-04-23T12:23:04.110396
user_85_yb86;0IGUXY4JbK18bu9oD4mPIm;2026-02-20T22:46:46.110396
user_85_yb86;5DqdesEfbRyOlSS3Tf6c29;2026-03-11T02:21:23.110396
user_86_mrzc;2DmRXiyn03tOqKgEJXlaiJ;2026-03-04T09:56:32.110396
user_86_mrzc;5FiXhM80sP4yg6tEnHkZZn;2026-03-17T05:12:52.110396
user_86_mrzc;1almCHdsfikRPfVB9VrEdT;2026-04-07T02:39:34.110396
user_86_mrzc;0IGUXY4JbK18bu9oD4mPIm;2026-04-13T02:17:51.110396
user_86_mrzc;7ycWLEP1GsNjVvcjawXz3z;2026-02-23T21:41:52.110396
user_86_mrzc;5DqdesEfbRyOlSS3Tf6c29;2026-02-25T13:01:14.110396
user_86_mrzc;5FiXhM80sP4yg6tEnHkZZn;2026-04-13T19:46:59.110396
user_86_mrzc;3ia3dJETSOllPsv3LJkE35;2026-03-27T11:36:49.110396
user_86_mrzc;4jPy3l0RUwlUI9T5XHBW2m;2026-04-14T15:55:02.110396
user_86_mrzc;7sKt5Y2zJpYw78iAxndB8y;2026-04-21T07:21:00.110396
user_86_mrzc;4jPy3l0RUwlUI9T5XHBW2m;2026-04-12T05:46:37.110396
user_86_mrzc;2uThc9fZx2BEL3t6uuRMO1;2026-03-23T00:15:16.110396
user_86_mrzc;2DmRXiyn03tOqKgEJXlaiJ;2026-02-13T21:33:54.110396
user_86_mrzc;4jPy3l0RUwlUI9T5XHBW2m;2026-03-13T19:49:21.110396
user_86_mrzc;2DmRXiyn03tOqKgEJXlaiJ;2026-03-19T12:21:10.110396
user_87_x8ed;5FiXhM80sP4yg6tEnHkZZn;2026-02-20T11:06:49.110396
user_87_x8ed;1ofhfV90EnYhEr7Un2fWiv;2026-04-22T06:31:00.110396
user_87_x8ed;4jPy3l0RUwlUI9T5XHBW2m;2026-02-25T07:40:41.110396
user_87_x8ed;2DmRXiyn03tOqKgEJXlaiJ;2026-04-13T22:26:05.110396
user_87_x8ed;0IGUXY4JbK18bu9oD4mPIm;2026-03-18T19:10:34.110396
user_87_x8ed;5FiXhM80sP4yg6tEnHkZZn;2026-03-01T03:20:51.110396
user_87_x8ed;4jPy3l0RUwlUI9T5XHBW2m;2026-03-02T07:13:36.110396
user_87_x8ed;2iUXsYOEPhVqEBwsqP70rE;2026-03-03T09:56:19.110396
user_87_x8ed;5z6xHjCZr7a7AIcy8sPBKy;2026-02-17T15:36:09.110396
user_87_x8ed;3kdlVcMVsSkbsUy8eQcBjI;2026-03-28T17:49:12.110396
user_87_x8ed;5z6xHjCZr7a7AIcy8sPBKy;2026-04-14T12:52:22.110396
user_87_x8ed;2DmRXiyn03tOqKgEJXlaiJ;2026-04-20T03:09:25.110396
user_87_x8ed;4jPy3l0RUwlUI9T5XHBW2m;2026-03-11T14:57:30.110396
user_87_x8ed;2zoobJFEB9h15fjYjRd6oP;2026-03-23T13:53:14.110396
user_87_x8ed;0IGUXY4JbK18bu9oD4mPIm;2026-02-13T01:50:02.110396
user_87_x8ed;4jPy3l0RUwlUI9T5XHBW2m;2026-03-24T08:14:30.110396
user_87_x8ed;2DmRXiyn03tOqKgEJXlaiJ;2026-02-08T20:33:19.110396
user_87_x8ed;26wLOs3ZuHJa2Ihhx6QIE6;2026-03-05T09:28:27.110396
user_87_x8ed;0IGUXY4JbK18bu9oD4mPIm;2026-02-19T23:08:23.110396
user_87_x8ed;2DmRXiyn03tOqKgEJXlaiJ;2026-02-20T15:14:30.110396
user_87_x8ed;0IGUXY4JbK18bu9oD4mPIm;2026-04-24T10:04:03.110396
user_87_x8ed;5FiXhM80sP4yg6tEnHkZZn;2026-03-11T03:56:42.110396
user_87_x8ed;4jPy3l0RUwlUI9T5XHBW2m;2026-02-15T00:16:31.110396
user_87_x8ed;4esOae7i4rqTbAu9o5Pxco;2026-02-07T00:59:40.110396
user_87_x8ed;4jPy3l0RUwlUI9T5XHBW2m;2026-02-16T10:14:13.110396
user_87_x8ed;7sKt5Y2zJpYw78iAxndB8y;2026-05-03T21:40:12.110396
user_87_x8ed;5R7l05dglCrUX0qjZ1Eec1;2026-04-16T14:14:03.110396
user_87_x8ed;3pxCXv0NACYfYnLjFcQW5D;2026-02-28T06:44:02.110396
user_87_x8ed;6LwrEZNkvFTOypNwSLjuaJ;2026-02-15T18:01:26.110396
user_87_x8ed;1I4lCSP69P74nU3a6Su5L2;2026-04-10T01:00:55.110396
user_87_x8ed;6FE2iI43OZnszFLuLtvvmg;2026-05-04T09:26:24.110396
user_87_x8ed;7mzPAftljnsFmU6131Pqcd;2026-04-08T18:38:27.110396
user_87_x8ed;4jPy3l0RUwlUI9T5XHBW2m;2026-02-18T12:28:51.110396
user_87_x8ed;26wLOs3ZuHJa2Ihhx6QIE6;2026-04-04T14:04:06.110396
user_88_zils;4jPy3l0RUwlUI9T5XHBW2m;2026-02-21T04:20:46.110396
user_88_zils;0Z2J91b2iTGLVTZC4fKgxf;2026-02-20T20:04:26.110396
user_88_zils;0IGUXY4JbK18bu9oD4mPIm;2026-03-12T02:12:43.110396
user_88_zils;2DmRXiyn03tOqKgEJXlaiJ;2026-04-14T02:33:26.110396
user_88_zils;6vFsBXYczYsP0H3lgunZOm;2026-03-04T21:18:48.110396
user_88_zils;7DbdUf8aHSYoliSjO6LZv6;2026-02-09T07:25:45.110396
user_88_zils;5DqdesEfbRyOlSS3Tf6c29;2026-04-16T19:00:26.110396
user_88_zils;26PwuMotZqcczKLHi4Htz3;2026-04-27T07:25:34.110396
user_88_zils;0IGUXY4JbK18bu9oD4mPIm;2026-02-05T20:32:10.110396
user_88_zils;4jPy3l0RUwlUI9T5XHBW2m;2026-02-27T16:14:38.110396
user_88_zils;0IGUXY4JbK18bu9oD4mPIm;2026-03-04T18:34:00.110396
user_88_zils;5FiXhM80sP4yg6tEnHkZZn;2026-05-04T11:47:56.110396
user_88_zils;5FiXhM80sP4yg6tEnHkZZn;2026-04-04T11:45:47.110396
user_88_zils;5FiXhM80sP4yg6tEnHkZZn;2026-04-30T05:21:13.110396
user_88_zils;2iUXsYOEPhVqEBwsqP70rE;2026-04-01T15:37:04.110396
user_88_zils;4AE7Lj39VnSZNOmGH2iZaq;2026-03-13T18:11:35.110396
user_88_zils;4jPy3l0RUwlUI9T5XHBW2m;2026-02-28T07:25:05.110396
user_88_zils;7ycWLEP1GsNjVvcjawXz3z;2026-03-17T09:49:23.110396
user_88_zils;5FiXhM80sP4yg6tEnHkZZn;2026-03-28T08:52:46.110396
user_88_zils;5FiXhM80sP4yg6tEnHkZZn;2026-03-07T22:28:52.110396
user_88_zils;3ia3dJETSOllPsv3LJkE35;2026-04-24T16:25:20.110396
user_88_zils;2iUXsYOEPhVqEBwsqP70rE;2026-02-07T06:39:17.110396
user_88_zils;5FiXhM80sP4yg6tEnHkZZn;2026-02-25T19:37:04.110396
user_88_zils;0zuqABAUKs8WLVq8vCmfst;2026-03-05T05:42:26.110396
user_88_zils;6LwrEZNkvFTOypNwSLjuaJ;2026-02-13T05:44:50.110396
user_88_zils;52VIdyKqp1pJRSyUQaxKUA;2026-03-10T07:26:18.110396
user_88_zils;2qT1uLXPVPzGgFOx4jtEuo;2026-04-10T11:38:22.110396
user_88_zils;6vFsBXYczYsP0H3lgunZOm;2026-02-20T18:35:39.110396
user_88_zils;4jPy3l0RUwlUI9T5XHBW2m;2026-02-08T17:41:20.110396
user_88_zils;0IGUXY4JbK18bu9oD4mPIm;2026-04-22T07:31:34.110396
user_88_zils;4jPy3l0RUwlUI9T5XHBW2m;2026-02-20T07:42:43.110396
user_88_zils;5FiXhM80sP4yg6tEnHkZZn;2026-02-07T19:19:26.110396
user_88_zils;4jPy3l0RUwlUI9T5XHBW2m;2026-03-14T00:54:38.110396
user_88_zils;1t2qYCAjUAoGfeFeoBlK51;2026-04-09T06:41:01.110396
user_88_zils;5FiXhM80sP4yg6tEnHkZZn;2026-02-28T18:04:22.110396
user_88_zils;4jPy3l0RUwlUI9T5XHBW2m;2026-04-14T22:36:23.110396
user_89_iz8i;7iL6o9tox1zgHpKUfh9vuC;2026-03-24T00:04:42.110396
user_89_iz8i;1almCHdsfikRPfVB9VrEdT;2026-02-16T02:42:09.110396
user_89_iz8i;5FiXhM80sP4yg6tEnHkZZn;2026-03-17T06:56:05.110396
user_89_iz8i;2uThc9fZx2BEL3t6uuRMO1;2026-04-06T22:52:13.110396
user_89_iz8i;7sKt5Y2zJpYw78iAxndB8y;2026-03-10T23:04:45.110396
user_89_iz8i;0IGUXY4JbK18bu9oD4mPIm;2026-04-27T05:15:51.110396
user_89_iz8i;2DmRXiyn03tOqKgEJXlaiJ;2026-02-06T22:31:00.110396
user_89_iz8i;2DmRXiyn03tOqKgEJXlaiJ;2026-02-21T08:37:01.110396
user_89_iz8i;3kdlVcMVsSkbsUy8eQcBjI;2026-02-06T20:36:13.110396
user_89_iz8i;6UBjSnyP1O5W5ndJoO9vUk;2026-04-06T15:08:43.110396
user_89_iz8i;5FiXhM80sP4yg6tEnHkZZn;2026-05-03T06:43:33.110396
user_89_iz8i;0IGUXY4JbK18bu9oD4mPIm;2026-05-04T05:34:57.110396
user_89_iz8i;7mzPAftljnsFmU6131Pqcd;2026-03-07T21:57:59.110396
user_89_iz8i;26wLOs3ZuHJa2Ihhx6QIE6;2026-02-13T23:20:47.110396
user_89_iz8i;0IGUXY4JbK18bu9oD4mPIm;2026-05-04T07:51:25.110396
user_89_iz8i;26wLOs3ZuHJa2Ihhx6QIE6;2026-04-29T23:13:29.110396
user_89_iz8i;2DmRXiyn03tOqKgEJXlaiJ;2026-02-09T23:54:13.110396
user_89_iz8i;4jPy3l0RUwlUI9T5XHBW2m;2026-03-09T06:30:54.110396
user_89_iz8i;26wLOs3ZuHJa2Ihhx6QIE6;2026-03-14T06:15:19.110396
user_89_iz8i;1t2qYCAjUAoGfeFeoBlK51;2026-04-05T14:46:27.110396
user_89_iz8i;0IGUXY4JbK18bu9oD4mPIm;2026-03-03T20:58:23.110396
user_89_iz8i;5DqdesEfbRyOlSS3Tf6c29;2026-04-11T16:46:40.110396
user_89_iz8i;2DmRXiyn03tOqKgEJXlaiJ;2026-02-28T18:27:43.110396
user_89_iz8i;2DmRXiyn03tOqKgEJXlaiJ;2026-02-26T18:20:02.110396
user_89_iz8i;2tTmW7RDtMQtBk7m2rYeSw;2026-04-11T14:49:37.110396
user_89_iz8i;38zwkK6TtTjIW9tpYBfZ3D;2026-04-01T16:36:26.110396
user_89_iz8i;1almCHdsfikRPfVB9VrEdT;2026-02-14T12:49:57.110396
user_89_iz8i;2DmRXiyn03tOqKgEJXlaiJ;2026-04-12T04:30:24.110396
user_89_iz8i;26wLOs3ZuHJa2Ihhx6QIE6;2026-03-01T08:15:38.110396
user_89_iz8i;4xqrdfXkTW4T0RauPLv3WA;2026-04-29T01:30:55.110396
user_89_iz8i;2DmRXiyn03tOqKgEJXlaiJ;2026-03-14T01:52:53.110396
user_89_iz8i;3VvA1wSxukMLsvXoXtlwWx;2026-03-14T17:37:47.110396
user_89_iz8i;7rUchbZxrhF29Q0vYjKEU0;2026-04-03T10:29:48.110396
user_89_iz8i;4jPy3l0RUwlUI9T5XHBW2m;2026-03-28T00:31:36.110396
user_89_iz8i;2iUXsYOEPhVqEBwsqP70rE;2026-02-15T04:07:49.110396
user_89_iz8i;7mzPAftljnsFmU6131Pqcd;2026-03-20T11:09:54.110396
user_89_iz8i;4jPy3l0RUwlUI9T5XHBW2m;2026-05-01T21:31:55.110396
user_89_iz8i;7mzPAftljnsFmU6131Pqcd;2026-04-25T00:59:21.110396
user_89_iz8i;2DmRXiyn03tOqKgEJXlaiJ;2026-02-18T10:39:11.110396
user_89_iz8i;0IGUXY4JbK18bu9oD4mPIm;2026-03-11T12:24:32.110396
user_89_iz8i;2iUXsYOEPhVqEBwsqP70rE;2026-04-02T00:05:11.110396
user_89_iz8i;5FiXhM80sP4yg6tEnHkZZn;2026-02-08T23:16:00.110396
user_89_iz8i;7ycWLEP1GsNjVvcjawXz3z;2026-04-15T01:27:27.110396
user_89_iz8i;4jPy3l0RUwlUI9T5XHBW2m;2026-03-20T03:27:10.110396
user_89_iz8i;0Ck25uqrWpIM3yGPP5lxFW;2026-04-01T00:24:31.110396
user_89_iz8i;5FiXhM80sP4yg6tEnHkZZn;2026-04-13T06:51:35.110396
user_90_ihp0;5FiXhM80sP4yg6tEnHkZZn;2026-04-21T17:41:07.110396
user_90_ihp0;26wLOs3ZuHJa2Ihhx6QIE6;2026-02-23T04:16:23.110396
user_90_ihp0;5fhcuVxuBWfgNXGuyAtLmr;2026-03-05T02:17:15.110396
user_90_ihp0;4jPy3l0RUwlUI9T5XHBW2m;2026-02-19T11:30:11.110396
user_90_ihp0;4jPy3l0RUwlUI9T5XHBW2m;2026-04-29T09:49:48.110396
user_90_ihp0;7iL6o9tox1zgHpKUfh9vuC;2026-04-22T13:20:13.110396
user_90_ihp0;1ei3hzQmrgealgRKFxIcWn;2026-04-21T05:09:32.110396
user_90_ihp0;5FiXhM80sP4yg6tEnHkZZn;2026-02-10T12:06:00.110396
user_90_ihp0;0IGUXY4JbK18bu9oD4mPIm;2026-03-18T00:29:36.110396
user_90_ihp0;6wfb4nI2Vih263JqC8WSoW;2026-05-02T18:15:08.110396
user_90_ihp0;6LwrEZNkvFTOypNwSLjuaJ;2026-02-20T12:15:05.110396
user_90_ihp0;2LMkwUfqC6S6s6qDVlEuzV;2026-03-07T21:16:58.110396
user_90_ihp0;4jPy3l0RUwlUI9T5XHBW2m;2026-02-21T02:04:16.110396
user_90_ihp0;4jPy3l0RUwlUI9T5XHBW2m;2026-04-28T07:11:59.110396
user_90_ihp0;2DmRXiyn03tOqKgEJXlaiJ;2026-04-10T22:30:44.110396
user_90_ihp0;7iL6o9tox1zgHpKUfh9vuC;2026-04-19T23:40:13.110396
user_90_ihp0;0IGUXY4JbK18bu9oD4mPIm;2026-03-01T03:04:23.110396
user_90_ihp0;0IGUXY4JbK18bu9oD4mPIm;2026-02-16T13:19:33.110396
user_90_ihp0;2DmRXiyn03tOqKgEJXlaiJ;2026-04-27T01:35:38.110396
user_90_ihp0;7iL6o9tox1zgHpKUfh9vuC;2026-02-12T00:42:22.110396
user_90_ihp0;0oA9wBGDY4uyILLg4GymWP;2026-04-30T06:12:45.110396
user_90_ihp0;0oA9wBGDY4uyILLg4GymWP;2026-03-30T14:21:00.110396
user_90_ihp0;2DmRXiyn03tOqKgEJXlaiJ;2026-02-12T16:42:11.110396
user_90_ihp0;5rgy6ghBq1eRApCkeUdJXf;2026-03-27T07:02:07.110396
user_90_ihp0;4jPy3l0RUwlUI9T5XHBW2m;2026-02-15T17:41:27.110396
user_90_ihp0;3kdlVcMVsSkbsUy8eQcBjI;2026-03-12T04:34:28.110396
user_90_ihp0;0IGUXY4JbK18bu9oD4mPIm;2026-05-02T19:28:51.110396
user_90_ihp0;1v1oIWf2Xgh54kIWuKsDf6;2026-02-19T10:57:03.110396
user_90_ihp0;2DmRXiyn03tOqKgEJXlaiJ;2026-03-16T21:48:19.110396
user_90_ihp0;6zDs6zI94L761vd0cVScTT;2026-04-12T13:19:20.110396
user_90_ihp0;2DmRXiyn03tOqKgEJXlaiJ;2026-04-17T04:21:24.110396
user_90_ihp0;0IGUXY4JbK18bu9oD4mPIm;2026-04-13T20:02:02.110396
user_90_ihp0;4ZHGRFGwjnEIXHG2FhcDPv;2026-02-24T12:26:20.110396
user_90_ihp0;4jPy3l0RUwlUI9T5XHBW2m;2026-04-13T06:35:56.110396
user_90_ihp0;2uThc9fZx2BEL3t6uuRMO1;2026-03-16T20:18:20.110396
user_90_ihp0;7ycWLEP1GsNjVvcjawXz3z;2026-04-09T03:55:58.110396
user_90_ihp0;7rUchbZxrhF29Q0vYjKEU0;2026-02-15T08:01:52.110396
user_90_ihp0;2DmRXiyn03tOqKgEJXlaiJ;2026-04-05T11:42:00.110396
user_90_ihp0;4VQNCzfZ3MdHEwwErNXpBo;2026-03-18T16:34:35.110396
user_90_ihp0;2DmRXiyn03tOqKgEJXlaiJ;2026-02-27T16:13:54.110396
user_90_ihp0;5FiXhM80sP4yg6tEnHkZZn;2026-04-13T01:28:00.110396
user_90_ihp0;3PzsbWSQdLCKDLxn7YZfkM;2026-05-02T18:11:34.110396
user_90_ihp0;2d8D7uk3tbAThjRkdfrx9c;2026-02-13T01:17:07.110396
user_90_ihp0;2tTmW7RDtMQtBk7m2rYeSw;2026-03-29T13:53:08.110396
user_90_ihp0;2DmRXiyn03tOqKgEJXlaiJ;2026-04-15T09:55:35.110396
user_91_romk;5rgy6ghBq1eRApCkeUdJXf;2026-04-08T21:30:28.110396
user_91_romk;7Fq9RwQxSn3kW85PrDUf0M;2026-04-20T11:52:02.110396
user_91_romk;4jPy3l0RUwlUI9T5XHBW2m;2026-03-10T04:52:41.110396
user_91_romk;2DmRXiyn03tOqKgEJXlaiJ;2026-04-13T14:44:11.110396
user_91_romk;4jPy3l0RUwlUI9T5XHBW2m;2026-04-22T14:54:55.110396
user_91_romk;7ycWLEP1GsNjVvcjawXz3z;2026-04-13T12:39:37.110396
user_91_romk;4jPy3l0RUwlUI9T5XHBW2m;2026-04-29T12:56:14.110396
user_91_romk;4jPy3l0RUwlUI9T5XHBW2m;2026-04-29T19:26:49.110396
user_91_romk;4jPy3l0RUwlUI9T5XHBW2m;2026-02-21T11:25:45.110396
user_91_romk;4jPy3l0RUwlUI9T5XHBW2m;2026-04-15T16:09:33.110396
user_91_romk;0IGUXY4JbK18bu9oD4mPIm;2026-02-14T14:34:58.110396
user_91_romk;5FiXhM80sP4yg6tEnHkZZn;2026-04-01T19:56:14.110396
user_91_romk;2DmRXiyn03tOqKgEJXlaiJ;2026-02-24T10:36:03.110396
user_91_romk;0IGUXY4JbK18bu9oD4mPIm;2026-04-17T18:22:07.110396
user_91_romk;5FiXhM80sP4yg6tEnHkZZn;2026-02-13T00:59:40.110396
user_91_romk;5FiXhM80sP4yg6tEnHkZZn;2026-03-01T21:38:17.110396
user_91_romk;3yrSvpt2l1xhsV9Em88Pul;2026-04-22T22:10:42.110396
user_91_romk;2mgzUVvDpb1zMSB4glLQ6T;2026-03-23T11:19:51.110396
user_91_romk;5FiXhM80sP4yg6tEnHkZZn;2026-02-09T13:13:23.110396
user_91_romk;2iUXsYOEPhVqEBwsqP70rE;2026-04-19T10:53:09.110396
user_91_romk;5z6xHjCZr7a7AIcy8sPBKy;2026-03-13T00:28:57.110396
user_91_romk;0Ryd8975WihbObpp5cPW1t;2026-05-03T13:03:40.110396
user_91_romk;4jPy3l0RUwlUI9T5XHBW2m;2026-02-22T01:24:23.110396
user_91_romk;7iL6o9tox1zgHpKUfh9vuC;2026-04-29T17:41:46.110396
user_92_0x5n;5FiXhM80sP4yg6tEnHkZZn;2026-04-05T01:25:35.110396
user_92_0x5n;7ycWLEP1GsNjVvcjawXz3z;2026-03-05T16:45:36.110396
user_92_0x5n;2DmRXiyn03tOqKgEJXlaiJ;2026-04-23T07:31:07.110396
user_92_0x5n;4esOae7i4rqTbAu9o5Pxco;2026-03-11T12:05:39.110396
user_92_0x5n;3UmaczJpikHgJFyBTAJVoz;2026-03-17T15:00:04.110396
user_92_0x5n;5FiXhM80sP4yg6tEnHkZZn;2026-04-06T23:32:25.110396
user_92_0x5n;2iUXsYOEPhVqEBwsqP70rE;2026-03-15T20:49:32.110396
user_92_0x5n;6zDs6zI94L761vd0cVScTT;2026-05-06T07:01:59.110396
user_92_0x5n;7ycWLEP1GsNjVvcjawXz3z;2026-04-26T23:57:23.110396
user_92_0x5n;2zoobJFEB9h15fjYjRd6oP;2026-03-04T12:57:05.110396
user_92_0x5n;0IGUXY4JbK18bu9oD4mPIm;2026-03-06T15:54:11.110396
user_92_0x5n;0IGUXY4JbK18bu9oD4mPIm;2026-03-11T22:31:04.110396
user_92_0x5n;7Fq9RwQxSn3kW85PrDUf0M;2026-03-14T02:25:22.110396
user_92_0x5n;1almCHdsfikRPfVB9VrEdT;2026-03-26T17:35:15.110396
user_92_0x5n;4jPy3l0RUwlUI9T5XHBW2m;2026-04-12T08:06:15.110396
user_92_0x5n;172oAbLGpgeCsukno7oBRe;2026-02-14T17:00:07.110396
user_92_0x5n;1xyUCr7dIJYaUaaiDf4Q1L;2026-04-27T17:58:39.110396
user_92_0x5n;6mzF8HvHdVrzJNd8M1uFCS;2026-03-26T06:36:20.110396
user_92_0x5n;0IGUXY4JbK18bu9oD4mPIm;2026-02-12T17:44:16.110396
user_92_0x5n;5uFqjHOo3Sh0bVPCKf3DdH;2026-03-07T08:42:05.110396
user_93_2st6;6Z8R6UsFuGXGtiIxiD8ISb;2026-03-12T07:20:36.110396
user_93_2st6;7ycWLEP1GsNjVvcjawXz3z;2026-04-21T03:58:05.110396
user_93_2st6;2DmRXiyn03tOqKgEJXlaiJ;2026-03-31T07:47:24.110396
user_93_2st6;5FiXhM80sP4yg6tEnHkZZn;2026-04-14T11:03:50.110396
user_93_2st6;3jsYQw78lrxJA2ysnmOIf9;2026-02-26T08:13:54.110396
user_93_2st6;5FiXhM80sP4yg6tEnHkZZn;2026-04-01T15:48:03.110396
user_93_2st6;5FiXhM80sP4yg6tEnHkZZn;2026-04-15T19:59:51.110396
user_93_2st6;5FiXhM80sP4yg6tEnHkZZn;2026-02-28T10:06:32.110396
user_93_2st6;2DmRXiyn03tOqKgEJXlaiJ;2026-02-11T06:44:34.110396
user_93_2st6;6UBjSnyP1O5W5ndJoO9vUk;2026-04-06T15:37:58.110396
user_93_2st6;0IGUXY4JbK18bu9oD4mPIm;2026-02-19T15:52:56.110396
user_93_2st6;0IGUXY4JbK18bu9oD4mPIm;2026-03-05T05:10:52.110396
user_93_2st6;4jPy3l0RUwlUI9T5XHBW2m;2026-02-12T05:04:28.110396
user_93_2st6;2mgzUVvDpb1zMSB4glLQ6T;2026-04-24T19:49:42.110396
user_93_2st6;5FiXhM80sP4yg6tEnHkZZn;2026-03-26T07:44:47.110396
user_93_2st6;2DmRXiyn03tOqKgEJXlaiJ;2026-04-23T03:08:25.110396
user_93_2st6;4jPy3l0RUwlUI9T5XHBW2m;2026-03-26T09:02:55.110396
user_93_2st6;2DmRXiyn03tOqKgEJXlaiJ;2026-02-08T01:39:55.110396
user_93_2st6;42qNWdLKCI41S4uzfamhFM;2026-02-12T00:42:31.110396
user_93_2st6;26wLOs3ZuHJa2Ihhx6QIE6;2026-02-10T08:07:06.110396
user_93_2st6;2uThc9fZx2BEL3t6uuRMO1;2026-04-30T09:53:43.110396
user_93_2st6;5FiXhM80sP4yg6tEnHkZZn;2026-02-14T20:03:15.110396
user_93_2st6;6Se3x9ANMLv0dCDsjGmEjh;2026-04-11T14:03:29.110396
user_93_2st6;5FiXhM80sP4yg6tEnHkZZn;2026-04-10T16:20:27.110396
user_93_2st6;5sra5UY6sD658OabHL3QtI;2026-03-26T10:40:48.110396
user_93_2st6;4jPy3l0RUwlUI9T5XHBW2m;2026-03-07T04:40:22.110396
user_93_2st6;1almCHdsfikRPfVB9VrEdT;2026-02-20T05:53:38.110396
user_93_2st6;2DmRXiyn03tOqKgEJXlaiJ;2026-04-14T23:05:41.110396
user_93_2st6;0IGUXY4JbK18bu9oD4mPIm;2026-03-28T06:28:41.110396
user_93_2st6;4AE7Lj39VnSZNOmGH2iZaq;2026-02-19T12:15:04.110396
user_93_2st6;2uThc9fZx2BEL3t6uuRMO1;2026-04-08T04:42:19.110396
user_93_2st6;4jPy3l0RUwlUI9T5XHBW2m;2026-05-05T15:06:46.110396
user_93_2st6;69HzZ3ti9DLwb0GdWCGYSo;2026-04-07T01:45:24.110396
user_93_2st6;5DqdesEfbRyOlSS3Tf6c29;2026-02-06T20:58:07.110396
user_93_2st6;2DmRXiyn03tOqKgEJXlaiJ;2026-03-18T12:52:52.110396
user_93_2st6;47EiUVwUp4C9fGccaPuUCS;2026-03-28T02:29:14.110396
user_93_2st6;0IGUXY4JbK18bu9oD4mPIm;2026-02-20T02:54:09.110396
user_93_2st6;2DmRXiyn03tOqKgEJXlaiJ;2026-02-25T03:35:51.110396
user_93_2st6;5FiXhM80sP4yg6tEnHkZZn;2026-02-24T09:53:58.110396
user_93_2st6;4jPy3l0RUwlUI9T5XHBW2m;2026-03-19T16:40:25.110396
user_93_2st6;0IGUXY4JbK18bu9oD4mPIm;2026-04-27T09:10:21.110396
user_93_2st6;1almCHdsfikRPfVB9VrEdT;2026-02-10T06:27:13.110396
user_93_2st6;2DmRXiyn03tOqKgEJXlaiJ;2026-03-10T16:14:43.110396
user_93_2st6;4jPy3l0RUwlUI9T5XHBW2m;2026-03-11T18:19:46.110396
user_93_2st6;7ycWLEP1GsNjVvcjawXz3z;2026-05-02T09:18:15.110396
user_93_2st6;5FiXhM80sP4yg6tEnHkZZn;2026-03-18T11:26:56.110396
user_93_2st6;0IGUXY4JbK18bu9oD4mPIm;2026-03-08T13:09:26.110396
user_94_phe3;0IGUXY4JbK18bu9oD4mPIm;2026-03-06T13:02:59.110396
user_94_phe3;46RNrAkGsqWTDrv2ZPOAbx;2026-04-25T16:58:28.110396
user_94_phe3;2DmRXiyn03tOqKgEJXlaiJ;2026-04-25T06:31:02.110396
user_94_phe3;6KHsTu4Ht4XYiWcZOOdwbW;2026-02-07T09:54:47.110396
user_94_phe3;4jPy3l0RUwlUI9T5XHBW2m;2026-03-15T15:11:29.110396
user_94_phe3;3h4T9Bg8OVSUYa6danHeH5;2026-04-29T06:57:42.110396
user_94_phe3;2DmRXiyn03tOqKgEJXlaiJ;2026-03-16T07:17:55.110396
user_94_phe3;2DmRXiyn03tOqKgEJXlaiJ;2026-03-06T22:53:13.110396
user_94_phe3;0IGUXY4JbK18bu9oD4mPIm;2026-03-02T09:40:36.110396
user_94_phe3;6V50MyHPGhEmwYu0Wdyf0t;2026-03-21T15:32:51.110396
user_94_phe3;0IGUXY4JbK18bu9oD4mPIm;2026-03-17T04:01:17.110396
user_94_phe3;3wz2vWhYnnBoFmgMkqtzLy;2026-04-03T15:19:05.110396
user_94_phe3;3wz2vWhYnnBoFmgMkqtzLy;2026-03-16T22:44:20.110396
user_94_phe3;7iL6o9tox1zgHpKUfh9vuC;2026-04-08T04:19:59.110396
user_94_phe3;1oen3GpTcA486fTHaT7neg;2026-04-01T18:01:59.110396
user_94_phe3;0IGUXY4JbK18bu9oD4mPIm;2026-04-25T17:24:52.110396
user_94_phe3;5Yx9t9RgATAtYoHN8gbRM0;2026-04-25T20:47:18.110396
user_94_phe3;0IGUXY4JbK18bu9oD4mPIm;2026-03-24T18:20:51.110396
user_94_phe3;7rUchbZxrhF29Q0vYjKEU0;2026-03-31T05:45:41.110396
user_94_phe3;2DmRXiyn03tOqKgEJXlaiJ;2026-02-08T04:38:43.110396
user_94_phe3;2DmRXiyn03tOqKgEJXlaiJ;2026-04-26T21:29:50.110396
user_94_phe3;2vmfvSoZBFAt9hhRoEByLi;2026-05-03T03:48:22.110396
user_95_6914;7ycWLEP1GsNjVvcjawXz3z;2026-03-26T19:36:00.110396
user_95_6914;0IGUXY4JbK18bu9oD4mPIm;2026-04-22T05:43:07.110396
user_95_6914;5FiXhM80sP4yg6tEnHkZZn;2026-02-15T22:50:52.110396
user_95_6914;0IGUXY4JbK18bu9oD4mPIm;2026-04-03T21:29:27.110396
user_95_6914;2iUXsYOEPhVqEBwsqP70rE;2026-03-20T15:46:14.110396
user_95_6914;0IGUXY4JbK18bu9oD4mPIm;2026-03-10T08:56:42.110396
user_95_6914;26wLOs3ZuHJa2Ihhx6QIE6;2026-04-02T08:20:55.110396
user_95_6914;5FiXhM80sP4yg6tEnHkZZn;2026-04-11T21:51:02.110396
user_95_6914;1QpwvWMQGdOgA8MXXfgs4H;2026-04-24T21:31:09.110396
user_95_6914;2DmRXiyn03tOqKgEJXlaiJ;2026-04-23T04:12:46.110396
user_96_4s8t;2DmRXiyn03tOqKgEJXlaiJ;2026-04-29T21:55:57.110396
user_96_4s8t;7ycWLEP1GsNjVvcjawXz3z;2026-03-28T01:48:39.110396
user_96_4s8t;3kdlVcMVsSkbsUy8eQcBjI;2026-04-01T04:16:19.110396
user_96_4s8t;3kdlVcMVsSkbsUy8eQcBjI;2026-04-21T05:43:10.110396
user_96_4s8t;2DmRXiyn03tOqKgEJXlaiJ;2026-02-26T23:16:42.110396
user_96_4s8t;1Ph96WpdjNlwD6iKRE2Xa3;2026-03-24T19:11:43.110396
user_96_4s8t;2DmRXiyn03tOqKgEJXlaiJ;2026-04-12T14:44:29.110396
user_96_4s8t;2DmRXiyn03tOqKgEJXlaiJ;2026-04-30T21:37:50.110396
user_96_4s8t;4jPy3l0RUwlUI9T5XHBW2m;2026-03-14T13:28:54.110396
user_96_4s8t;2uThc9fZx2BEL3t6uuRMO1;2026-03-15T19:14:53.110396
user_96_4s8t;6vFsBXYczYsP0H3lgunZOm;2026-02-13T21:32:39.110396
user_96_4s8t;4jPy3l0RUwlUI9T5XHBW2m;2026-03-12T16:24:07.110396
user_96_4s8t;5FiXhM80sP4yg6tEnHkZZn;2026-05-01T00:14:20.110396
user_96_4s8t;5FiXhM80sP4yg6tEnHkZZn;2026-04-16T14:37:14.110396
user_96_4s8t;4jPy3l0RUwlUI9T5XHBW2m;2026-04-18T10:15:55.110396
user_96_4s8t;47BBI51FKFwOMlIiX6m8ya;2026-02-11T12:40:03.110396
user_96_4s8t;7iL6o9tox1zgHpKUfh9vuC;2026-02-18T10:19:20.110396
user_96_4s8t;2DmRXiyn03tOqKgEJXlaiJ;2026-04-27T21:51:16.110396
user_96_4s8t;4jPy3l0RUwlUI9T5XHBW2m;2026-03-06T05:09:00.110396
user_96_4s8t;4x5YzxjrF9wvIIXJV7TveC;2026-03-26T01:06:56.110396
user_96_4s8t;5FiXhM80sP4yg6tEnHkZZn;2026-03-02T00:56:00.110396
user_96_4s8t;5FiXhM80sP4yg6tEnHkZZn;2026-03-03T04:32:03.110396
user_96_4s8t;2DmRXiyn03tOqKgEJXlaiJ;2026-03-24T06:38:06.110396
user_96_4s8t;5FiXhM80sP4yg6tEnHkZZn;2026-02-17T14:26:54.110396
user_96_4s8t;4nvGIQPgLnWWJUJrnRsIOX;2026-02-08T06:48:49.110396
user_96_4s8t;5FiXhM80sP4yg6tEnHkZZn;2026-03-18T19:35:06.110396
user_96_4s8t;0IGUXY4JbK18bu9oD4mPIm;2026-03-31T23:43:21.110396
user_96_4s8t;5DqdesEfbRyOlSS3Tf6c29;2026-03-28T07:43:15.110396
user_96_4s8t;4jPy3l0RUwlUI9T5XHBW2m;2026-03-29T18:21:17.110396
user_96_4s8t;7ycWLEP1GsNjVvcjawXz3z;2026-04-15T01:38:46.110396
user_96_4s8t;5FiXhM80sP4yg6tEnHkZZn;2026-03-07T17:59:23.110396
user_96_4s8t;0IGUXY4JbK18bu9oD4mPIm;2026-03-25T03:39:24.110396
user_96_4s8t;2DmRXiyn03tOqKgEJXlaiJ;2026-03-12T11:20:16.110396
user_96_4s8t;0IGUXY4JbK18bu9oD4mPIm;2026-05-06T08:38:27.110396
user_96_4s8t;5z6xHjCZr7a7AIcy8sPBKy;2026-04-13T08:24:36.110396
user_96_4s8t;5FiXhM80sP4yg6tEnHkZZn;2026-04-07T00:22:36.110396
user_96_4s8t;4b2tcjrG1qUkSdsqEFP2dB;2026-04-24T01:26:29.110396
user_96_4s8t;2iUXsYOEPhVqEBwsqP70rE;2026-03-01T04:39:20.110396
user_96_4s8t;5FiXhM80sP4yg6tEnHkZZn;2026-04-28T18:59:24.110396
user_96_4s8t;26wLOs3ZuHJa2Ihhx6QIE6;2026-04-20T02:16:29.110396
user_96_4s8t;3kdlVcMVsSkbsUy8eQcBjI;2026-02-14T00:24:17.110396
user_96_4s8t;7CFfqRW50ffULvBv7lfIIg;2026-03-17T04:44:28.110396
user_97_fanx;1IqF5PUDUnaykHLs0RWbDO;2026-03-10T04:36:00.110396
user_97_fanx;5FiXhM80sP4yg6tEnHkZZn;2026-04-14T01:47:30.110396
user_97_fanx;7iL6o9tox1zgHpKUfh9vuC;2026-03-09T04:46:14.110396
user_97_fanx;6MpCaSIOfqBqbMED4kXgNY;2026-03-06T19:38:59.110396
user_97_fanx;26wLOs3ZuHJa2Ihhx6QIE6;2026-04-17T00:48:06.110396
user_97_fanx;0Ck25uqrWpIM3yGPP5lxFW;2026-05-03T21:56:44.110396
user_97_fanx;2mgzUVvDpb1zMSB4glLQ6T;2026-03-27T10:19:35.110396
user_97_fanx;7mzPAftljnsFmU6131Pqcd;2026-03-15T14:14:30.110396
user_97_fanx;7ycWLEP1GsNjVvcjawXz3z;2026-02-23T06:01:01.110396
user_97_fanx;4jPy3l0RUwlUI9T5XHBW2m;2026-05-01T10:25:20.110396
user_97_fanx;2769RhOZs0ezRncRW1vryp;2026-04-06T03:38:18.110396
user_97_fanx;2DmRXiyn03tOqKgEJXlaiJ;2026-02-17T10:55:58.110396
user_97_fanx;2DmRXiyn03tOqKgEJXlaiJ;2026-02-05T14:01:30.110396
user_97_fanx;2DmRXiyn03tOqKgEJXlaiJ;2026-04-20T22:57:39.110396
user_97_fanx;6h5PAsRni4IRlxWr6uDPTP;2026-03-11T16:46:06.110396
user_97_fanx;5z6xHjCZr7a7AIcy8sPBKy;2026-02-07T05:42:29.110396
user_97_fanx;2DmRXiyn03tOqKgEJXlaiJ;2026-03-13T09:53:19.110396
user_97_fanx;4jPy3l0RUwlUI9T5XHBW2m;2026-04-13T00:18:48.110396
user_97_fanx;7mzPAftljnsFmU6131Pqcd;2026-02-26T04:52:37.110396
user_97_fanx;0IGUXY4JbK18bu9oD4mPIm;2026-02-08T22:03:30.110396
user_97_fanx;4jPy3l0RUwlUI9T5XHBW2m;2026-03-17T15:29:27.110396
user_97_fanx;26wLOs3ZuHJa2Ihhx6QIE6;2026-03-20T12:34:44.110396
user_97_fanx;0IGUXY4JbK18bu9oD4mPIm;2026-04-13T07:07:46.110396
user_97_fanx;2uThc9fZx2BEL3t6uuRMO1;2026-02-23T19:28:48.110396
user_97_fanx;5FiXhM80sP4yg6tEnHkZZn;2026-04-26T09:10:20.110396
user_97_fanx;4jPy3l0RUwlUI9T5XHBW2m;2026-03-20T05:06:15.110396
user_97_fanx;4jPy3l0RUwlUI9T5XHBW2m;2026-04-02T23:42:52.110396
user_97_fanx;2DmRXiyn03tOqKgEJXlaiJ;2026-04-29T17:38:50.110396
user_97_fanx;6wfb4nI2Vih263JqC8WSoW;2026-03-20T16:03:58.110396
user_97_fanx;2DmRXiyn03tOqKgEJXlaiJ;2026-03-07T01:30:53.110396
user_97_fanx;26wLOs3ZuHJa2Ihhx6QIE6;2026-04-11T23:46:23.110396
user_97_fanx;1almCHdsfikRPfVB9VrEdT;2026-04-06T17:16:53.110396
user_97_fanx;7rUchbZxrhF29Q0vYjKEU0;2026-02-22T22:11:42.110396
user_98_h4h0;2iUXsYOEPhVqEBwsqP70rE;2026-04-30T16:21:19.110396
user_98_h4h0;5FiXhM80sP4yg6tEnHkZZn;2026-03-27T01:09:14.110396
user_98_h4h0;4jPy3l0RUwlUI9T5XHBW2m;2026-02-26T02:34:26.110396
user_98_h4h0;2DmRXiyn03tOqKgEJXlaiJ;2026-02-17T22:04:30.110396
user_98_h4h0;26wLOs3ZuHJa2Ihhx6QIE6;2026-03-11T05:49:52.110396
user_98_h4h0;0IGUXY4JbK18bu9oD4mPIm;2026-03-20T03:25:44.110396
user_98_h4h0;4jPy3l0RUwlUI9T5XHBW2m;2026-04-27T01:11:38.110396
user_98_h4h0;5FiXhM80sP4yg6tEnHkZZn;2026-02-21T12:41:35.110396
user_98_h4h0;7DbdUf8aHSYoliSjO6LZv6;2026-02-11T22:13:27.110396
user_98_h4h0;6tDxrq4FxEL2q15y37tXT9;2026-04-04T03:18:32.110396
user_98_h4h0;2DmRXiyn03tOqKgEJXlaiJ;2026-03-09T16:11:51.110396
user_98_h4h0;0XRbYXQUymj9SJkrr8YK5B;2026-04-11T01:17:49.110396
user_98_h4h0;44ONERBHALxftQNWq6dmyd;2026-02-12T18:54:51.110396
user_98_h4h0;5FiXhM80sP4yg6tEnHkZZn;2026-02-15T08:34:32.110396
user_98_h4h0;2DmRXiyn03tOqKgEJXlaiJ;2026-02-17T01:29:12.110396
user_98_h4h0;4jPy3l0RUwlUI9T5XHBW2m;2026-03-05T22:44:14.110396
user_98_h4h0;26wLOs3ZuHJa2Ihhx6QIE6;2026-02-21T00:31:21.110396
user_98_h4h0;396FqjKmViUZ92Wmm4rx3i;2026-02-19T09:33:42.110396
user_98_h4h0;2DmRXiyn03tOqKgEJXlaiJ;2026-03-05T02:04:04.110396
user_98_h4h0;7rUchbZxrhF29Q0vYjKEU0;2026-04-12T06:39:26.110396
user_98_h4h0;0IGUXY4JbK18bu9oD4mPIm;2026-02-09T01:13:19.110396
user_98_h4h0;4jPy3l0RUwlUI9T5XHBW2m;2026-04-15T15:53:59.110396
user_98_h4h0;0IGUXY4JbK18bu9oD4mPIm;2026-02-14T06:59:34.110396
user_98_h4h0;2DmRXiyn03tOqKgEJXlaiJ;2026-03-10T15:39:44.110396
user_98_h4h0;6FYfhKknpt05Om6YPcEYAg;2026-03-25T17:56:12.110396
user_98_h4h0;1YGZyfvdgZxzipWoWYVKxi;2026-03-18T05:43:25.110396
user_98_h4h0;4jPy3l0RUwlUI9T5XHBW2m;2026-03-15T08:20:05.110396
user_98_h4h0;4jPy3l0RUwlUI9T5XHBW2m;2026-02-09T23:33:08.110396
user_98_h4h0;0QBzMgT7NIeoCYy3sJCof1;2026-04-25T13:32:12.110396
user_98_h4h0;2DmRXiyn03tOqKgEJXlaiJ;2026-03-12T05:14:37.110396
user_98_h4h0;3ia3dJETSOllPsv3LJkE35;2026-04-02T02:40:49.110396
user_98_h4h0;6LwrEZNkvFTOypNwSLjuaJ;2026-04-13T04:59:41.110396
user_98_h4h0;0IGUXY4JbK18bu9oD4mPIm;2026-04-05T04:02:11.110396
user_98_h4h0;69HzZ3ti9DLwb0GdWCGYSo;2026-02-06T20:20:37.110396
user_98_h4h0;5v6qYImm5k36GHlFxdEZyv;2026-02-16T07:19:06.110396
user_98_h4h0;6vFsBXYczYsP0H3lgunZOm;2026-04-28T19:27:45.110396
user_98_h4h0;14BH4qO7pgCmIe6mgLKOK3;2026-02-10T01:29:04.110396
user_98_h4h0;0IGUXY4JbK18bu9oD4mPIm;2026-05-06T07:31:19.110396
user_98_h4h0;1ei3hzQmrgealgRKFxIcWn;2026-04-26T20:09:48.110396
user_98_h4h0;0IGUXY4JbK18bu9oD4mPIm;2026-04-24T21:56:29.110396
user_98_h4h0;2zrhoHlFKxFTRF5aMyxMoQ;2026-04-01T10:10:08.110396
user_98_h4h0;6UBjSnyP1O5W5ndJoO9vUk;2026-04-13T11:33:11.110396
user_98_h4h0;1v1oIWf2Xgh54kIWuKsDf6;2026-02-27T11:32:05.110396
user_98_h4h0;0IGUXY4JbK18bu9oD4mPIm;2026-03-30T18:21:01.110396
user_98_h4h0;0IGUXY4JbK18bu9oD4mPIm;2026-03-13T20:01:23.110396
user_98_h4h0;59tskctgqUmjCWAwhzYAFm;2026-02-13T20:58:05.110396
user_99_5xs9;0IGUXY4JbK18bu9oD4mPIm;2026-02-17T12:03:33.110396
user_99_5xs9;7ycWLEP1GsNjVvcjawXz3z;2026-04-17T17:45:44.110396
user_99_5xs9;2DmRXiyn03tOqKgEJXlaiJ;2026-03-20T03:10:26.110396
user_99_5xs9;2enPRFda84VE2wtI8c86Uf;2026-03-10T11:08:47.110396
user_99_5xs9;7mzPAftljnsFmU6131Pqcd;2026-03-24T20:32:59.110396
user_99_5xs9;35mvY5S1H3J2QZyna3TFe0;2026-02-05T20:38:05.110396
user_99_5xs9;2DmRXiyn03tOqKgEJXlaiJ;2026-04-03T22:56:40.110396
user_99_5xs9;3wfQEIvOfeVkXgGZogK3gL;2026-02-17T22:56:39.110396
user_99_5xs9;4jPy3l0RUwlUI9T5XHBW2m;2026-02-10T22:53:18.110396
user_99_5xs9;5FiXhM80sP4yg6tEnHkZZn;2026-03-16T16:42:06.110396
user_99_5xs9;3VvA1wSxukMLsvXoXtlwWx;2026-03-01T10:39:38.110396
user_99_5xs9;5FiXhM80sP4yg6tEnHkZZn;2026-03-26T08:32:45.110396
user_99_5xs9;4jPy3l0RUwlUI9T5XHBW2m;2026-03-01T02:58:42.110396
user_99_5xs9;7rSERmjAT38lC5QhJ8hnQc;2026-03-07T09:54:39.110396
user_99_5xs9;5FiXhM80sP4yg6tEnHkZZn;2026-04-21T16:17:32.110396
user_99_5xs9;2iUXsYOEPhVqEBwsqP70rE;2026-02-09T06:55:43.110396
user_99_5xs9;7ycWLEP1GsNjVvcjawXz3z;2026-03-25T22:13:01.110396
user_99_5xs9;2uThc9fZx2BEL3t6uuRMO1;2026-02-19T21:31:12.110396
user_99_5xs9;1IqF5PUDUnaykHLs0RWbDO;2026-04-25T15:35:01.110396
user_99_5xs9;2DmRXiyn03tOqKgEJXlaiJ;2026-03-17T22:01:07.110396
user_99_5xs9;3jsYQw78lrxJA2ysnmOIf9;2026-04-15T19:34:13.110396
user_99_5xs9;4jPy3l0RUwlUI9T5XHBW2m;2026-03-22T23:20:20.110396
user_99_5xs9;4jPy3l0RUwlUI9T5XHBW2m;2026-04-14T19:35:05.110396
user_99_5xs9;1ofhfV90EnYhEr7Un2fWiv;2026-04-27T16:28:07.110396
user_99_5xs9;7iL6o9tox1zgHpKUfh9vuC;2026-04-14T02:46:02.110396
user_99_5xs9;5Hroj5K7vLpIG4FNCRIjbP;2026-05-03T02:34:15.110396
user_99_5xs9;4jPy3l0RUwlUI9T5XHBW2m;2026-02-07T23:58:47.110396
user_99_5xs9;2zoobJFEB9h15fjYjRd6oP;2026-05-05T01:17:52.110396
user_99_5xs9;2DmRXiyn03tOqKgEJXlaiJ;2026-04-22T07:22:17.110396
user_99_5xs9;6UelLqGlWMcVH1E5c4H7lY;2026-02-11T18:24:59.110396
user_99_5xs9;5z6xHjCZr7a7AIcy8sPBKy;2026-05-03T21:54:10.110396
user_99_5xs9;4jPy3l0RUwlUI9T5XHBW2m;2026-03-14T21:22:12.110396
user_99_5xs9;2DmRXiyn03tOqKgEJXlaiJ;2026-04-01T18:24:20.110396
