# username;password_plana;salt
user_0_0h7k;user_0_0h7k1234;3645
user_1_ezbd;user_1_ezbd1234;2694
user_2_01qc;user_2_01qc1234;9323
user_3_x84x;user_3_x84x1234;8997
user_4_uf61;user_4_uf611234;2827
user_5_dl4d;user_5_dl4d1234;5078
user_6_yolk;user_6_yolk1234;7812
user_7_61jf;user_7_61jf1234;1801
user_8_1gys;user_8_1gys1234;8380
user_9_a14r;user_9_a14r1234;3067
user_10_qbc4;user_10_qbc41234;7786
user_11_efbp;user_11_efbp1234;4383
user_12_r9sd;user_12_r9sd1234;2822
user_13_i1ne;user_13_i1ne1234;6916
user_14_z2su;user_14_z2su1234;2026
user_15_q657;user_15_q6571234;4518
user_16_w3sc;user_16_w3sc1234;5203
user_17_nfxe;user_17_nfxe1234;3960
user_18_wxr4;user_18_wxr41234;5486
user_19_45y7;user_19_45y71234;1453
user_20_hcs1;user_20_hcs11234;5358
user_21_3tld;user_21_3tld1234;4048
user_22_os29;user_22_os291234;9831
user_23_75uq;user_23_75uq1234;9857
user_24_jdim;user_24_jdim1234;1490
user_25_a3se;user_25_a3se1234;7780
user_26_nish;user_26_nish1234;2698
user_27_23mw;user_27_23mw1234;4222
user_28_hl59;user_28_hl591234;9868
user_29_laxd;user_29_laxd1234;6001
user_30_r0uz;user_30_r0uz1234;3384
user_31_i9h8;user_31_i9h81234;3591
user_32_vogl;user_32_vogl1234;5820
user_33_1zwz;user_33_1zwz1234;1796
user_34_cie9;user_34_cie91234;6921
user_35_zy8r;user_35_zy8r1234;2017
user_36_u4nh;user_36_u4nh1234;4461
user_37_96ra;user_37_96ra1234;4542
user_38_qsqk;user_38_qsqk1234;3343
user_39_r27t;user_39_r27t1234;9325
user_40_w3c9;user_40_w3c91234;7788
user_41_mx6x;user_41_mx6x1234;2088
user_42_130y;user_42_130y1234;6456
user_43_lxru;user_43_lxru1234;4166
user_44_6aus;user_44_6aus1234;4119
user_45_4wbt;user_45_4wbt1234;5197
user_46_x77f;user_46_x77f1234;7299
user_47_vgex;user_47_vgex1234;5212
user_48_3xht;user_48_3xht1234;2886
user_49_mr2j;user_49_mr2j1234;1554
user_50_o4vc;user_50_o4vc1234;7740
user_51_nrzt;user_51_nrzt1234;8288
user_52_0s8b;user_52_0s8b1234;4039
user_53_pq78;user_53_pq781234;2662
user_54_i5r7;user_54_i5r71234;6725
user_55_7v8t;user_55_7v8t1234;8522
user_56_7qk4;user_56_7qk41234;6519
user_57_uss1;user_57_uss11234;7728
user_58_0afj;user_58_0afj1234;6809
user_59_q7gs;user_59_q7gs1234;6201
user_60_ac4w;user_60_ac4w1234;6286
user_61_xr9v;user_61_xr9v1234;8698
user_62_mwb2;user_62_mwb21234;9340
user_63_fzlx;user_63_fzlx1234;5004
user_64_2blr;user_64_2blr1234;9743
user_65_qaiy;user_65_qaiy1234;8934
user_66_oy3f;user_66_oy3f1234;2637
user_67_jocr;user_67_jocr1234;1977
user_68_r09m;user_68_r09m1234;3663
user_69_dyd1;user_69_dyd11234;6210
user_70_nkru;user_70_nkru1234;1050
user_71_qxe4;user_71_qxe41234;3084
user_72_gwft;user_72_gwft1234;1307
user_73_2qky;user_73_2qky1234;3877
user_74_oijv;user_74_oijv1234;7796
user_75_8xyl;user_75_8xyl1234;9620
user_76_s48s;user_76_s48s1234;9663
user_77_zodp;user_77_zodp1234;7313
user_78_szz7;user_78_szz71234;9290
user_79_9gys;user_79_9gys1234;9855
user_80_zu6r;user_80_zu6r1234;9140
user_81_qaxw;user_81_qaxw1234;7463
user_82_xc4k;user_82_xc4k1234;6314
user_83_b82v;user_83_b82v1234;3167
user_84_ov9o;user_84_ov9o1234;6481
user_85_eid0;user_85_eid01234;8864
user_86_i8u2;user_86_i8u21234;1674
user_87_xofs;user_87_xofs1234;3603
user_88_z89b;user_88_z89b1234;2262
user_89_uc47;user_89_uc471234;1330
user_90_x96q;user_90_x96q1234;1407
user_91_9maw;user_91_9maw1234;9650
user_92_vofz;user_92_vofz1234;2085
user_93_36ut;user_93_36ut1234;1748
user_94_vtnp;user_94_vtnp1234;9743
user_95_afi1;user_95_afi11234;8842
user_96_mq25;user_96_mq251234;1847
user_97_25pk;user_97_25pk1234;9967
user_98_xxxz;user_98_xxxz1234;2702
user_99_1hle;user_99_1hle1234;5653
user_100_i9mz;user_100_i9mz1234;6968
user_101_lpu4;user_101_lpu41234;9011
user_102_huke;user_102_huke1234;2436
user_103_d5ug;user_103_d5ug1234;6604
user_104_0298;user_104_02981234;7955
user_105_wvyw;user_105_wvyw1234;6606
user_106_bo2i;user_106_bo2i1234;8010
user_107_tnqt;user_107_tnqt1234;7191
user_108_ac5d;user_108_ac5d1234;5762
user_109_osvf;user_109_osvf1234;8097
user_110_c7mw;user_110_c7mw1234;6653
user_111_g4js;user_111_g4js1234;8644
user_112_gsrw;user_112_gsrw1234;8536
user_113_sg41;user_113_sg411234;7888
user_114_g2o2;user_114_g2o21234;1802
user_115_1qb7;user_115_1qb71234;5139
user_116_1c5t;user_116_1c5t1234;4954
user_117_9ewd;user_117_9ewd1234;9299
user_118_gt7c;user_118_gt7c1234;9016
user_119_i8dg;user_119_i8dg1234;7442
user_120_3rbi;user_120_3rbi1234;6604
user_121_ow7p;user_121_ow7p1234;8546
user_122_ts0k;user_122_ts0k1234;7767
user_123_4fii;user_123_4fii1234;2094
user_124_rg51;user_124_rg511234;8344
user_125_bl2n;user_125_bl2n1234;7881
user_126_yhd3;user_126_yhd31234;4300
user_127_v3kd;user_127_v3kd1234;3796
user_128_wk8w;user_128_wk8w1234;1413
user_129_jpyy;user_129_jpyy1234;8077
user_130_l1y1;user_130_l1y11234;3621
user_131_db7x;user_131_db7x1234;3201
user_132_cp2e;user_132_cp2e1234;4071
user_133_z1nv;user_133_z1nv1234;5760
user_134_20t5;user_134_20t51234;6735
user_135_op0c;user_135_op0c1234;8494
user_136_vyyq;user_136_vyyq1234;5701
user_137_ovxw;user_137_ovxw1234;7317
user_138_oisz;user_138_oisz1234;3029
user_139_es6e;user_139_es6e1234;8191
user_140_evin;user_140_evin1234;9204
user_141_15mu;user_141_15mu1234;5664
user_142_gz7n;user_142_gz7n1234;7165
user_143_eiwb;user_143_eiwb1234;6110
user_144_wrtz;user_144_wrtz1234;7088
user_145_yrp5;user_145_yrp51234;3547
user_146_wwn4;user_146_wwn41234;9943
user_147_m627;user_147_m6271234;4775
user_148_zl3h;user_148_zl3h1234;5004
user_149_a4s4;user_149_a4s41234;3524
user_150_wnmv;user_150_wnmv1234;2681
user_151_ilbi;user_151_ilbi1234;4457
user_152_3r3f;user_152_3r3f1234;8711
user_153_vvzp;user_153_vvzp1234;3691
user_154_vhy1;user_154_vhy11234;7812
user_155_6xw8;user_155_6xw81234;6627
user_156_3gun;user_156_3gun1234;7914
user_157_f5t4;user_157_f5t41234;9459
user_158_fseb;user_158_fseb1234;8208
user_159_m29s;user_159_m29s1234;1309
user_160_2zyw;user_160_2zyw1234;8181
user_161_7xgx;user_161_7xgx1234;7177
user_162_ynei;user_162_ynei1234;8286
user_163_cpkv;user_163_cpkv1234;1529
user_164_oeee;user_164_oeee1234;4363
user_165_zmc5;user_165_zmc51234;9991
user_166_lmdl;user_166_lmdl1234;8871
user_167_1qkn;user_167_1qkn1234;7915
user_168_ccyi;user_168_ccyi1234;5928
user_169_mfez;user_169_mfez1234;7832
user_170_r7o1;user_170_r7o11234;4402
user_171_vh8z;user_171_vh8z1234;3872
user_172_az3u;user_172_az3u1234;8334
user_173_5zab;user_173_5zab1234;8647
user_174_qjph;user_174_qjph1234;3988
user_175_1gvz;user_175_1gvz1234;7749
user_176_yta1;user_176_yta11234;6363
user_177_2mu5;user_177_2mu51234;3747
user_178_shlu;user_178_shlu1234;8018
user_179_6ip6;user_179_6ip61234;1004
user_180_wncu;user_180_wncu1234;6220
user_181_9h3j;user_181_9h3j1234;6782
user_182_wg1m;user_182_wg1m1234;1509
user_183_n08s;user_183_n08s1234;8412
user_184_9qrs;user_184_9qrs1234;3527
user_185_tfig;user_185_tfig1234;2598
user_186_vy8f;user_186_vy8f1234;9871
user_187_f3ub;user_187_f3ub1234;7607
user_188_is7x;user_188_is7x1234;3558
user_189_wi9q;user_189_wi9q1234;6334
user_190_4ubv;user_190_4ubv1234;8949
user_191_t3pd;user_191_t3pd1234;8343
user_192_faqt;user_192_faqt1234;1058
user_193_sj5r;user_193_sj5r1234;6342
user_194_ha1m;user_194_ha1m1234;8805
user_195_w46w;user_195_w46w1234;7700
user_196_0ln0;user_196_0ln01234;7941
user_197_sb6a;user_197_sb6a1234;6103
user_198_pqlv;user_198_pqlv1234;2052
user_199_tck4;user_199_tck41234;1490
user_200_v4bm;user_200_v4bm1234;6690
user_201_5at2;user_201_5at21234;4584
user_202_qond;user_202_qond1234;7290
user_203_89ju;user_203_89ju1234;8876
user_204_8ozi;user_204_8ozi1234;5653
user_205_pvva;user_205_pvva1234;7465
user_206_q3so;user_206_q3so1234;6588
user_207_pw3o;user_207_pw3o1234;9162
user_208_azld;user_208_azld1234;4005
user_209_00s2;user_209_00s21234;2015
user_210_dybu;user_210_dybu1234;5820
user_211_k6jc;user_211_k6jc1234;9962
user_212_53fq;user_212_53fq1234;1879
user_213_yjqu;user_213_yjqu1234;5114
user_214_gn7y;user_214_gn7y1234;8831
user_215_qekz;user_215_qekz1234;2611
user_216_cj2w;user_216_cj2w1234;6928
user_217_380r;user_217_380r1234;6975
user_218_ks9w;user_218_ks9w1234;3064
user_219_efkf;user_219_efkf1234;7530
user_220_zqwd;user_220_zqwd1234;5686
user_221_f4dk;user_221_f4dk1234;1625
user_222_oer6;user_222_oer61234;8260
user_223_yr5r;user_223_yr5r1234;2432
user_224_dbuo;user_224_dbuo1234;1768
user_225_cvv1;user_225_cvv11234;3438
user_226_qmmk;user_226_qmmk1234;7718
user_227_6gls;user_227_6gls1234;6871
user_228_8uhe;user_228_8uhe1234;4700
user_229_gnch;user_229_gnch1234;9445
user_230_ufar;user_230_ufar1234;9018
user_231_5zsi;user_231_5zsi1234;9434
user_232_kvaz;user_232_kvaz1234;2927
user_233_dbqe;user_233_dbqe1234;2195
user_234_hl28;user_234_hl281234;5199
user_235_cdv1;user_235_cdv11234;3197
user_236_kz5g;user_236_kz5g1234;7350
user_237_fx7o;user_237_fx7o1234;3721
user_238_v4zy;user_238_v4zy1234;5740
user_239_zi12;user_239_zi121234;2923
user_240_v8ey;user_240_v8ey1234;9496
user_241_wnqk;user_241_wnqk1234;3842
user_242_kd9s;user_242_kd9s1234;1487
user_243_owcw;user_243_owcw1234;3402
user_244_y6cl;user_244_y6cl1234;1184
user_245_6qea;user_245_6qea1234;9181
user_246_cgbk;user_246_cgbk1234;6340
user_247_9z7e;user_247_9z7e1234;1938
user_248_4z1d;user_248_4z1d1234;5857
user_249_vj6v;user_249_vj6v1234;6806
user_250_bszf;user_250_bszf1234;5329
user_251_oxq3;user_251_oxq31234;7684
user_252_r74a;user_252_r74a1234;6563
user_253_e9e0;user_253_e9e01234;5228
user_254_fm7e;user_254_fm7e1234;1731
user_255_qhwh;user_255_qhwh1234;7206
user_256_zm9n;user_256_zm9n1234;3541
user_257_7dr2;user_257_7dr21234;9603
user_258_220y;user_258_220y1234;5261
user_259_hdui;user_259_hdui1234;1393
user_260_bqol;user_260_bqol1234;7119
user_261_olsv;user_261_olsv1234;5350
user_262_f3wk;user_262_f3wk1234;1323
user_263_g7x7;user_263_g7x71234;4135
user_264_pn3l;user_264_pn3l1234;1687
user_265_bp3i;user_265_bp3i1234;3410
user_266_i3eo;user_266_i3eo1234;4001
user_267_6jpy;user_267_6jpy1234;3261
user_268_tdrc;user_268_tdrc1234;3774
user_269_c8d1;user_269_c8d11234;4726
user_270_kwh2;user_270_kwh21234;5410
user_271_e5fu;user_271_e5fu1234;7992
user_272_fjcz;user_272_fjcz1234;2029
user_273_qhzt;user_273_qhzt1234;1958
user_274_qm2s;user_274_qm2s1234;9934
user_275_bz36;user_275_bz361234;1599
user_276_qpj0;user_276_qpj01234;5025
user_277_4ptk;user_277_4ptk1234;7041
user_278_q80v;user_278_q80v1234;9757
user_279_wlx1;user_279_wlx11234;3145
user_280_kmfn;user_280_kmfn1234;3609
user_281_38h5;user_281_38h51234;4001
user_282_zzcw;user_282_zzcw1234;9109
user_283_hdi6;user_283_hdi61234;3681
user_284_05qr;user_284_05qr1234;9609
user_285_6r2o;user_285_6r2o1234;2346
user_286_ln6z;user_286_ln6z1234;2721
user_287_bd7g;user_287_bd7g1234;9691
user_288_g871;user_288_g8711234;9504
user_289_ooba;user_289_ooba1234;2360
user_290_34gn;user_290_34gn1234;9427
user_291_1ysc;user_291_1ysc1234;5200
user_292_t6dp;user_292_t6dp1234;8269
user_293_7gno;user_293_7gno1234;3226
user_294_lve5;user_294_lve51234;8422
user_295_j2mt;user_295_j2mt1234;7651
user_296_i50t;user_296_i50t1234;5075
user_297_tift;user_297_tift1234;6866
user_298_7wsb;user_298_7wsb1234;4205
user_299_oh7m;user_299_oh7m1234;5490
user_300_q7c2;user_300_q7c21234;7058
user_301_g6yg;user_301_g6yg1234;9855
user_302_cucy;user_302_cucy1234;6773
user_303_hegd;user_303_hegd1234;5381
user_304_wbsi;user_304_wbsi1234;1827
user_305_vh1f;user_305_vh1f1234;2703
user_306_y8lm;user_306_y8lm1234;9309
user_307_pamb;user_307_pamb1234;3388
user_308_1psq;user_308_1psq1234;7496
user_309_4rk2;user_309_4rk21234;4959
user_310_h3eh;user_310_h3eh1234;1575
user_311_nsx8;user_311_nsx81234;1987
user_312_7orm;user_312_7orm1234;6056
user_313_1jma;user_313_1jma1234;7213
user_314_5ilt;user_314_5ilt1234;5339
user_315_g0e3;user_315_g0e31234;8734
user_316_fpjw;user_316_fpjw1234;1522
user_317_u2g4;user_317_u2g41234;9918
user_318_aub3;user_318_aub31234;9338
user_319_rmu5;user_319_rmu51234;6394
user_320_fa9y;user_320_fa9y1234;1733
user_321_vor6;user_321_vor61234;8535
user_322_3jps;user_322_3jps1234;6681
user_323_0e5s;user_323_0e5s1234;6581
user_324_yvl0;user_324_yvl01234;5308
user_325_g479;user_325_g4791234;7748
user_326_6d4p;user_326_6d4p1234;9325
user_327_vwpp;user_327_vwpp1234;2942
user_328_cm0v;user_328_cm0v1234;4780
user_329_msf6;user_329_msf61234;4817
user_330_jkxa;user_330_jkxa1234;6097
user_331_8b5j;user_331_8b5j1234;9064
user_332_86o4;user_332_86o41234;2630
user_333_5sfq;user_333_5sfq1234;5211
user_334_haep;user_334_haep1234;6127
user_335_wggt;user_335_wggt1234;6900
user_336_t93a;user_336_t93a1234;2157
user_337_1ntw;user_337_1ntw1234;1979
user_338_6jwv;user_338_6jwv1234;9380
user_339_k9zp;user_339_k9zp1234;4739
user_340_ubf2;user_340_ubf21234;2986
user_341_k1co;user_341_k1co1234;6667
user_342_lr7h;user_342_lr7h1234;4848
user_343_4c6r;user_343_4c6r1234;5583
user_344_lfrh;user_344_lfrh1234;1390
user_345_xy99;user_345_xy991234;1030
user_346_f8ul;user_346_f8ul1234;5246
user_347_6hrk;user_347_6hrk1234;7554
user_348_mpw2;user_348_mpw21234;1428
user_349_rgwo;user_349_rgwo1234;4544
user_350_2b4m;user_350_2b4m1234;6208
user_351_m3bf;user_351_m3bf1234;1738
user_352_mcfe;user_352_mcfe1234;6263
user_353_t16v;user_353_t16v1234;1041
user_354_l58m;user_354_l58m1234;3634
user_355_1d5k;user_355_1d5k1234;3696
user_356_jn76;user_356_jn761234;3172
user_357_xegx;user_357_xegx1234;8207
user_358_ob32;user_358_ob321234;2484
user_359_wsb5;user_359_wsb51234;6125
user_360_vz1o;user_360_vz1o1234;1495
user_361_yhag;user_361_yhag1234;8669
user_362_gtjf;user_362_gtjf1234;3465
user_363_iwo8;user_363_iwo81234;4363
user_364_rxom;user_364_rxom1234;5259
user_365_5qz7;user_365_5qz71234;3430
user_366_7qza;user_366_7qza1234;8680
user_367_kxok;user_367_kxok1234;8746
user_368_febi;user_368_febi1234;2337
user_369_65uv;user_369_65uv1234;5052
user_370_8wjb;user_370_8wjb1234;7286
user_371_oaa1;user_371_oaa11234;4437
user_372_2ck3;user_372_2ck31234;2724
user_373_od57;user_373_od571234;7915
user_374_nxzm;user_374_nxzm1234;1987
user_375_ot1a;user_375_ot1a1234;5882
user_376_gb1i;user_376_gb1i1234;6665
user_377_aelv;user_377_aelv1234;8750
user_378_ucvb;user_378_ucvb1234;4627
user_379_wobd;user_379_wobd1234;7130
user_380_ihsr;user_380_ihsr1234;2453
user_381_pet0;user_381_pet01234;4849
user_382_qn31;user_382_qn311234;7064
user_383_3hwi;user_383_3hwi1234;8730
user_384_84r6;user_384_84r61234;5580
user_385_w64l;user_385_w64l1234;2210
user_386_1npg;user_386_1npg1234;8058
user_387_5d46;user_387_5d461234;2709
user_388_8dvt;user_388_8dvt1234;2776
user_389_ot9q;user_389_ot9q1234;3845
user_390_ulml;user_390_ulml1234;5536
user_391_yzbv;user_391_yzbv1234;8236
user_392_92ge;user_392_92ge1234;3066
user_393_xlew;user_393_xlew1234;6800
user_394_w4ux;user_394_w4ux1234;8341
user_395_83fh;user_395_83fh1234;2100
user_396_38by;user_396_38by1234;1924
user_397_vs6l;user_397_vs6l1234;7025
user_398_o4yf;user_398_o4yf1234;7458
user_399_dglb;user_399_dglb1234;6880
user_400_fjgm;user_400_fjgm1234;3078
user_401_shx0;user_401_shx01234;3462
user_402_65bn;user_402_65bn1234;2465
user_403_il4k;user_403_il4k1234;2355
user_404_bciz;user_404_bciz1234;6444
user_405_zdq6;user_405_zdq61234;1059
user_406_6k2x;user_406_6k2x1234;6796
user_407_zhdx;user_407_zhdx1234;8865
user_408_4hve;user_408_4hve1234;7731
user_409_rmrq;user_409_rmrq1234;2964
user_410_vxb8;user_410_vxb81234;7352
user_411_broi;user_411_broi1234;3338
user_412_qcfx;user_412_qcfx1234;4623
user_413_dwl9;user_413_dwl91234;8340
user_414_8lp4;user_414_8lp41234;8856
user_415_0lxz;user_415_0lxz1234;2711
user_416_0i70;user_416_0i701234;6735
user_417_ospm;user_417_ospm1234;2392
user_418_8xom;user_418_8xom1234;5992
user_419_qk5d;user_419_qk5d1234;3388
user_420_cgqe;user_420_cgqe1234;8360
user_421_3ah5;user_421_3ah51234;5351
user_422_89y8;user_422_89y81234;6971
user_423_f26e;user_423_f26e1234;9846
user_424_odvw;user_424_odvw1234;6453
user_425_k4uc;user_425_k4uc1234;1560
user_426_ms4e;user_426_ms4e1234;6398
user_427_mp4g;user_427_mp4g1234;2363
user_428_uet7;user_428_uet71234;2839
user_429_yv2e;user_429_yv2e1234;8096
user_430_hhmy;user_430_hhmy1234;1735
user_431_5izn;user_431_5izn1234;4026
user_432_l8pp;user_432_l8pp1234;6104
user_433_rflq;user_433_rflq1234;9580
user_434_v7lt;user_434_v7lt1234;4190
user_435_fkjq;user_435_fkjq1234;8370
user_436_chtr;user_436_chtr1234;6032
user_437_n79t;user_437_n79t1234;8616
user_438_37s4;user_438_37s41234;8117
user_439_0x8v;user_439_0x8v1234;2223
user_440_n2kf;user_440_n2kf1234;8066
user_441_t3l5;user_441_t3l51234;9864
user_442_p75n;user_442_p75n1234;9153
user_443_4ksu;user_443_4ksu1234;2152
user_444_34iq;user_444_34iq1234;4231
user_445_6hou;user_445_6hou1234;9055
user_446_xu7q;user_446_xu7q1234;7296
user_447_cv6d;user_447_cv6d1234;7714
user_448_41e0;user_448_41e01234;5812
user_449_6g5a;user_449_6g5a1234;2190
user_450_54a0;user_450_54a01234;4018
user_451_bci7;user_451_bci71234;1409
user_452_u54e;user_452_u54e1234;8986
user_453_khid;user_453_khid1234;9428
user_454_0rst;user_454_0rst1234;9854
user_455_nh59;user_455_nh591234;7408
user_456_uput;user_456_uput1234;7752
user_457_3qno;user_457_3qno1234;3227
user_458_v92r;user_458_v92r1234;3779
user_459_6lj2;user_459_6lj21234;6805
user_460_zv6s;user_460_zv6s1234;7955
user_461_4i5g;user_461_4i5g1234;3078
user_462_8v8z;user_462_8v8z1234;7056
user_463_da06;user_463_da061234;2815
user_464_3efn;user_464_3efn1234;3292
user_465_lmlc;user_465_lmlc1234;5288
user_466_04p6;user_466_04p61234;1067
user_467_0ywa;user_467_0ywa1234;7164
user_468_bi9l;user_468_bi9l1234;7581
user_469_8gds;user_469_8gds1234;9032
user_470_mbye;user_470_mbye1234;2867
user_471_z2r3;user_471_z2r31234;9028
user_472_ng83;user_472_ng831234;7313
user_473_outy;user_473_outy1234;3584
user_474_nm9n;user_474_nm9n1234;3617
user_475_31g1;user_475_31g11234;5982
user_476_fzrp;user_476_fzrp1234;4828
user_477_vpel;user_477_vpel1234;7051
user_478_wii9;user_478_wii91234;3669
user_479_aksk;user_479_aksk1234;1205
user_480_fvww;user_480_fvww1234;9463
user_481_3z3r;user_481_3z3r1234;3650
user_482_nn3f;user_482_nn3f1234;7654
user_483_hgdu;user_483_hgdu1234;2355
user_484_c4o6;user_484_c4o61234;6812
user_485_en7a;user_485_en7a1234;3840
user_486_wph7;user_486_wph71234;1750
user_487_p86q;user_487_p86q1234;5713
user_488_aoez;user_488_aoez1234;5275
user_489_73ir;user_489_73ir1234;7227
user_490_t6hu;user_490_t6hu1234;7442
user_491_gtb7;user_491_gtb71234;3621
user_492_ogs6;user_492_ogs61234;6225
user_493_mm2m;user_493_mm2m1234;1297
user_494_44iy;user_494_44iy1234;8359
user_495_5bg5;user_495_5bg51234;2227
user_496_5tgu;user_496_5tgu1234;3534
user_497_1fjq;user_497_1fjq1234;9038
user_498_u0k2;user_498_u0k21234;7414
user_499_ph2s;user_499_ph2s1234;3723
user_500_jrt1;user_500_jrt11234;4016
user_501_ntk8;user_501_ntk81234;6905
user_502_mekk;user_502_mekk1234;8249
user_503_8g62;user_503_8g621234;8353
user_504_4ywd;user_504_4ywd1234;4642
user_505_hic9;user_505_hic91234;9605
user_506_10ad;user_506_10ad1234;1455
user_507_m257;user_507_m2571234;5088
user_508_v5qe;user_508_v5qe1234;6797
user_509_up8e;user_509_up8e1234;2368
user_510_tzyh;user_510_tzyh1234;6011
user_511_9sgp;user_511_9sgp1234;4736
user_512_vmsp;user_512_vmsp1234;1208
user_513_9gsv;user_513_9gsv1234;6905
user_514_and2;user_514_and21234;2783
user_515_z5jr;user_515_z5jr1234;5331
user_516_h6ug;user_516_h6ug1234;4254
user_517_ohij;user_517_ohij1234;1705
user_518_lmne;user_518_lmne1234;6874
user_519_xefp;user_519_xefp1234;8945
user_520_pgoj;user_520_pgoj1234;6801
user_521_ou6n;user_521_ou6n1234;9675
user_522_5muj;user_522_5muj1234;6923
user_523_12z8;user_523_12z81234;7130
user_524_mdvf;user_524_mdvf1234;9814
user_525_56er;user_525_56er1234;6823
user_526_2vg0;user_526_2vg01234;5756
user_527_whqx;user_527_whqx1234;4247
user_528_xa3w;user_528_xa3w1234;1580
user_529_ztiu;user_529_ztiu1234;1594
user_530_xumf;user_530_xumf1234;3706
user_531_8md3;user_531_8md31234;9001
user_532_ub0t;user_532_ub0t1234;5837
user_533_25ts;user_533_25ts1234;6718
user_534_mhid;user_534_mhid1234;3065
user_535_xlhn;user_535_xlhn1234;7615
user_536_x1js;user_536_x1js1234;2800
user_537_5nip;user_537_5nip1234;5117
user_538_uimq;user_538_uimq1234;4948
user_539_6z9y;user_539_6z9y1234;3280
user_540_u5d6;user_540_u5d61234;5747
user_541_tusn;user_541_tusn1234;2400
user_542_wms1;user_542_wms11234;6955
user_543_btm3;user_543_btm31234;2355
user_544_uryh;user_544_uryh1234;4071
user_545_v9p4;user_545_v9p41234;9121
user_546_pb48;user_546_pb481234;1726
user_547_sc5s;user_547_sc5s1234;2960
user_548_i3ok;user_548_i3ok1234;2263
user_549_gtq4;user_549_gtq41234;7093
user_550_yn4f;user_550_yn4f1234;4864
user_551_xbux;user_551_xbux1234;2481
user_552_yb3e;user_552_yb3e1234;3973
user_553_6ahq;user_553_6ahq1234;8095
user_554_qwsz;user_554_qwsz1234;8805
user_555_7mpk;user_555_7mpk1234;6404
user_556_gp1t;user_556_gp1t1234;6271
user_557_dho4;user_557_dho41234;3117
user_558_64po;user_558_64po1234;5512
user_559_22ak;user_559_22ak1234;5809
user_560_3vm8;user_560_3vm81234;9510
user_561_7a4m;user_561_7a4m1234;6378
user_562_2jc7;user_562_2jc71234;1387
user_563_w0fr;user_563_w0fr1234;9907
user_564_12xe;user_564_12xe1234;2958
user_565_4ad0;user_565_4ad01234;2179
user_566_5zcy;user_566_5zcy1234;1188
user_567_jkln;user_567_jkln1234;9308
user_568_znp5;user_568_znp51234;2150
user_569_hft2;user_569_hft21234;9783
user_570_07rv;user_570_07rv1234;3083
user_571_sj7m;user_571_sj7m1234;9998
user_572_fd42;user_572_fd421234;7691
user_573_tw0r;user_573_tw0r1234;7263
user_574_66nm;user_574_66nm1234;6460
user_575_h2ka;user_575_h2ka1234;2804
user_576_br7u;user_576_br7u1234;6413
user_577_dqjy;user_577_dqjy1234;9491
user_578_7fc0;user_578_7fc01234;3482
user_579_cc4r;user_579_cc4r1234;5647
user_580_06n3;user_580_06n31234;7689
user_581_zlw5;user_581_zlw51234;6474
user_582_vq4w;user_582_vq4w1234;8883
user_583_l6sv;user_583_l6sv1234;5353
user_584_dko0;user_584_dko01234;1999
user_585_gnb8;user_585_gnb81234;9294
user_586_74z7;user_586_74z71234;9615
user_587_hfxi;user_587_hfxi1234;9041
user_588_u459;user_588_u4591234;3039
user_589_nwti;user_589_nwti1234;3541
user_590_0yun;user_590_0yun1234;1912
user_591_454j;user_591_454j1234;5858
user_592_o9ko;user_592_o9ko1234;8640
user_593_rbkf;user_593_rbkf1234;2972
user_594_97r0;user_594_97r01234;9871
user_595_6lno;user_595_6lno1234;7598
user_596_3ywq;user_596_3ywq1234;1660
user_597_tn3d;user_597_tn3d1234;8893
user_598_p7yr;user_598_p7yr1234;8609
user_599_buqg;user_599_buqg1234;9520
user_600_dhvn;user_600_dhvn1234;2637
user_601_kfaq;user_601_kfaq1234;4283
user_602_fyws;user_602_fyws1234;9885
user_603_s1pl;user_603_s1pl1234;2568
user_604_8aiq;user_604_8aiq1234;8530
user_605_5zg8;user_605_5zg81234;1723
user_606_vzj5;user_606_vzj51234;7344
user_607_oymn;user_607_oymn1234;4525
user_608_5slb;user_608_5slb1234;7232
user_609_fnb1;user_609_fnb11234;4445
user_610_yn7l;user_610_yn7l1234;1193
user_611_qmuw;user_611_qmuw1234;6595
user_612_xsl6;user_612_xsl61234;4489
user_613_ra7b;user_613_ra7b1234;4610
user_614_189l;user_614_189l1234;8679
user_615_uuhv;user_615_uuhv1234;8253
user_616_mh3r;user_616_mh3r1234;5597
user_617_k9k6;user_617_k9k61234;2194
user_618_3yoi;user_618_3yoi1234;8157
user_619_tz6p;user_619_tz6p1234;4331
user_620_3kba;user_620_3kba1234;9910
user_621_prdc;user_621_prdc1234;1099
user_622_9w7g;user_622_9w7g1234;8875
user_623_1c6h;user_623_1c6h1234;6419
user_624_m30x;user_624_m30x1234;6382
user_625_8b8x;user_625_8b8x1234;2794
user_626_xdx4;user_626_xdx41234;4521
user_627_93zz;user_627_93zz1234;9208
user_628_v6fi;user_628_v6fi1234;5682
user_629_6rn9;user_629_6rn91234;6773
user_630_fplc;user_630_fplc1234;6844
user_631_f4vc;user_631_f4vc1234;7990
user_632_ta7j;user_632_ta7j1234;5976
user_633_w4tz;user_633_w4tz1234;5063
user_634_175d;user_634_175d1234;4499
user_635_rk3y;user_635_rk3y1234;9012
user_636_f366;user_636_f3661234;2217
user_637_2w2d;user_637_2w2d1234;2930
user_638_prdk;user_638_prdk1234;1044
user_639_zoi9;user_639_zoi91234;6405
user_640_mx1q;user_640_mx1q1234;7099
user_641_ebzm;user_641_ebzm1234;9297
user_642_834y;user_642_834y1234;5534
user_643_7oau;user_643_7oau1234;1662
user_644_pepb;user_644_pepb1234;8169
user_645_64nj;user_645_64nj1234;6362
user_646_3zid;user_646_3zid1234;4765
user_647_z21n;user_647_z21n1234;6954
user_648_ehjk;user_648_ehjk1234;6134
user_649_d3lz;user_649_d3lz1234;4775
user_650_tdz2;user_650_tdz21234;2878
user_651_p9p8;user_651_p9p81234;7449
user_652_7zg6;user_652_7zg61234;4192
user_653_ckde;user_653_ckde1234;6452
user_654_6rq6;user_654_6rq61234;7377
user_655_209w;user_655_209w1234;8074
user_656_zuhq;user_656_zuhq1234;7593
user_657_0u5v;user_657_0u5v1234;4307
user_658_apnn;user_658_apnn1234;4670
user_659_8jfq;user_659_8jfq1234;8892
user_660_z3m6;user_660_z3m61234;5352
user_661_d9lb;user_661_d9lb1234;9202
user_662_bc12;user_662_bc121234;8569
user_663_uspa;user_663_uspa1234;4028
user_664_kkre;user_664_kkre1234;5518
user_665_b7z9;user_665_b7z91234;1378
user_666_1fdp;user_666_1fdp1234;2343
user_667_fjjh;user_667_fjjh1234;7542
user_668_ae1m;user_668_ae1m1234;5977
user_669_0qz0;user_669_0qz01234;8814
user_670_vc2j;user_670_vc2j1234;2580
user_671_eu90;user_671_eu901234;7602
user_672_ra4c;user_672_ra4c1234;2987
user_673_ik42;user_673_ik421234;1411
user_674_nao7;user_674_nao71234;4921
user_675_ghrj;user_675_ghrj1234;9617
user_676_484v;user_676_484v1234;9493
user_677_2p12;user_677_2p121234;1210
user_678_wsiu;user_678_wsiu1234;2225
user_679_6g1l;user_679_6g1l1234;5423
user_680_c5r7;user_680_c5r71234;6206
user_681_9int;user_681_9int1234;3022
user_682_eurf;user_682_eurf1234;3537
user_683_qe8r;user_683_qe8r1234;1262
user_684_if7q;user_684_if7q1234;6752
user_685_4i1f;user_685_4i1f1234;6260
user_686_eniz;user_686_eniz1234;6455
user_687_4auy;user_687_4auy1234;9823
user_688_yd9e;user_688_yd9e1234;1604
user_689_mmbp;user_689_mmbp1234;5360
user_690_0cue;user_690_0cue1234;2436
user_691_d0l3;user_691_d0l31234;8720
user_692_9wpw;user_692_9wpw1234;7589
user_693_jc66;user_693_jc661234;5369
user_694_oszq;user_694_oszq1234;7067
user_695_t66g;user_695_t66g1234;8098
user_696_ogbz;user_696_ogbz1234;3484
user_697_5avz;user_697_5avz1234;2114
user_698_9bvp;user_698_9bvp1234;6848
user_699_stid;user_699_stid1234;6784
user_700_qg0r;user_700_qg0r1234;1039
user_701_fdd9;user_701_fdd91234;7068
user_702_jja8;user_702_jja81234;3838
user_703_6rpf;user_703_6rpf1234;7002
user_704_9ueb;user_704_9ueb1234;4143
user_705_lwfp;user_705_lwfp1234;5061
user_706_g68g;user_706_g68g1234;2539
user_707_1agx;user_707_1agx1234;2111
user_708_emi3;user_708_emi31234;2170
user_709_s1p6;user_709_s1p61234;3593
user_710_un3z;user_710_un3z1234;9672
user_711_yy0n;user_711_yy0n1234;9446
user_712_yufd;user_712_yufd1234;2058
user_713_y446;user_713_y4461234;9426
user_714_pum0;user_714_pum01234;9498
user_715_1kgg;user_715_1kgg1234;4947
user_716_cwhm;user_716_cwhm1234;8565
user_717_hur6;user_717_hur61234;1880
user_718_da8b;user_718_da8b1234;2748
user_719_r7gt;user_719_r7gt1234;8296
user_720_wi1u;user_720_wi1u1234;5054
user_721_0t7n;user_721_0t7n1234;2579
user_722_0k8s;user_722_0k8s1234;8701
user_723_gglz;user_723_gglz1234;4321
user_724_yjtm;user_724_yjtm1234;5831
user_725_gpq1;user_725_gpq11234;1499
user_726_tlly;user_726_tlly1234;6733
user_727_q04k;user_727_q04k1234;5901
user_728_9da2;user_728_9da21234;9427
user_729_2ym1;user_729_2ym11234;1029
user_730_xpjl;user_730_xpjl1234;3740
user_731_5dar;user_731_5dar1234;4672
user_732_o9eg;user_732_o9eg1234;8468
user_733_r678;user_733_r6781234;4506
user_734_dfuv;user_734_dfuv1234;4263
user_735_sl20;user_735_sl201234;7296
user_736_1m99;user_736_1m991234;8019
user_737_ud4i;user_737_ud4i1234;7437
user_738_dr5f;user_738_dr5f1234;3265
user_739_2td5;user_739_2td51234;2583
user_740_1f6p;user_740_1f6p1234;7991
user_741_3ky8;user_741_3ky81234;3893
user_742_wcqm;user_742_wcqm1234;7817
user_743_nnh6;user_743_nnh61234;2635
user_744_2uu4;user_744_2uu41234;3727
user_745_3eay;user_745_3eay1234;6065
user_746_fhlc;user_746_fhlc1234;7815
user_747_2e8b;user_747_2e8b1234;2379
user_748_ckru;user_748_ckru1234;8316
user_749_zwm3;user_749_zwm31234;5477
user_750_6yqo;user_750_6yqo1234;2738
user_751_wb3o;user_751_wb3o1234;2388
user_752_vkyx;user_752_vkyx1234;8806
user_753_79si;user_753_79si1234;8157
user_754_c4ko;user_754_c4ko1234;6352
user_755_gvpc;user_755_gvpc1234;7735
user_756_qcmn;user_756_qcmn1234;3140
user_757_nloi;user_757_nloi1234;7156
user_758_i1eb;user_758_i1eb1234;7855
user_759_molt;user_759_molt1234;5990
user_760_pqvw;user_760_pqvw1234;6114
user_761_5qf0;user_761_5qf01234;6656
user_762_7kac;user_762_7kac1234;6673
user_763_insx;user_763_insx1234;1422
user_764_36p4;user_764_36p41234;9228
user_765_424a;user_765_424a1234;4187
user_766_lmcs;user_766_lmcs1234;9517
user_767_z9de;user_767_z9de1234;3417
user_768_p62s;user_768_p62s1234;4625
user_769_ig1m;user_769_ig1m1234;7437
user_770_6n87;user_770_6n871234;4793
user_771_vi1r;user_771_vi1r1234;4506
user_772_479n;user_772_479n1234;2955
user_773_k4ta;user_773_k4ta1234;5701
user_774_bl54;user_774_bl541234;7329
user_775_5i46;user_775_5i461234;4660
user_776_kd0g;user_776_kd0g1234;5097
user_777_fj90;user_777_fj901234;3029
user_778_2ge9;user_778_2ge91234;6647
user_779_31ft;user_779_31ft1234;7408
user_780_mx5a;user_780_mx5a1234;7032
user_781_6fh8;user_781_6fh81234;5339
user_782_5j8k;user_782_5j8k1234;6996
user_783_wotg;user_783_wotg1234;2605
user_784_ffmo;user_784_ffmo1234;5057
user_785_tsqn;user_785_tsqn1234;7850
user_786_pn2p;user_786_pn2p1234;1092
user_787_qrww;user_787_qrww1234;4944
user_788_xezz;user_788_xezz1234;6776
user_789_9ewu;user_789_9ewu1234;8740
user_790_mytt;user_790_mytt1234;3219
user_791_145y;user_791_145y1234;4429
user_792_47by;user_792_47by1234;5464
user_793_z7vh;user_793_z7vh1234;6477
user_794_h04x;user_794_h04x1234;2434
user_795_tcyk;user_795_tcyk1234;5602
user_796_frwn;user_796_frwn1234;8109
user_797_w3lb;user_797_w3lb1234;4352
user_798_qly1;user_798_qly11234;4322
user_799_b0s0;user_799_b0s01234;6928
user_800_92bl;user_800_92bl1234;6430
user_801_1tkj;user_801_1tkj1234;1778
user_802_h4q5;user_802_h4q51234;9731
user_803_yomr;user_803_yomr1234;5000
user_804_umhq;user_804_umhq1234;5834
user_805_8sdy;user_805_8sdy1234;9737
user_806_juhv;user_806_juhv1234;4465
user_807_0wb0;user_807_0wb01234;8673
user_808_9zjx;user_808_9zjx1234;8346
user_809_esar;user_809_esar1234;8858
user_810_66v3;user_810_66v31234;5515
user_811_rokl;user_811_rokl1234;4074
user_812_lgla;user_812_lgla1234;2556
user_813_nv1y;user_813_nv1y1234;8675
user_814_dxg7;user_814_dxg71234;9423
user_815_3nf5;user_815_3nf51234;6694
user_816_rbzw;user_816_rbzw1234;9408
user_817_sh9c;user_817_sh9c1234;1600
user_818_9sdj;user_818_9sdj1234;8358
user_819_b4gj;user_819_b4gj1234;7411
user_820_jbe5;user_820_jbe51234;3191
user_821_i9nd;user_821_i9nd1234;8033
user_822_4kys;user_822_4kys1234;6911
user_823_qgpa;user_823_qgpa1234;9430
user_824_w5rm;user_824_w5rm1234;3798
user_825_s1nj;user_825_s1nj1234;2341
user_826_vbh3;user_826_vbh31234;2356
user_827_bn1v;user_827_bn1v1234;8733
user_828_gqb1;user_828_gqb11234;2059
user_829_tzjg;user_829_tzjg1234;5899
user_830_y24w;user_830_y24w1234;1983
user_831_9cnh;user_831_9cnh1234;5822
user_832_pxjg;user_832_pxjg1234;2226
user_833_0sav;user_833_0sav1234;8773
user_834_ghj9;user_834_ghj91234;2273
user_835_ygrk;user_835_ygrk1234;9548
user_836_xdrt;user_836_xdrt1234;5344
user_837_zis7;user_837_zis71234;3602
user_838_emo4;user_838_emo41234;9369
user_839_u98k;user_839_u98k1234;2828
user_840_h3n7;user_840_h3n71234;4877
user_841_7ae9;user_841_7ae91234;6838
user_842_98w7;user_842_98w71234;9550
user_843_rxn4;user_843_rxn41234;1801
user_844_w4s4;user_844_w4s41234;6231
user_845_bag2;user_845_bag21234;4249
user_846_gy2x;user_846_gy2x1234;8540
user_847_i7ip;user_847_i7ip1234;8160
user_848_j3c2;user_848_j3c21234;4395
user_849_lddk;user_849_lddk1234;2771
user_850_ddwc;user_850_ddwc1234;4356
user_851_r9uu;user_851_r9uu1234;2976
user_852_3uyu;user_852_3uyu1234;6374
user_853_zu5w;user_853_zu5w1234;9370
user_854_ggwy;user_854_ggwy1234;4732
user_855_reeg;user_855_reeg1234;2574
user_856_cq8q;user_856_cq8q1234;9517
user_857_8dz2;user_857_8dz21234;6331
user_858_5n4s;user_858_5n4s1234;4474
user_859_d0bg;user_859_d0bg1234;8437
user_860_djfu;user_860_djfu1234;1556
user_861_3l9a;user_861_3l9a1234;2696
user_862_mhkw;user_862_mhkw1234;2209
user_863_fja7;user_863_fja71234;3216
user_864_2j69;user_864_2j691234;6660
user_865_dbd0;user_865_dbd01234;3217
user_866_f6sk;user_866_f6sk1234;5032
user_867_q2sc;user_867_q2sc1234;9775
user_868_m6jk;user_868_m6jk1234;6004
user_869_irfw;user_869_irfw1234;7916
user_870_7fiv;user_870_7fiv1234;2480
user_871_c1iy;user_871_c1iy1234;9290
user_872_6vuz;user_872_6vuz1234;8469
user_873_xbj1;user_873_xbj11234;5216
user_874_bgqt;user_874_bgqt1234;7792
user_875_n6mh;user_875_n6mh1234;5684
user_876_ebaz;user_876_ebaz1234;6531
user_877_39a5;user_877_39a51234;4705
user_878_krwu;user_878_krwu1234;2723
user_879_p893;user_879_p8931234;8923
user_880_05y0;user_880_05y01234;3581
user_881_s035;user_881_s0351234;5781
user_882_42pp;user_882_42pp1234;2028
user_883_bjz7;user_883_bjz71234;4882
user_884_dtsf;user_884_dtsf1234;8410
user_885_mijq;user_885_mijq1234;3357
user_886_5h8w;user_886_5h8w1234;2747
user_887_h011;user_887_h0111234;1389
user_888_a235;user_888_a2351234;2294
user_889_1hex;user_889_1hex1234;1669
user_890_rn36;user_890_rn361234;2417
user_891_fa3v;user_891_fa3v1234;2094
user_892_5tfd;user_892_5tfd1234;4264
user_893_snr4;user_893_snr41234;1326
user_894_ehyb;user_894_ehyb1234;2829
user_895_gdlc;user_895_gdlc1234;8749
user_896_u5ds;user_896_u5ds1234;1663
user_897_4a20;user_897_4a201234;1737
user_898_685z;user_898_685z1234;8146
user_899_axej;user_899_axej1234;1146
user_900_g64h;user_900_g64h1234;4084
user_901_rqed;user_901_rqed1234;5744
user_902_ljoj;user_902_ljoj1234;8221
user_903_uj0p;user_903_uj0p1234;5623
user_904_ebaq;user_904_ebaq1234;7712
user_905_n5ke;user_905_n5ke1234;3799
user_906_8724;user_906_87241234;9347
user_907_p2dg;user_907_p2dg1234;8605
user_908_7inq;user_908_7inq1234;4040
user_909_ha96;user_909_ha961234;2101
user_910_8w8l;user_910_8w8l1234;7255
user_911_h3gm;user_911_h3gm1234;2511
user_912_6bez;user_912_6bez1234;7985
user_913_z4pi;user_913_z4pi1234;6479
user_914_bkxr;user_914_bkxr1234;7067
user_915_r65j;user_915_r65j1234;5119
user_916_13kw;user_916_13kw1234;4651
user_917_lqhl;user_917_lqhl1234;1230
user_918_t5sa;user_918_t5sa1234;3156
user_919_0ss5;user_919_0ss51234;9248
user_920_22s9;user_920_22s91234;2981
user_921_tzi6;user_921_tzi61234;5105
user_922_p2ij;user_922_p2ij1234;6867
user_923_doox;user_923_doox1234;6038
user_924_mszv;user_924_mszv1234;2189
user_925_9z68;user_925_9z681234;5475
user_926_xia6;user_926_xia61234;2041
user_927_5xpl;user_927_5xpl1234;5319
user_928_wvcu;user_928_wvcu1234;5920
user_929_6y4b;user_929_6y4b1234;3007
user_930_mzv5;user_930_mzv51234;3140
user_931_19e2;user_931_19e21234;6848
user_932_mgox;user_932_mgox1234;6813
user_933_xcsy;user_933_xcsy1234;8201
user_934_5plf;user_934_5plf1234;7897
user_935_3g9l;user_935_3g9l1234;4277
user_936_jgep;user_936_jgep1234;2197
user_937_jbv0;user_937_jbv01234;3457
user_938_o23c;user_938_o23c1234;9015
user_939_m823;user_939_m8231234;2381
user_940_jzmq;user_940_jzmq1234;1206
user_941_gor7;user_941_gor71234;5022
user_942_bydw;user_942_bydw1234;3393
user_943_fbc6;user_943_fbc61234;1753
user_944_k5pp;user_944_k5pp1234;1074
user_945_lnbz;user_945_lnbz1234;3945
user_946_1mrz;user_946_1mrz1234;5297
user_947_uqpr;user_947_uqpr1234;4136
user_948_s3su;user_948_s3su1234;6357
user_949_9rwj;user_949_9rwj1234;9795
user_950_s6vh;user_950_s6vh1234;2437
user_951_2d75;user_951_2d751234;1618
user_952_20i9;user_952_20i91234;2377
user_953_uqdf;user_953_uqdf1234;1526
user_954_gmja;user_954_gmja1234;7136
user_955_m8x4;user_955_m8x41234;1020
user_956_5pqj;user_956_5pqj1234;8880
user_957_kja1;user_957_kja11234;4165
user_958_8edy;user_958_8edy1234;6283
user_959_tqsd;user_959_tqsd1234;5523
user_960_4bcm;user_960_4bcm1234;5901
user_961_4jsc;user_961_4jsc1234;8191
user_962_u9oa;user_962_u9oa1234;7717
user_963_5utg;user_963_5utg1234;6708
user_964_2dl9;user_964_2dl91234;5327
user_965_8vx0;user_965_8vx01234;2428
user_966_s8i0;user_966_s8i01234;7273
user_967_k8hj;user_967_k8hj1234;4723
user_968_qg14;user_968_qg141234;5446
user_969_6o5w;user_969_6o5w1234;8842
user_970_t50u;user_970_t50u1234;4251
user_971_slf7;user_971_slf71234;8784
user_972_tdsy;user_972_tdsy1234;4334
user_973_voww;user_973_voww1234;2128
user_974_i9y7;user_974_i9y71234;9138
user_975_u7qa;user_975_u7qa1234;3435
user_976_kkde;user_976_kkde1234;6181
user_977_5ehi;user_977_5ehi1234;9561
user_978_ooz3;user_978_ooz31234;8496
user_979_gjlv;user_979_gjlv1234;1984
user_980_ygej;user_980_ygej1234;1303
user_981_l4ae;user_981_l4ae1234;8785
user_982_b084;user_982_b0841234;4655
user_983_8uam;user_983_8uam1234;4852
user_984_kekc;user_984_kekc1234;6149
user_985_8aar;user_985_8aar1234;3030
user_986_s426;user_986_s4261234;1903
user_987_ayk9;user_987_ayk91234;3006
user_988_kp3y;user_988_kp3y1234;8617
user_989_0chv;user_989_0chv1234;1140
user_990_px4t;user_990_px4t1234;7662
user_991_omex;user_991_omex1234;9476
user_992_48s2;user_992_48s21234;8901
user_993_spss;user_993_spss1234;7602
user_994_gcfr;user_994_gcfr1234;3303
user_995_4kxz;user_995_4kxz1234;3437
user_996_m76r;user_996_m76r1234;4003
user_997_obze;user_997_obze1234;1930
user_998_wuw6;user_998_wuw61234;5878
user_999_hrj6;user_999_hrj61234;2506
user_1000_jgbm;user_1000_jgbm1234;8676
user_1001_6l7f;user_1001_6l7f1234;6568
user_1002_51va;user_1002_51va1234;8908
user_1003_j60f;user_1003_j60f1234;8805
user_1004_g4gn;user_1004_g4gn1234;8034
user_1005_dplr;user_1005_dplr1234;3395
user_1006_ripa;user_1006_ripa1234;4491
user_1007_sh78;user_1007_sh781234;9181
user_1008_ts0a;user_1008_ts0a1234;6718
user_1009_7nnp;user_1009_7nnp1234;3209
user_1010_v182;user_1010_v1821234;4500
user_1011_5vgr;user_1011_5vgr1234;9216
user_1012_97hq;user_1012_97hq1234;6564
user_1013_68gj;user_1013_68gj1234;7102
user_1014_eh8d;user_1014_eh8d1234;1236
user_1015_zgly;user_1015_zgly1234;9419
user_1016_aiig;user_1016_aiig1234;7235
user_1017_2vwk;user_1017_2vwk1234;2139
user_1018_v8ee;user_1018_v8ee1234;5271
user_1019_yomu;user_1019_yomu1234;5142
user_1020_oof3;user_1020_oof31234;9038
user_1021_pg4b;user_1021_pg4b1234;8387
user_1022_ksn6;user_1022_ksn61234;5469
user_1023_9az8;user_1023_9az81234;4613
user_1024_hhdu;user_1024_hhdu1234;2522
user_1025_cfv7;user_1025_cfv71234;5556
user_1026_x4ku;user_1026_x4ku1234;3274
user_1027_32p8;user_1027_32p81234;4550
user_1028_zptu;user_1028_zptu1234;5170
user_1029_79bw;user_1029_79bw1234;1187
user_1030_5wh5;user_1030_5wh51234;2742
user_1031_svf5;user_1031_svf51234;9775
user_1032_kuk3;user_1032_kuk31234;4242
user_1033_j5vn;user_1033_j5vn1234;8514
user_1034_ja7s;user_1034_ja7s1234;5573
user_1035_2w3i;user_1035_2w3i1234;5102
user_1036_31we;user_1036_31we1234;3263
user_1037_5xjm;user_1037_5xjm1234;4149
user_1038_6s4v;user_1038_6s4v1234;2294
user_1039_dx45;user_1039_dx451234;2004
user_1040_yhcu;user_1040_yhcu1234;6431
user_1041_54kl;user_1041_54kl1234;4185
user_1042_smce;user_1042_smce1234;8892
user_1043_ctjd;user_1043_ctjd1234;6373
user_1044_0rzy;user_1044_0rzy1234;1929
user_1045_h6hh;user_1045_h6hh1234;4979
user_1046_kriv;user_1046_kriv1234;7908
user_1047_1mwi;user_1047_1mwi1234;9787
user_1048_fixm;user_1048_fixm1234;1625
user_1049_umgv;user_1049_umgv1234;2723
user_1050_tyo6;user_1050_tyo61234;1953
user_1051_baqt;user_1051_baqt1234;3240
user_1052_u0ef;user_1052_u0ef1234;1770
user_1053_ewgh;user_1053_ewgh1234;4565
user_1054_0y72;user_1054_0y721234;2406
user_1055_7fcl;user_1055_7fcl1234;7564
user_1056_zrh5;user_1056_zrh51234;1994
user_1057_m0kq;user_1057_m0kq1234;6793
user_1058_fjzx;user_1058_fjzx1234;5939
user_1059_mufw;user_1059_mufw1234;2464
user_1060_uvys;user_1060_uvys1234;5246
user_1061_9i83;user_1061_9i831234;1983
user_1062_sc29;user_1062_sc291234;7388
user_1063_iuw1;user_1063_iuw11234;5576
user_1064_bgyp;user_1064_bgyp1234;6245
user_1065_8ayd;user_1065_8ayd1234;8478
user_1066_vz7c;user_1066_vz7c1234;5532
user_1067_rw5g;user_1067_rw5g1234;4162
user_1068_9p13;user_1068_9p131234;8648
user_1069_tf2t;user_1069_tf2t1234;4758
user_1070_jqhd;user_1070_jqhd1234;3211
user_1071_9j3y;user_1071_9j3y1234;4654
user_1072_qo44;user_1072_qo441234;5087
user_1073_gahf;user_1073_gahf1234;9338
user_1074_avd4;user_1074_avd41234;1542
user_1075_o46f;user_1075_o46f1234;4152
user_1076_a3yq;user_1076_a3yq1234;3649
user_1077_1zd1;user_1077_1zd11234;4513
user_1078_f1kl;user_1078_f1kl1234;2556
user_1079_hr1f;user_1079_hr1f1234;6031
user_1080_hq1r;user_1080_hq1r1234;7981
user_1081_t72l;user_1081_t72l1234;6489
user_1082_uass;user_1082_uass1234;9809
user_1083_ufcu;user_1083_ufcu1234;8481
user_1084_u3yg;user_1084_u3yg1234;6878
user_1085_dlnt;user_1085_dlnt1234;4451
user_1086_v908;user_1086_v9081234;1864
user_1087_35mt;user_1087_35mt1234;3830
user_1088_auiu;user_1088_auiu1234;4514
user_1089_38kt;user_1089_38kt1234;9356
user_1090_vk1y;user_1090_vk1y1234;5505
user_1091_2ph3;user_1091_2ph31234;7955
user_1092_9jir;user_1092_9jir1234;7488
user_1093_1kl4;user_1093_1kl41234;2780
user_1094_on9y;user_1094_on9y1234;5191
user_1095_7c6k;user_1095_7c6k1234;5614
user_1096_af4v;user_1096_af4v1234;1535
user_1097_scy0;user_1097_scy01234;2008
user_1098_qllh;user_1098_qllh1234;3013
user_1099_n7rs;user_1099_n7rs1234;1789
user_1100_q6hy;user_1100_q6hy1234;2692
user_1101_hpnt;user_1101_hpnt1234;4099
user_1102_gza5;user_1102_gza51234;3507
user_1103_p9ip;user_1103_p9ip1234;2268
user_1104_4flc;user_1104_4flc1234;6264
user_1105_io09;user_1105_io091234;9173
user_1106_j5cf;user_1106_j5cf1234;4801
user_1107_6we9;user_1107_6we91234;8444
user_1108_e30o;user_1108_e30o1234;2958
user_1109_t6h2;user_1109_t6h21234;2247
user_1110_pvtl;user_1110_pvtl1234;3616
user_1111_pess;user_1111_pess1234;5349
user_1112_xesu;user_1112_xesu1234;9750
user_1113_p5vp;user_1113_p5vp1234;9370
user_1114_0n2q;user_1114_0n2q1234;8248
user_1115_8d45;user_1115_8d451234;8709
user_1116_iovo;user_1116_iovo1234;6266
user_1117_d58u;user_1117_d58u1234;7426
user_1118_m2ez;user_1118_m2ez1234;9049
user_1119_f3qk;user_1119_f3qk1234;8409
user_1120_0n3a;user_1120_0n3a1234;1023
user_1121_4aai;user_1121_4aai1234;8121
user_1122_onue;user_1122_onue1234;1124
user_1123_vx83;user_1123_vx831234;3058
user_1124_vl95;user_1124_vl951234;1674
user_1125_ckgy;user_1125_ckgy1234;1546
user_1126_q8dn;user_1126_q8dn1234;6587
user_1127_tq0l;user_1127_tq0l1234;7474
user_1128_ogvt;user_1128_ogvt1234;9134
user_1129_cqgf;user_1129_cqgf1234;1061
user_1130_kcr5;user_1130_kcr51234;3307
user_1131_ix4o;user_1131_ix4o1234;5796
user_1132_huyb;user_1132_huyb1234;7856
user_1133_c6d2;user_1133_c6d21234;5115
user_1134_y9l5;user_1134_y9l51234;9155
user_1135_4yxi;user_1135_4yxi1234;8149
user_1136_pxy2;user_1136_pxy21234;8880
user_1137_ujbh;user_1137_ujbh1234;7383
user_1138_2iu0;user_1138_2iu01234;9722
user_1139_9rfj;user_1139_9rfj1234;8718
user_1140_3dts;user_1140_3dts1234;2832
user_1141_f2n9;user_1141_f2n91234;4156
user_1142_4id1;user_1142_4id11234;4230
user_1143_tvrk;user_1143_tvrk1234;6349
user_1144_76ij;user_1144_76ij1234;9450
user_1145_vjg3;user_1145_vjg31234;7976
user_1146_h3kw;user_1146_h3kw1234;4079
user_1147_4zzn;user_1147_4zzn1234;5935
user_1148_vgcb;user_1148_vgcb1234;8961
user_1149_w44a;user_1149_w44a1234;5716
user_1150_4p6e;user_1150_4p6e1234;8655
user_1151_8om7;user_1151_8om71234;8958
user_1152_r4gp;user_1152_r4gp1234;3381
user_1153_s3c4;user_1153_s3c41234;1977
user_1154_gv64;user_1154_gv641234;2109
user_1155_y7ph;user_1155_y7ph1234;4731
user_1156_49c3;user_1156_49c31234;6509
user_1157_zgzb;user_1157_zgzb1234;7964
user_1158_zyj7;user_1158_zyj71234;4886
user_1159_xu8a;user_1159_xu8a1234;9855
user_1160_2qfu;user_1160_2qfu1234;6190
user_1161_3wam;user_1161_3wam1234;2387
user_1162_i4dc;user_1162_i4dc1234;5934
user_1163_ive1;user_1163_ive11234;7337
user_1164_mrox;user_1164_mrox1234;2756
user_1165_5y10;user_1165_5y101234;3169
user_1166_y7zb;user_1166_y7zb1234;8008
user_1167_jooa;user_1167_jooa1234;6064
user_1168_n819;user_1168_n8191234;1884
user_1169_w7ai;user_1169_w7ai1234;6022
user_1170_63d0;user_1170_63d01234;5813
user_1171_f36j;user_1171_f36j1234;7044
user_1172_7uqr;user_1172_7uqr1234;1129
user_1173_yqaa;user_1173_yqaa1234;5015
user_1174_0qzi;user_1174_0qzi1234;9402
user_1175_4nzp;user_1175_4nzp1234;5518
user_1176_otgh;user_1176_otgh1234;1016
user_1177_tmev;user_1177_tmev1234;4914
user_1178_z21w;user_1178_z21w1234;5528
user_1179_zuko;user_1179_zuko1234;8223
user_1180_j62e;user_1180_j62e1234;1534
user_1181_332r;user_1181_332r1234;1614
user_1182_rere;user_1182_rere1234;3755
user_1183_g0r7;user_1183_g0r71234;4792
user_1184_ly62;user_1184_ly621234;4186
user_1185_zo7c;user_1185_zo7c1234;2805
user_1186_wq9q;user_1186_wq9q1234;4192
user_1187_x8xa;user_1187_x8xa1234;6880
user_1188_sev0;user_1188_sev01234;2009
user_1189_efrv;user_1189_efrv1234;5408
user_1190_mqrm;user_1190_mqrm1234;5042
user_1191_epzd;user_1191_epzd1234;1412
user_1192_965x;user_1192_965x1234;4962
user_1193_zxsa;user_1193_zxsa1234;3108
user_1194_14j9;user_1194_14j91234;4278
user_1195_2bhn;user_1195_2bhn1234;4344
user_1196_w98x;user_1196_w98x1234;9829
user_1197_rip4;user_1197_rip41234;2682
user_1198_54um;user_1198_54um1234;6916
user_1199_y2qx;user_1199_y2qx1234;5231
user_1200_usfk;user_1200_usfk1234;4037
user_1201_d4z8;user_1201_d4z81234;2631
user_1202_e69b;user_1202_e69b1234;8890
user_1203_zwje;user_1203_zwje1234;9505
user_1204_6eik;user_1204_6eik1234;2282
user_1205_8bd4;user_1205_8bd41234;5611
user_1206_8mlj;user_1206_8mlj1234;5659
user_1207_45gk;user_1207_45gk1234;6044
user_1208_m8h9;user_1208_m8h91234;7300
user_1209_etmy;user_1209_etmy1234;4279
user_1210_43ha;user_1210_43ha1234;9974
user_1211_oavj;user_1211_oavj1234;5434
user_1212_9m9m;user_1212_9m9m1234;6010
user_1213_cenf;user_1213_cenf1234;7332
user_1214_ip16;user_1214_ip161234;2506
user_1215_16dq;user_1215_16dq1234;2822
user_1216_v74e;user_1216_v74e1234;3778
user_1217_ppbh;user_1217_ppbh1234;3409
user_1218_iy9c;user_1218_iy9c1234;1935
user_1219_4705;user_1219_47051234;7541
user_1220_69dj;user_1220_69dj1234;2659
user_1221_4wnc;user_1221_4wnc1234;5078
user_1222_dzza;user_1222_dzza1234;5238
user_1223_yv4q;user_1223_yv4q1234;5552
user_1224_upe0;user_1224_upe01234;8001
user_1225_h5kw;user_1225_h5kw1234;5366
user_1226_vh2w;user_1226_vh2w1234;4560
user_1227_k8vr;user_1227_k8vr1234;7385
user_1228_cqwc;user_1228_cqwc1234;8015
user_1229_q0d6;user_1229_q0d61234;1880
user_1230_lpb4;user_1230_lpb41234;7219
user_1231_hgpb;user_1231_hgpb1234;6905
user_1232_8rjr;user_1232_8rjr1234;9279
user_1233_qxop;user_1233_qxop1234;7977
user_1234_zcjr;user_1234_zcjr1234;1001
user_1235_nq38;user_1235_nq381234;2972
user_1236_f053;user_1236_f0531234;8414
user_1237_vt8j;user_1237_vt8j1234;2579
user_1238_gvos;user_1238_gvos1234;9764
user_1239_ou2a;user_1239_ou2a1234;9762
user_1240_8rrf;user_1240_8rrf1234;8460
user_1241_1oos;user_1241_1oos1234;2384
user_1242_optt;user_1242_optt1234;2994
user_1243_fjk1;user_1243_fjk11234;5768
user_1244_7hfo;user_1244_7hfo1234;1515
user_1245_kse2;user_1245_kse21234;2247
user_1246_dw8e;user_1246_dw8e1234;3806
user_1247_d8n6;user_1247_d8n61234;6550
user_1248_wrv9;user_1248_wrv91234;4807
user_1249_893o;user_1249_893o1234;7442
user_1250_6uhv;user_1250_6uhv1234;7354
user_1251_hula;user_1251_hula1234;9604
user_1252_zn4j;user_1252_zn4j1234;7536
user_1253_e4kt;user_1253_e4kt1234;6967
user_1254_t76h;user_1254_t76h1234;8787
user_1255_hxy5;user_1255_hxy51234;8646
user_1256_w1c4;user_1256_w1c41234;8400
user_1257_ri2c;user_1257_ri2c1234;4000
user_1258_ob56;user_1258_ob561234;2872
user_1259_qq36;user_1259_qq361234;1865
user_1260_4826;user_1260_48261234;1909
user_1261_hink;user_1261_hink1234;7106
user_1262_qppl;user_1262_qppl1234;7497
user_1263_0bc4;user_1263_0bc41234;7714
user_1264_ntgc;user_1264_ntgc1234;5487
user_1265_yv2y;user_1265_yv2y1234;2176
user_1266_ymok;user_1266_ymok1234;8989
user_1267_sqw2;user_1267_sqw21234;8271
user_1268_lg9s;user_1268_lg9s1234;9752
user_1269_91bb;user_1269_91bb1234;4691
user_1270_u3n2;user_1270_u3n21234;9583
user_1271_i8ss;user_1271_i8ss1234;1718
user_1272_947o;user_1272_947o1234;5281
user_1273_bojj;user_1273_bojj1234;9919
user_1274_0xsq;user_1274_0xsq1234;1635
user_1275_7cxe;user_1275_7cxe1234;3658
user_1276_jveb;user_1276_jveb1234;5155
user_1277_0gw4;user_1277_0gw41234;1473
user_1278_9jqw;user_1278_9jqw1234;1190
user_1279_ml6u;user_1279_ml6u1234;9346
user_1280_u9b3;user_1280_u9b31234;1066
user_1281_7u9y;user_1281_7u9y1234;1403
user_1282_fp8n;user_1282_fp8n1234;6222
user_1283_baot;user_1283_baot1234;8494
user_1284_723e;user_1284_723e1234;4747
user_1285_798r;user_1285_798r1234;3054
user_1286_a33r;user_1286_a33r1234;4801
user_1287_oc3l;user_1287_oc3l1234;2574
user_1288_whqo;user_1288_whqo1234;6381
user_1289_ddas;user_1289_ddas1234;5173
user_1290_7ags;user_1290_7ags1234;9571
user_1291_amiw;user_1291_amiw1234;5401
user_1292_wi96;user_1292_wi961234;2676
user_1293_988f;user_1293_988f1234;2327
user_1294_73rs;user_1294_73rs1234;9976
user_1295_qyp6;user_1295_qyp61234;4188
user_1296_1vfk;user_1296_1vfk1234;1195
user_1297_6n0u;user_1297_6n0u1234;9265
user_1298_qgax;user_1298_qgax1234;3334
user_1299_3vyz;user_1299_3vyz1234;6818
user_1300_3nik;user_1300_3nik1234;9329
user_1301_hwq7;user_1301_hwq71234;8150
user_1302_ehfu;user_1302_ehfu1234;2397
user_1303_wu0p;user_1303_wu0p1234;1969
user_1304_bzmu;user_1304_bzmu1234;4970
user_1305_jnna;user_1305_jnna1234;3045
user_1306_i7wm;user_1306_i7wm1234;3112
user_1307_61dj;user_1307_61dj1234;2860
user_1308_soay;user_1308_soay1234;9953
user_1309_e58s;user_1309_e58s1234;7600
user_1310_hzik;user_1310_hzik1234;2135
user_1311_mw07;user_1311_mw071234;7092
user_1312_kh4r;user_1312_kh4r1234;5458
user_1313_lfc3;user_1313_lfc31234;1828
user_1314_dvyx;user_1314_dvyx1234;4270
user_1315_95u7;user_1315_95u71234;5878
user_1316_1kuj;user_1316_1kuj1234;8153
user_1317_t86c;user_1317_t86c1234;4750
user_1318_ca08;user_1318_ca081234;9578
user_1319_up3e;user_1319_up3e1234;2462
user_1320_2a3x;user_1320_2a3x1234;3151
user_1321_zzzv;user_1321_zzzv1234;8770
user_1322_gjj8;user_1322_gjj81234;9402
user_1323_cqxs;user_1323_cqxs1234;5886
user_1324_96xu;user_1324_96xu1234;4298
user_1325_g8uy;user_1325_g8uy1234;6650
user_1326_z6x5;user_1326_z6x51234;6342
user_1327_mdjl;user_1327_mdjl1234;5214
user_1328_glpu;user_1328_glpu1234;4872
user_1329_4b2e;user_1329_4b2e1234;5859
user_1330_f6es;user_1330_f6es1234;7345
user_1331_wp1d;user_1331_wp1d1234;5609
user_1332_ahc2;user_1332_ahc21234;3418
user_1333_swot;user_1333_swot1234;9413
user_1334_jaop;user_1334_jaop1234;4414
user_1335_a9ik;user_1335_a9ik1234;6153
user_1336_as3w;user_1336_as3w1234;5487
user_1337_5nzo;user_1337_5nzo1234;7427
user_1338_y37e;user_1338_y37e1234;5885
user_1339_2s1n;user_1339_2s1n1234;4879
user_1340_8uf7;user_1340_8uf71234;5140
user_1341_t0mn;user_1341_t0mn1234;4619
user_1342_juo9;user_1342_juo91234;6143
user_1343_mm58;user_1343_mm581234;2410
user_1344_1n0l;user_1344_1n0l1234;9501
user_1345_oy26;user_1345_oy261234;4712
user_1346_mojh;user_1346_mojh1234;9942
user_1347_46l8;user_1347_46l81234;1352
user_1348_amuu;user_1348_amuu1234;6487
user_1349_klk6;user_1349_klk61234;1635
user_1350_4pwc;user_1350_4pwc1234;3548
user_1351_c68s;user_1351_c68s1234;9592
user_1352_udaq;user_1352_udaq1234;4400
user_1353_d8q5;user_1353_d8q51234;1867
user_1354_fk6e;user_1354_fk6e1234;7096
user_1355_oakg;user_1355_oakg1234;6069
user_1356_4iaf;user_1356_4iaf1234;5744
user_1357_28fj;user_1357_28fj1234;8419
user_1358_jx86;user_1358_jx861234;1020
user_1359_tl3z;user_1359_tl3z1234;8495
user_1360_tgk4;user_1360_tgk41234;3838
user_1361_8o1c;user_1361_8o1c1234;9202
user_1362_lyhj;user_1362_lyhj1234;1327
user_1363_ahwo;user_1363_ahwo1234;5537
user_1364_tvvg;user_1364_tvvg1234;1583
user_1365_giw2;user_1365_giw21234;3958
user_1366_fodk;user_1366_fodk1234;3308
user_1367_g6dh;user_1367_g6dh1234;9504
user_1368_86o0;user_1368_86o01234;6474
user_1369_j8tk;user_1369_j8tk1234;5095
user_1370_eywv;user_1370_eywv1234;7649
user_1371_3273;user_1371_32731234;7456
user_1372_ocvr;user_1372_ocvr1234;8845
user_1373_d85m;user_1373_d85m1234;2584
user_1374_2ja9;user_1374_2ja91234;1899
user_1375_92a0;user_1375_92a01234;7235
user_1376_85vh;user_1376_85vh1234;5132
user_1377_ffjw;user_1377_ffjw1234;9591
user_1378_oc9k;user_1378_oc9k1234;9147
user_1379_34ii;user_1379_34ii1234;6628
user_1380_plb1;user_1380_plb11234;2725
user_1381_wu75;user_1381_wu751234;8215
user_1382_l2xq;user_1382_l2xq1234;2187
user_1383_2os6;user_1383_2os61234;3951
user_1384_30qu;user_1384_30qu1234;6270
user_1385_j1i0;user_1385_j1i01234;6791
user_1386_2kp2;user_1386_2kp21234;7277
user_1387_jy1f;user_1387_jy1f1234;7569
user_1388_fiep;user_1388_fiep1234;3924
user_1389_od2b;user_1389_od2b1234;3870
user_1390_pu99;user_1390_pu991234;1769
user_1391_19wr;user_1391_19wr1234;8891
user_1392_kpp2;user_1392_kpp21234;3661
user_1393_h5i0;user_1393_h5i01234;1061
user_1394_hu3n;user_1394_hu3n1234;2250
user_1395_b3mz;user_1395_b3mz1234;6133
user_1396_di4f;user_1396_di4f1234;3186
user_1397_4ajn;user_1397_4ajn1234;2583
user_1398_5nta;user_1398_5nta1234;4395
user_1399_tnhj;user_1399_tnhj1234;4239
user_1400_5uf0;user_1400_5uf01234;3379
user_1401_ss34;user_1401_ss341234;3798
user_1402_figz;user_1402_figz1234;6028
user_1403_x3og;user_1403_x3og1234;6970
user_1404_sqn2;user_1404_sqn21234;4339
user_1405_h3y9;user_1405_h3y91234;5904
user_1406_zafk;user_1406_zafk1234;6975
user_1407_h810;user_1407_h8101234;6425
user_1408_s79h;user_1408_s79h1234;5539
user_1409_enkc;user_1409_enkc1234;2773
user_1410_ag7n;user_1410_ag7n1234;1906
user_1411_3f6t;user_1411_3f6t1234;8984
user_1412_7f6l;user_1412_7f6l1234;7275
user_1413_srzb;user_1413_srzb1234;9091
user_1414_zd0b;user_1414_zd0b1234;2279
user_1415_e9ir;user_1415_e9ir1234;9072
user_1416_s19v;user_1416_s19v1234;9298
user_1417_sx1s;user_1417_sx1s1234;3069
user_1418_9xqp;user_1418_9xqp1234;4322
user_1419_iarj;user_1419_iarj1234;3843
user_1420_2dtw;user_1420_2dtw1234;5521
user_1421_iehu;user_1421_iehu1234;4476
user_1422_i8l4;user_1422_i8l41234;6960
user_1423_mnw5;user_1423_mnw51234;9499
user_1424_n7y8;user_1424_n7y81234;3924
user_1425_1zzu;user_1425_1zzu1234;9382
user_1426_txdt;user_1426_txdt1234;1320
user_1427_2qhn;user_1427_2qhn1234;3945
user_1428_buo3;user_1428_buo31234;8484
user_1429_77vm;user_1429_77vm1234;8898
user_1430_ff3o;user_1430_ff3o1234;8786
user_1431_t8nk;user_1431_t8nk1234;3926
user_1432_j0vn;user_1432_j0vn1234;9064
user_1433_y7th;user_1433_y7th1234;2905
user_1434_phcp;user_1434_phcp1234;1607
user_1435_xs6g;user_1435_xs6g1234;3875
user_1436_38w3;user_1436_38w31234;4159
user_1437_hbql;user_1437_hbql1234;5792
user_1438_ywid;user_1438_ywid1234;9408
user_1439_vtyg;user_1439_vtyg1234;4217
user_1440_juhf;user_1440_juhf1234;7277
user_1441_ily8;user_1441_ily81234;6077
user_1442_bzr2;user_1442_bzr21234;6602
user_1443_r39n;user_1443_r39n1234;6723
user_1444_m3vc;user_1444_m3vc1234;9809
user_1445_leeg;user_1445_leeg1234;9070
user_1446_6csi;user_1446_6csi1234;8294
user_1447_fh93;user_1447_fh931234;7136
user_1448_jzvv;user_1448_jzvv1234;8945
user_1449_44q5;user_1449_44q51234;2829
user_1450_lq73;user_1450_lq731234;8632
user_1451_ofvn;user_1451_ofvn1234;7564
user_1452_ezk6;user_1452_ezk61234;2367
user_1453_qlk2;user_1453_qlk21234;2365
user_1454_6v9o;user_1454_6v9o1234;9642
user_1455_yj6q;user_1455_yj6q1234;1301
user_1456_6gs6;user_1456_6gs61234;4737
user_1457_ezhi;user_1457_ezhi1234;6149
user_1458_dcal;user_1458_dcal1234;3769
user_1459_9b68;user_1459_9b681234;3721
user_1460_l208;user_1460_l2081234;6691
user_1461_3ge4;user_1461_3ge41234;9969
user_1462_kufe;user_1462_kufe1234;1909
user_1463_73jy;user_1463_73jy1234;3676
user_1464_o382;user_1464_o3821234;2151
user_1465_apsn;user_1465_apsn1234;7595
user_1466_80gi;user_1466_80gi1234;4373
user_1467_5a5s;user_1467_5a5s1234;7306
user_1468_lu7d;user_1468_lu7d1234;7430
user_1469_86zr;user_1469_86zr1234;1939
user_1470_z5uh;user_1470_z5uh1234;7794
user_1471_wx0s;user_1471_wx0s1234;7821
user_1472_4wpq;user_1472_4wpq1234;1959
user_1473_gt7e;user_1473_gt7e1234;3391
user_1474_o5hk;user_1474_o5hk1234;9333
user_1475_2imm;user_1475_2imm1234;1769
user_1476_of7m;user_1476_of7m1234;1394
user_1477_4j4q;user_1477_4j4q1234;8193
user_1478_9bwi;user_1478_9bwi1234;3006
user_1479_tuzo;user_1479_tuzo1234;6960
user_1480_x99v;user_1480_x99v1234;4644
user_1481_4oqc;user_1481_4oqc1234;9741
user_1482_p4za;user_1482_p4za1234;9057
user_1483_bsq5;user_1483_bsq51234;2022
user_1484_x6af;user_1484_x6af1234;9853
user_1485_nfut;user_1485_nfut1234;9111
user_1486_icbu;user_1486_icbu1234;4741
user_1487_gh3q;user_1487_gh3q1234;4170
user_1488_ukxt;user_1488_ukxt1234;7437
user_1489_mpef;user_1489_mpef1234;5362
user_1490_mn62;user_1490_mn621234;3574
user_1491_9bw2;user_1491_9bw21234;9392
user_1492_h1uk;user_1492_h1uk1234;1612
user_1493_hjqn;user_1493_hjqn1234;6843
user_1494_5bnf;user_1494_5bnf1234;9551
user_1495_febl;user_1495_febl1234;2013
user_1496_6yv8;user_1496_6yv81234;1070
user_1497_uw9x;user_1497_uw9x1234;3075
user_1498_cvmg;user_1498_cvmg1234;5089
user_1499_a34v;user_1499_a34v1234;6841
user_1500_2656;user_1500_26561234;3692
user_1501_3qln;user_1501_3qln1234;3828
user_1502_pkq4;user_1502_pkq41234;3203
user_1503_7sx7;user_1503_7sx71234;6245
user_1504_dlpv;user_1504_dlpv1234;7428
user_1505_w5u3;user_1505_w5u31234;3672
user_1506_h0ye;user_1506_h0ye1234;4401
user_1507_7anv;user_1507_7anv1234;6883
user_1508_qx9q;user_1508_qx9q1234;4771
user_1509_4pn1;user_1509_4pn11234;4415
user_1510_ss8b;user_1510_ss8b1234;9127
user_1511_21e1;user_1511_21e11234;4893
user_1512_kzh9;user_1512_kzh91234;4939
user_1513_t83c;user_1513_t83c1234;7488
user_1514_578t;user_1514_578t1234;4497
user_1515_m7py;user_1515_m7py1234;6003
user_1516_2cp7;user_1516_2cp71234;6558
user_1517_9k53;user_1517_9k531234;8705
user_1518_flde;user_1518_flde1234;6282
user_1519_3e4p;user_1519_3e4p1234;5583
user_1520_rdui;user_1520_rdui1234;5818
user_1521_gk73;user_1521_gk731234;8856
user_1522_repx;user_1522_repx1234;5139
user_1523_jb4v;user_1523_jb4v1234;9042
user_1524_1k6h;user_1524_1k6h1234;6318
user_1525_8nrd;user_1525_8nrd1234;6063
user_1526_jj7m;user_1526_jj7m1234;8982
user_1527_572j;user_1527_572j1234;4323
user_1528_b3y3;user_1528_b3y31234;8049
user_1529_cbna;user_1529_cbna1234;7177
user_1530_cxn4;user_1530_cxn41234;2761
user_1531_1ui1;user_1531_1ui11234;7660
user_1532_jwjl;user_1532_jwjl1234;5335
user_1533_com2;user_1533_com21234;7961
user_1534_gtqw;user_1534_gtqw1234;8767
user_1535_gtq5;user_1535_gtq51234;1963
user_1536_9heg;user_1536_9heg1234;4206
user_1537_d38i;user_1537_d38i1234;7180
user_1538_vqq9;user_1538_vqq91234;7391
user_1539_gh5b;user_1539_gh5b1234;6795
user_1540_gny3;user_1540_gny31234;7507
user_1541_v856;user_1541_v8561234;2960
user_1542_nj7x;user_1542_nj7x1234;9348
user_1543_x2yk;user_1543_x2yk1234;6318
user_1544_xbns;user_1544_xbns1234;4509
user_1545_ro0i;user_1545_ro0i1234;4604
user_1546_aenw;user_1546_aenw1234;8447
user_1547_5lah;user_1547_5lah1234;3734
user_1548_s7ab;user_1548_s7ab1234;8799
user_1549_0vr4;user_1549_0vr41234;2521
user_1550_g747;user_1550_g7471234;5779
user_1551_mq5f;user_1551_mq5f1234;9683
user_1552_9qxg;user_1552_9qxg1234;5795
user_1553_d7pj;user_1553_d7pj1234;1114
user_1554_dr87;user_1554_dr871234;3680
user_1555_6in3;user_1555_6in31234;1797
user_1556_2pe3;user_1556_2pe31234;2791
user_1557_mqve;user_1557_mqve1234;3664
user_1558_ijnt;user_1558_ijnt1234;3352
user_1559_07nj;user_1559_07nj1234;4590
user_1560_t2uo;user_1560_t2uo1234;1141
user_1561_33ju;user_1561_33ju1234;2589
user_1562_2de4;user_1562_2de41234;6597
user_1563_duc0;user_1563_duc01234;4471
user_1564_tiu8;user_1564_tiu81234;6745
user_1565_cpo4;user_1565_cpo41234;1935
user_1566_laqb;user_1566_laqb1234;8189
user_1567_l6q6;user_1567_l6q61234;3297
user_1568_e7v4;user_1568_e7v41234;4571
user_1569_3rqj;user_1569_3rqj1234;3524
user_1570_29rd;user_1570_29rd1234;6625
user_1571_z7ri;user_1571_z7ri1234;3869
user_1572_gmjp;user_1572_gmjp1234;5709
user_1573_0ui6;user_1573_0ui61234;1853
user_1574_ag8k;user_1574_ag8k1234;5271
user_1575_hr2n;user_1575_hr2n1234;8762
user_1576_lbjo;user_1576_lbjo1234;8790
user_1577_ci7o;user_1577_ci7o1234;5282
user_1578_gojj;user_1578_gojj1234;7829
user_1579_jz09;user_1579_jz091234;4593
user_1580_1nci;user_1580_1nci1234;3710
user_1581_9msx;user_1581_9msx1234;5608
user_1582_mm9v;user_1582_mm9v1234;4389
user_1583_x1ux;user_1583_x1ux1234;4220
user_1584_5eaj;user_1584_5eaj1234;2604
user_1585_5dkv;user_1585_5dkv1234;5096
user_1586_iiva;user_1586_iiva1234;9420
user_1587_0shf;user_1587_0shf1234;9303
user_1588_kcat;user_1588_kcat1234;6944
user_1589_272c;user_1589_272c1234;7524
user_1590_qetv;user_1590_qetv1234;7020
user_1591_d0l5;user_1591_d0l51234;9116
user_1592_r541;user_1592_r5411234;4548
user_1593_viem;user_1593_viem1234;5997
user_1594_4n8p;user_1594_4n8p1234;1682
user_1595_m0p2;user_1595_m0p21234;7932
user_1596_qkrc;user_1596_qkrc1234;8169
user_1597_ayz0;user_1597_ayz01234;9672
user_1598_0bpb;user_1598_0bpb1234;4477
user_1599_ysr9;user_1599_ysr91234;5111
user_1600_u6wh;user_1600_u6wh1234;3114
user_1601_k3d6;user_1601_k3d61234;7312
user_1602_u8jx;user_1602_u8jx1234;2787
user_1603_y779;user_1603_y7791234;6398
user_1604_dk26;user_1604_dk261234;6026
user_1605_zfwz;user_1605_zfwz1234;6450
user_1606_zp27;user_1606_zp271234;4460
user_1607_y0oe;user_1607_y0oe1234;4116
user_1608_keuv;user_1608_keuv1234;8221
user_1609_fuvi;user_1609_fuvi1234;4193
user_1610_klhg;user_1610_klhg1234;1697
user_1611_4tfl;user_1611_4tfl1234;7429
user_1612_rhgr;user_1612_rhgr1234;2544
user_1613_3xeg;user_1613_3xeg1234;3627
user_1614_jyk2;user_1614_jyk21234;5338
user_1615_a0b1;user_1615_a0b11234;9947
user_1616_1xud;user_1616_1xud1234;2351
user_1617_thq2;user_1617_thq21234;1264
user_1618_z9sm;user_1618_z9sm1234;5468
user_1619_bfwp;user_1619_bfwp1234;5131
user_1620_f6ls;user_1620_f6ls1234;4406
user_1621_xcn2;user_1621_xcn21234;7748
user_1622_50oy;user_1622_50oy1234;3108
user_1623_ly4l;user_1623_ly4l1234;1415
user_1624_t6no;user_1624_t6no1234;3926
user_1625_qnhq;user_1625_qnhq1234;4709
user_1626_ox77;user_1626_ox771234;4592
user_1627_7k4p;user_1627_7k4p1234;3824
user_1628_aly6;user_1628_aly61234;5294
user_1629_pqu0;user_1629_pqu01234;9597
user_1630_202r;user_1630_202r1234;3920
user_1631_ee8o;user_1631_ee8o1234;8624
user_1632_54hf;user_1632_54hf1234;4921
user_1633_jv3d;user_1633_jv3d1234;6820
user_1634_svz1;user_1634_svz11234;8771
user_1635_48gr;user_1635_48gr1234;1918
user_1636_a1pc;user_1636_a1pc1234;4117
user_1637_sqjy;user_1637_sqjy1234;9773
user_1638_ixio;user_1638_ixio1234;9015
user_1639_57jo;user_1639_57jo1234;8108
user_1640_urbd;user_1640_urbd1234;9817
user_1641_zz31;user_1641_zz311234;6991
user_1642_f39u;user_1642_f39u1234;8536
user_1643_edso;user_1643_edso1234;3327
user_1644_yjm1;user_1644_yjm11234;9898
user_1645_ez7n;user_1645_ez7n1234;9179
user_1646_i03e;user_1646_i03e1234;3538
user_1647_x0rr;user_1647_x0rr1234;5867
user_1648_jsfa;user_1648_jsfa1234;4051
user_1649_y1j8;user_1649_y1j81234;9299
user_1650_luax;user_1650_luax1234;9656
user_1651_jedc;user_1651_jedc1234;7022
user_1652_wvrk;user_1652_wvrk1234;7311
user_1653_zfcn;user_1653_zfcn1234;7091
user_1654_ogmp;user_1654_ogmp1234;4978
user_1655_30hq;user_1655_30hq1234;2352
user_1656_b9x7;user_1656_b9x71234;8196
user_1657_zg71;user_1657_zg711234;4740
user_1658_9qtz;user_1658_9qtz1234;9320
user_1659_fwdb;user_1659_fwdb1234;5558
user_1660_okm3;user_1660_okm31234;4128
user_1661_grrz;user_1661_grrz1234;3420
user_1662_2lr2;user_1662_2lr21234;9956
user_1663_w7oq;user_1663_w7oq1234;8723
user_1664_m41o;user_1664_m41o1234;8895
user_1665_1uiz;user_1665_1uiz1234;2271
user_1666_fv95;user_1666_fv951234;2100
user_1667_drnp;user_1667_drnp1234;9409
user_1668_c1fv;user_1668_c1fv1234;1051
user_1669_67sh;user_1669_67sh1234;4804
user_1670_e8ol;user_1670_e8ol1234;6848
user_1671_is71;user_1671_is711234;5274
user_1672_s3kj;user_1672_s3kj1234;9422
user_1673_rpfo;user_1673_rpfo1234;7010
user_1674_uq0p;user_1674_uq0p1234;3236
user_1675_bvux;user_1675_bvux1234;4702
user_1676_qjpx;user_1676_qjpx1234;6446
user_1677_69ay;user_1677_69ay1234;2659
user_1678_ikk8;user_1678_ikk81234;2560
user_1679_uomz;user_1679_uomz1234;6875
user_1680_sxmv;user_1680_sxmv1234;3438
user_1681_lcom;user_1681_lcom1234;8752
user_1682_e768;user_1682_e7681234;4408
user_1683_mdi3;user_1683_mdi31234;5488
user_1684_soxr;user_1684_soxr1234;8744
user_1685_niu8;user_1685_niu81234;6225
user_1686_oo51;user_1686_oo511234;8995
user_1687_0h7j;user_1687_0h7j1234;4194
user_1688_6n2d;user_1688_6n2d1234;2817
user_1689_pnvg;user_1689_pnvg1234;6290
user_1690_v8ow;user_1690_v8ow1234;4572
user_1691_b1yu;user_1691_b1yu1234;1465
user_1692_ptqy;user_1692_ptqy1234;7170
user_1693_3heb;user_1693_3heb1234;7743
user_1694_h4w3;user_1694_h4w31234;6343
user_1695_frsv;user_1695_frsv1234;9275
user_1696_zez3;user_1696_zez31234;5413
user_1697_jhc1;user_1697_jhc11234;8950
user_1698_3m55;user_1698_3m551234;7656
user_1699_zn1t;user_1699_zn1t1234;4935
user_1700_d3bn;user_1700_d3bn1234;4658
user_1701_25aw;user_1701_25aw1234;7224
user_1702_opig;user_1702_opig1234;1158
user_1703_hig8;user_1703_hig81234;4806
user_1704_6phq;user_1704_6phq1234;3966
user_1705_9xp2;user_1705_9xp21234;9359
user_1706_qnpa;user_1706_qnpa1234;4095
user_1707_8oal;user_1707_8oal1234;2011
user_1708_sorv;user_1708_sorv1234;6626
user_1709_skj7;user_1709_skj71234;2298
user_1710_frxp;user_1710_frxp1234;3366
user_1711_8mn1;user_1711_8mn11234;8065
user_1712_3cxj;user_1712_3cxj1234;1389
user_1713_n7rz;user_1713_n7rz1234;7268
user_1714_r6by;user_1714_r6by1234;7649
user_1715_6r4x;user_1715_6r4x1234;8841
user_1716_luvm;user_1716_luvm1234;1815
user_1717_0ed4;user_1717_0ed41234;3698
user_1718_i51c;user_1718_i51c1234;4014
user_1719_bao4;user_1719_bao41234;4754
user_1720_kgix;user_1720_kgix1234;2739
user_1721_sxgn;user_1721_sxgn1234;1038
user_1722_fxrb;user_1722_fxrb1234;7362
user_1723_ah93;user_1723_ah931234;1229
user_1724_c8jy;user_1724_c8jy1234;5966
user_1725_vrad;user_1725_vrad1234;9812
user_1726_57nd;user_1726_57nd1234;7348
user_1727_2flu;user_1727_2flu1234;9356
user_1728_24o8;user_1728_24o81234;5958
user_1729_arc5;user_1729_arc51234;6719
user_1730_hiix;user_1730_hiix1234;4345
user_1731_9nne;user_1731_9nne1234;7867
user_1732_5jaq;user_1732_5jaq1234;8649
user_1733_rx3n;user_1733_rx3n1234;1191
user_1734_m9os;user_1734_m9os1234;9323
user_1735_ge2k;user_1735_ge2k1234;3501
user_1736_g1yu;user_1736_g1yu1234;1371
user_1737_mo7u;user_1737_mo7u1234;6149
user_1738_19dd;user_1738_19dd1234;1869
user_1739_g5b5;user_1739_g5b51234;8331
user_1740_sok6;user_1740_sok61234;9656
user_1741_a216;user_1741_a2161234;7113
user_1742_futd;user_1742_futd1234;4272
user_1743_wkm8;user_1743_wkm81234;9976
user_1744_qi0l;user_1744_qi0l1234;9099
user_1745_ucdo;user_1745_ucdo1234;4106
user_1746_bmgx;user_1746_bmgx1234;9229
user_1747_lomr;user_1747_lomr1234;3438
user_1748_90wb;user_1748_90wb1234;5849
user_1749_hi4s;user_1749_hi4s1234;9674
user_1750_k6fl;user_1750_k6fl1234;9964
user_1751_3dgw;user_1751_3dgw1234;5412
user_1752_64vo;user_1752_64vo1234;7790
user_1753_hprq;user_1753_hprq1234;3333
user_1754_wcbh;user_1754_wcbh1234;9356
user_1755_fqph;user_1755_fqph1234;4807
user_1756_9pcf;user_1756_9pcf1234;7291
user_1757_ocl5;user_1757_ocl51234;3123
user_1758_c5rs;user_1758_c5rs1234;6164
user_1759_u3ga;user_1759_u3ga1234;6478
user_1760_6qc2;user_1760_6qc21234;4455
user_1761_2jvx;user_1761_2jvx1234;5569
user_1762_n6rg;user_1762_n6rg1234;7937
user_1763_nexy;user_1763_nexy1234;5215
user_1764_qqm0;user_1764_qqm01234;1804
user_1765_bddz;user_1765_bddz1234;2813
user_1766_3j1t;user_1766_3j1t1234;9268
user_1767_fcz3;user_1767_fcz31234;2545
user_1768_5d6r;user_1768_5d6r1234;5743
user_1769_admv;user_1769_admv1234;9844
user_1770_dkzk;user_1770_dkzk1234;6501
user_1771_fdlm;user_1771_fdlm1234;1547
user_1772_nsye;user_1772_nsye1234;7988
user_1773_rp0u;user_1773_rp0u1234;2862
user_1774_89vx;user_1774_89vx1234;1300
user_1775_yf8b;user_1775_yf8b1234;5392
user_1776_oxyh;user_1776_oxyh1234;3494
user_1777_b2o5;user_1777_b2o51234;1549
user_1778_cs2n;user_1778_cs2n1234;5051
user_1779_an30;user_1779_an301234;4452
user_1780_p68l;user_1780_p68l1234;2421
user_1781_qkdp;user_1781_qkdp1234;8251
user_1782_f9mh;user_1782_f9mh1234;5319
user_1783_3qee;user_1783_3qee1234;1336
user_1784_o43y;user_1784_o43y1234;1026
user_1785_m9fe;user_1785_m9fe1234;9861
user_1786_m88f;user_1786_m88f1234;5529
user_1787_abwi;user_1787_abwi1234;9274
user_1788_ae3f;user_1788_ae3f1234;1972
user_1789_vqaf;user_1789_vqaf1234;4847
user_1790_z2r4;user_1790_z2r41234;4020
user_1791_m3qu;user_1791_m3qu1234;3303
user_1792_z76a;user_1792_z76a1234;1787
user_1793_6s0p;user_1793_6s0p1234;4543
user_1794_z0r3;user_1794_z0r31234;9211
user_1795_az80;user_1795_az801234;9355
user_1796_xfox;user_1796_xfox1234;3808
user_1797_s3uh;user_1797_s3uh1234;7072
user_1798_qj3s;user_1798_qj3s1234;4722
user_1799_t5fq;user_1799_t5fq1234;3385
user_1800_0f63;user_1800_0f631234;2209
user_1801_xa6h;user_1801_xa6h1234;3868
user_1802_88j1;user_1802_88j11234;8633
user_1803_kfnp;user_1803_kfnp1234;2888
user_1804_m2lw;user_1804_m2lw1234;3439
user_1805_q53e;user_1805_q53e1234;3790
user_1806_tfvi;user_1806_tfvi1234;7729
user_1807_9aj1;user_1807_9aj11234;9112
user_1808_2h4n;user_1808_2h4n1234;2135
user_1809_k145;user_1809_k1451234;2677
user_1810_0au6;user_1810_0au61234;9111
user_1811_lrmj;user_1811_lrmj1234;5315
user_1812_xnl2;user_1812_xnl21234;5301
user_1813_47d7;user_1813_47d71234;9474
user_1814_jedr;user_1814_jedr1234;7231
user_1815_polz;user_1815_polz1234;2592
user_1816_ynq7;user_1816_ynq71234;7885
user_1817_ggu5;user_1817_ggu51234;3629
user_1818_dcjy;user_1818_dcjy1234;4629
user_1819_hxl4;user_1819_hxl41234;2769
user_1820_l4db;user_1820_l4db1234;3936
user_1821_k1ak;user_1821_k1ak1234;8693
user_1822_tty4;user_1822_tty41234;2185
user_1823_x5f3;user_1823_x5f31234;7650
user_1824_k2qt;user_1824_k2qt1234;6382
user_1825_zynv;user_1825_zynv1234;1869
user_1826_hei2;user_1826_hei21234;5678
user_1827_4biw;user_1827_4biw1234;5718
user_1828_w14p;user_1828_w14p1234;5927
user_1829_hs0r;user_1829_hs0r1234;8283
user_1830_8yov;user_1830_8yov1234;8133
user_1831_7d2g;user_1831_7d2g1234;4596
user_1832_dput;user_1832_dput1234;8020
user_1833_x4f8;user_1833_x4f81234;9379
user_1834_qevc;user_1834_qevc1234;7521
user_1835_memn;user_1835_memn1234;8892
user_1836_q38j;user_1836_q38j1234;8718
user_1837_qslg;user_1837_qslg1234;3083
user_1838_qncp;user_1838_qncp1234;8780
user_1839_8ex4;user_1839_8ex41234;8312
user_1840_1zkg;user_1840_1zkg1234;1688
user_1841_kkpr;user_1841_kkpr1234;8481
user_1842_16rr;user_1842_16rr1234;8677
user_1843_uqw9;user_1843_uqw91234;8928
user_1844_sbqy;user_1844_sbqy1234;3110
user_1845_uox9;user_1845_uox91234;6012
user_1846_dl07;user_1846_dl071234;8136
user_1847_jz14;user_1847_jz141234;5679
user_1848_dxz7;user_1848_dxz71234;8469
user_1849_rrc7;user_1849_rrc71234;3844
user_1850_ghfj;user_1850_ghfj1234;3555
user_1851_j2wp;user_1851_j2wp1234;4561
user_1852_5iyd;user_1852_5iyd1234;3861
user_1853_lkia;user_1853_lkia1234;8317
user_1854_tdhz;user_1854_tdhz1234;4867
user_1855_gm2t;user_1855_gm2t1234;5767
user_1856_91w7;user_1856_91w71234;5823
user_1857_fsc0;user_1857_fsc01234;5129
user_1858_jft0;user_1858_jft01234;6501
user_1859_ckb1;user_1859_ckb11234;5368
user_1860_5s5m;user_1860_5s5m1234;3903
user_1861_4i0f;user_1861_4i0f1234;9222
user_1862_khma;user_1862_khma1234;5883
user_1863_81h1;user_1863_81h11234;3895
user_1864_9q6i;user_1864_9q6i1234;7975
user_1865_eu7p;user_1865_eu7p1234;6665
user_1866_puct;user_1866_puct1234;9775
user_1867_bpvm;user_1867_bpvm1234;6753
user_1868_308q;user_1868_308q1234;6651
user_1869_aji0;user_1869_aji01234;8578
user_1870_33c4;user_1870_33c41234;2043
user_1871_ta69;user_1871_ta691234;9675
user_1872_jqhs;user_1872_jqhs1234;5163
user_1873_d5c8;user_1873_d5c81234;6230
user_1874_bmxl;user_1874_bmxl1234;6245
user_1875_7qz7;user_1875_7qz71234;3488
user_1876_auda;user_1876_auda1234;1890
user_1877_8bp8;user_1877_8bp81234;2887
user_1878_hesi;user_1878_hesi1234;1605
user_1879_gh3e;user_1879_gh3e1234;1384
user_1880_bvum;user_1880_bvum1234;6779
user_1881_iw3t;user_1881_iw3t1234;2442
user_1882_smk5;user_1882_smk51234;5396
user_1883_1oig;user_1883_1oig1234;7885
user_1884_1nrd;user_1884_1nrd1234;1192
user_1885_m9nl;user_1885_m9nl1234;6450
user_1886_q0cq;user_1886_q0cq1234;7365
user_1887_9b62;user_1887_9b621234;7457
user_1888_8zjn;user_1888_8zjn1234;6202
user_1889_wzvl;user_1889_wzvl1234;7095
user_1890_1wdn;user_1890_1wdn1234;6332
user_1891_y1sb;user_1891_y1sb1234;2024
user_1892_fux3;user_1892_fux31234;7370
user_1893_25kr;user_1893_25kr1234;5664
user_1894_3xdm;user_1894_3xdm1234;1002
user_1895_y8gn;user_1895_y8gn1234;7546
user_1896_7hro;user_1896_7hro1234;7759
user_1897_m1fn;user_1897_m1fn1234;1522
user_1898_0nrp;user_1898_0nrp1234;2020
user_1899_lyk0;user_1899_lyk01234;6873
user_1900_6prg;user_1900_6prg1234;5392
user_1901_z90s;user_1901_z90s1234;4849
user_1902_jnff;user_1902_jnff1234;5155
user_1903_h0z8;user_1903_h0z81234;1075
user_1904_27iv;user_1904_27iv1234;1344
user_1905_xk3e;user_1905_xk3e1234;3389
user_1906_b87e;user_1906_b87e1234;5720
user_1907_i6t9;user_1907_i6t91234;6672
user_1908_0cj4;user_1908_0cj41234;9552
user_1909_pxv1;user_1909_pxv11234;3029
user_1910_42yt;user_1910_42yt1234;9416
user_1911_3j9y;user_1911_3j9y1234;7118
user_1912_080e;user_1912_080e1234;6825
user_1913_uijt;user_1913_uijt1234;2231
user_1914_kqjp;user_1914_kqjp1234;4119
user_1915_3pc9;user_1915_3pc91234;9309
user_1916_mzzc;user_1916_mzzc1234;2617
user_1917_kjgr;user_1917_kjgr1234;1312
user_1918_p3kv;user_1918_p3kv1234;9822
user_1919_riso;user_1919_riso1234;7337
user_1920_fb7g;user_1920_fb7g1234;8155
user_1921_fx4y;user_1921_fx4y1234;2265
user_1922_45d6;user_1922_45d61234;4546
user_1923_872r;user_1923_872r1234;3788
user_1924_h6uq;user_1924_h6uq1234;1920
user_1925_kfpp;user_1925_kfpp1234;1956
user_1926_300y;user_1926_300y1234;5889
user_1927_ce2m;user_1927_ce2m1234;7772
user_1928_ob7f;user_1928_ob7f1234;9937
user_1929_x25h;user_1929_x25h1234;2406
user_1930_8ktc;user_1930_8ktc1234;6333
user_1931_6clz;user_1931_6clz1234;8452
user_1932_ar3r;user_1932_ar3r1234;9967
user_1933_hxpf;user_1933_hxpf1234;2826
user_1934_y0p1;user_1934_y0p11234;7699
user_1935_e9hq;user_1935_e9hq1234;1970
user_1936_a5a8;user_1936_a5a81234;6862
user_1937_1k43;user_1937_1k431234;1060
user_1938_er0h;user_1938_er0h1234;9045
user_1939_tgbv;user_1939_tgbv1234;2552
user_1940_3hkr;user_1940_3hkr1234;5836
user_1941_yxh5;user_1941_yxh51234;9189
user_1942_1ewm;user_1942_1ewm1234;4771
user_1943_ab7b;user_1943_ab7b1234;1294
user_1944_iu6m;user_1944_iu6m1234;4330
user_1945_rhyl;user_1945_rhyl1234;3559
user_1946_ob3c;user_1946_ob3c1234;8533
user_1947_i3wu;user_1947_i3wu1234;5404
user_1948_zm6v;user_1948_zm6v1234;8967
user_1949_hvdl;user_1949_hvdl1234;8425
user_1950_a9k9;user_1950_a9k91234;7223
user_1951_8t0a;user_1951_8t0a1234;8700
user_1952_r5vr;user_1952_r5vr1234;1076
user_1953_uz0e;user_1953_uz0e1234;1967
user_1954_47ng;user_1954_47ng1234;1407
user_1955_unl3;user_1955_unl31234;2638
user_1956_k4ra;user_1956_k4ra1234;8944
user_1957_7vka;user_1957_7vka1234;5999
user_1958_x70b;user_1958_x70b1234;2447
user_1959_wgod;user_1959_wgod1234;1240
user_1960_9okb;user_1960_9okb1234;6486
user_1961_jl99;user_1961_jl991234;9846
user_1962_igkp;user_1962_igkp1234;5221
user_1963_6det;user_1963_6det1234;1161
user_1964_bxw8;user_1964_bxw81234;5594
user_1965_mhxt;user_1965_mhxt1234;7872
user_1966_q3en;user_1966_q3en1234;6450
user_1967_rlp1;user_1967_rlp11234;3767
user_1968_h6rd;user_1968_h6rd1234;6684
user_1969_f8n3;user_1969_f8n31234;7904
user_1970_q8te;user_1970_q8te1234;8256
user_1971_lv5s;user_1971_lv5s1234;4353
user_1972_642z;user_1972_642z1234;3062
user_1973_t2y2;user_1973_t2y21234;1125
user_1974_hb03;user_1974_hb031234;9539
user_1975_wy9i;user_1975_wy9i1234;7166
user_1976_se6j;user_1976_se6j1234;4532
user_1977_l6t5;user_1977_l6t51234;2075
user_1978_e0ox;user_1978_e0ox1234;5768
user_1979_n86t;user_1979_n86t1234;3696
user_1980_ui77;user_1980_ui771234;4702
user_1981_rahd;user_1981_rahd1234;9223
user_1982_1a08;user_1982_1a081234;5127
user_1983_rd7c;user_1983_rd7c1234;4528
user_1984_6vbm;user_1984_6vbm1234;7626
user_1985_23ct;user_1985_23ct1234;4884
user_1986_9osi;user_1986_9osi1234;5174
user_1987_1id1;user_1987_1id11234;9215
user_1988_t2ce;user_1988_t2ce1234;2326
user_1989_ntpc;user_1989_ntpc1234;6776
user_1990_u37n;user_1990_u37n1234;5664
user_1991_sb6z;user_1991_sb6z1234;8802
user_1992_60s6;user_1992_60s61234;3121
user_1993_jfjz;user_1993_jfjz1234;5105
user_1994_6109;user_1994_61091234;3374
user_1995_ulvx;user_1995_ulvx1234;4616
user_1996_by33;user_1996_by331234;3713
user_1997_ic5j;user_1997_ic5j1234;1376
user_1998_3wr5;user_1998_3wr51234;4695
user_1999_nhs0;user_1999_nhs01234;8085
user_2000_0oml;user_2000_0oml1234;2234
user_2001_ie5f;user_2001_ie5f1234;2134
user_2002_urb7;user_2002_urb71234;9990
user_2003_hxng;user_2003_hxng1234;7823
user_2004_qsj9;user_2004_qsj91234;8612
user_2005_8de5;user_2005_8de51234;2885
user_2006_mgy1;user_2006_mgy11234;8649
user_2007_9oan;user_2007_9oan1234;3714
user_2008_uhou;user_2008_uhou1234;5037
user_2009_wx1z;user_2009_wx1z1234;6618
user_2010_xu1o;user_2010_xu1o1234;2744
user_2011_dpdh;user_2011_dpdh1234;3232
user_2012_5011;user_2012_50111234;7024
user_2013_0lmc;user_2013_0lmc1234;9560
user_2014_9ko6;user_2014_9ko61234;3687
user_2015_uu6v;user_2015_uu6v1234;6528
user_2016_wq4j;user_2016_wq4j1234;2002
user_2017_iyyg;user_2017_iyyg1234;8513
user_2018_e5ed;user_2018_e5ed1234;7515
user_2019_jkn1;user_2019_jkn11234;5858
user_2020_ha1b;user_2020_ha1b1234;8921
user_2021_0176;user_2021_01761234;7307
user_2022_sibc;user_2022_sibc1234;2523
user_2023_g983;user_2023_g9831234;3333
user_2024_jdme;user_2024_jdme1234;1465
user_2025_zgfg;user_2025_zgfg1234;8691
user_2026_xqh2;user_2026_xqh21234;2921
user_2027_yrqn;user_2027_yrqn1234;1193
user_2028_dhpf;user_2028_dhpf1234;1357
user_2029_tk05;user_2029_tk051234;6484
user_2030_pgz8;user_2030_pgz81234;7012
user_2031_9wtc;user_2031_9wtc1234;1593
user_2032_dba5;user_2032_dba51234;8484
user_2033_d1ye;user_2033_d1ye1234;5857
user_2034_edcl;user_2034_edcl1234;5376
user_2035_1ww5;user_2035_1ww51234;1286
user_2036_ivy4;user_2036_ivy41234;7777
user_2037_bvxq;user_2037_bvxq1234;4651
user_2038_gdrj;user_2038_gdrj1234;4796
user_2039_ae5g;user_2039_ae5g1234;7222
user_2040_1vd9;user_2040_1vd91234;9082
user_2041_xhoc;user_2041_xhoc1234;9915
user_2042_x4ew;user_2042_x4ew1234;9916
user_2043_s047;user_2043_s0471234;6274
user_2044_2icv;user_2044_2icv1234;1430
user_2045_rzp8;user_2045_rzp81234;6234
user_2046_gx7o;user_2046_gx7o1234;4534
user_2047_71kc;user_2047_71kc1234;1495
user_2048_sojq;user_2048_sojq1234;6415
user_2049_th0q;user_2049_th0q1234;3436
user_2050_pa8a;user_2050_pa8a1234;8749
user_2051_9ze5;user_2051_9ze51234;3525
user_2052_5ld3;user_2052_5ld31234;3225
user_2053_y2ag;user_2053_y2ag1234;5510
user_2054_ru7j;user_2054_ru7j1234;8976
user_2055_jruy;user_2055_jruy1234;3937
user_2056_rh6t;user_2056_rh6t1234;3596
user_2057_xpj3;user_2057_xpj31234;7521
user_2058_tflq;user_2058_tflq1234;7099
user_2059_n4xu;user_2059_n4xu1234;1037
user_2060_ddeb;user_2060_ddeb1234;8568
user_2061_kl6r;user_2061_kl6r1234;8732
user_2062_0kek;user_2062_0kek1234;3278
user_2063_85pz;user_2063_85pz1234;6340
user_2064_zzqm;user_2064_zzqm1234;3298
user_2065_vzqm;user_2065_vzqm1234;8731
user_2066_t6aw;user_2066_t6aw1234;4063
user_2067_7m1n;user_2067_7m1n1234;1045
user_2068_4j7d;user_2068_4j7d1234;9286
user_2069_xnjr;user_2069_xnjr1234;5997
user_2070_0qgk;user_2070_0qgk1234;1668
user_2071_cryb;user_2071_cryb1234;4989
user_2072_dj97;user_2072_dj971234;2996
user_2073_ig4b;user_2073_ig4b1234;5974
user_2074_pmga;user_2074_pmga1234;8577
user_2075_b32q;user_2075_b32q1234;9643
user_2076_bfuc;user_2076_bfuc1234;6665
user_2077_ghnp;user_2077_ghnp1234;3990
user_2078_jqmt;user_2078_jqmt1234;9935
user_2079_lvwu;user_2079_lvwu1234;2198
user_2080_sr2a;user_2080_sr2a1234;5716
user_2081_3778;user_2081_37781234;4252
user_2082_nz17;user_2082_nz171234;7640
user_2083_q05l;user_2083_q05l1234;5157
user_2084_nn9d;user_2084_nn9d1234;6367
user_2085_jiz1;user_2085_jiz11234;8464
user_2086_1n53;user_2086_1n531234;6842
user_2087_u2mz;user_2087_u2mz1234;2506
user_2088_3nih;user_2088_3nih1234;7567
user_2089_o272;user_2089_o2721234;2292
user_2090_44ua;user_2090_44ua1234;6651
user_2091_5lrc;user_2091_5lrc1234;1881
user_2092_z5yc;user_2092_z5yc1234;7074
user_2093_ygdm;user_2093_ygdm1234;3865
user_2094_ll1n;user_2094_ll1n1234;8937
user_2095_z37u;user_2095_z37u1234;7809
user_2096_rtiv;user_2096_rtiv1234;7661
user_2097_uq0q;user_2097_uq0q1234;5517
user_2098_4e9k;user_2098_4e9k1234;2809
user_2099_1cin;user_2099_1cin1234;1255
user_2100_5mij;user_2100_5mij1234;6827
user_2101_n82q;user_2101_n82q1234;5446
user_2102_tgqj;user_2102_tgqj1234;3040
user_2103_9gld;user_2103_9gld1234;3847
user_2104_hmd9;user_2104_hmd91234;5710
user_2105_fnw6;user_2105_fnw61234;8054
user_2106_1f8i;user_2106_1f8i1234;8810
user_2107_b9p7;user_2107_b9p71234;1120
user_2108_bxzi;user_2108_bxzi1234;7082
user_2109_qvhv;user_2109_qvhv1234;9255
user_2110_277a;user_2110_277a1234;8833
user_2111_ufg0;user_2111_ufg01234;3101
user_2112_wmk0;user_2112_wmk01234;2569
user_2113_fsyo;user_2113_fsyo1234;7847
user_2114_dz7e;user_2114_dz7e1234;2184
user_2115_8a4s;user_2115_8a4s1234;6900
user_2116_87ra;user_2116_87ra1234;9479
user_2117_96x5;user_2117_96x51234;1120
user_2118_v59z;user_2118_v59z1234;1379
user_2119_rr58;user_2119_rr581234;7208
user_2120_9lp5;user_2120_9lp51234;2324
user_2121_tied;user_2121_tied1234;2791
user_2122_vvz5;user_2122_vvz51234;8917
user_2123_tfzb;user_2123_tfzb1234;8384
user_2124_4kt1;user_2124_4kt11234;2819
user_2125_wov8;user_2125_wov81234;3617
user_2126_rlbx;user_2126_rlbx1234;1887
user_2127_7st5;user_2127_7st51234;5695
user_2128_i4wb;user_2128_i4wb1234;1077
user_2129_eomi;user_2129_eomi1234;5165
user_2130_7wd7;user_2130_7wd71234;8356
user_2131_gnjw;user_2131_gnjw1234;1126
user_2132_djul;user_2132_djul1234;9158
user_2133_cfb1;user_2133_cfb11234;5853
user_2134_02rk;user_2134_02rk1234;4543
user_2135_5nw4;user_2135_5nw41234;6675
user_2136_a54h;user_2136_a54h1234;8830
user_2137_2a78;user_2137_2a781234;4381
user_2138_mhia;user_2138_mhia1234;9123
user_2139_6twx;user_2139_6twx1234;3489
user_2140_2pc1;user_2140_2pc11234;2733
user_2141_fbhk;user_2141_fbhk1234;3712
user_2142_p4vc;user_2142_p4vc1234;9757
user_2143_kfea;user_2143_kfea1234;2219
user_2144_vsze;user_2144_vsze1234;3135
user_2145_7fr4;user_2145_7fr41234;5063
user_2146_d985;user_2146_d9851234;2645
user_2147_qhf3;user_2147_qhf31234;5997
user_2148_i8kk;user_2148_i8kk1234;9234
user_2149_l1hn;user_2149_l1hn1234;7898
user_2150_i0xg;user_2150_i0xg1234;1083
user_2151_qra3;user_2151_qra31234;2608
user_2152_oeoh;user_2152_oeoh1234;1903
user_2153_h1ea;user_2153_h1ea1234;3350
user_2154_0u1i;user_2154_0u1i1234;7645
user_2155_mww4;user_2155_mww41234;2147
user_2156_iecz;user_2156_iecz1234;4204
user_2157_qfpg;user_2157_qfpg1234;7817
user_2158_a4ge;user_2158_a4ge1234;4389
user_2159_wovj;user_2159_wovj1234;3383
user_2160_kulx;user_2160_kulx1234;4450
user_2161_rjzo;user_2161_rjzo1234;9091
user_2162_mgf1;user_2162_mgf11234;1928
user_2163_me4w;user_2163_me4w1234;7430
user_2164_0o5i;user_2164_0o5i1234;8196
user_2165_b6fn;user_2165_b6fn1234;8863
user_2166_khwl;user_2166_khwl1234;3629
user_2167_ez3w;user_2167_ez3w1234;8884
user_2168_xinw;user_2168_xinw1234;1479
user_2169_kghw;user_2169_kghw1234;2782
user_2170_98rl;user_2170_98rl1234;9843
user_2171_29p8;user_2171_29p81234;9911
user_2172_rwl3;user_2172_rwl31234;8007
user_2173_sj1f;user_2173_sj1f1234;4854
user_2174_l35a;user_2174_l35a1234;6596
user_2175_0ypl;user_2175_0ypl1234;1723
user_2176_nswl;user_2176_nswl1234;7023
user_2177_amik;user_2177_amik1234;7236
user_2178_sddp;user_2178_sddp1234;9627
user_2179_8fbo;user_2179_8fbo1234;8994
user_2180_6ncn;user_2180_6ncn1234;6520
user_2181_mmya;user_2181_mmya1234;4300
user_2182_l8hq;user_2182_l8hq1234;4451
user_2183_9mjg;user_2183_9mjg1234;2026
user_2184_dr9d;user_2184_dr9d1234;2479
user_2185_4wfs;user_2185_4wfs1234;9783
user_2186_7okg;user_2186_7okg1234;9025
user_2187_yop4;user_2187_yop41234;2015
user_2188_rku7;user_2188_rku71234;4362
user_2189_k2b2;user_2189_k2b21234;7924
user_2190_lxjy;user_2190_lxjy1234;1302
user_2191_gb1k;user_2191_gb1k1234;9789
user_2192_8auf;user_2192_8auf1234;8980
user_2193_mqqe;user_2193_mqqe1234;4539
user_2194_8o8w;user_2194_8o8w1234;2589
user_2195_ikp4;user_2195_ikp41234;8625
user_2196_dbqr;user_2196_dbqr1234;1365
user_2197_acc5;user_2197_acc51234;6646
user_2198_a4g2;user_2198_a4g21234;3693
user_2199_92c3;user_2199_92c31234;6028
user_2200_p96s;user_2200_p96s1234;4986
user_2201_chss;user_2201_chss1234;5479
user_2202_730i;user_2202_730i1234;2092
user_2203_uxsq;user_2203_uxsq1234;2413
user_2204_qd59;user_2204_qd591234;7018
user_2205_a0x2;user_2205_a0x21234;1560
user_2206_rvwi;user_2206_rvwi1234;7601
user_2207_x6u1;user_2207_x6u11234;5002
user_2208_ztbs;user_2208_ztbs1234;1581
user_2209_pi8k;user_2209_pi8k1234;8496
user_2210_61hx;user_2210_61hx1234;1906
user_2211_gwx5;user_2211_gwx51234;6781
user_2212_qga9;user_2212_qga91234;9846
user_2213_wyib;user_2213_wyib1234;7857
user_2214_n4od;user_2214_n4od1234;1983
user_2215_6ayf;user_2215_6ayf1234;6207
user_2216_drdz;user_2216_drdz1234;1675
user_2217_k8df;user_2217_k8df1234;3743
user_2218_gxov;user_2218_gxov1234;3396
user_2219_h8k1;user_2219_h8k11234;5575
user_2220_ph01;user_2220_ph011234;3528
user_2221_8ihj;user_2221_8ihj1234;3879
user_2222_6vka;user_2222_6vka1234;9373
user_2223_2aca;user_2223_2aca1234;5640
user_2224_9vn6;user_2224_9vn61234;1132
user_2225_47cv;user_2225_47cv1234;7843
user_2226_3ltl;user_2226_3ltl1234;8883
user_2227_5hs1;user_2227_5hs11234;2604
user_2228_5j4l;user_2228_5j4l1234;7458
user_2229_znfl;user_2229_znfl1234;3728
user_2230_por5;user_2230_por51234;5193
user_2231_p7gy;user_2231_p7gy1234;2714
user_2232_oqeg;user_2232_oqeg1234;6731
user_2233_3vm3;user_2233_3vm31234;2277
user_2234_0k5t;user_2234_0k5t1234;3221
user_2235_zw76;user_2235_zw761234;9059
user_2236_n5ki;user_2236_n5ki1234;1526
user_2237_4vk7;user_2237_4vk71234;5524
user_2238_qb79;user_2238_qb791234;3784
user_2239_2mcn;user_2239_2mcn1234;2638
user_2240_bvnr;user_2240_bvnr1234;3055
user_2241_5cp7;user_2241_5cp71234;6231
user_2242_5dbn;user_2242_5dbn1234;3699
user_2243_tqj2;user_2243_tqj21234;6791
user_2244_1w6y;user_2244_1w6y1234;6948
user_2245_zvcg;user_2245_zvcg1234;7380
user_2246_guc5;user_2246_guc51234;5288
user_2247_o4nw;user_2247_o4nw1234;4125
user_2248_cwqk;user_2248_cwqk1234;4017
user_2249_hpeb;user_2249_hpeb1234;1746
user_2250_tnjk;user_2250_tnjk1234;3365
user_2251_etm1;user_2251_etm11234;1760
user_2252_vebu;user_2252_vebu1234;9401
user_2253_r0a4;user_2253_r0a41234;4883
user_2254_fm2r;user_2254_fm2r1234;4945
user_2255_8zl0;user_2255_8zl01234;4948
user_2256_n7et;user_2256_n7et1234;7615
user_2257_7ap0;user_2257_7ap01234;9776
user_2258_no4b;user_2258_no4b1234;7486
user_2259_o8dn;user_2259_o8dn1234;3762
user_2260_hfaj;user_2260_hfaj1234;1652
user_2261_dqlg;user_2261_dqlg1234;3812
user_2262_0rj1;user_2262_0rj11234;5272
user_2263_2kur;user_2263_2kur1234;9247
user_2264_bxjh;user_2264_bxjh1234;8270
user_2265_wxaa;user_2265_wxaa1234;4236
user_2266_mccm;user_2266_mccm1234;1581
user_2267_x51z;user_2267_x51z1234;5850
user_2268_pqv8;user_2268_pqv81234;4683
user_2269_85b3;user_2269_85b31234;1820
user_2270_3o96;user_2270_3o961234;8121
user_2271_uz17;user_2271_uz171234;4338
user_2272_s079;user_2272_s0791234;2134
user_2273_ksoh;user_2273_ksoh1234;2781
user_2274_6jwv;user_2274_6jwv1234;5484
user_2275_2n89;user_2275_2n891234;1973
user_2276_qps1;user_2276_qps11234;7675
user_2277_4303;user_2277_43031234;8804
user_2278_eoix;user_2278_eoix1234;8907
user_2279_bj1j;user_2279_bj1j1234;7723
user_2280_yfqj;user_2280_yfqj1234;8478
user_2281_eo1h;user_2281_eo1h1234;3957
user_2282_usqk;user_2282_usqk1234;2825
user_2283_giz9;user_2283_giz91234;2647
user_2284_xevn;user_2284_xevn1234;7119
user_2285_cmr5;user_2285_cmr51234;9465
user_2286_lfkm;user_2286_lfkm1234;6583
user_2287_zkzg;user_2287_zkzg1234;2401
user_2288_klf1;user_2288_klf11234;7424
user_2289_tyho;user_2289_tyho1234;6005
user_2290_dfo7;user_2290_dfo71234;3342
user_2291_eg5d;user_2291_eg5d1234;6650
user_2292_j91p;user_2292_j91p1234;2118
user_2293_phlu;user_2293_phlu1234;4748
user_2294_p6iv;user_2294_p6iv1234;4898
user_2295_4caw;user_2295_4caw1234;1855
user_2296_h5pj;user_2296_h5pj1234;8414
user_2297_zo3m;user_2297_zo3m1234;6678
user_2298_0w9o;user_2298_0w9o1234;5568
user_2299_c1bw;user_2299_c1bw1234;7978
user_2300_nj57;user_2300_nj571234;2722
user_2301_pe68;user_2301_pe681234;4204
user_2302_d0vq;user_2302_d0vq1234;8433
user_2303_c9uo;user_2303_c9uo1234;4609
user_2304_ktjz;user_2304_ktjz1234;2829
user_2305_wkta;user_2305_wkta1234;1134
user_2306_r3r6;user_2306_r3r61234;7789
user_2307_y82r;user_2307_y82r1234;8661
user_2308_hvao;user_2308_hvao1234;3144
user_2309_7jwz;user_2309_7jwz1234;8375
user_2310_nbdc;user_2310_nbdc1234;3005
user_2311_q946;user_2311_q9461234;6896
user_2312_n7av;user_2312_n7av1234;1619
user_2313_sxya;user_2313_sxya1234;2548
user_2314_c2o2;user_2314_c2o21234;9291
user_2315_poyb;user_2315_poyb1234;4074
user_2316_9bg4;user_2316_9bg41234;3391
user_2317_u7bw;user_2317_u7bw1234;4945
user_2318_fe64;user_2318_fe641234;7349
user_2319_q5br;user_2319_q5br1234;5876
user_2320_j79i;user_2320_j79i1234;8649
user_2321_3vi6;user_2321_3vi61234;9223
user_2322_jdib;user_2322_jdib1234;5941
user_2323_5v40;user_2323_5v401234;6690
user_2324_lp2l;user_2324_lp2l1234;4145
user_2325_2frg;user_2325_2frg1234;9791
user_2326_ywwn;user_2326_ywwn1234;7561
user_2327_szo9;user_2327_szo91234;3181
user_2328_wcc1;user_2328_wcc11234;5908
user_2329_2ey4;user_2329_2ey41234;7500
user_2330_rn9w;user_2330_rn9w1234;3638
user_2331_upn3;user_2331_upn31234;2420
user_2332_fvbm;user_2332_fvbm1234;1275
user_2333_ibl0;user_2333_ibl01234;9896
user_2334_qmth;user_2334_qmth1234;7028
user_2335_0hbo;user_2335_0hbo1234;2656
user_2336_jnz8;user_2336_jnz81234;1032
user_2337_31fq;user_2337_31fq1234;9055
user_2338_w1xh;user_2338_w1xh1234;4896
user_2339_zgl9;user_2339_zgl91234;4443
user_2340_mrg1;user_2340_mrg11234;7544
user_2341_9o5i;user_2341_9o5i1234;6012
user_2342_x223;user_2342_x2231234;8739
user_2343_bir7;user_2343_bir71234;6343
user_2344_s53b;user_2344_s53b1234;2466
user_2345_slcy;user_2345_slcy1234;2746
user_2346_jend;user_2346_jend1234;5908
user_2347_nd7d;user_2347_nd7d1234;6753
user_2348_jpq4;user_2348_jpq41234;1890
user_2349_ymzv;user_2349_ymzv1234;8898
user_2350_div0;user_2350_div01234;5925
user_2351_u9dj;user_2351_u9dj1234;2330
user_2352_j2e6;user_2352_j2e61234;7301
user_2353_idfo;user_2353_idfo1234;8294
user_2354_c4s0;user_2354_c4s01234;8414
user_2355_cdtz;user_2355_cdtz1234;6959
user_2356_zz5u;user_2356_zz5u1234;5496
user_2357_relw;user_2357_relw1234;1321
user_2358_9rk0;user_2358_9rk01234;2877
user_2359_lni7;user_2359_lni71234;6072
user_2360_wpo6;user_2360_wpo61234;9142
user_2361_503f;user_2361_503f1234;3151
user_2362_54i3;user_2362_54i31234;5214
user_2363_w71y;user_2363_w71y1234;6041
user_2364_gmy0;user_2364_gmy01234;5480
user_2365_zj8t;user_2365_zj8t1234;8544
user_2366_191p;user_2366_191p1234;7435
user_2367_bscc;user_2367_bscc1234;8765
user_2368_4i87;user_2368_4i871234;5448
user_2369_zn6y;user_2369_zn6y1234;7520
user_2370_4z2d;user_2370_4z2d1234;1773
user_2371_5ezg;user_2371_5ezg1234;7106
user_2372_a1zh;user_2372_a1zh1234;3143
user_2373_0ap7;user_2373_0ap71234;7895
user_2374_hept;user_2374_hept1234;8243
user_2375_qw1d;user_2375_qw1d1234;1897
user_2376_k8id;user_2376_k8id1234;2693
user_2377_i0zr;user_2377_i0zr1234;9124
user_2378_b4mv;user_2378_b4mv1234;4702
user_2379_sofr;user_2379_sofr1234;1600
user_2380_4uzl;user_2380_4uzl1234;3943
user_2381_kxug;user_2381_kxug1234;9099
user_2382_pu1r;user_2382_pu1r1234;5543
user_2383_01tc;user_2383_01tc1234;6639
user_2384_vh7e;user_2384_vh7e1234;3404
user_2385_vd6w;user_2385_vd6w1234;9060
user_2386_ee83;user_2386_ee831234;5233
user_2387_wgye;user_2387_wgye1234;2848
user_2388_z4xu;user_2388_z4xu1234;4375
user_2389_hdce;user_2389_hdce1234;3237
user_2390_4to3;user_2390_4to31234;8235
user_2391_jbpu;user_2391_jbpu1234;2322
user_2392_70f9;user_2392_70f91234;6531
user_2393_xiul;user_2393_xiul1234;7346
user_2394_ebqg;user_2394_ebqg1234;5322
user_2395_41ta;user_2395_41ta1234;4507
user_2396_8s1j;user_2396_8s1j1234;2514
user_2397_7y2c;user_2397_7y2c1234;4464
user_2398_cnvq;user_2398_cnvq1234;5046
user_2399_0nbn;user_2399_0nbn1234;2057
user_2400_ded5;user_2400_ded51234;8673
user_2401_mc99;user_2401_mc991234;9448
user_2402_6za1;user_2402_6za11234;3925
user_2403_56fh;user_2403_56fh1234;7924
user_2404_xrcf;user_2404_xrcf1234;6095
user_2405_lf6h;user_2405_lf6h1234;2333
user_2406_yvob;user_2406_yvob1234;3968
user_2407_udwc;user_2407_udwc1234;7479
user_2408_7ddx;user_2408_7ddx1234;5960
user_2409_basy;user_2409_basy1234;1039
user_2410_j4zj;user_2410_j4zj1234;4345
user_2411_9wy4;user_2411_9wy41234;9502
user_2412_a6kv;user_2412_a6kv1234;2275
user_2413_055s;user_2413_055s1234;7497
user_2414_w6hi;user_2414_w6hi1234;4348
user_2415_z93e;user_2415_z93e1234;9898
user_2416_jq5j;user_2416_jq5j1234;1216
user_2417_v55s;user_2417_v55s1234;5357
user_2418_g08d;user_2418_g08d1234;2067
user_2419_pexb;user_2419_pexb1234;7645
user_2420_hxhe;user_2420_hxhe1234;6545
user_2421_fufq;user_2421_fufq1234;4765
user_2422_dbih;user_2422_dbih1234;3921
user_2423_msna;user_2423_msna1234;3277
user_2424_pmp3;user_2424_pmp31234;3737
user_2425_oqos;user_2425_oqos1234;3834
user_2426_eo4w;user_2426_eo4w1234;7342
user_2427_zpfd;user_2427_zpfd1234;1682
user_2428_xmy9;user_2428_xmy91234;1495
user_2429_s8g9;user_2429_s8g91234;1436
user_2430_ybwi;user_2430_ybwi1234;5276
user_2431_te4i;user_2431_te4i1234;5150
user_2432_sxh4;user_2432_sxh41234;4357
user_2433_s41b;user_2433_s41b1234;3820
user_2434_vzmt;user_2434_vzmt1234;1046
user_2435_n2l7;user_2435_n2l71234;3274
user_2436_3h3x;user_2436_3h3x1234;2920
user_2437_1z51;user_2437_1z511234;6120
user_2438_v6gx;user_2438_v6gx1234;6456
user_2439_8m0e;user_2439_8m0e1234;8005
user_2440_8siz;user_2440_8siz1234;2357
user_2441_nwaq;user_2441_nwaq1234;9051
user_2442_799a;user_2442_799a1234;2094
user_2443_a7m4;user_2443_a7m41234;7290
user_2444_pq9d;user_2444_pq9d1234;3559
user_2445_tzyy;user_2445_tzyy1234;5875
user_2446_ia7g;user_2446_ia7g1234;6752
user_2447_ukl7;user_2447_ukl71234;4351
user_2448_rvps;user_2448_rvps1234;7523
user_2449_ojpb;user_2449_ojpb1234;5380
user_2450_kvwb;user_2450_kvwb1234;4776
user_2451_tu3j;user_2451_tu3j1234;4978
user_2452_z407;user_2452_z4071234;5275
user_2453_zysy;user_2453_zysy1234;9235
user_2454_iy3b;user_2454_iy3b1234;5608
user_2455_gowy;user_2455_gowy1234;9314
user_2456_35zh;user_2456_35zh1234;6099
user_2457_hqgc;user_2457_hqgc1234;3402
user_2458_l668;user_2458_l6681234;8770
user_2459_aj5j;user_2459_aj5j1234;2051
user_2460_bu9h;user_2460_bu9h1234;1815
user_2461_z39o;user_2461_z39o1234;5927
user_2462_zyvo;user_2462_zyvo1234;1291
user_2463_5pqh;user_2463_5pqh1234;5972
user_2464_qcgb;user_2464_qcgb1234;4063
user_2465_h58x;user_2465_h58x1234;9880
user_2466_8g6j;user_2466_8g6j1234;3828
user_2467_swq7;user_2467_swq71234;2119
user_2468_2zne;user_2468_2zne1234;2303
user_2469_h1f5;user_2469_h1f51234;1735
user_2470_mv8r;user_2470_mv8r1234;7707
user_2471_80bb;user_2471_80bb1234;8258
user_2472_m8ng;user_2472_m8ng1234;5515
user_2473_vo44;user_2473_vo441234;9191
user_2474_ybw8;user_2474_ybw81234;1833
user_2475_rtjk;user_2475_rtjk1234;1204
user_2476_b6ps;user_2476_b6ps1234;8874
user_2477_mt0p;user_2477_mt0p1234;3814
user_2478_nwm9;user_2478_nwm91234;2539
user_2479_5kdk;user_2479_5kdk1234;8722
user_2480_q1td;user_2480_q1td1234;2194
user_2481_csgp;user_2481_csgp1234;7316
user_2482_8bnz;user_2482_8bnz1234;9426
user_2483_6lt8;user_2483_6lt81234;4809
user_2484_4izk;user_2484_4izk1234;5191
user_2485_6hpg;user_2485_6hpg1234;8610
user_2486_bvbw;user_2486_bvbw1234;7554
user_2487_mi6t;user_2487_mi6t1234;7907
user_2488_ceyp;user_2488_ceyp1234;5574
user_2489_elbu;user_2489_elbu1234;8586
user_2490_hmkg;user_2490_hmkg1234;6632
user_2491_5wpx;user_2491_5wpx1234;8392
user_2492_q158;user_2492_q1581234;7270
user_2493_aq3t;user_2493_aq3t1234;3347
user_2494_i6de;user_2494_i6de1234;7340
user_2495_a888;user_2495_a8881234;3382
user_2496_e8in;user_2496_e8in1234;6647
user_2497_tp40;user_2497_tp401234;8146
user_2498_iu7y;user_2498_iu7y1234;4680
user_2499_b4hv;user_2499_b4hv1234;8732
user_2500_t5ck;user_2500_t5ck1234;3825
user_2501_f02y;user_2501_f02y1234;1942
user_2502_2dtc;user_2502_2dtc1234;1358
user_2503_toas;user_2503_toas1234;7778
user_2504_rq9z;user_2504_rq9z1234;6436
user_2505_5em7;user_2505_5em71234;3187
user_2506_za5x;user_2506_za5x1234;6475
user_2507_jtmg;user_2507_jtmg1234;3728
user_2508_54lv;user_2508_54lv1234;1969
user_2509_ksus;user_2509_ksus1234;9712
user_2510_ilrv;user_2510_ilrv1234;7369
user_2511_9ewz;user_2511_9ewz1234;6612
user_2512_cbe4;user_2512_cbe41234;8300
user_2513_yg40;user_2513_yg401234;8419
user_2514_3jbn;user_2514_3jbn1234;8385
user_2515_mzk3;user_2515_mzk31234;6439
user_2516_83ke;user_2516_83ke1234;4967
user_2517_r95a;user_2517_r95a1234;8838
user_2518_zaks;user_2518_zaks1234;7607
user_2519_z598;user_2519_z5981234;4275
user_2520_pmho;user_2520_pmho1234;3142
user_2521_d1ah;user_2521_d1ah1234;5985
user_2522_vai0;user_2522_vai01234;6810
user_2523_d2wu;user_2523_d2wu1234;8768
user_2524_olrv;user_2524_olrv1234;8975
user_2525_kmw3;user_2525_kmw31234;7348
user_2526_4jij;user_2526_4jij1234;1846
user_2527_3saf;user_2527_3saf1234;1424
user_2528_bs3i;user_2528_bs3i1234;1051
user_2529_n9ic;user_2529_n9ic1234;1353
user_2530_9rt5;user_2530_9rt51234;5800
user_2531_7mwk;user_2531_7mwk1234;5431
user_2532_wzgf;user_2532_wzgf1234;4170
user_2533_sswt;user_2533_sswt1234;2321
user_2534_3lid;user_2534_3lid1234;9873
user_2535_vq7w;user_2535_vq7w1234;7398
user_2536_yib2;user_2536_yib21234;4659
user_2537_h03w;user_2537_h03w1234;5822
user_2538_d9tn;user_2538_d9tn1234;5771
user_2539_gsbk;user_2539_gsbk1234;2931
user_2540_popr;user_2540_popr1234;1668
user_2541_tzde;user_2541_tzde1234;4103
user_2542_7d5c;user_2542_7d5c1234;9961
user_2543_w610;user_2543_w6101234;9410
user_2544_bllb;user_2544_bllb1234;4072
user_2545_jht9;user_2545_jht91234;6480
user_2546_x7is;user_2546_x7is1234;7996
user_2547_qb5l;user_2547_qb5l1234;5286
user_2548_b7ln;user_2548_b7ln1234;2094
user_2549_3whm;user_2549_3whm1234;3046
user_2550_yjkx;user_2550_yjkx1234;2569
user_2551_6m1g;user_2551_6m1g1234;9926
user_2552_fdpy;user_2552_fdpy1234;8737
user_2553_xkc5;user_2553_xkc51234;5249
user_2554_guq8;user_2554_guq81234;4279
user_2555_2l28;user_2555_2l281234;9507
user_2556_hfp5;user_2556_hfp51234;7120
user_2557_860c;user_2557_860c1234;7877
user_2558_atgs;user_2558_atgs1234;9119
user_2559_077t;user_2559_077t1234;3185
user_2560_z7j4;user_2560_z7j41234;4567
user_2561_o771;user_2561_o7711234;6080
user_2562_r36x;user_2562_r36x1234;4401
user_2563_hjzo;user_2563_hjzo1234;5366
user_2564_6okl;user_2564_6okl1234;5900
user_2565_y8f3;user_2565_y8f31234;1472
user_2566_n8nk;user_2566_n8nk1234;3021
user_2567_y2kk;user_2567_y2kk1234;1788
user_2568_5x5u;user_2568_5x5u1234;4963
user_2569_tzts;user_2569_tzts1234;3833
user_2570_zsgs;user_2570_zsgs1234;8380
user_2571_8biu;user_2571_8biu1234;4005
user_2572_8xa1;user_2572_8xa11234;8521
user_2573_5bnn;user_2573_5bnn1234;3826
user_2574_acqi;user_2574_acqi1234;7072
user_2575_h8yg;user_2575_h8yg1234;2787
user_2576_62xv;user_2576_62xv1234;9992
user_2577_asc1;user_2577_asc11234;2150
user_2578_11qz;user_2578_11qz1234;1416
user_2579_2c4i;user_2579_2c4i1234;1126
user_2580_dx3c;user_2580_dx3c1234;3896
user_2581_hfdv;user_2581_hfdv1234;4031
user_2582_q5ad;user_2582_q5ad1234;1552
user_2583_bkuc;user_2583_bkuc1234;7501
user_2584_rqrv;user_2584_rqrv1234;7607
user_2585_doxh;user_2585_doxh1234;6320
user_2586_v5al;user_2586_v5al1234;5408
user_2587_qnbl;user_2587_qnbl1234;4340
user_2588_0cd0;user_2588_0cd01234;6991
user_2589_l8t1;user_2589_l8t11234;1444
user_2590_h6o9;user_2590_h6o91234;8244
user_2591_hv43;user_2591_hv431234;7795
user_2592_tefp;user_2592_tefp1234;5940
user_2593_akuu;user_2593_akuu1234;2935
user_2594_bt7x;user_2594_bt7x1234;9683
user_2595_32ls;user_2595_32ls1234;7541
user_2596_g6dq;user_2596_g6dq1234;9689
user_2597_b8nu;user_2597_b8nu1234;5667
user_2598_8hf4;user_2598_8hf41234;7992
user_2599_a695;user_2599_a6951234;9556
user_2600_2ypm;user_2600_2ypm1234;3947
user_2601_ljj9;user_2601_ljj91234;5683
user_2602_a8iw;user_2602_a8iw1234;1721
user_2603_tw8e;user_2603_tw8e1234;1045
user_2604_2z4h;user_2604_2z4h1234;5608
user_2605_87aj;user_2605_87aj1234;9526
user_2606_f944;user_2606_f9441234;9814
user_2607_kpmi;user_2607_kpmi1234;8288
user_2608_urrr;user_2608_urrr1234;9026
user_2609_j26z;user_2609_j26z1234;6113
user_2610_ltd9;user_2610_ltd91234;9726
user_2611_jd7u;user_2611_jd7u1234;2462
user_2612_bvef;user_2612_bvef1234;1594
user_2613_16zy;user_2613_16zy1234;6867
user_2614_v051;user_2614_v0511234;7327
user_2615_g469;user_2615_g4691234;9815
user_2616_9hqw;user_2616_9hqw1234;9586
user_2617_999h;user_2617_999h1234;9725
user_2618_rnww;user_2618_rnww1234;8594
user_2619_959p;user_2619_959p1234;2815
user_2620_krl3;user_2620_krl31234;7684
user_2621_0mjc;user_2621_0mjc1234;2683
user_2622_169l;user_2622_169l1234;2030
user_2623_15lx;user_2623_15lx1234;6714
user_2624_liyp;user_2624_liyp1234;2219
user_2625_p63j;user_2625_p63j1234;9445
user_2626_gkfb;user_2626_gkfb1234;4841
user_2627_9hwn;user_2627_9hwn1234;8824
user_2628_gj5m;user_2628_gj5m1234;1377
user_2629_tb5k;user_2629_tb5k1234;1716
user_2630_lwbf;user_2630_lwbf1234;8212
user_2631_wkdg;user_2631_wkdg1234;2549
user_2632_rb6w;user_2632_rb6w1234;2929
user_2633_ysdl;user_2633_ysdl1234;2589
user_2634_q3p3;user_2634_q3p31234;7442
user_2635_byde;user_2635_byde1234;2225
user_2636_qaxn;user_2636_qaxn1234;1594
user_2637_x9dm;user_2637_x9dm1234;2505
user_2638_3nzw;user_2638_3nzw1234;1432
user_2639_wxyt;user_2639_wxyt1234;2466
user_2640_gzuu;user_2640_gzuu1234;3921
user_2641_7mvv;user_2641_7mvv1234;9842
user_2642_appm;user_2642_appm1234;1260
user_2643_woem;user_2643_woem1234;1099
user_2644_n9za;user_2644_n9za1234;2052
user_2645_frs6;user_2645_frs61234;6243
user_2646_j2ha;user_2646_j2ha1234;2498
user_2647_bp5r;user_2647_bp5r1234;9876
user_2648_204g;user_2648_204g1234;7575
user_2649_vzya;user_2649_vzya1234;8673
user_2650_v7e8;user_2650_v7e81234;7412
user_2651_6d6o;user_2651_6d6o1234;1775
user_2652_xt9c;user_2652_xt9c1234;6873
user_2653_6i5f;user_2653_6i5f1234;8544
user_2654_j4qy;user_2654_j4qy1234;3154
user_2655_r390;user_2655_r3901234;7929
user_2656_zk7o;user_2656_zk7o1234;1948
user_2657_yb0f;user_2657_yb0f1234;6051
user_2658_4gyk;user_2658_4gyk1234;3522
user_2659_nf61;user_2659_nf611234;2936
user_2660_uvmj;user_2660_uvmj1234;5940
user_2661_obzt;user_2661_obzt1234;9224
user_2662_oh3m;user_2662_oh3m1234;9950
user_2663_brqi;user_2663_brqi1234;7098
user_2664_xzqm;user_2664_xzqm1234;6423
user_2665_3f71;user_2665_3f711234;7181
user_2666_0wdx;user_2666_0wdx1234;6930
user_2667_dx5v;user_2667_dx5v1234;8242
user_2668_0i1n;user_2668_0i1n1234;4016
user_2669_3e24;user_2669_3e241234;5636
user_2670_3w9o;user_2670_3w9o1234;9532
user_2671_9yv9;user_2671_9yv91234;5984
user_2672_k4s3;user_2672_k4s31234;6876
user_2673_exs7;user_2673_exs71234;2929
user_2674_7j7s;user_2674_7j7s1234;5142
user_2675_43jm;user_2675_43jm1234;7897
user_2676_bfgp;user_2676_bfgp1234;6603
user_2677_rahn;user_2677_rahn1234;9313
user_2678_i94x;user_2678_i94x1234;5350
user_2679_fbnu;user_2679_fbnu1234;7728
user_2680_hsqv;user_2680_hsqv1234;2507
user_2681_gp0k;user_2681_gp0k1234;7886
user_2682_ky24;user_2682_ky241234;8726
user_2683_qbzi;user_2683_qbzi1234;4573
user_2684_rr00;user_2684_rr001234;1357
user_2685_wf9b;user_2685_wf9b1234;2716
user_2686_etlw;user_2686_etlw1234;4975
user_2687_hwej;user_2687_hwej1234;7679
user_2688_42f9;user_2688_42f91234;3378
user_2689_zt1n;user_2689_zt1n1234;9846
user_2690_zh2v;user_2690_zh2v1234;2154
user_2691_7nxj;user_2691_7nxj1234;3192
user_2692_tsum;user_2692_tsum1234;2950
user_2693_bjzw;user_2693_bjzw1234;3070
user_2694_ur1h;user_2694_ur1h1234;5621
user_2695_3b0x;user_2695_3b0x1234;5162
user_2696_vizt;user_2696_vizt1234;2056
user_2697_i88c;user_2697_i88c1234;4820
user_2698_8r5i;user_2698_8r5i1234;6465
user_2699_356u;user_2699_356u1234;8863
user_2700_gobv;user_2700_gobv1234;4299
user_2701_hcfq;user_2701_hcfq1234;6235
user_2702_sbfw;user_2702_sbfw1234;3553
user_2703_1y38;user_2703_1y381234;4304
user_2704_b5oj;user_2704_b5oj1234;1006
user_2705_3e2o;user_2705_3e2o1234;5445
user_2706_5nci;user_2706_5nci1234;6391
user_2707_xsjr;user_2707_xsjr1234;6510
user_2708_xpw1;user_2708_xpw11234;3240
user_2709_cvlo;user_2709_cvlo1234;3983
user_2710_hbke;user_2710_hbke1234;4361
user_2711_ocix;user_2711_ocix1234;7831
user_2712_zf9k;user_2712_zf9k1234;5283
user_2713_bbdo;user_2713_bbdo1234;3003
user_2714_jy6e;user_2714_jy6e1234;6463
user_2715_6baf;user_2715_6baf1234;5166
user_2716_aggm;user_2716_aggm1234;4021
user_2717_u6qf;user_2717_u6qf1234;7303
user_2718_ruoy;user_2718_ruoy1234;9721
user_2719_zbay;user_2719_zbay1234;1377
user_2720_uupx;user_2720_uupx1234;4749
user_2721_um4a;user_2721_um4a1234;6254
user_2722_qv1c;user_2722_qv1c1234;1130
user_2723_kzyw;user_2723_kzyw1234;5405
user_2724_pxi1;user_2724_pxi11234;1187
user_2725_b265;user_2725_b2651234;2153
user_2726_gcum;user_2726_gcum1234;5014
user_2727_zc7l;user_2727_zc7l1234;5074
user_2728_ygjd;user_2728_ygjd1234;3920
user_2729_yw54;user_2729_yw541234;3120
user_2730_9hv9;user_2730_9hv91234;5410
user_2731_tmuf;user_2731_tmuf1234;9097
user_2732_mfjg;user_2732_mfjg1234;1286
user_2733_um6j;user_2733_um6j1234;2140
user_2734_7qlv;user_2734_7qlv1234;7326
user_2735_acgh;user_2735_acgh1234;7729
user_2736_4r6g;user_2736_4r6g1234;6031
user_2737_3ssx;user_2737_3ssx1234;4631
user_2738_xnsh;user_2738_xnsh1234;1395
user_2739_1j9t;user_2739_1j9t1234;4191
user_2740_05wr;user_2740_05wr1234;1713
user_2741_4bo4;user_2741_4bo41234;5173
user_2742_fxai;user_2742_fxai1234;7400
user_2743_ivcp;user_2743_ivcp1234;6444
user_2744_8l97;user_2744_8l971234;4564
user_2745_rq2q;user_2745_rq2q1234;9400
user_2746_09he;user_2746_09he1234;5005
user_2747_t19f;user_2747_t19f1234;9204
user_2748_j53x;user_2748_j53x1234;7497
user_2749_iam9;user_2749_iam91234;6976
user_2750_imfn;user_2750_imfn1234;2281
user_2751_hpdq;user_2751_hpdq1234;1804
user_2752_yxr7;user_2752_yxr71234;2872
user_2753_402r;user_2753_402r1234;4119
user_2754_qmmz;user_2754_qmmz1234;5712
user_2755_u23j;user_2755_u23j1234;4028
user_2756_ts5e;user_2756_ts5e1234;4441
user_2757_477s;user_2757_477s1234;6457
user_2758_y3s0;user_2758_y3s01234;9434
user_2759_oclr;user_2759_oclr1234;9340
user_2760_qii7;user_2760_qii71234;7914
user_2761_sszn;user_2761_sszn1234;6588
user_2762_9fl4;user_2762_9fl41234;6240
user_2763_bhuz;user_2763_bhuz1234;2326
user_2764_gg0n;user_2764_gg0n1234;5736
user_2765_ht40;user_2765_ht401234;2173
user_2766_v034;user_2766_v0341234;5547
user_2767_p2lw;user_2767_p2lw1234;6688
user_2768_2utg;user_2768_2utg1234;8872
user_2769_qg32;user_2769_qg321234;4824
user_2770_hyrg;user_2770_hyrg1234;5413
user_2771_z5x9;user_2771_z5x91234;8345
user_2772_twro;user_2772_twro1234;4248
user_2773_1z83;user_2773_1z831234;4584
user_2774_hbh9;user_2774_hbh91234;5582
user_2775_lweu;user_2775_lweu1234;7824
user_2776_pmk4;user_2776_pmk41234;6311
user_2777_6x6h;user_2777_6x6h1234;4383
user_2778_d6sv;user_2778_d6sv1234;6244
user_2779_i1xa;user_2779_i1xa1234;9259
user_2780_vpde;user_2780_vpde1234;2167
user_2781_35at;user_2781_35at1234;3382
user_2782_co0b;user_2782_co0b1234;2628
user_2783_2grm;user_2783_2grm1234;9228
user_2784_s0ik;user_2784_s0ik1234;9464
user_2785_w91d;user_2785_w91d1234;1961
user_2786_lmo4;user_2786_lmo41234;8756
user_2787_eyyz;user_2787_eyyz1234;4472
user_2788_oajb;user_2788_oajb1234;3062
user_2789_l0f5;user_2789_l0f51234;3186
user_2790_x2e9;user_2790_x2e91234;8046
user_2791_lbci;user_2791_lbci1234;2670
user_2792_wgvg;user_2792_wgvg1234;2113
user_2793_0jmt;user_2793_0jmt1234;5688
user_2794_ntfv;user_2794_ntfv1234;1884
user_2795_mzig;user_2795_mzig1234;1125
user_2796_kgb2;user_2796_kgb21234;5152
user_2797_2pco;user_2797_2pco1234;6594
user_2798_uapq;user_2798_uapq1234;2570
user_2799_n061;user_2799_n0611234;3045
user_2800_7ykn;user_2800_7ykn1234;3468
user_2801_suit;user_2801_suit1234;8985
user_2802_7mcd;user_2802_7mcd1234;4161
user_2803_kpla;user_2803_kpla1234;5983
user_2804_n45e;user_2804_n45e1234;2319
user_2805_0qac;user_2805_0qac1234;1575
user_2806_xifo;user_2806_xifo1234;6481
user_2807_z862;user_2807_z8621234;3864
user_2808_9lga;user_2808_9lga1234;9440
user_2809_ir0y;user_2809_ir0y1234;3026
user_2810_df9h;user_2810_df9h1234;1368
user_2811_0i46;user_2811_0i461234;5933
user_2812_1lx2;user_2812_1lx21234;1644
user_2813_by08;user_2813_by081234;4234
user_2814_rirb;user_2814_rirb1234;6287
user_2815_vjcu;user_2815_vjcu1234;1352
user_2816_vxww;user_2816_vxww1234;4907
user_2817_p0nz;user_2817_p0nz1234;6779
user_2818_dfch;user_2818_dfch1234;9982
user_2819_xlnv;user_2819_xlnv1234;7270
user_2820_ikxk;user_2820_ikxk1234;9250
user_2821_tdn8;user_2821_tdn81234;9942
user_2822_y9cp;user_2822_y9cp1234;6569
user_2823_o736;user_2823_o7361234;2289
user_2824_l00v;user_2824_l00v1234;7818
user_2825_j43h;user_2825_j43h1234;3435
user_2826_9fed;user_2826_9fed1234;8801
user_2827_92cp;user_2827_92cp1234;1691
user_2828_zg7f;user_2828_zg7f1234;1189
user_2829_k6mc;user_2829_k6mc1234;6589
user_2830_nxwe;user_2830_nxwe1234;8990
user_2831_kc68;user_2831_kc681234;6619
user_2832_7yy5;user_2832_7yy51234;3187
user_2833_0dtx;user_2833_0dtx1234;6027
user_2834_f0h3;user_2834_f0h31234;3586
user_2835_uzef;user_2835_uzef1234;1491
user_2836_f22z;user_2836_f22z1234;6990
user_2837_mtpa;user_2837_mtpa1234;4410
user_2838_zmra;user_2838_zmra1234;5702
user_2839_lgmm;user_2839_lgmm1234;1430
user_2840_wtjd;user_2840_wtjd1234;4054
user_2841_codg;user_2841_codg1234;6266
user_2842_s7cr;user_2842_s7cr1234;7244
user_2843_794u;user_2843_794u1234;3221
user_2844_1upd;user_2844_1upd1234;4864
user_2845_7lj8;user_2845_7lj81234;9335
user_2846_ozrt;user_2846_ozrt1234;7782
user_2847_lp3q;user_2847_lp3q1234;2796
user_2848_husr;user_2848_husr1234;6734
user_2849_0qu4;user_2849_0qu41234;7982
user_2850_40wc;user_2850_40wc1234;4486
user_2851_9r5l;user_2851_9r5l1234;9395
user_2852_9hkp;user_2852_9hkp1234;7800
user_2853_81vp;user_2853_81vp1234;7351
user_2854_hdx9;user_2854_hdx91234;7509
user_2855_mwfl;user_2855_mwfl1234;7721
user_2856_hhrt;user_2856_hhrt1234;8866
user_2857_6dlw;user_2857_6dlw1234;2395
user_2858_28v5;user_2858_28v51234;3357
user_2859_8ts0;user_2859_8ts01234;6338
user_2860_jhm0;user_2860_jhm01234;7601
user_2861_yvuu;user_2861_yvuu1234;4187
user_2862_2m57;user_2862_2m571234;1650
user_2863_3xec;user_2863_3xec1234;9130
user_2864_rplb;user_2864_rplb1234;3496
user_2865_ud0u;user_2865_ud0u1234;7006
user_2866_i1yd;user_2866_i1yd1234;1320
user_2867_1t3n;user_2867_1t3n1234;8547
user_2868_mqap;user_2868_mqap1234;4668
user_2869_bxlk;user_2869_bxlk1234;6170
user_2870_60qt;user_2870_60qt1234;9208
user_2871_c008;user_2871_c0081234;5362
user_2872_um7r;user_2872_um7r1234;1281
user_2873_a9ze;user_2873_a9ze1234;9424
user_2874_yt0a;user_2874_yt0a1234;1139
user_2875_pkl8;user_2875_pkl81234;1418
user_2876_9iqs;user_2876_9iqs1234;2057
user_2877_zic3;user_2877_zic31234;8728
user_2878_81i7;user_2878_81i71234;2819
user_2879_s6s7;user_2879_s6s71234;4920
user_2880_heha;user_2880_heha1234;3572
user_2881_ephq;user_2881_ephq1234;9245
user_2882_4j61;user_2882_4j611234;6075
user_2883_uq4b;user_2883_uq4b1234;3398
user_2884_5zgm;user_2884_5zgm1234;4211
user_2885_vq9f;user_2885_vq9f1234;5031
user_2886_3rlf;user_2886_3rlf1234;2700
user_2887_5mm3;user_2887_5mm31234;8594
user_2888_pxlw;user_2888_pxlw1234;2865
user_2889_gau4;user_2889_gau41234;4980
user_2890_aut9;user_2890_aut91234;1470
user_2891_gyru;user_2891_gyru1234;5784
user_2892_yyii;user_2892_yyii1234;9402
user_2893_mxq9;user_2893_mxq91234;5320
user_2894_makb;user_2894_makb1234;1907
user_2895_zswo;user_2895_zswo1234;8420
user_2896_pbc9;user_2896_pbc91234;2627
user_2897_15uq;user_2897_15uq1234;9321
user_2898_8zik;user_2898_8zik1234;3198
user_2899_6q6l;user_2899_6q6l1234;9977
user_2900_9m04;user_2900_9m041234;4242
user_2901_qalr;user_2901_qalr1234;8433
user_2902_6qgh;user_2902_6qgh1234;1407
user_2903_5f9m;user_2903_5f9m1234;9367
user_2904_akz0;user_2904_akz01234;3600
user_2905_bdii;user_2905_bdii1234;2824
user_2906_ag40;user_2906_ag401234;1978
user_2907_lfs5;user_2907_lfs51234;7399
user_2908_lgg6;user_2908_lgg61234;8522
user_2909_uwyc;user_2909_uwyc1234;9532
user_2910_0u6g;user_2910_0u6g1234;1951
user_2911_i775;user_2911_i7751234;1870
user_2912_1ht3;user_2912_1ht31234;6308
user_2913_sc02;user_2913_sc021234;6817
user_2914_5ewa;user_2914_5ewa1234;9075
user_2915_ofm2;user_2915_ofm21234;6511
user_2916_t8np;user_2916_t8np1234;7481
user_2917_ll30;user_2917_ll301234;4363
user_2918_f8ko;user_2918_f8ko1234;8999
user_2919_uqqy;user_2919_uqqy1234;8436
user_2920_nimf;user_2920_nimf1234;7996
user_2921_d1h8;user_2921_d1h81234;6809
user_2922_r10l;user_2922_r10l1234;5106
user_2923_ek1r;user_2923_ek1r1234;9090
user_2924_8xxj;user_2924_8xxj1234;6960
user_2925_jmnw;user_2925_jmnw1234;6130
user_2926_3eh7;user_2926_3eh71234;2269
user_2927_y9ll;user_2927_y9ll1234;5565
user_2928_nkol;user_2928_nkol1234;1119
user_2929_kd11;user_2929_kd111234;4883
user_2930_y98i;user_2930_y98i1234;1660
user_2931_f91n;user_2931_f91n1234;2677
user_2932_g88g;user_2932_g88g1234;1288
user_2933_xrxs;user_2933_xrxs1234;2544
user_2934_thym;user_2934_thym1234;4929
user_2935_2sh5;user_2935_2sh51234;2037
user_2936_hmkz;user_2936_hmkz1234;8250
user_2937_8aov;user_2937_8aov1234;4421
user_2938_q3th;user_2938_q3th1234;1649
user_2939_sktl;user_2939_sktl1234;2523
user_2940_c1qn;user_2940_c1qn1234;5331
user_2941_70h3;user_2941_70h31234;9462
user_2942_ldq0;user_2942_ldq01234;7707
user_2943_h7if;user_2943_h7if1234;6262
user_2944_zoqd;user_2944_zoqd1234;3280
user_2945_0mr4;user_2945_0mr41234;3137
user_2946_5q1a;user_2946_5q1a1234;5261
user_2947_uruy;user_2947_uruy1234;4013
user_2948_ewo2;user_2948_ewo21234;2243
user_2949_rfxi;user_2949_rfxi1234;2222
user_2950_ueaa;user_2950_ueaa1234;4022
user_2951_1n6q;user_2951_1n6q1234;1568
user_2952_mjll;user_2952_mjll1234;1121
user_2953_1hlb;user_2953_1hlb1234;2547
user_2954_xm82;user_2954_xm821234;5907
user_2955_mzu5;user_2955_mzu51234;4615
user_2956_t63h;user_2956_t63h1234;5436
user_2957_ovw7;user_2957_ovw71234;4224
user_2958_y49t;user_2958_y49t1234;1405
user_2959_2s34;user_2959_2s341234;5851
user_2960_s0r4;user_2960_s0r41234;3261
user_2961_6dg4;user_2961_6dg41234;5844
user_2962_5phx;user_2962_5phx1234;1262
user_2963_4bph;user_2963_4bph1234;7584
user_2964_a8su;user_2964_a8su1234;7124
user_2965_y0sm;user_2965_y0sm1234;2820
user_2966_mxpb;user_2966_mxpb1234;4261
user_2967_3fmt;user_2967_3fmt1234;3168
user_2968_f6it;user_2968_f6it1234;9144
user_2969_9qeq;user_2969_9qeq1234;7320
user_2970_raba;user_2970_raba1234;4538
user_2971_4zcb;user_2971_4zcb1234;9890
user_2972_1wz3;user_2972_1wz31234;2474
user_2973_a5p6;user_2973_a5p61234;3562
user_2974_d1jw;user_2974_d1jw1234;3106
user_2975_lct3;user_2975_lct31234;8449
user_2976_pvk5;user_2976_pvk51234;5324
user_2977_szw3;user_2977_szw31234;5468
user_2978_th9o;user_2978_th9o1234;7068
user_2979_naic;user_2979_naic1234;9534
user_2980_e60u;user_2980_e60u1234;4523
user_2981_bbq9;user_2981_bbq91234;8022
user_2982_ihbz;user_2982_ihbz1234;2460
user_2983_qbyj;user_2983_qbyj1234;1349
user_2984_0t6h;user_2984_0t6h1234;3258
user_2985_a3xc;user_2985_a3xc1234;3348
user_2986_in71;user_2986_in711234;7678
user_2987_xrbs;user_2987_xrbs1234;3674
user_2988_86ht;user_2988_86ht1234;8859
user_2989_vund;user_2989_vund1234;8162
user_2990_dyss;user_2990_dyss1234;8930
user_2991_joi1;user_2991_joi11234;3591
user_2992_3m2s;user_2992_3m2s1234;2724
user_2993_uu7i;user_2993_uu7i1234;7440
user_2994_oba3;user_2994_oba31234;8915
user_2995_ry6b;user_2995_ry6b1234;9046
user_2996_vq7n;user_2996_vq7n1234;1630
user_2997_ud56;user_2997_ud561234;9077
user_2998_welj;user_2998_welj1234;2868
user_2999_yndi;user_2999_yndi1234;6177
user_3000_pynl;user_3000_pynl1234;1561
user_3001_v59p;user_3001_v59p1234;2817
user_3002_ayqk;user_3002_ayqk1234;5442
user_3003_5fj3;user_3003_5fj31234;6952
user_3004_9mo4;user_3004_9mo41234;5200
user_3005_vub3;user_3005_vub31234;4703
user_3006_23uu;user_3006_23uu1234;1506
user_3007_3zi3;user_3007_3zi31234;1905
user_3008_oinl;user_3008_oinl1234;2698
user_3009_7e6j;user_3009_7e6j1234;3828
user_3010_97qq;user_3010_97qq1234;9401
user_3011_sn3u;user_3011_sn3u1234;8867
user_3012_yrt4;user_3012_yrt41234;8503
user_3013_keo3;user_3013_keo31234;8731
user_3014_jaed;user_3014_jaed1234;6673
user_3015_3rpg;user_3015_3rpg1234;3637
user_3016_cn05;user_3016_cn051234;2355
user_3017_g5b6;user_3017_g5b61234;1999
user_3018_hvw8;user_3018_hvw81234;4315
user_3019_at72;user_3019_at721234;4052
user_3020_zjla;user_3020_zjla1234;7463
user_3021_jx48;user_3021_jx481234;3507
user_3022_2ct2;user_3022_2ct21234;8681
user_3023_93df;user_3023_93df1234;1686
user_3024_7d2t;user_3024_7d2t1234;5866
user_3025_26ug;user_3025_26ug1234;9770
user_3026_yozs;user_3026_yozs1234;9212
user_3027_x6sm;user_3027_x6sm1234;7479
user_3028_5vfd;user_3028_5vfd1234;7385
user_3029_mnid;user_3029_mnid1234;5720
user_3030_2o10;user_3030_2o101234;8443
user_3031_ggi8;user_3031_ggi81234;1347
user_3032_dpnh;user_3032_dpnh1234;6811
user_3033_3l6d;user_3033_3l6d1234;2078
user_3034_jqil;user_3034_jqil1234;1155
user_3035_lkrm;user_3035_lkrm1234;6139
user_3036_v1rr;user_3036_v1rr1234;4252
user_3037_iix7;user_3037_iix71234;4837
user_3038_8wxk;user_3038_8wxk1234;4965
user_3039_l2rb;user_3039_l2rb1234;4411
user_3040_kwyf;user_3040_kwyf1234;9088
user_3041_0xgk;user_3041_0xgk1234;3105
user_3042_7vvl;user_3042_7vvl1234;8259
user_3043_zbve;user_3043_zbve1234;6423
user_3044_rmtb;user_3044_rmtb1234;2508
user_3045_nbhr;user_3045_nbhr1234;5782
user_3046_tbv4;user_3046_tbv41234;7887
user_3047_fmnq;user_3047_fmnq1234;5485
user_3048_hnm9;user_3048_hnm91234;4132
user_3049_tkz1;user_3049_tkz11234;1808
user_3050_9dha;user_3050_9dha1234;1130
user_3051_evdj;user_3051_evdj1234;1574
user_3052_jijg;user_3052_jijg1234;1153
user_3053_f8ki;user_3053_f8ki1234;7017
user_3054_ybb6;user_3054_ybb61234;2621
user_3055_a8u1;user_3055_a8u11234;6618
user_3056_rhcd;user_3056_rhcd1234;1162
user_3057_nzz8;user_3057_nzz81234;9859
user_3058_ih4s;user_3058_ih4s1234;8849
user_3059_i7a3;user_3059_i7a31234;5904
user_3060_fc7w;user_3060_fc7w1234;8181
user_3061_8tpo;user_3061_8tpo1234;2363
user_3062_faf0;user_3062_faf01234;8557
user_3063_vrwx;user_3063_vrwx1234;3893
user_3064_o02u;user_3064_o02u1234;7641
user_3065_l268;user_3065_l2681234;1543
user_3066_0tx6;user_3066_0tx61234;2010
user_3067_h6c5;user_3067_h6c51234;1431
user_3068_zpul;user_3068_zpul1234;9956
user_3069_z4bk;user_3069_z4bk1234;6622
user_3070_adqx;user_3070_adqx1234;2625
user_3071_9x3o;user_3071_9x3o1234;7747
user_3072_hcik;user_3072_hcik1234;7321
user_3073_ucqc;user_3073_ucqc1234;8640
user_3074_ac85;user_3074_ac851234;7155
user_3075_r0n1;user_3075_r0n11234;9400
user_3076_labj;user_3076_labj1234;3015
user_3077_oul9;user_3077_oul91234;6790
user_3078_g59z;user_3078_g59z1234;8758
user_3079_gfmo;user_3079_gfmo1234;4312
user_3080_wodu;user_3080_wodu1234;8607
user_3081_w5jy;user_3081_w5jy1234;6943
user_3082_rtcv;user_3082_rtcv1234;1588
user_3083_d7hh;user_3083_d7hh1234;9036
user_3084_jcqj;user_3084_jcqj1234;1223
user_3085_qwy7;user_3085_qwy71234;6082
user_3086_xq57;user_3086_xq571234;2722
user_3087_g6ds;user_3087_g6ds1234;5995
user_3088_34r6;user_3088_34r61234;3447
user_3089_qh1h;user_3089_qh1h1234;9244
user_3090_u2k0;user_3090_u2k01234;2840
user_3091_hbgf;user_3091_hbgf1234;6461
user_3092_dhki;user_3092_dhki1234;8399
user_3093_gbnp;user_3093_gbnp1234;6095
user_3094_28qm;user_3094_28qm1234;9968
user_3095_x3vc;user_3095_x3vc1234;1694
user_3096_xuh3;user_3096_xuh31234;5730
user_3097_qv0m;user_3097_qv0m1234;9685
user_3098_al7r;user_3098_al7r1234;6894
user_3099_udwj;user_3099_udwj1234;5784
user_3100_64qi;user_3100_64qi1234;3340
user_3101_dlx9;user_3101_dlx91234;7632
user_3102_rbr4;user_3102_rbr41234;7067
user_3103_cspy;user_3103_cspy1234;2418
user_3104_hcxs;user_3104_hcxs1234;6542
user_3105_n9od;user_3105_n9od1234;4297
user_3106_cozi;user_3106_cozi1234;8022
user_3107_10c5;user_3107_10c51234;6674
user_3108_e9t8;user_3108_e9t81234;3931
user_3109_vvwg;user_3109_vvwg1234;5036
user_3110_d47t;user_3110_d47t1234;1869
user_3111_a59l;user_3111_a59l1234;6478
user_3112_t0vd;user_3112_t0vd1234;4214
user_3113_428w;user_3113_428w1234;6362
user_3114_i18e;user_3114_i18e1234;5982
user_3115_yln7;user_3115_yln71234;8421
user_3116_69rb;user_3116_69rb1234;3601
user_3117_qfuc;user_3117_qfuc1234;2187
user_3118_juvl;user_3118_juvl1234;6153
user_3119_ljh6;user_3119_ljh61234;1562
user_3120_g1gf;user_3120_g1gf1234;8033
user_3121_i6t0;user_3121_i6t01234;1704
user_3122_g2m0;user_3122_g2m01234;8347
user_3123_y0jv;user_3123_y0jv1234;7578
user_3124_2jpr;user_3124_2jpr1234;2932
user_3125_hn1e;user_3125_hn1e1234;6653
user_3126_ukor;user_3126_ukor1234;6767
user_3127_x3a7;user_3127_x3a71234;4285
user_3128_yy1l;user_3128_yy1l1234;6313
user_3129_zaba;user_3129_zaba1234;8214
user_3130_dhmj;user_3130_dhmj1234;5496
user_3131_nmwz;user_3131_nmwz1234;7716
user_3132_y5gz;user_3132_y5gz1234;2874
user_3133_sezu;user_3133_sezu1234;3697
user_3134_7eew;user_3134_7eew1234;6491
user_3135_4ah3;user_3135_4ah31234;6888
user_3136_a8dm;user_3136_a8dm1234;3168
user_3137_xz8p;user_3137_xz8p1234;1648
user_3138_ahl8;user_3138_ahl81234;8802
user_3139_qk5m;user_3139_qk5m1234;4848
user_3140_ssfr;user_3140_ssfr1234;2068
user_3141_z98b;user_3141_z98b1234;6376
user_3142_xvu9;user_3142_xvu91234;2411
user_3143_enoq;user_3143_enoq1234;8990
user_3144_yl7l;user_3144_yl7l1234;1225
user_3145_468q;user_3145_468q1234;4447
user_3146_6o1t;user_3146_6o1t1234;7728
user_3147_dbrx;user_3147_dbrx1234;4686
user_3148_w4yi;user_3148_w4yi1234;6264
user_3149_f0v7;user_3149_f0v71234;8614
user_3150_rwck;user_3150_rwck1234;6176
user_3151_igdv;user_3151_igdv1234;2171
user_3152_qqwo;user_3152_qqwo1234;2363
user_3153_91s6;user_3153_91s61234;1719
user_3154_f6e9;user_3154_f6e91234;7835
user_3155_pe5n;user_3155_pe5n1234;3242
user_3156_1p7s;user_3156_1p7s1234;7184
user_3157_c5la;user_3157_c5la1234;5054
user_3158_lffc;user_3158_lffc1234;4293
user_3159_ocb4;user_3159_ocb41234;7233
user_3160_izsr;user_3160_izsr1234;1488
user_3161_us8l;user_3161_us8l1234;9169
user_3162_ehr7;user_3162_ehr71234;2268
user_3163_xgak;user_3163_xgak1234;7980
user_3164_k42i;user_3164_k42i1234;7378
user_3165_tbc9;user_3165_tbc91234;6889
user_3166_laud;user_3166_laud1234;7313
user_3167_qt0t;user_3167_qt0t1234;3416
user_3168_in1w;user_3168_in1w1234;3333
user_3169_z0zc;user_3169_z0zc1234;7272
user_3170_lkec;user_3170_lkec1234;3651
user_3171_iacs;user_3171_iacs1234;8249
user_3172_6boq;user_3172_6boq1234;9713
user_3173_zt0p;user_3173_zt0p1234;2794
user_3174_3225;user_3174_32251234;8283
user_3175_dm0y;user_3175_dm0y1234;5661
user_3176_fs5l;user_3176_fs5l1234;7952
user_3177_km0j;user_3177_km0j1234;5611
user_3178_tlul;user_3178_tlul1234;2584
user_3179_1smv;user_3179_1smv1234;7631
user_3180_9fqr;user_3180_9fqr1234;4000
user_3181_sy61;user_3181_sy611234;5466
user_3182_ipkw;user_3182_ipkw1234;2600
user_3183_pd6k;user_3183_pd6k1234;5590
user_3184_lna9;user_3184_lna91234;4989
user_3185_nq1d;user_3185_nq1d1234;6089
user_3186_7amk;user_3186_7amk1234;1205
user_3187_eovd;user_3187_eovd1234;8744
user_3188_pj58;user_3188_pj581234;3276
user_3189_4pzu;user_3189_4pzu1234;4155
user_3190_ctrw;user_3190_ctrw1234;3005
user_3191_861p;user_3191_861p1234;6490
user_3192_vumw;user_3192_vumw1234;3318
user_3193_zzbh;user_3193_zzbh1234;1441
user_3194_peej;user_3194_peej1234;1159
user_3195_um72;user_3195_um721234;4620
user_3196_qlh9;user_3196_qlh91234;6882
user_3197_d7zq;user_3197_d7zq1234;3445
user_3198_djbl;user_3198_djbl1234;6939
user_3199_2j2m;user_3199_2j2m1234;6385
user_3200_rz01;user_3200_rz011234;2867
user_3201_bl9w;user_3201_bl9w1234;7289
user_3202_t1b8;user_3202_t1b81234;5969
user_3203_rmrk;user_3203_rmrk1234;9716
user_3204_os7m;user_3204_os7m1234;8913
user_3205_pai8;user_3205_pai81234;4991
user_3206_69x3;user_3206_69x31234;6702
user_3207_m0tr;user_3207_m0tr1234;9037
user_3208_8z82;user_3208_8z821234;3192
user_3209_p3kl;user_3209_p3kl1234;8887
user_3210_xmfy;user_3210_xmfy1234;5305
user_3211_s2zk;user_3211_s2zk1234;6575
user_3212_ehyy;user_3212_ehyy1234;1079
user_3213_hhej;user_3213_hhej1234;4245
user_3214_co5b;user_3214_co5b1234;6078
user_3215_uily;user_3215_uily1234;4200
user_3216_o6zs;user_3216_o6zs1234;9039
user_3217_7pqv;user_3217_7pqv1234;9409
user_3218_flcu;user_3218_flcu1234;5769
user_3219_d7oh;user_3219_d7oh1234;2687
user_3220_gagi;user_3220_gagi1234;7984
user_3221_g828;user_3221_g8281234;2426
user_3222_az7r;user_3222_az7r1234;2038
user_3223_wla5;user_3223_wla51234;9838
user_3224_880q;user_3224_880q1234;3973
user_3225_86a6;user_3225_86a61234;5897
user_3226_u7aq;user_3226_u7aq1234;6240
user_3227_n38o;user_3227_n38o1234;9661
user_3228_rubi;user_3228_rubi1234;7827
user_3229_e8f8;user_3229_e8f81234;2187
user_3230_1o62;user_3230_1o621234;1214
user_3231_s0qh;user_3231_s0qh1234;2431
user_3232_vaem;user_3232_vaem1234;7120
user_3233_g5mf;user_3233_g5mf1234;3240
user_3234_at1u;user_3234_at1u1234;7592
user_3235_9xnf;user_3235_9xnf1234;8553
user_3236_dwvu;user_3236_dwvu1234;8006
user_3237_bmct;user_3237_bmct1234;7590
user_3238_j2hh;user_3238_j2hh1234;6839
user_3239_k0mw;user_3239_k0mw1234;7907
user_3240_asyb;user_3240_asyb1234;1529
user_3241_uvlb;user_3241_uvlb1234;3390
user_3242_glb8;user_3242_glb81234;4800
user_3243_tt99;user_3243_tt991234;6795
user_3244_j26h;user_3244_j26h1234;7334
user_3245_ikyd;user_3245_ikyd1234;3424
user_3246_opp8;user_3246_opp81234;6040
user_3247_m271;user_3247_m2711234;7042
user_3248_oha1;user_3248_oha11234;5396
user_3249_e7tt;user_3249_e7tt1234;1447
user_3250_y51s;user_3250_y51s1234;4876
user_3251_luo4;user_3251_luo41234;3746
user_3252_jj4b;user_3252_jj4b1234;5909
user_3253_kizx;user_3253_kizx1234;8079
user_3254_7aua;user_3254_7aua1234;6555
user_3255_c18k;user_3255_c18k1234;5564
user_3256_gpqb;user_3256_gpqb1234;8765
user_3257_yek9;user_3257_yek91234;7419
user_3258_y3zt;user_3258_y3zt1234;4051
user_3259_9gc1;user_3259_9gc11234;1811
user_3260_4oan;user_3260_4oan1234;1595
user_3261_28uq;user_3261_28uq1234;9967
user_3262_p37z;user_3262_p37z1234;9629
user_3263_qq71;user_3263_qq711234;7795
user_3264_qhj0;user_3264_qhj01234;3553
user_3265_5n05;user_3265_5n051234;9112
user_3266_4dwo;user_3266_4dwo1234;8340
user_3267_rbb8;user_3267_rbb81234;6928
user_3268_5stb;user_3268_5stb1234;7812
user_3269_5yya;user_3269_5yya1234;5615
user_3270_urzq;user_3270_urzq1234;7340
user_3271_o4mh;user_3271_o4mh1234;8865
user_3272_k7kp;user_3272_k7kp1234;5777
user_3273_to0w;user_3273_to0w1234;7146
user_3274_yxaw;user_3274_yxaw1234;9876
user_3275_edwg;user_3275_edwg1234;8130
user_3276_dz05;user_3276_dz051234;1534
user_3277_g5ol;user_3277_g5ol1234;8408
user_3278_d1gu;user_3278_d1gu1234;3575
user_3279_z8q7;user_3279_z8q71234;3009
user_3280_9k5p;user_3280_9k5p1234;2138
user_3281_zz9e;user_3281_zz9e1234;6502
user_3282_ze69;user_3282_ze691234;5771
user_3283_fkql;user_3283_fkql1234;3726
user_3284_8l2r;user_3284_8l2r1234;3218
user_3285_rlyx;user_3285_rlyx1234;1084
user_3286_mj1b;user_3286_mj1b1234;2708
user_3287_p6eq;user_3287_p6eq1234;4568
user_3288_14ft;user_3288_14ft1234;4322
user_3289_0pfj;user_3289_0pfj1234;5165
user_3290_z0d1;user_3290_z0d11234;8671
user_3291_sxhm;user_3291_sxhm1234;5633
user_3292_1auu;user_3292_1auu1234;9810
user_3293_fleu;user_3293_fleu1234;7352
user_3294_fihr;user_3294_fihr1234;3251
user_3295_bkor;user_3295_bkor1234;7382
user_3296_74bk;user_3296_74bk1234;9845
user_3297_4rfy;user_3297_4rfy1234;2891
user_3298_7ox7;user_3298_7ox71234;9250
user_3299_6a47;user_3299_6a471234;4122
user_3300_zzrd;user_3300_zzrd1234;9267
user_3301_nt4l;user_3301_nt4l1234;7043
user_3302_0qyp;user_3302_0qyp1234;3557
user_3303_v3dt;user_3303_v3dt1234;6052
user_3304_q9t3;user_3304_q9t31234;1509
user_3305_9exz;user_3305_9exz1234;5363
user_3306_b9mb;user_3306_b9mb1234;2585
user_3307_q7o3;user_3307_q7o31234;4320
user_3308_kv6e;user_3308_kv6e1234;8222
user_3309_wn0j;user_3309_wn0j1234;6084
user_3310_g0si;user_3310_g0si1234;6920
user_3311_as7z;user_3311_as7z1234;9217
user_3312_bt0e;user_3312_bt0e1234;2521
user_3313_qmzr;user_3313_qmzr1234;7812
user_3314_ss0e;user_3314_ss0e1234;7089
user_3315_5rtg;user_3315_5rtg1234;4903
user_3316_uycs;user_3316_uycs1234;1549
user_3317_0pq4;user_3317_0pq41234;5811
user_3318_rcr6;user_3318_rcr61234;7209
user_3319_qvnm;user_3319_qvnm1234;5402
user_3320_z8do;user_3320_z8do1234;9377
user_3321_nopc;user_3321_nopc1234;3029
user_3322_u6e4;user_3322_u6e41234;4617
user_3323_tjqz;user_3323_tjqz1234;8634
user_3324_qmc3;user_3324_qmc31234;4644
user_3325_8p9d;user_3325_8p9d1234;1435
user_3326_00w8;user_3326_00w81234;5693
user_3327_7m1n;user_3327_7m1n1234;7179
user_3328_wt5y;user_3328_wt5y1234;6338
user_3329_pgen;user_3329_pgen1234;5641
user_3330_x7da;user_3330_x7da1234;6562
user_3331_u6he;user_3331_u6he1234;5006
user_3332_apg2;user_3332_apg21234;2315
user_3333_ua2t;user_3333_ua2t1234;6300
user_3334_65t7;user_3334_65t71234;5354
user_3335_q098;user_3335_q0981234;6685
user_3336_89cm;user_3336_89cm1234;8499
user_3337_oawx;user_3337_oawx1234;3187
user_3338_7vyw;user_3338_7vyw1234;1461
user_3339_vh3c;user_3339_vh3c1234;5372
user_3340_64n0;user_3340_64n01234;1077
user_3341_85gq;user_3341_85gq1234;9020
user_3342_nq9k;user_3342_nq9k1234;6059
user_3343_9evc;user_3343_9evc1234;3042
user_3344_ez35;user_3344_ez351234;9336
user_3345_dlxc;user_3345_dlxc1234;6161
user_3346_0fj6;user_3346_0fj61234;9683
user_3347_wm1l;user_3347_wm1l1234;4681
user_3348_dfvj;user_3348_dfvj1234;3175
user_3349_kxea;user_3349_kxea1234;8024
user_3350_0c1f;user_3350_0c1f1234;7720
user_3351_164p;user_3351_164p1234;1637
user_3352_qhvn;user_3352_qhvn1234;2718
user_3353_vr67;user_3353_vr671234;6422
user_3354_8wb1;user_3354_8wb11234;2235
user_3355_nogj;user_3355_nogj1234;7816
user_3356_8egc;user_3356_8egc1234;8170
user_3357_dh0b;user_3357_dh0b1234;6867
user_3358_moyr;user_3358_moyr1234;2162
user_3359_ejlr;user_3359_ejlr1234;8892
user_3360_8sbu;user_3360_8sbu1234;5367
user_3361_e8jr;user_3361_e8jr1234;5950
user_3362_9ql5;user_3362_9ql51234;9466
user_3363_9bbe;user_3363_9bbe1234;8392
user_3364_y0ay;user_3364_y0ay1234;9055
user_3365_04nj;user_3365_04nj1234;5673
user_3366_4lvc;user_3366_4lvc1234;7700
user_3367_4lng;user_3367_4lng1234;7283
user_3368_d1hy;user_3368_d1hy1234;8319
user_3369_upcn;user_3369_upcn1234;1222
user_3370_qdsu;user_3370_qdsu1234;7020
user_3371_tc9f;user_3371_tc9f1234;8448
user_3372_ymsh;user_3372_ymsh1234;6550
user_3373_r3sf;user_3373_r3sf1234;6427
user_3374_ions;user_3374_ions1234;1684
user_3375_e1ih;user_3375_e1ih1234;7046
user_3376_4ghh;user_3376_4ghh1234;2894
user_3377_kvud;user_3377_kvud1234;3203
user_3378_r061;user_3378_r0611234;4981
user_3379_kn7d;user_3379_kn7d1234;7506
user_3380_atp7;user_3380_atp71234;1934
user_3381_3mmc;user_3381_3mmc1234;5266
user_3382_5cfb;user_3382_5cfb1234;4133
user_3383_v6x0;user_3383_v6x01234;3387
user_3384_65ir;user_3384_65ir1234;3266
user_3385_rfoo;user_3385_rfoo1234;8566
user_3386_1lq2;user_3386_1lq21234;5870
user_3387_go0x;user_3387_go0x1234;2194
user_3388_0ng5;user_3388_0ng51234;9337
user_3389_uazg;user_3389_uazg1234;8206
user_3390_4ldh;user_3390_4ldh1234;8442
user_3391_orta;user_3391_orta1234;7309
user_3392_dctr;user_3392_dctr1234;2867
user_3393_890s;user_3393_890s1234;4644
user_3394_njx2;user_3394_njx21234;6529
user_3395_t7zc;user_3395_t7zc1234;1879
user_3396_x358;user_3396_x3581234;2922
user_3397_2ah5;user_3397_2ah51234;8069
user_3398_93e5;user_3398_93e51234;4731
user_3399_6z9o;user_3399_6z9o1234;8858
user_3400_ohcc;user_3400_ohcc1234;5947
user_3401_41d3;user_3401_41d31234;8472
user_3402_zkrs;user_3402_zkrs1234;3188
user_3403_3w3m;user_3403_3w3m1234;6570
user_3404_x0im;user_3404_x0im1234;2162
user_3405_tiyu;user_3405_tiyu1234;5770
user_3406_9zor;user_3406_9zor1234;6447
user_3407_us0g;user_3407_us0g1234;4391
user_3408_t0zj;user_3408_t0zj1234;3120
user_3409_hopv;user_3409_hopv1234;4565
user_3410_c6z4;user_3410_c6z41234;7640
user_3411_x4bc;user_3411_x4bc1234;9815
user_3412_75uw;user_3412_75uw1234;9187
user_3413_24aw;user_3413_24aw1234;9001
user_3414_1sxq;user_3414_1sxq1234;6611
user_3415_y4ik;user_3415_y4ik1234;5991
user_3416_zqq0;user_3416_zqq01234;5291
user_3417_wb72;user_3417_wb721234;7718
user_3418_0v9i;user_3418_0v9i1234;9576
user_3419_z3c9;user_3419_z3c91234;5390
user_3420_csee;user_3420_csee1234;7499
user_3421_fsyi;user_3421_fsyi1234;2004
user_3422_843n;user_3422_843n1234;5441
user_3423_4udn;user_3423_4udn1234;7469
user_3424_kezv;user_3424_kezv1234;4721
user_3425_7tkr;user_3425_7tkr1234;8783
user_3426_l9p0;user_3426_l9p01234;6736
user_3427_2yz0;user_3427_2yz01234;6258
user_3428_z56a;user_3428_z56a1234;3728
user_3429_m01v;user_3429_m01v1234;3434
user_3430_f6eu;user_3430_f6eu1234;8882
user_3431_tg58;user_3431_tg581234;9822
user_3432_0lzy;user_3432_0lzy1234;3912
user_3433_ibbg;user_3433_ibbg1234;6782
user_3434_8ghs;user_3434_8ghs1234;3751
user_3435_wb6d;user_3435_wb6d1234;8550
user_3436_8zle;user_3436_8zle1234;9893
user_3437_1ta7;user_3437_1ta71234;1798
user_3438_1mqu;user_3438_1mqu1234;1288
user_3439_l0ga;user_3439_l0ga1234;6251
user_3440_pg53;user_3440_pg531234;1971
user_3441_senx;user_3441_senx1234;5871
user_3442_bv4g;user_3442_bv4g1234;9540
user_3443_m62u;user_3443_m62u1234;8295
user_3444_2rrh;user_3444_2rrh1234;1566
user_3445_agwd;user_3445_agwd1234;9779
user_3446_awxp;user_3446_awxp1234;6771
user_3447_s67i;user_3447_s67i1234;9055
user_3448_e7jk;user_3448_e7jk1234;8475
user_3449_y5hm;user_3449_y5hm1234;6264
user_3450_b096;user_3450_b0961234;6282
user_3451_pstp;user_3451_pstp1234;5500
user_3452_1jib;user_3452_1jib1234;6207
user_3453_fomp;user_3453_fomp1234;6084
user_3454_cw69;user_3454_cw691234;7278
user_3455_nbig;user_3455_nbig1234;1247
user_3456_isrb;user_3456_isrb1234;6500
user_3457_7513;user_3457_75131234;4486
user_3458_w8o9;user_3458_w8o91234;2096
user_3459_7yls;user_3459_7yls1234;1822
user_3460_52wx;user_3460_52wx1234;1909
user_3461_orz5;user_3461_orz51234;9253
user_3462_0uck;user_3462_0uck1234;1303
user_3463_j8wy;user_3463_j8wy1234;5117
user_3464_18so;user_3464_18so1234;7490
user_3465_kp0j;user_3465_kp0j1234;8174
user_3466_lzee;user_3466_lzee1234;6610
user_3467_0667;user_3467_06671234;8953
user_3468_sn3v;user_3468_sn3v1234;3494
user_3469_wpnq;user_3469_wpnq1234;8177
user_3470_gkwr;user_3470_gkwr1234;6592
user_3471_lutb;user_3471_lutb1234;4021
user_3472_td1g;user_3472_td1g1234;3245
user_3473_po9c;user_3473_po9c1234;5741
user_3474_ids5;user_3474_ids51234;7929
user_3475_nl0t;user_3475_nl0t1234;9762
user_3476_vxbg;user_3476_vxbg1234;9351
user_3477_21cz;user_3477_21cz1234;3290
user_3478_1px0;user_3478_1px01234;6503
user_3479_7kdw;user_3479_7kdw1234;3817
user_3480_sohw;user_3480_sohw1234;8734
user_3481_xi01;user_3481_xi011234;8546
user_3482_rvl7;user_3482_rvl71234;4724
user_3483_6ci4;user_3483_6ci41234;8202
user_3484_c728;user_3484_c7281234;9387
user_3485_mg9o;user_3485_mg9o1234;6988
user_3486_189i;user_3486_189i1234;9773
user_3487_ptpm;user_3487_ptpm1234;3517
user_3488_k91o;user_3488_k91o1234;3548
user_3489_jgo8;user_3489_jgo81234;7779
user_3490_sew3;user_3490_sew31234;9486
user_3491_btab;user_3491_btab1234;9020
user_3492_y5no;user_3492_y5no1234;8419
user_3493_bm2l;user_3493_bm2l1234;2630
user_3494_vaqp;user_3494_vaqp1234;3378
user_3495_29rf;user_3495_29rf1234;1829
user_3496_mmp9;user_3496_mmp91234;5540
user_3497_2gk4;user_3497_2gk41234;2974
user_3498_7hm8;user_3498_7hm81234;3291
user_3499_s652;user_3499_s6521234;9658
user_3500_vpdp;user_3500_vpdp1234;8981
user_3501_lf94;user_3501_lf941234;5656
user_3502_crsm;user_3502_crsm1234;6425
user_3503_yoz3;user_3503_yoz31234;6845
user_3504_g8bt;user_3504_g8bt1234;3981
user_3505_ybfy;user_3505_ybfy1234;1522
user_3506_jcs7;user_3506_jcs71234;2288
user_3507_2kx7;user_3507_2kx71234;3667
user_3508_okzn;user_3508_okzn1234;4056
user_3509_um63;user_3509_um631234;1671
user_3510_lnma;user_3510_lnma1234;6814
user_3511_9d0r;user_3511_9d0r1234;3697
user_3512_64m1;user_3512_64m11234;9431
user_3513_c6m1;user_3513_c6m11234;8285
user_3514_b0cu;user_3514_b0cu1234;6137
user_3515_gzl7;user_3515_gzl71234;7576
user_3516_zaeu;user_3516_zaeu1234;9758
user_3517_regi;user_3517_regi1234;8426
user_3518_gy76;user_3518_gy761234;8485
user_3519_uopn;user_3519_uopn1234;9523
user_3520_2brc;user_3520_2brc1234;7725
user_3521_rwc8;user_3521_rwc81234;6709
user_3522_5t1q;user_3522_5t1q1234;3480
user_3523_9gvp;user_3523_9gvp1234;3105
user_3524_9c7c;user_3524_9c7c1234;6217
user_3525_c1d3;user_3525_c1d31234;8470
user_3526_ct0i;user_3526_ct0i1234;8103
user_3527_l6ca;user_3527_l6ca1234;6463
user_3528_1gca;user_3528_1gca1234;8119
user_3529_u65h;user_3529_u65h1234;2680
user_3530_0vme;user_3530_0vme1234;5556
user_3531_je0s;user_3531_je0s1234;7834
user_3532_eews;user_3532_eews1234;1273
user_3533_54k4;user_3533_54k41234;4770
user_3534_djzd;user_3534_djzd1234;9790
user_3535_nplk;user_3535_nplk1234;7267
user_3536_tmj7;user_3536_tmj71234;2517
user_3537_n55g;user_3537_n55g1234;1061
user_3538_u6yf;user_3538_u6yf1234;9396
user_3539_rn1j;user_3539_rn1j1234;8540
user_3540_k69h;user_3540_k69h1234;9407
user_3541_d36w;user_3541_d36w1234;8363
user_3542_fnzb;user_3542_fnzb1234;3255
user_3543_1em2;user_3543_1em21234;5834
user_3544_3g9h;user_3544_3g9h1234;4634
user_3545_kzfd;user_3545_kzfd1234;1072
user_3546_3bdl;user_3546_3bdl1234;3582
user_3547_pzqh;user_3547_pzqh1234;5951
user_3548_vke7;user_3548_vke71234;4599
user_3549_7yix;user_3549_7yix1234;8519
user_3550_zi4t;user_3550_zi4t1234;8667
user_3551_8qye;user_3551_8qye1234;4074
user_3552_i8a1;user_3552_i8a11234;5021
user_3553_dlh2;user_3553_dlh21234;7863
user_3554_koht;user_3554_koht1234;1300
user_3555_ivzb;user_3555_ivzb1234;4417
user_3556_xv3o;user_3556_xv3o1234;4320
user_3557_0c7x;user_3557_0c7x1234;5306
user_3558_cykh;user_3558_cykh1234;4367
user_3559_dw62;user_3559_dw621234;2235
user_3560_8shn;user_3560_8shn1234;6410
user_3561_fia2;user_3561_fia21234;2083
user_3562_pz6k;user_3562_pz6k1234;4679
user_3563_sufo;user_3563_sufo1234;8418
user_3564_tvdm;user_3564_tvdm1234;8028
user_3565_zjjs;user_3565_zjjs1234;4756
user_3566_a724;user_3566_a7241234;2706
user_3567_ecu0;user_3567_ecu01234;6675
user_3568_io5q;user_3568_io5q1234;6010
user_3569_b1v6;user_3569_b1v61234;8640
user_3570_cnf9;user_3570_cnf91234;8820
user_3571_3ktj;user_3571_3ktj1234;8101
user_3572_v2ws;user_3572_v2ws1234;7338
user_3573_f57g;user_3573_f57g1234;4126
user_3574_ecjz;user_3574_ecjz1234;5198
user_3575_6ftl;user_3575_6ftl1234;5709
user_3576_yzt6;user_3576_yzt61234;8133
user_3577_28nc;user_3577_28nc1234;7160
user_3578_j22i;user_3578_j22i1234;2968
user_3579_cc0k;user_3579_cc0k1234;9291
user_3580_fafw;user_3580_fafw1234;4289
user_3581_55mn;user_3581_55mn1234;9136
user_3582_ud0n;user_3582_ud0n1234;7139
user_3583_60vz;user_3583_60vz1234;1440
user_3584_8x75;user_3584_8x751234;3087
user_3585_mlxj;user_3585_mlxj1234;3362
user_3586_b4le;user_3586_b4le1234;1450
user_3587_kxwy;user_3587_kxwy1234;3209
user_3588_rdxx;user_3588_rdxx1234;3761
user_3589_ttqb;user_3589_ttqb1234;3705
user_3590_j7rg;user_3590_j7rg1234;6610
user_3591_svo3;user_3591_svo31234;3444
user_3592_jkyt;user_3592_jkyt1234;6363
user_3593_tvzl;user_3593_tvzl1234;7664
user_3594_2zam;user_3594_2zam1234;8731
user_3595_cp4p;user_3595_cp4p1234;6460
user_3596_xd45;user_3596_xd451234;3760
user_3597_7ajk;user_3597_7ajk1234;5027
user_3598_sh7g;user_3598_sh7g1234;8120
user_3599_n9nq;user_3599_n9nq1234;1388
user_3600_jre7;user_3600_jre71234;8046
user_3601_caj9;user_3601_caj91234;5949
user_3602_1ieh;user_3602_1ieh1234;2980
user_3603_yfx8;user_3603_yfx81234;9352
user_3604_z2g1;user_3604_z2g11234;2456
user_3605_o9yw;user_3605_o9yw1234;3721
user_3606_57i1;user_3606_57i11234;8630
user_3607_dt64;user_3607_dt641234;4777
user_3608_cd2t;user_3608_cd2t1234;2609
user_3609_92n0;user_3609_92n01234;7318
user_3610_ujoq;user_3610_ujoq1234;8579
user_3611_zgwy;user_3611_zgwy1234;1912
user_3612_6pt3;user_3612_6pt31234;9574
user_3613_9w1f;user_3613_9w1f1234;2634
user_3614_w500;user_3614_w5001234;5750
user_3615_dvyv;user_3615_dvyv1234;9130
user_3616_tu4a;user_3616_tu4a1234;7430
user_3617_18h4;user_3617_18h41234;5738
user_3618_r25b;user_3618_r25b1234;2047
user_3619_1cwd;user_3619_1cwd1234;3785
user_3620_jq92;user_3620_jq921234;8294
user_3621_32rg;user_3621_32rg1234;2755
user_3622_2wrm;user_3622_2wrm1234;4028
user_3623_fjoq;user_3623_fjoq1234;9504
user_3624_gmgy;user_3624_gmgy1234;3856
user_3625_7jpu;user_3625_7jpu1234;2233
user_3626_5eo1;user_3626_5eo11234;3122
user_3627_duzy;user_3627_duzy1234;7727
user_3628_7u9h;user_3628_7u9h1234;9830
user_3629_57tu;user_3629_57tu1234;8966
user_3630_570t;user_3630_570t1234;6588
user_3631_4k19;user_3631_4k191234;7653
user_3632_yy8z;user_3632_yy8z1234;3927
user_3633_m807;user_3633_m8071234;7548
user_3634_9cca;user_3634_9cca1234;3154
user_3635_yf0w;user_3635_yf0w1234;7230
user_3636_43cd;user_3636_43cd1234;2716
user_3637_tcop;user_3637_tcop1234;4356
user_3638_efhm;user_3638_efhm1234;7131
user_3639_2s5i;user_3639_2s5i1234;9133
user_3640_71ay;user_3640_71ay1234;1224
user_3641_6uri;user_3641_6uri1234;8184
user_3642_jil5;user_3642_jil51234;4677
user_3643_rcqj;user_3643_rcqj1234;5442
user_3644_hmv1;user_3644_hmv11234;1374
user_3645_okwx;user_3645_okwx1234;3629
user_3646_6gwz;user_3646_6gwz1234;8333
user_3647_aia9;user_3647_aia91234;4243
user_3648_77ph;user_3648_77ph1234;9547
user_3649_m7p3;user_3649_m7p31234;5380
user_3650_esbe;user_3650_esbe1234;9925
user_3651_zbof;user_3651_zbof1234;3717
user_3652_mbur;user_3652_mbur1234;7856
user_3653_mju1;user_3653_mju11234;6584
user_3654_brqo;user_3654_brqo1234;5890
user_3655_a97b;user_3655_a97b1234;4433
user_3656_cj0h;user_3656_cj0h1234;3685
user_3657_oa7o;user_3657_oa7o1234;9508
user_3658_v30m;user_3658_v30m1234;2965
user_3659_gp41;user_3659_gp411234;6993
user_3660_6ffk;user_3660_6ffk1234;1908
user_3661_i8sz;user_3661_i8sz1234;4757
user_3662_uina;user_3662_uina1234;3675
user_3663_s76m;user_3663_s76m1234;7043
user_3664_27ih;user_3664_27ih1234;1573
user_3665_w9a9;user_3665_w9a91234;7910
user_3666_zv2b;user_3666_zv2b1234;4384
user_3667_3nrm;user_3667_3nrm1234;7240
user_3668_3bsy;user_3668_3bsy1234;4169
user_3669_d8qa;user_3669_d8qa1234;4785
user_3670_5l4c;user_3670_5l4c1234;7304
user_3671_ds24;user_3671_ds241234;7298
user_3672_185k;user_3672_185k1234;9080
user_3673_ob6k;user_3673_ob6k1234;2364
user_3674_cg87;user_3674_cg871234;7453
user_3675_2ovl;user_3675_2ovl1234;8357
user_3676_zhc8;user_3676_zhc81234;4756
user_3677_0e1v;user_3677_0e1v1234;4766
user_3678_t6j4;user_3678_t6j41234;5247
user_3679_dte4;user_3679_dte41234;2459
user_3680_dv45;user_3680_dv451234;1241
user_3681_kg6e;user_3681_kg6e1234;6523
user_3682_ef51;user_3682_ef511234;2526
user_3683_h4fl;user_3683_h4fl1234;6437
user_3684_sw14;user_3684_sw141234;4167
user_3685_np00;user_3685_np001234;6143
user_3686_v4do;user_3686_v4do1234;4903
user_3687_lxwm;user_3687_lxwm1234;1552
user_3688_qbfr;user_3688_qbfr1234;7447
user_3689_st6m;user_3689_st6m1234;1104
user_3690_9sbg;user_3690_9sbg1234;8283
user_3691_zhra;user_3691_zhra1234;3551
user_3692_606j;user_3692_606j1234;3769
user_3693_qca2;user_3693_qca21234;2315
user_3694_5v0i;user_3694_5v0i1234;8418
user_3695_xz5g;user_3695_xz5g1234;9893
user_3696_et21;user_3696_et211234;9086
user_3697_netu;user_3697_netu1234;4068
user_3698_y95l;user_3698_y95l1234;1970
user_3699_05yo;user_3699_05yo1234;8670
user_3700_om0j;user_3700_om0j1234;5265
user_3701_sxle;user_3701_sxle1234;8547
user_3702_hikb;user_3702_hikb1234;1831
user_3703_ppag;user_3703_ppag1234;2619
user_3704_ou76;user_3704_ou761234;8550
user_3705_xpcs;user_3705_xpcs1234;1106
user_3706_2vz0;user_3706_2vz01234;7731
user_3707_ogjc;user_3707_ogjc1234;8406
user_3708_pshg;user_3708_pshg1234;9424
user_3709_7bjh;user_3709_7bjh1234;4816
user_3710_x1eb;user_3710_x1eb1234;4309
user_3711_qbsi;user_3711_qbsi1234;7620
user_3712_d4ld;user_3712_d4ld1234;2679
user_3713_62oc;user_3713_62oc1234;3215
user_3714_qayw;user_3714_qayw1234;7719
user_3715_5pmf;user_3715_5pmf1234;7942
user_3716_g0s1;user_3716_g0s11234;1646
user_3717_5hk2;user_3717_5hk21234;9770
user_3718_cb4n;user_3718_cb4n1234;9065
user_3719_qtqk;user_3719_qtqk1234;4325
user_3720_2yu0;user_3720_2yu01234;2762
user_3721_92bf;user_3721_92bf1234;3631
user_3722_oaaq;user_3722_oaaq1234;3105
user_3723_shlm;user_3723_shlm1234;4928
user_3724_8yym;user_3724_8yym1234;6172
user_3725_6isj;user_3725_6isj1234;3969
user_3726_m8gd;user_3726_m8gd1234;3272
user_3727_60r2;user_3727_60r21234;5439
user_3728_h32c;user_3728_h32c1234;3700
user_3729_j8b1;user_3729_j8b11234;4592
user_3730_q9s1;user_3730_q9s11234;7014
user_3731_2nkt;user_3731_2nkt1234;4173
user_3732_y1wt;user_3732_y1wt1234;2203
user_3733_aso9;user_3733_aso91234;6468
user_3734_arbq;user_3734_arbq1234;7648
user_3735_b17r;user_3735_b17r1234;1805
user_3736_rcfi;user_3736_rcfi1234;5512
user_3737_1yqm;user_3737_1yqm1234;7622
user_3738_okrr;user_3738_okrr1234;2585
user_3739_qdt6;user_3739_qdt61234;8795
user_3740_ruwl;user_3740_ruwl1234;6193
user_3741_8mhp;user_3741_8mhp1234;7098
user_3742_elrk;user_3742_elrk1234;6477
user_3743_aion;user_3743_aion1234;1433
user_3744_m8a8;user_3744_m8a81234;6445
user_3745_6o5a;user_3745_6o5a1234;9114
user_3746_npay;user_3746_npay1234;6584
user_3747_wj39;user_3747_wj391234;2666
user_3748_af6i;user_3748_af6i1234;5435
user_3749_o9cl;user_3749_o9cl1234;8048
user_3750_hd9y;user_3750_hd9y1234;3701
user_3751_j7tu;user_3751_j7tu1234;3070
user_3752_t3h4;user_3752_t3h41234;1935
user_3753_u6xn;user_3753_u6xn1234;9271
user_3754_61l3;user_3754_61l31234;8767
user_3755_bu8q;user_3755_bu8q1234;5578
user_3756_k67o;user_3756_k67o1234;2950
user_3757_48o8;user_3757_48o81234;4495
user_3758_upym;user_3758_upym1234;7683
user_3759_6q4f;user_3759_6q4f1234;2578
user_3760_a3tl;user_3760_a3tl1234;1705
user_3761_7pu9;user_3761_7pu91234;9172
user_3762_m6sq;user_3762_m6sq1234;9707
user_3763_d24c;user_3763_d24c1234;6946
user_3764_2xew;user_3764_2xew1234;5381
user_3765_z0rv;user_3765_z0rv1234;3236
user_3766_jlet;user_3766_jlet1234;4172
user_3767_qa0y;user_3767_qa0y1234;4251
user_3768_d4ys;user_3768_d4ys1234;8146
user_3769_4e2j;user_3769_4e2j1234;4123
user_3770_cy8g;user_3770_cy8g1234;5452
user_3771_q88x;user_3771_q88x1234;7532
user_3772_s0qn;user_3772_s0qn1234;5834
user_3773_1eqe;user_3773_1eqe1234;8167
user_3774_setm;user_3774_setm1234;9509
user_3775_74pw;user_3775_74pw1234;8547
user_3776_xqmz;user_3776_xqmz1234;4256
user_3777_wtan;user_3777_wtan1234;6192
user_3778_2y2r;user_3778_2y2r1234;7671
user_3779_12hn;user_3779_12hn1234;4637
user_3780_1lsi;user_3780_1lsi1234;6383
user_3781_v2zq;user_3781_v2zq1234;5335
user_3782_u36i;user_3782_u36i1234;9566
user_3783_66q1;user_3783_66q11234;3751
user_3784_f5z2;user_3784_f5z21234;4646
user_3785_tzmk;user_3785_tzmk1234;5190
user_3786_zux3;user_3786_zux31234;6993
user_3787_2r3d;user_3787_2r3d1234;4296
user_3788_wmgf;user_3788_wmgf1234;5365
user_3789_7irj;user_3789_7irj1234;1091
user_3790_wg7h;user_3790_wg7h1234;1163
user_3791_qhqh;user_3791_qhqh1234;4180
user_3792_1psy;user_3792_1psy1234;6046
user_3793_dg6j;user_3793_dg6j1234;6501
user_3794_u3mx;user_3794_u3mx1234;1486
user_3795_laei;user_3795_laei1234;2714
user_3796_gsar;user_3796_gsar1234;1495
user_3797_n6kj;user_3797_n6kj1234;2571
user_3798_kx1m;user_3798_kx1m1234;7392
user_3799_zyl4;user_3799_zyl41234;1183
user_3800_nqbo;user_3800_nqbo1234;9399
user_3801_c1dy;user_3801_c1dy1234;5534
user_3802_v81r;user_3802_v81r1234;8843
user_3803_d2qc;user_3803_d2qc1234;6128
user_3804_6sic;user_3804_6sic1234;9733
user_3805_71gs;user_3805_71gs1234;6491
user_3806_hy6g;user_3806_hy6g1234;1261
user_3807_uh8s;user_3807_uh8s1234;7404
user_3808_3qb2;user_3808_3qb21234;1511
user_3809_pdcb;user_3809_pdcb1234;7370
user_3810_8hem;user_3810_8hem1234;2368
user_3811_m3zv;user_3811_m3zv1234;2331
user_3812_n4md;user_3812_n4md1234;7471
user_3813_5skw;user_3813_5skw1234;3662
user_3814_o6tq;user_3814_o6tq1234;9901
user_3815_glbh;user_3815_glbh1234;2381
user_3816_3zaj;user_3816_3zaj1234;5950
user_3817_4cuj;user_3817_4cuj1234;3351
user_3818_zznn;user_3818_zznn1234;7666
user_3819_ddwl;user_3819_ddwl1234;5552
user_3820_9e9u;user_3820_9e9u1234;2163
user_3821_htps;user_3821_htps1234;9203
user_3822_wes7;user_3822_wes71234;1135
user_3823_76a1;user_3823_76a11234;7080
user_3824_qm9i;user_3824_qm9i1234;8038
user_3825_r11b;user_3825_r11b1234;1027
user_3826_ef6k;user_3826_ef6k1234;8924
user_3827_e432;user_3827_e4321234;7561
user_3828_bn1y;user_3828_bn1y1234;2375
user_3829_5pmm;user_3829_5pmm1234;5031
user_3830_otk2;user_3830_otk21234;9395
user_3831_r2uo;user_3831_r2uo1234;4730
user_3832_3ioa;user_3832_3ioa1234;1880
user_3833_un4p;user_3833_un4p1234;2419
user_3834_bjsm;user_3834_bjsm1234;5369
user_3835_dalj;user_3835_dalj1234;9212
user_3836_b8qn;user_3836_b8qn1234;9361
user_3837_iy8a;user_3837_iy8a1234;4254
user_3838_wod0;user_3838_wod01234;4048
user_3839_cbk1;user_3839_cbk11234;6180
user_3840_t937;user_3840_t9371234;8844
user_3841_amjm;user_3841_amjm1234;1921
user_3842_h3wg;user_3842_h3wg1234;6031
user_3843_kyoh;user_3843_kyoh1234;4687
user_3844_c48h;user_3844_c48h1234;9785
user_3845_ozz1;user_3845_ozz11234;8573
user_3846_ynyh;user_3846_ynyh1234;9111
user_3847_549n;user_3847_549n1234;1089
user_3848_n1i3;user_3848_n1i31234;5497
user_3849_63e6;user_3849_63e61234;2166
user_3850_mcsm;user_3850_mcsm1234;3887
user_3851_664s;user_3851_664s1234;6753
user_3852_xs1m;user_3852_xs1m1234;1211
user_3853_jubw;user_3853_jubw1234;3212
user_3854_ttdm;user_3854_ttdm1234;5630
user_3855_uix3;user_3855_uix31234;1274
user_3856_cvmr;user_3856_cvmr1234;9450
user_3857_w8s7;user_3857_w8s71234;8088
user_3858_1i0l;user_3858_1i0l1234;2004
user_3859_8fzt;user_3859_8fzt1234;9898
user_3860_prk6;user_3860_prk61234;2671
user_3861_ht01;user_3861_ht011234;4285
user_3862_7tjs;user_3862_7tjs1234;7870
user_3863_06de;user_3863_06de1234;8947
user_3864_arq3;user_3864_arq31234;3244
user_3865_qqhn;user_3865_qqhn1234;1804
user_3866_6rsx;user_3866_6rsx1234;9277
user_3867_ckcz;user_3867_ckcz1234;1455
user_3868_bf71;user_3868_bf711234;6396
user_3869_7doz;user_3869_7doz1234;8551
user_3870_zyry;user_3870_zyry1234;7184
user_3871_w4d6;user_3871_w4d61234;7750
user_3872_rhc7;user_3872_rhc71234;8338
user_3873_pjkl;user_3873_pjkl1234;9748
user_3874_5zc1;user_3874_5zc11234;2325
user_3875_3dxg;user_3875_3dxg1234;1441
user_3876_6629;user_3876_66291234;7707
user_3877_m2xr;user_3877_m2xr1234;8680
user_3878_b3ap;user_3878_b3ap1234;7155
user_3879_4bu4;user_3879_4bu41234;6124
user_3880_27iu;user_3880_27iu1234;6140
user_3881_j0oi;user_3881_j0oi1234;3827
user_3882_9r80;user_3882_9r801234;7616
user_3883_x96e;user_3883_x96e1234;2236
user_3884_39q5;user_3884_39q51234;2859
user_3885_c6g8;user_3885_c6g81234;9129
user_3886_iyd2;user_3886_iyd21234;9059
user_3887_ttbv;user_3887_ttbv1234;6587
user_3888_872p;user_3888_872p1234;3043
user_3889_2g46;user_3889_2g461234;5280
user_3890_6zkn;user_3890_6zkn1234;9252
user_3891_4qa8;user_3891_4qa81234;9532
user_3892_zm5j;user_3892_zm5j1234;1492
user_3893_pxrk;user_3893_pxrk1234;3445
user_3894_ubwr;user_3894_ubwr1234;5545
user_3895_jxcv;user_3895_jxcv1234;9399
user_3896_s6zc;user_3896_s6zc1234;6383
user_3897_mvu2;user_3897_mvu21234;3561
user_3898_32fw;user_3898_32fw1234;7001
user_3899_q0jl;user_3899_q0jl1234;8493
user_3900_s8hw;user_3900_s8hw1234;8009
user_3901_r8tt;user_3901_r8tt1234;6923
user_3902_xq57;user_3902_xq571234;8402
user_3903_of2a;user_3903_of2a1234;2032
user_3904_w2pc;user_3904_w2pc1234;6946
user_3905_48do;user_3905_48do1234;1181
user_3906_8wa8;user_3906_8wa81234;3649
user_3907_zha8;user_3907_zha81234;4616
user_3908_w1sa;user_3908_w1sa1234;4229
user_3909_rltj;user_3909_rltj1234;8881
user_3910_hbns;user_3910_hbns1234;1181
user_3911_mjnx;user_3911_mjnx1234;4131
user_3912_5io1;user_3912_5io11234;4150
user_3913_vm6z;user_3913_vm6z1234;5477
user_3914_ts76;user_3914_ts761234;4917
user_3915_i8nn;user_3915_i8nn1234;9332
user_3916_x69j;user_3916_x69j1234;5853
user_3917_oykx;user_3917_oykx1234;2251
user_3918_qcpr;user_3918_qcpr1234;7596
user_3919_q3b1;user_3919_q3b11234;1362
user_3920_6n30;user_3920_6n301234;2069
user_3921_fxlu;user_3921_fxlu1234;1715
user_3922_s9lt;user_3922_s9lt1234;9435
user_3923_sn1n;user_3923_sn1n1234;3190
user_3924_64ww;user_3924_64ww1234;2004
user_3925_2vay;user_3925_2vay1234;6607
user_3926_mqg8;user_3926_mqg81234;9165
user_3927_132u;user_3927_132u1234;1520
user_3928_c979;user_3928_c9791234;1465
user_3929_m6jf;user_3929_m6jf1234;6876
user_3930_hhmu;user_3930_hhmu1234;1707
user_3931_iltp;user_3931_iltp1234;4197
user_3932_59wn;user_3932_59wn1234;2388
user_3933_7uaw;user_3933_7uaw1234;2480
user_3934_xy7t;user_3934_xy7t1234;5349
user_3935_bgey;user_3935_bgey1234;1770
user_3936_wuha;user_3936_wuha1234;8684
user_3937_qkqn;user_3937_qkqn1234;1394
user_3938_cypn;user_3938_cypn1234;8121
user_3939_zcxt;user_3939_zcxt1234;9414
user_3940_ip3r;user_3940_ip3r1234;1358
user_3941_qcr0;user_3941_qcr01234;3715
user_3942_2i6g;user_3942_2i6g1234;7251
user_3943_ir7a;user_3943_ir7a1234;1869
user_3944_d5hn;user_3944_d5hn1234;2956
user_3945_11z0;user_3945_11z01234;4466
user_3946_dedu;user_3946_dedu1234;6698
user_3947_5hhd;user_3947_5hhd1234;4470
user_3948_37wo;user_3948_37wo1234;2140
user_3949_5v63;user_3949_5v631234;9122
user_3950_f4i1;user_3950_f4i11234;8462
user_3951_mlip;user_3951_mlip1234;4936
user_3952_zvcl;user_3952_zvcl1234;4623
user_3953_b7sk;user_3953_b7sk1234;2925
user_3954_f751;user_3954_f7511234;7940
user_3955_ohh5;user_3955_ohh51234;6169
user_3956_pn6z;user_3956_pn6z1234;2021
user_3957_8hjw;user_3957_8hjw1234;8860
user_3958_vqto;user_3958_vqto1234;3347
user_3959_t1oz;user_3959_t1oz1234;9990
user_3960_3191;user_3960_31911234;2536
user_3961_s1wg;user_3961_s1wg1234;7642
user_3962_kr33;user_3962_kr331234;6421
user_3963_pam7;user_3963_pam71234;1685
user_3964_r5ip;user_3964_r5ip1234;8872
user_3965_ctnt;user_3965_ctnt1234;3936
user_3966_ufji;user_3966_ufji1234;8652
user_3967_gecf;user_3967_gecf1234;5685
user_3968_bowi;user_3968_bowi1234;2069
user_3969_nwwc;user_3969_nwwc1234;1401
user_3970_vw90;user_3970_vw901234;3768
user_3971_sgkv;user_3971_sgkv1234;4289
user_3972_z9ll;user_3972_z9ll1234;3300
user_3973_0dqa;user_3973_0dqa1234;9509
user_3974_uk37;user_3974_uk371234;4462
user_3975_6gak;user_3975_6gak1234;7528
user_3976_4zwt;user_3976_4zwt1234;1963
user_3977_itog;user_3977_itog1234;6011
user_3978_aqz4;user_3978_aqz41234;7232
user_3979_w4tv;user_3979_w4tv1234;2359
user_3980_xks0;user_3980_xks01234;4327
user_3981_iwe6;user_3981_iwe61234;5847
user_3982_4wv3;user_3982_4wv31234;3295
user_3983_f2pm;user_3983_f2pm1234;7716
user_3984_vkkp;user_3984_vkkp1234;2818
user_3985_qqa8;user_3985_qqa81234;2933
user_3986_nm4l;user_3986_nm4l1234;7426
user_3987_hdqg;user_3987_hdqg1234;9665
user_3988_x5eo;user_3988_x5eo1234;8718
user_3989_496s;user_3989_496s1234;8479
user_3990_ezus;user_3990_ezus1234;1721
user_3991_cv4n;user_3991_cv4n1234;7340
user_3992_9u1h;user_3992_9u1h1234;8594
user_3993_9554;user_3993_95541234;5537
user_3994_9qp4;user_3994_9qp41234;8782
user_3995_fz1i;user_3995_fz1i1234;5904
user_3996_gjss;user_3996_gjss1234;5711
user_3997_hu8e;user_3997_hu8e1234;6813
user_3998_xn5w;user_3998_xn5w1234;4001
user_3999_egcr;user_3999_egcr1234;6502
user_4000_b9i8;user_4000_b9i81234;2788
user_4001_za1b;user_4001_za1b1234;7171
user_4002_gp9y;user_4002_gp9y1234;3466
user_4003_aecc;user_4003_aecc1234;5403
user_4004_t5d0;user_4004_t5d01234;4430
user_4005_q90v;user_4005_q90v1234;3549
user_4006_182t;user_4006_182t1234;7198
user_4007_hdbg;user_4007_hdbg1234;3148
user_4008_3z27;user_4008_3z271234;9034
user_4009_q719;user_4009_q7191234;6383
user_4010_i652;user_4010_i6521234;6600
user_4011_9to4;user_4011_9to41234;9913
user_4012_qjd9;user_4012_qjd91234;1390
user_4013_7e5o;user_4013_7e5o1234;7357
user_4014_y1w5;user_4014_y1w51234;1346
user_4015_kn8s;user_4015_kn8s1234;4045
user_4016_0by5;user_4016_0by51234;6663
user_4017_vknk;user_4017_vknk1234;6603
user_4018_o1li;user_4018_o1li1234;7788
user_4019_sg27;user_4019_sg271234;1756
user_4020_75if;user_4020_75if1234;3322
user_4021_o19z;user_4021_o19z1234;3184
user_4022_qqkx;user_4022_qqkx1234;4828
user_4023_7h0l;user_4023_7h0l1234;9991
user_4024_e0b1;user_4024_e0b11234;1521
user_4025_ppgx;user_4025_ppgx1234;8045
user_4026_odrw;user_4026_odrw1234;9056
user_4027_ubcv;user_4027_ubcv1234;3857
user_4028_9o8g;user_4028_9o8g1234;1311
user_4029_f0yw;user_4029_f0yw1234;2617
user_4030_scuc;user_4030_scuc1234;6642
user_4031_bgsz;user_4031_bgsz1234;6691
user_4032_fcco;user_4032_fcco1234;5084
user_4033_p3ny;user_4033_p3ny1234;5204
user_4034_6ctg;user_4034_6ctg1234;9273
user_4035_7hhr;user_4035_7hhr1234;9840
user_4036_pyzu;user_4036_pyzu1234;4742
user_4037_3g99;user_4037_3g991234;7183
user_4038_k6z0;user_4038_k6z01234;2193
user_4039_txhg;user_4039_txhg1234;8246
user_4040_37yw;user_4040_37yw1234;6757
user_4041_9bzy;user_4041_9bzy1234;7273
user_4042_pwua;user_4042_pwua1234;5284
user_4043_qy48;user_4043_qy481234;2910
user_4044_1qps;user_4044_1qps1234;8995
user_4045_db6q;user_4045_db6q1234;5825
user_4046_6rs4;user_4046_6rs41234;7475
user_4047_1hcj;user_4047_1hcj1234;4044
user_4048_2aai;user_4048_2aai1234;6235
user_4049_5kwv;user_4049_5kwv1234;2373
user_4050_gn47;user_4050_gn471234;3714
user_4051_4oi5;user_4051_4oi51234;4253
user_4052_nmf9;user_4052_nmf91234;2551
user_4053_a33x;user_4053_a33x1234;5950
user_4054_9yfp;user_4054_9yfp1234;2312
user_4055_rw0p;user_4055_rw0p1234;3921
user_4056_kd3z;user_4056_kd3z1234;2161
user_4057_t5yr;user_4057_t5yr1234;1522
user_4058_3cad;user_4058_3cad1234;9611
user_4059_qqww;user_4059_qqww1234;1640
user_4060_7bbz;user_4060_7bbz1234;4044
user_4061_69f4;user_4061_69f41234;7010
user_4062_b6yb;user_4062_b6yb1234;2982
user_4063_yjgw;user_4063_yjgw1234;1091
user_4064_pz0b;user_4064_pz0b1234;7600
user_4065_akgu;user_4065_akgu1234;4695
user_4066_vmwb;user_4066_vmwb1234;7356
user_4067_bade;user_4067_bade1234;2319
user_4068_ddzb;user_4068_ddzb1234;1572
user_4069_6hz3;user_4069_6hz31234;4817
user_4070_az2w;user_4070_az2w1234;2869
user_4071_xmif;user_4071_xmif1234;9530
user_4072_yasc;user_4072_yasc1234;8188
user_4073_6etb;user_4073_6etb1234;9694
user_4074_ei7x;user_4074_ei7x1234;3654
user_4075_qgfs;user_4075_qgfs1234;7057
user_4076_tn5g;user_4076_tn5g1234;4843
user_4077_fr1g;user_4077_fr1g1234;4943
user_4078_tj75;user_4078_tj751234;9496
user_4079_1v97;user_4079_1v971234;5050
user_4080_gcw7;user_4080_gcw71234;9856
user_4081_s6nt;user_4081_s6nt1234;4517
user_4082_noh1;user_4082_noh11234;7593
user_4083_6vfz;user_4083_6vfz1234;6910
user_4084_ca3r;user_4084_ca3r1234;1679
user_4085_n0nv;user_4085_n0nv1234;9221
user_4086_kcav;user_4086_kcav1234;5929
user_4087_twl9;user_4087_twl91234;6237
user_4088_n239;user_4088_n2391234;3195
user_4089_bwq1;user_4089_bwq11234;4764
user_4090_mywb;user_4090_mywb1234;2427
user_4091_3tlt;user_4091_3tlt1234;6737
user_4092_4jhb;user_4092_4jhb1234;7215
user_4093_0knk;user_4093_0knk1234;4208
user_4094_99w4;user_4094_99w41234;3439
user_4095_6744;user_4095_67441234;4968
user_4096_bway;user_4096_bway1234;5100
user_4097_yolk;user_4097_yolk1234;6442
user_4098_7n5g;user_4098_7n5g1234;9912
user_4099_r8nq;user_4099_r8nq1234;1949
user_4100_zxs9;user_4100_zxs91234;3942
user_4101_szyq;user_4101_szyq1234;1123
user_4102_0ik8;user_4102_0ik81234;8236
user_4103_ulz8;user_4103_ulz81234;1083
user_4104_5v7l;user_4104_5v7l1234;8462
user_4105_4xz0;user_4105_4xz01234;7261
user_4106_yw6w;user_4106_yw6w1234;8717
user_4107_pjjd;user_4107_pjjd1234;7844
user_4108_y414;user_4108_y4141234;9733
user_4109_ojky;user_4109_ojky1234;5060
user_4110_v02q;user_4110_v02q1234;3573
user_4111_0yta;user_4111_0yta1234;3113
user_4112_knyk;user_4112_knyk1234;3816
user_4113_urud;user_4113_urud1234;4524
user_4114_wvmu;user_4114_wvmu1234;1878
user_4115_6hrw;user_4115_6hrw1234;6266
user_4116_wkor;user_4116_wkor1234;8080
user_4117_udri;user_4117_udri1234;4511
user_4118_k4ju;user_4118_k4ju1234;1177
user_4119_s0gz;user_4119_s0gz1234;6849
user_4120_a563;user_4120_a5631234;6619
user_4121_byti;user_4121_byti1234;3493
user_4122_gezj;user_4122_gezj1234;7128
user_4123_x9of;user_4123_x9of1234;7330
user_4124_w6ep;user_4124_w6ep1234;3131
user_4125_u5ns;user_4125_u5ns1234;2065
user_4126_waal;user_4126_waal1234;5597
user_4127_b1cv;user_4127_b1cv1234;6989
user_4128_zcio;user_4128_zcio1234;8270
user_4129_2zmp;user_4129_2zmp1234;2696
user_4130_rlg5;user_4130_rlg51234;1190
user_4131_2ckw;user_4131_2ckw1234;9655
user_4132_yphs;user_4132_yphs1234;7017
user_4133_ag4g;user_4133_ag4g1234;4175
user_4134_g8yh;user_4134_g8yh1234;8665
user_4135_y8la;user_4135_y8la1234;6258
user_4136_v2ps;user_4136_v2ps1234;2669
user_4137_es4w;user_4137_es4w1234;7948
user_4138_lu0l;user_4138_lu0l1234;6350
user_4139_s8rf;user_4139_s8rf1234;3402
user_4140_8qye;user_4140_8qye1234;6115
user_4141_m7pp;user_4141_m7pp1234;6672
user_4142_jlvz;user_4142_jlvz1234;8451
user_4143_w9sf;user_4143_w9sf1234;6272
user_4144_d732;user_4144_d7321234;8118
user_4145_dy85;user_4145_dy851234;6794
user_4146_o6qg;user_4146_o6qg1234;2632
user_4147_k0he;user_4147_k0he1234;5959
user_4148_y89t;user_4148_y89t1234;5188
user_4149_g8d6;user_4149_g8d61234;9127
user_4150_fe94;user_4150_fe941234;8402
user_4151_23h5;user_4151_23h51234;4327
user_4152_b6l6;user_4152_b6l61234;5570
user_4153_5afd;user_4153_5afd1234;8280
user_4154_iz8i;user_4154_iz8i1234;3618
user_4155_ub8g;user_4155_ub8g1234;5359
user_4156_8lkg;user_4156_8lkg1234;6252
user_4157_si5a;user_4157_si5a1234;6759
user_4158_brvx;user_4158_brvx1234;5365
user_4159_9xfb;user_4159_9xfb1234;1853
user_4160_96n4;user_4160_96n41234;2234
user_4161_d4w4;user_4161_d4w41234;5934
user_4162_c8zq;user_4162_c8zq1234;3468
user_4163_la4q;user_4163_la4q1234;2852
user_4164_8i8z;user_4164_8i8z1234;1935
user_4165_pups;user_4165_pups1234;6535
user_4166_mf76;user_4166_mf761234;9826
user_4167_cb5i;user_4167_cb5i1234;3721
user_4168_ub7b;user_4168_ub7b1234;6310
user_4169_aryw;user_4169_aryw1234;5061
user_4170_jhen;user_4170_jhen1234;1532
user_4171_p2fv;user_4171_p2fv1234;4305
user_4172_ysak;user_4172_ysak1234;6701
user_4173_w4dq;user_4173_w4dq1234;4492
user_4174_e9ro;user_4174_e9ro1234;6025
user_4175_8m8q;user_4175_8m8q1234;4231
user_4176_ap4u;user_4176_ap4u1234;9799
user_4177_dt9z;user_4177_dt9z1234;9218
user_4178_238t;user_4178_238t1234;3026
user_4179_0iz2;user_4179_0iz21234;5994
user_4180_85nf;user_4180_85nf1234;4453
user_4181_oarz;user_4181_oarz1234;1065
user_4182_9s8f;user_4182_9s8f1234;5095
user_4183_guym;user_4183_guym1234;7293
user_4184_fdmm;user_4184_fdmm1234;5878
user_4185_7lv6;user_4185_7lv61234;4052
user_4186_7vqv;user_4186_7vqv1234;9978
user_4187_9j88;user_4187_9j881234;5533
user_4188_z9ne;user_4188_z9ne1234;7867
user_4189_ix0x;user_4189_ix0x1234;9393
user_4190_x7xv;user_4190_x7xv1234;8072
user_4191_qcn9;user_4191_qcn91234;1314
user_4192_xrpy;user_4192_xrpy1234;9675
user_4193_yihj;user_4193_yihj1234;3732
user_4194_9day;user_4194_9day1234;7882
user_4195_woa9;user_4195_woa91234;4565
user_4196_81ak;user_4196_81ak1234;4249
user_4197_qvu7;user_4197_qvu71234;6514
user_4198_jhip;user_4198_jhip1234;2848
user_4199_0hhn;user_4199_0hhn1234;4286
user_4200_mxag;user_4200_mxag1234;4908
user_4201_ouzh;user_4201_ouzh1234;8936
user_4202_vh0m;user_4202_vh0m1234;8097
user_4203_g9m9;user_4203_g9m91234;7531
user_4204_2hqu;user_4204_2hqu1234;9100
user_4205_dxfb;user_4205_dxfb1234;2108
user_4206_6h72;user_4206_6h721234;2725
user_4207_xqby;user_4207_xqby1234;7765
user_4208_wcn9;user_4208_wcn91234;3125
user_4209_wfyn;user_4209_wfyn1234;2160
user_4210_ae64;user_4210_ae641234;8461
user_4211_3l9r;user_4211_3l9r1234;9395
user_4212_jb2z;user_4212_jb2z1234;1762
user_4213_8ido;user_4213_8ido1234;1020
user_4214_3rc4;user_4214_3rc41234;3098
user_4215_pbjh;user_4215_pbjh1234;9863
user_4216_3kth;user_4216_3kth1234;6048
user_4217_cm6x;user_4217_cm6x1234;2520
user_4218_dq6l;user_4218_dq6l1234;9919
user_4219_zgf4;user_4219_zgf41234;2565
user_4220_qcb6;user_4220_qcb61234;3174
user_4221_b556;user_4221_b5561234;3262
user_4222_a8d6;user_4222_a8d61234;8938
user_4223_qawo;user_4223_qawo1234;6683
user_4224_7r5i;user_4224_7r5i1234;5342
user_4225_9a7s;user_4225_9a7s1234;1086
user_4226_u2fl;user_4226_u2fl1234;7217
user_4227_4mcz;user_4227_4mcz1234;7079
user_4228_dcfw;user_4228_dcfw1234;3555
user_4229_of28;user_4229_of281234;7689
user_4230_f08f;user_4230_f08f1234;5232
user_4231_pd7v;user_4231_pd7v1234;1711
user_4232_sn2z;user_4232_sn2z1234;5307
user_4233_lv7k;user_4233_lv7k1234;6610
user_4234_3t9h;user_4234_3t9h1234;3686
user_4235_ntdz;user_4235_ntdz1234;3414
user_4236_ue5j;user_4236_ue5j1234;1905
user_4237_q69j;user_4237_q69j1234;4248
user_4238_auuj;user_4238_auuj1234;6762
user_4239_4y58;user_4239_4y581234;4344
user_4240_nruo;user_4240_nruo1234;6978
user_4241_0yx8;user_4241_0yx81234;2835
user_4242_w4wc;user_4242_w4wc1234;6158
user_4243_exv5;user_4243_exv51234;1441
user_4244_f7zu;user_4244_f7zu1234;1263
user_4245_m44t;user_4245_m44t1234;1638
user_4246_cu7q;user_4246_cu7q1234;6669
user_4247_8q6q;user_4247_8q6q1234;9537
user_4248_buy3;user_4248_buy31234;6331
user_4249_mj5y;user_4249_mj5y1234;6812
user_4250_7rss;user_4250_7rss1234;3028
user_4251_ojpk;user_4251_ojpk1234;4514
user_4252_03j5;user_4252_03j51234;2064
user_4253_k0iq;user_4253_k0iq1234;9593
user_4254_x08i;user_4254_x08i1234;3217
user_4255_9dpg;user_4255_9dpg1234;8796
user_4256_82yc;user_4256_82yc1234;5440
user_4257_r3yn;user_4257_r3yn1234;6716
user_4258_eah7;user_4258_eah71234;4555
user_4259_zaww;user_4259_zaww1234;4089
user_4260_v3md;user_4260_v3md1234;2021
user_4261_n5cl;user_4261_n5cl1234;2674
user_4262_wn40;user_4262_wn401234;4298
user_4263_kwg8;user_4263_kwg81234;8360
user_4264_u3ti;user_4264_u3ti1234;2758
user_4265_5dkk;user_4265_5dkk1234;9886
user_4266_q1po;user_4266_q1po1234;6415
user_4267_udib;user_4267_udib1234;6452
user_4268_v90p;user_4268_v90p1234;6370
user_4269_hbat;user_4269_hbat1234;3178
user_4270_a2w0;user_4270_a2w01234;4451
user_4271_g627;user_4271_g6271234;5036
user_4272_8utd;user_4272_8utd1234;4963
user_4273_lxj2;user_4273_lxj21234;2555
user_4274_h6rn;user_4274_h6rn1234;2202
user_4275_1cee;user_4275_1cee1234;7728
user_4276_zb4i;user_4276_zb4i1234;3380
user_4277_q5yj;user_4277_q5yj1234;8545
user_4278_mccs;user_4278_mccs1234;1139
user_4279_72g9;user_4279_72g91234;6202
user_4280_v4i4;user_4280_v4i41234;1593
user_4281_vyso;user_4281_vyso1234;4056
user_4282_psfm;user_4282_psfm1234;5715
user_4283_ak11;user_4283_ak111234;8094
user_4284_9mle;user_4284_9mle1234;6659
user_4285_ftjd;user_4285_ftjd1234;1196
user_4286_3bxl;user_4286_3bxl1234;9887
user_4287_j9ev;user_4287_j9ev1234;9269
user_4288_0gfz;user_4288_0gfz1234;6224
user_4289_prr8;user_4289_prr81234;8430
user_4290_2i2q;user_4290_2i2q1234;9610
user_4291_znah;user_4291_znah1234;7398
user_4292_d9vu;user_4292_d9vu1234;3629
user_4293_li9h;user_4293_li9h1234;2782
user_4294_6fgz;user_4294_6fgz1234;3082
user_4295_i1sy;user_4295_i1sy1234;9470
user_4296_4nqf;user_4296_4nqf1234;9432
user_4297_u7j2;user_4297_u7j21234;9514
user_4298_o3ka;user_4298_o3ka1234;2694
user_4299_iotu;user_4299_iotu1234;4752
user_4300_6n10;user_4300_6n101234;1172
user_4301_9z91;user_4301_9z911234;4666
user_4302_f9ht;user_4302_f9ht1234;4830
user_4303_oq20;user_4303_oq201234;9618
user_4304_6c8o;user_4304_6c8o1234;8383
user_4305_j8lq;user_4305_j8lq1234;5512
user_4306_x978;user_4306_x9781234;3060
user_4307_t5a6;user_4307_t5a61234;1870
user_4308_6m0x;user_4308_6m0x1234;5967
user_4309_16zr;user_4309_16zr1234;9666
user_4310_kre3;user_4310_kre31234;6918
user_4311_owbu;user_4311_owbu1234;4103
user_4312_0v1a;user_4312_0v1a1234;7342
user_4313_863z;user_4313_863z1234;6895
user_4314_skuc;user_4314_skuc1234;3108
user_4315_cg2s;user_4315_cg2s1234;3414
user_4316_aqzv;user_4316_aqzv1234;6454
user_4317_46et;user_4317_46et1234;6850
user_4318_y475;user_4318_y4751234;2577
user_4319_ikag;user_4319_ikag1234;7994
user_4320_dgup;user_4320_dgup1234;4073
user_4321_8caj;user_4321_8caj1234;6096
user_4322_8mjq;user_4322_8mjq1234;1712
user_4323_e1c7;user_4323_e1c71234;7387
user_4324_8oyz;user_4324_8oyz1234;4881
user_4325_4p0q;user_4325_4p0q1234;7508
user_4326_4twf;user_4326_4twf1234;2737
user_4327_imbi;user_4327_imbi1234;6749
user_4328_g7v5;user_4328_g7v51234;3427
user_4329_cg0s;user_4329_cg0s1234;8054
user_4330_agiv;user_4330_agiv1234;6257
user_4331_mdb9;user_4331_mdb91234;7311
user_4332_ibtv;user_4332_ibtv1234;9083
user_4333_moe5;user_4333_moe51234;4567
user_4334_g5h2;user_4334_g5h21234;1222
user_4335_ab08;user_4335_ab081234;3600
user_4336_keux;user_4336_keux1234;2931
user_4337_6yn1;user_4337_6yn11234;5830
user_4338_mtsu;user_4338_mtsu1234;6670
user_4339_a4s4;user_4339_a4s41234;5784
user_4340_yc41;user_4340_yc411234;8185
user_4341_jbuk;user_4341_jbuk1234;4447
user_4342_tv9a;user_4342_tv9a1234;9942
user_4343_xf1a;user_4343_xf1a1234;9384
user_4344_ogji;user_4344_ogji1234;2609
user_4345_2g5r;user_4345_2g5r1234;3011
user_4346_vkzc;user_4346_vkzc1234;4024
user_4347_qtsr;user_4347_qtsr1234;8831
user_4348_1mby;user_4348_1mby1234;2995
user_4349_q3ul;user_4349_q3ul1234;9886
user_4350_gb85;user_4350_gb851234;5997
user_4351_til7;user_4351_til71234;8823
user_4352_4jta;user_4352_4jta1234;9317
user_4353_3xkp;user_4353_3xkp1234;6718
user_4354_qt9k;user_4354_qt9k1234;8924
user_4355_p603;user_4355_p6031234;8883
user_4356_rvkz;user_4356_rvkz1234;3238
user_4357_oblu;user_4357_oblu1234;4902
user_4358_gtrl;user_4358_gtrl1234;6033
user_4359_vnfn;user_4359_vnfn1234;8817
user_4360_mylu;user_4360_mylu1234;3171
user_4361_gfq0;user_4361_gfq01234;7429
user_4362_mv95;user_4362_mv951234;7031
user_4363_fpex;user_4363_fpex1234;6562
user_4364_nbhv;user_4364_nbhv1234;7118
user_4365_3122;user_4365_31221234;6457
user_4366_zx0y;user_4366_zx0y1234;3714
user_4367_90hj;user_4367_90hj1234;4944
user_4368_n1co;user_4368_n1co1234;2632
user_4369_10cr;user_4369_10cr1234;7885
user_4370_n7ar;user_4370_n7ar1234;6496
user_4371_o56n;user_4371_o56n1234;4027
user_4372_538m;user_4372_538m1234;6380
user_4373_dm37;user_4373_dm371234;4867
user_4374_yfn9;user_4374_yfn91234;3134
user_4375_438x;user_4375_438x1234;5889
user_4376_yvwk;user_4376_yvwk1234;5435
user_4377_eiyp;user_4377_eiyp1234;1874
user_4378_bi1t;user_4378_bi1t1234;5246
user_4379_kprm;user_4379_kprm1234;5098
user_4380_hn2n;user_4380_hn2n1234;1855
user_4381_3go6;user_4381_3go61234;8870
user_4382_rs0v;user_4382_rs0v1234;1382
user_4383_jvhy;user_4383_jvhy1234;9910
user_4384_16j5;user_4384_16j51234;5969
user_4385_roal;user_4385_roal1234;8227
user_4386_aui1;user_4386_aui11234;4462
user_4387_1f44;user_4387_1f441234;8724
user_4388_mj4v;user_4388_mj4v1234;7668
user_4389_gcz0;user_4389_gcz01234;5101
user_4390_smuy;user_4390_smuy1234;1828
user_4391_x080;user_4391_x0801234;6347
user_4392_cb6q;user_4392_cb6q1234;6959
user_4393_2ftk;user_4393_2ftk1234;4014
user_4394_2q1h;user_4394_2q1h1234;8351
user_4395_l2t1;user_4395_l2t11234;3434
user_4396_jshm;user_4396_jshm1234;9444
user_4397_yi7e;user_4397_yi7e1234;8848
user_4398_zwyg;user_4398_zwyg1234;2352
user_4399_1rjh;user_4399_1rjh1234;3493
user_4400_nk4h;user_4400_nk4h1234;6497
user_4401_cmwo;user_4401_cmwo1234;5893
user_4402_ppj1;user_4402_ppj11234;2644
user_4403_bu8c;user_4403_bu8c1234;7417
user_4404_52yt;user_4404_52yt1234;8349
user_4405_osdx;user_4405_osdx1234;7628
user_4406_ordw;user_4406_ordw1234;1793
user_4407_hfk7;user_4407_hfk71234;5356
user_4408_l7ds;user_4408_l7ds1234;2047
user_4409_ulyy;user_4409_ulyy1234;2293
user_4410_0sqg;user_4410_0sqg1234;8359
user_4411_pvm8;user_4411_pvm81234;9488
user_4412_r8gq;user_4412_r8gq1234;9653
user_4413_69fk;user_4413_69fk1234;3604
user_4414_hi5d;user_4414_hi5d1234;3970
user_4415_qc2w;user_4415_qc2w1234;7171
user_4416_qkzs;user_4416_qkzs1234;4337
user_4417_t76u;user_4417_t76u1234;4926
user_4418_9ri0;user_4418_9ri01234;6159
user_4419_hcql;user_4419_hcql1234;5543
user_4420_jqmm;user_4420_jqmm1234;7517
user_4421_ry6j;user_4421_ry6j1234;6165
user_4422_rrcu;user_4422_rrcu1234;9270
user_4423_v9r8;user_4423_v9r81234;4894
user_4424_pa3j;user_4424_pa3j1234;2532
user_4425_1ydq;user_4425_1ydq1234;3126
user_4426_b2c8;user_4426_b2c81234;3481
user_4427_pb9k;user_4427_pb9k1234;2827
user_4428_pyz7;user_4428_pyz71234;8600
user_4429_s0t3;user_4429_s0t31234;2661
user_4430_1fjr;user_4430_1fjr1234;1053
user_4431_02ax;user_4431_02ax1234;5930
user_4432_q40f;user_4432_q40f1234;8268
user_4433_ihxi;user_4433_ihxi1234;4787
user_4434_r6m7;user_4434_r6m71234;3499
user_4435_u1ig;user_4435_u1ig1234;8271
user_4436_5tth;user_4436_5tth1234;3911
user_4437_dctn;user_4437_dctn1234;6118
user_4438_rd9l;user_4438_rd9l1234;3892
user_4439_v7dr;user_4439_v7dr1234;5229
user_4440_cfg8;user_4440_cfg81234;3994
user_4441_qhi9;user_4441_qhi91234;8426
user_4442_v4s9;user_4442_v4s91234;5494
user_4443_8rsq;user_4443_8rsq1234;9265
user_4444_3ehv;user_4444_3ehv1234;6160
user_4445_k073;user_4445_k0731234;3884
user_4446_znv4;user_4446_znv41234;5031
user_4447_byxx;user_4447_byxx1234;1593
user_4448_422h;user_4448_422h1234;7199
user_4449_cdqb;user_4449_cdqb1234;1566
user_4450_s4yu;user_4450_s4yu1234;3046
user_4451_6b2k;user_4451_6b2k1234;2354
user_4452_6ztc;user_4452_6ztc1234;8415
user_4453_0o1q;user_4453_0o1q1234;4547
user_4454_8c78;user_4454_8c781234;9264
user_4455_vsdp;user_4455_vsdp1234;5742
user_4456_ib4e;user_4456_ib4e1234;5946
user_4457_iz0c;user_4457_iz0c1234;3931
user_4458_pp8y;user_4458_pp8y1234;9386
user_4459_h2ml;user_4459_h2ml1234;5012
user_4460_sypk;user_4460_sypk1234;2625
user_4461_azps;user_4461_azps1234;2626
user_4462_0laq;user_4462_0laq1234;3724
user_4463_amia;user_4463_amia1234;5684
user_4464_7tmb;user_4464_7tmb1234;1358
user_4465_eiat;user_4465_eiat1234;6190
user_4466_lgg3;user_4466_lgg31234;3409
user_4467_ay8f;user_4467_ay8f1234;7198
user_4468_2xs4;user_4468_2xs41234;4241
user_4469_rq7g;user_4469_rq7g1234;6062
user_4470_0ijq;user_4470_0ijq1234;7650
user_4471_o3xv;user_4471_o3xv1234;4957
user_4472_umpv;user_4472_umpv1234;2618
user_4473_ixh2;user_4473_ixh21234;9640
user_4474_z82h;user_4474_z82h1234;7796
user_4475_x7v4;user_4475_x7v41234;7592
user_4476_wy8b;user_4476_wy8b1234;3740
user_4477_ry6v;user_4477_ry6v1234;4242
user_4478_wmjz;user_4478_wmjz1234;5404
user_4479_h452;user_4479_h4521234;7260
user_4480_btr9;user_4480_btr91234;8687
user_4481_zf6g;user_4481_zf6g1234;8464
user_4482_wgvs;user_4482_wgvs1234;4187
user_4483_mwn1;user_4483_mwn11234;2284
user_4484_2om1;user_4484_2om11234;1274
user_4485_t855;user_4485_t8551234;4330
user_4486_zi4u;user_4486_zi4u1234;5217
user_4487_jy44;user_4487_jy441234;3386
user_4488_lsyq;user_4488_lsyq1234;2604
user_4489_y59s;user_4489_y59s1234;5680
user_4490_xbyw;user_4490_xbyw1234;6613
user_4491_dx5v;user_4491_dx5v1234;6309
user_4492_vao6;user_4492_vao61234;4804
user_4493_04iy;user_4493_04iy1234;6159
user_4494_44po;user_4494_44po1234;6273
user_4495_wqap;user_4495_wqap1234;4156
user_4496_s3fr;user_4496_s3fr1234;7110
user_4497_mlre;user_4497_mlre1234;5972
user_4498_c8hh;user_4498_c8hh1234;2947
user_4499_vyof;user_4499_vyof1234;2197
user_4500_bv1p;user_4500_bv1p1234;1933
user_4501_wut6;user_4501_wut61234;4601
user_4502_5y6j;user_4502_5y6j1234;7924
user_4503_zrb8;user_4503_zrb81234;1702
user_4504_svhl;user_4504_svhl1234;8790
user_4505_0921;user_4505_09211234;5820
user_4506_gils;user_4506_gils1234;8109
user_4507_tg7u;user_4507_tg7u1234;9435
user_4508_u27s;user_4508_u27s1234;2454
user_4509_od2z;user_4509_od2z1234;7718
user_4510_t6q6;user_4510_t6q61234;5871
user_4511_t76b;user_4511_t76b1234;9527
user_4512_somt;user_4512_somt1234;8082
user_4513_sniq;user_4513_sniq1234;2777
user_4514_uj0w;user_4514_uj0w1234;9896
user_4515_oxo8;user_4515_oxo81234;8980
user_4516_e7r1;user_4516_e7r11234;5152
user_4517_574q;user_4517_574q1234;8950
user_4518_65xc;user_4518_65xc1234;7747
user_4519_ojoa;user_4519_ojoa1234;6444
user_4520_b9nt;user_4520_b9nt1234;3228
user_4521_4voq;user_4521_4voq1234;8992
user_4522_s1h3;user_4522_s1h31234;6915
user_4523_xq1n;user_4523_xq1n1234;8913
user_4524_aid6;user_4524_aid61234;6171
user_4525_q2o0;user_4525_q2o01234;8255
user_4526_19bl;user_4526_19bl1234;6598
user_4527_srdi;user_4527_srdi1234;2830
user_4528_ffpb;user_4528_ffpb1234;7652
user_4529_ifcp;user_4529_ifcp1234;6828
user_4530_w1p7;user_4530_w1p71234;6529
user_4531_ve07;user_4531_ve071234;2389
user_4532_x18g;user_4532_x18g1234;4924
user_4533_1xz3;user_4533_1xz31234;4430
user_4534_pj3j;user_4534_pj3j1234;3327
user_4535_s0zl;user_4535_s0zl1234;4446
user_4536_q4vj;user_4536_q4vj1234;7235
user_4537_j0q3;user_4537_j0q31234;5668
user_4538_kq9t;user_4538_kq9t1234;9809
user_4539_of73;user_4539_of731234;2796
user_4540_gbyi;user_4540_gbyi1234;6365
user_4541_46f4;user_4541_46f41234;1443
user_4542_out1;user_4542_out11234;1900
user_4543_xefc;user_4543_xefc1234;8861
user_4544_o30u;user_4544_o30u1234;5374
user_4545_hsf9;user_4545_hsf91234;9597
user_4546_fghs;user_4546_fghs1234;1429
user_4547_z2ab;user_4547_z2ab1234;4371
user_4548_6wvj;user_4548_6wvj1234;3376
user_4549_vqcu;user_4549_vqcu1234;4194
user_4550_05ek;user_4550_05ek1234;7623
user_4551_t495;user_4551_t4951234;5027
user_4552_t8u7;user_4552_t8u71234;5528
user_4553_g0pf;user_4553_g0pf1234;1149
user_4554_z98a;user_4554_z98a1234;4650
user_4555_0po5;user_4555_0po51234;4471
user_4556_8die;user_4556_8die1234;6501
user_4557_3qzm;user_4557_3qzm1234;4467
user_4558_iqdv;user_4558_iqdv1234;6873
user_4559_hcze;user_4559_hcze1234;3545
user_4560_xsgt;user_4560_xsgt1234;6007
user_4561_xexi;user_4561_xexi1234;3088
user_4562_g2bd;user_4562_g2bd1234;4098
user_4563_qyus;user_4563_qyus1234;7981
user_4564_ay4x;user_4564_ay4x1234;8399
user_4565_sk71;user_4565_sk711234;4424
user_4566_19w9;user_4566_19w91234;1577
user_4567_pli4;user_4567_pli41234;2091
user_4568_a5z1;user_4568_a5z11234;6544
user_4569_qcxo;user_4569_qcxo1234;9703
user_4570_yb90;user_4570_yb901234;8326
user_4571_e5ke;user_4571_e5ke1234;1260
user_4572_6d30;user_4572_6d301234;4639
user_4573_ao4q;user_4573_ao4q1234;4650
user_4574_skbr;user_4574_skbr1234;5865
user_4575_th3g;user_4575_th3g1234;4785
user_4576_6ae5;user_4576_6ae51234;7586
user_4577_lyno;user_4577_lyno1234;5552
user_4578_rs3m;user_4578_rs3m1234;3414
user_4579_kvp9;user_4579_kvp91234;2474
user_4580_q2py;user_4580_q2py1234;5801
user_4581_mdq8;user_4581_mdq81234;3919
user_4582_tpfy;user_4582_tpfy1234;5981
user_4583_rfjj;user_4583_rfjj1234;6131
user_4584_noa0;user_4584_noa01234;5237
user_4585_6fc8;user_4585_6fc81234;5980
user_4586_pdtx;user_4586_pdtx1234;1599
user_4587_bmuc;user_4587_bmuc1234;3305
user_4588_a3g0;user_4588_a3g01234;6397
user_4589_d9q0;user_4589_d9q01234;3042
user_4590_ugwa;user_4590_ugwa1234;2945
user_4591_cs27;user_4591_cs271234;2156
user_4592_v2en;user_4592_v2en1234;6861
user_4593_0j7x;user_4593_0j7x1234;7261
user_4594_xl7q;user_4594_xl7q1234;4151
user_4595_aqyf;user_4595_aqyf1234;5762
user_4596_2dgq;user_4596_2dgq1234;9433
user_4597_4uwk;user_4597_4uwk1234;4765
user_4598_axmt;user_4598_axmt1234;9498
user_4599_d3gi;user_4599_d3gi1234;9521
user_4600_dzoo;user_4600_dzoo1234;4548
user_4601_bo1e;user_4601_bo1e1234;8637
user_4602_ok91;user_4602_ok911234;1486
user_4603_c1pv;user_4603_c1pv1234;9641
user_4604_f8lv;user_4604_f8lv1234;7531
user_4605_f2el;user_4605_f2el1234;4917
user_4606_vpol;user_4606_vpol1234;2697
user_4607_ue02;user_4607_ue021234;2092
user_4608_k03l;user_4608_k03l1234;7213
user_4609_i1xv;user_4609_i1xv1234;8592
user_4610_sprg;user_4610_sprg1234;9134
user_4611_azpt;user_4611_azpt1234;3629
user_4612_h6fu;user_4612_h6fu1234;7298
user_4613_00bn;user_4613_00bn1234;3922
user_4614_v6zt;user_4614_v6zt1234;3682
user_4615_x9x1;user_4615_x9x11234;8235
user_4616_s5ej;user_4616_s5ej1234;9908
user_4617_2p5q;user_4617_2p5q1234;5022
user_4618_qnmg;user_4618_qnmg1234;2769
user_4619_lr12;user_4619_lr121234;3222
user_4620_d2us;user_4620_d2us1234;1287
user_4621_e05f;user_4621_e05f1234;6215
user_4622_madh;user_4622_madh1234;1735
user_4623_xgsi;user_4623_xgsi1234;1693
user_4624_5c6t;user_4624_5c6t1234;1627
user_4625_kc4q;user_4625_kc4q1234;1514
user_4626_xnec;user_4626_xnec1234;5431
user_4627_ufq3;user_4627_ufq31234;7229
user_4628_bcas;user_4628_bcas1234;1098
user_4629_ci7y;user_4629_ci7y1234;7629
user_4630_xwqh;user_4630_xwqh1234;7532
user_4631_t83e;user_4631_t83e1234;8086
user_4632_b84j;user_4632_b84j1234;4139
user_4633_u4vw;user_4633_u4vw1234;9580
user_4634_l4t4;user_4634_l4t41234;6728
user_4635_9px5;user_4635_9px51234;7171
user_4636_cn1c;user_4636_cn1c1234;2687
user_4637_fk4r;user_4637_fk4r1234;3964
user_4638_kyhg;user_4638_kyhg1234;3881
user_4639_vknk;user_4639_vknk1234;5793
user_4640_kjuu;user_4640_kjuu1234;7571
user_4641_gkoz;user_4641_gkoz1234;5038
user_4642_difp;user_4642_difp1234;3552
user_4643_ne4s;user_4643_ne4s1234;6877
user_4644_5li1;user_4644_5li11234;1094
user_4645_ux2j;user_4645_ux2j1234;5257
user_4646_l5f3;user_4646_l5f31234;3576
user_4647_jdzh;user_4647_jdzh1234;3939
user_4648_8v9m;user_4648_8v9m1234;9028
user_4649_mvmb;user_4649_mvmb1234;1184
user_4650_vov0;user_4650_vov01234;4005
user_4651_kjov;user_4651_kjov1234;9586
user_4652_c7cm;user_4652_c7cm1234;6090
user_4653_60hn;user_4653_60hn1234;4202
user_4654_hjq6;user_4654_hjq61234;6083
user_4655_5rrp;user_4655_5rrp1234;5877
user_4656_dk36;user_4656_dk361234;4278
user_4657_eg4t;user_4657_eg4t1234;1528
user_4658_mzqf;user_4658_mzqf1234;5721
user_4659_ovkv;user_4659_ovkv1234;6742
user_4660_1ek5;user_4660_1ek51234;9221
user_4661_yx4h;user_4661_yx4h1234;4841
user_4662_gim9;user_4662_gim91234;9541
user_4663_om9t;user_4663_om9t1234;5522
user_4664_pu4o;user_4664_pu4o1234;9114
user_4665_9td6;user_4665_9td61234;4560
user_4666_nym9;user_4666_nym91234;9430
user_4667_y8c1;user_4667_y8c11234;3485
user_4668_9mna;user_4668_9mna1234;9712
user_4669_9o9e;user_4669_9o9e1234;4448
user_4670_fswd;user_4670_fswd1234;8171
user_4671_cz4m;user_4671_cz4m1234;8498
user_4672_2d1i;user_4672_2d1i1234;1455
user_4673_neyc;user_4673_neyc1234;3202
user_4674_sd2o;user_4674_sd2o1234;2953
user_4675_35x8;user_4675_35x81234;8895
user_4676_kjgz;user_4676_kjgz1234;3514
user_4677_7rl8;user_4677_7rl81234;5513
user_4678_91kc;user_4678_91kc1234;4648
user_4679_rbd6;user_4679_rbd61234;4426
user_4680_nje6;user_4680_nje61234;2755
user_4681_msl8;user_4681_msl81234;2637
user_4682_b2q1;user_4682_b2q11234;3594
user_4683_yz0p;user_4683_yz0p1234;3078
user_4684_6jhd;user_4684_6jhd1234;6384
user_4685_ppem;user_4685_ppem1234;3193
user_4686_d2fo;user_4686_d2fo1234;8251
user_4687_3wir;user_4687_3wir1234;1144
user_4688_2qlz;user_4688_2qlz1234;7111
user_4689_ltpr;user_4689_ltpr1234;9397
user_4690_0joc;user_4690_0joc1234;7165
user_4691_lhmf;user_4691_lhmf1234;3459
user_4692_l4xf;user_4692_l4xf1234;2794
user_4693_kta8;user_4693_kta81234;5391
user_4694_kodf;user_4694_kodf1234;4411
user_4695_19kh;user_4695_19kh1234;1814
user_4696_vpd1;user_4696_vpd11234;8908
user_4697_ne3e;user_4697_ne3e1234;5501
user_4698_hmcl;user_4698_hmcl1234;6821
user_4699_htmb;user_4699_htmb1234;1655
user_4700_tiqp;user_4700_tiqp1234;5177
user_4701_za7a;user_4701_za7a1234;3382
user_4702_o5nf;user_4702_o5nf1234;4670
user_4703_lb1t;user_4703_lb1t1234;7338
user_4704_lcmz;user_4704_lcmz1234;3463
user_4705_4xmt;user_4705_4xmt1234;2932
user_4706_q0c8;user_4706_q0c81234;2337
user_4707_wf1x;user_4707_wf1x1234;4522
user_4708_pn3t;user_4708_pn3t1234;5571
user_4709_mzu1;user_4709_mzu11234;4715
user_4710_mckj;user_4710_mckj1234;5549
user_4711_80xq;user_4711_80xq1234;9768
user_4712_thqe;user_4712_thqe1234;4189
user_4713_swoi;user_4713_swoi1234;6639
user_4714_2qpp;user_4714_2qpp1234;2574
user_4715_cfki;user_4715_cfki1234;6956
user_4716_w9tl;user_4716_w9tl1234;5764
user_4717_nwi4;user_4717_nwi41234;8124
user_4718_fbjx;user_4718_fbjx1234;4844
user_4719_fzey;user_4719_fzey1234;2087
user_4720_pxk6;user_4720_pxk61234;3398
user_4721_ryem;user_4721_ryem1234;1092
user_4722_0z0k;user_4722_0z0k1234;3809
user_4723_ixgp;user_4723_ixgp1234;7433
user_4724_gt2z;user_4724_gt2z1234;9448
user_4725_24iq;user_4725_24iq1234;6615
user_4726_7n7k;user_4726_7n7k1234;2017
user_4727_bc3z;user_4727_bc3z1234;1326
user_4728_1qhx;user_4728_1qhx1234;5824
user_4729_66mj;user_4729_66mj1234;9363
user_4730_1ynd;user_4730_1ynd1234;1164
user_4731_zga6;user_4731_zga61234;4924
user_4732_6uw1;user_4732_6uw11234;3769
user_4733_58yv;user_4733_58yv1234;7217
user_4734_6vnw;user_4734_6vnw1234;8636
user_4735_f0vn;user_4735_f0vn1234;2044
user_4736_06r1;user_4736_06r11234;3362
user_4737_rt8m;user_4737_rt8m1234;2710
user_4738_tr1o;user_4738_tr1o1234;5481
user_4739_2fu4;user_4739_2fu41234;1033
user_4740_du9t;user_4740_du9t1234;1913
user_4741_tek3;user_4741_tek31234;9604
user_4742_f7lr;user_4742_f7lr1234;5209
user_4743_hbf6;user_4743_hbf61234;1191
user_4744_7txp;user_4744_7txp1234;6065
user_4745_h7uv;user_4745_h7uv1234;4289
user_4746_v963;user_4746_v9631234;6611
user_4747_0ykd;user_4747_0ykd1234;6104
user_4748_5grk;user_4748_5grk1234;2783
user_4749_cqrz;user_4749_cqrz1234;7783
user_4750_xlr2;user_4750_xlr21234;9111
user_4751_7del;user_4751_7del1234;1920
user_4752_gft2;user_4752_gft21234;6720
user_4753_y8hq;user_4753_y8hq1234;2983
user_4754_qlpz;user_4754_qlpz1234;7560
user_4755_cma2;user_4755_cma21234;8093
user_4756_8wez;user_4756_8wez1234;7848
user_4757_is2y;user_4757_is2y1234;1129
user_4758_yy40;user_4758_yy401234;3223
user_4759_04e6;user_4759_04e61234;8714
user_4760_hh4q;user_4760_hh4q1234;9313
user_4761_rrmj;user_4761_rrmj1234;2766
user_4762_k09k;user_4762_k09k1234;3858
user_4763_0ntb;user_4763_0ntb1234;3187
user_4764_hlwv;user_4764_hlwv1234;2107
user_4765_almq;user_4765_almq1234;2194
user_4766_tout;user_4766_tout1234;6260
user_4767_f7ly;user_4767_f7ly1234;8808
user_4768_gjs3;user_4768_gjs31234;9553
user_4769_650y;user_4769_650y1234;8334
user_4770_31wh;user_4770_31wh1234;4726
user_4771_2mnh;user_4771_2mnh1234;1573
user_4772_87ce;user_4772_87ce1234;3157
user_4773_gf7p;user_4773_gf7p1234;4461
user_4774_g9np;user_4774_g9np1234;9076
user_4775_col5;user_4775_col51234;7366
user_4776_b40g;user_4776_b40g1234;8559
user_4777_mtxt;user_4777_mtxt1234;1254
user_4778_i29n;user_4778_i29n1234;9699
user_4779_yi9g;user_4779_yi9g1234;8595
user_4780_t2ug;user_4780_t2ug1234;8214
user_4781_ye0s;user_4781_ye0s1234;9682
user_4782_kzcx;user_4782_kzcx1234;2614
user_4783_carj;user_4783_carj1234;3318
user_4784_0dki;user_4784_0dki1234;8159
user_4785_wjjl;user_4785_wjjl1234;2692
user_4786_l2qx;user_4786_l2qx1234;9621
user_4787_ybw0;user_4787_ybw01234;3841
user_4788_6x8c;user_4788_6x8c1234;1792
user_4789_oicy;user_4789_oicy1234;3656
user_4790_ayh4;user_4790_ayh41234;8350
user_4791_j2ib;user_4791_j2ib1234;5928
user_4792_tksr;user_4792_tksr1234;4661
user_4793_ygpi;user_4793_ygpi1234;6702
user_4794_tb5b;user_4794_tb5b1234;5064
user_4795_m9sg;user_4795_m9sg1234;6778
user_4796_4in0;user_4796_4in01234;2222
user_4797_1rq5;user_4797_1rq51234;1792
user_4798_t779;user_4798_t7791234;2506
user_4799_tu9e;user_4799_tu9e1234;5809
user_4800_dfs8;user_4800_dfs81234;9665
user_4801_46tu;user_4801_46tu1234;4584
user_4802_50li;user_4802_50li1234;3810
user_4803_0rit;user_4803_0rit1234;8845
user_4804_l32a;user_4804_l32a1234;1709
user_4805_ntqw;user_4805_ntqw1234;4460
user_4806_mzp5;user_4806_mzp51234;2402
user_4807_kl24;user_4807_kl241234;6449
user_4808_axsi;user_4808_axsi1234;6896
user_4809_uhrx;user_4809_uhrx1234;2086
user_4810_9hxt;user_4810_9hxt1234;9320
user_4811_mg59;user_4811_mg591234;5900
user_4812_l042;user_4812_l0421234;7342
user_4813_6ppo;user_4813_6ppo1234;5376
user_4814_qg9w;user_4814_qg9w1234;7430
user_4815_r2jz;user_4815_r2jz1234;7375
user_4816_glji;user_4816_glji1234;9411
user_4817_633q;user_4817_633q1234;9117
user_4818_pdry;user_4818_pdry1234;8255
user_4819_akz5;user_4819_akz51234;6380
user_4820_f5of;user_4820_f5of1234;4876
user_4821_s2vr;user_4821_s2vr1234;1864
user_4822_3zye;user_4822_3zye1234;4780
user_4823_22zd;user_4823_22zd1234;1765
user_4824_nab9;user_4824_nab91234;1274
user_4825_143y;user_4825_143y1234;7231
user_4826_kgms;user_4826_kgms1234;3988
user_4827_0czo;user_4827_0czo1234;7706
user_4828_twix;user_4828_twix1234;3833
user_4829_ciog;user_4829_ciog1234;4816
user_4830_vull;user_4830_vull1234;8293
user_4831_maz6;user_4831_maz61234;1716
user_4832_ug4u;user_4832_ug4u1234;1437
user_4833_sdg8;user_4833_sdg81234;8156
user_4834_lm2s;user_4834_lm2s1234;8509
user_4835_l5hh;user_4835_l5hh1234;4311
user_4836_0wqw;user_4836_0wqw1234;3503
user_4837_y3ib;user_4837_y3ib1234;8987
user_4838_o4p3;user_4838_o4p31234;2204
user_4839_tri5;user_4839_tri51234;5841
user_4840_ik0l;user_4840_ik0l1234;4891
user_4841_9azv;user_4841_9azv1234;3420
user_4842_nbq2;user_4842_nbq21234;8914
user_4843_8448;user_4843_84481234;9280
user_4844_b5x9;user_4844_b5x91234;6379
user_4845_kghd;user_4845_kghd1234;4872
user_4846_92wd;user_4846_92wd1234;3697
user_4847_2ux7;user_4847_2ux71234;3168
user_4848_05ch;user_4848_05ch1234;4571
user_4849_dqn4;user_4849_dqn41234;1038
user_4850_jf3j;user_4850_jf3j1234;9889
user_4851_o16x;user_4851_o16x1234;1040
user_4852_u7n3;user_4852_u7n31234;3106
user_4853_gf97;user_4853_gf971234;1891
user_4854_m5ct;user_4854_m5ct1234;2451
user_4855_1ehr;user_4855_1ehr1234;1625
user_4856_wxd8;user_4856_wxd81234;4358
user_4857_w8m9;user_4857_w8m91234;7973
user_4858_ayl8;user_4858_ayl81234;2831
user_4859_fp7t;user_4859_fp7t1234;5931
user_4860_1zr1;user_4860_1zr11234;5183
user_4861_7as7;user_4861_7as71234;9308
user_4862_5wdb;user_4862_5wdb1234;7101
user_4863_e5sj;user_4863_e5sj1234;2226
user_4864_ztty;user_4864_ztty1234;3726
user_4865_j34p;user_4865_j34p1234;5690
user_4866_0qwu;user_4866_0qwu1234;2775
user_4867_sbsj;user_4867_sbsj1234;4239
user_4868_nv98;user_4868_nv981234;5141
user_4869_uhho;user_4869_uhho1234;6762
user_4870_h9it;user_4870_h9it1234;6079
user_4871_xq2k;user_4871_xq2k1234;8740
user_4872_9ayh;user_4872_9ayh1234;8630
user_4873_6gem;user_4873_6gem1234;1922
user_4874_h3hh;user_4874_h3hh1234;1918
user_4875_3utl;user_4875_3utl1234;3227
user_4876_d7xu;user_4876_d7xu1234;7491
user_4877_oag3;user_4877_oag31234;4936
user_4878_26it;user_4878_26it1234;1053
user_4879_l7zv;user_4879_l7zv1234;4743
user_4880_mnp0;user_4880_mnp01234;2636
user_4881_z0qr;user_4881_z0qr1234;5140
user_4882_zmdl;user_4882_zmdl1234;8608
user_4883_ziub;user_4883_ziub1234;5419
user_4884_bma0;user_4884_bma01234;5222
user_4885_hrj7;user_4885_hrj71234;3037
user_4886_8vtq;user_4886_8vtq1234;1182
user_4887_yf2g;user_4887_yf2g1234;3291
user_4888_sm6n;user_4888_sm6n1234;1448
user_4889_eaqj;user_4889_eaqj1234;6610
user_4890_99ui;user_4890_99ui1234;7022
user_4891_e6tp;user_4891_e6tp1234;7372
user_4892_ootq;user_4892_ootq1234;8556
user_4893_s5yf;user_4893_s5yf1234;7266
user_4894_zra1;user_4894_zra11234;7326
user_4895_1qhd;user_4895_1qhd1234;1135
user_4896_y6m4;user_4896_y6m41234;2363
user_4897_c79s;user_4897_c79s1234;6063
user_4898_jl1x;user_4898_jl1x1234;1876
user_4899_mvl8;user_4899_mvl81234;2266
user_4900_r071;user_4900_r0711234;1341
user_4901_rmrl;user_4901_rmrl1234;9969
user_4902_abjt;user_4902_abjt1234;5213
user_4903_spnw;user_4903_spnw1234;3612
user_4904_xnpg;user_4904_xnpg1234;5349
user_4905_vogm;user_4905_vogm1234;1471
user_4906_q9xv;user_4906_q9xv1234;4903
user_4907_936b;user_4907_936b1234;7572
user_4908_bq8h;user_4908_bq8h1234;7419
user_4909_gid4;user_4909_gid41234;5315
user_4910_35xb;user_4910_35xb1234;1626
user_4911_tqdn;user_4911_tqdn1234;3470
user_4912_dey5;user_4912_dey51234;5691
user_4913_1cmo;user_4913_1cmo1234;4080
user_4914_jb86;user_4914_jb861234;5440
user_4915_eyid;user_4915_eyid1234;9538
user_4916_od5j;user_4916_od5j1234;2979
user_4917_fq8u;user_4917_fq8u1234;2221
user_4918_msfk;user_4918_msfk1234;2152
user_4919_4nwe;user_4919_4nwe1234;8877
user_4920_wdpj;user_4920_wdpj1234;5924
user_4921_i6f6;user_4921_i6f61234;5121
user_4922_wcww;user_4922_wcww1234;6074
user_4923_rk30;user_4923_rk301234;5627
user_4924_40ds;user_4924_40ds1234;1848
user_4925_3q9j;user_4925_3q9j1234;3265
user_4926_atsk;user_4926_atsk1234;9485
user_4927_rwjh;user_4927_rwjh1234;5647
user_4928_kap6;user_4928_kap61234;2550
user_4929_3ujw;user_4929_3ujw1234;4746
user_4930_97l6;user_4930_97l61234;7311
user_4931_m0gh;user_4931_m0gh1234;8853
user_4932_c4j5;user_4932_c4j51234;2694
user_4933_ag3w;user_4933_ag3w1234;3506
user_4934_k6oa;user_4934_k6oa1234;5098
user_4935_bj85;user_4935_bj851234;7087
user_4936_c0yf;user_4936_c0yf1234;9777
user_4937_u1e0;user_4937_u1e01234;5673
user_4938_kfye;user_4938_kfye1234;9007
user_4939_aslj;user_4939_aslj1234;8377
user_4940_8d2x;user_4940_8d2x1234;7709
user_4941_nbey;user_4941_nbey1234;3906
user_4942_a7p9;user_4942_a7p91234;7230
user_4943_4lor;user_4943_4lor1234;7768
user_4944_m4pp;user_4944_m4pp1234;2648
user_4945_u6vi;user_4945_u6vi1234;8075
user_4946_ci3i;user_4946_ci3i1234;3961
user_4947_l0uy;user_4947_l0uy1234;1573
user_4948_ksth;user_4948_ksth1234;3112
user_4949_iaeb;user_4949_iaeb1234;1005
user_4950_so4c;user_4950_so4c1234;5769
user_4951_ttqp;user_4951_ttqp1234;4944
user_4952_wmi6;user_4952_wmi61234;5972
user_4953_ryv6;user_4953_ryv61234;5884
user_4954_esqz;user_4954_esqz1234;4712
user_4955_3wik;user_4955_3wik1234;1802
user_4956_zjmh;user_4956_zjmh1234;8334
user_4957_7sr4;user_4957_7sr41234;4173
user_4958_hlvr;user_4958_hlvr1234;9913
user_4959_nro7;user_4959_nro71234;3550
user_4960_pwks;user_4960_pwks1234;8557
user_4961_2ddu;user_4961_2ddu1234;9396
user_4962_r4zi;user_4962_r4zi1234;8394
user_4963_oonw;user_4963_oonw1234;6483
user_4964_7lii;user_4964_7lii1234;3603
user_4965_k6qy;user_4965_k6qy1234;5849
user_4966_72zh;user_4966_72zh1234;4091
user_4967_gzki;user_4967_gzki1234;1462
user_4968_at75;user_4968_at751234;7081
user_4969_fxhj;user_4969_fxhj1234;2940
user_4970_g0ta;user_4970_g0ta1234;9610
user_4971_6oll;user_4971_6oll1234;5953
user_4972_x2c5;user_4972_x2c51234;3406
user_4973_0lsd;user_4973_0lsd1234;4449
user_4974_h0p5;user_4974_h0p51234;9894
user_4975_e88m;user_4975_e88m1234;6103
user_4976_vzmo;user_4976_vzmo1234;9664
user_4977_1p1c;user_4977_1p1c1234;5675
user_4978_ixud;user_4978_ixud1234;9455
user_4979_qjx4;user_4979_qjx41234;8838
user_4980_o0bc;user_4980_o0bc1234;9915
user_4981_dibi;user_4981_dibi1234;4938
user_4982_6x2x;user_4982_6x2x1234;8013
user_4983_by46;user_4983_by461234;5487
user_4984_jwpk;user_4984_jwpk1234;4106
user_4985_cnwj;user_4985_cnwj1234;2453
user_4986_kzt4;user_4986_kzt41234;5742
user_4987_788c;user_4987_788c1234;3145
user_4988_gbu7;user_4988_gbu71234;9032
user_4989_hkdq;user_4989_hkdq1234;1934
user_4990_rscn;user_4990_rscn1234;4777
user_4991_okk0;user_4991_okk01234;4621
user_4992_pgb8;user_4992_pgb81234;6208
user_4993_swdy;user_4993_swdy1234;9602
user_4994_zvm3;user_4994_zvm31234;1863
user_4995_t05l;user_4995_t05l1234;9793
user_4996_oiaz;user_4996_oiaz1234;4554
user_4997_ds2m;user_4997_ds2m1234;7031
user_4998_dp3w;user_4998_dp3w1234;3945
user_4999_13lk;user_4999_13lk1234;5036
user_5000_qfcv;user_5000_qfcv1234;4968
user_5001_5gjm;user_5001_5gjm1234;2793
user_5002_0t4z;user_5002_0t4z1234;9105
user_5003_qo2v;user_5003_qo2v1234;3152
user_5004_z47i;user_5004_z47i1234;6238
user_5005_aeh2;user_5005_aeh21234;1661
user_5006_9k08;user_5006_9k081234;1628
user_5007_176h;user_5007_176h1234;8759
user_5008_s2g8;user_5008_s2g81234;1038
user_5009_8qpb;user_5009_8qpb1234;6968
user_5010_b3ew;user_5010_b3ew1234;5534
user_5011_cl8u;user_5011_cl8u1234;5118
user_5012_t6ol;user_5012_t6ol1234;1186
user_5013_vlin;user_5013_vlin1234;3114
user_5014_nixr;user_5014_nixr1234;2450
user_5015_lgia;user_5015_lgia1234;4688
user_5016_xgjf;user_5016_xgjf1234;9899
user_5017_hydf;user_5017_hydf1234;4263
user_5018_bv6k;user_5018_bv6k1234;8212
user_5019_grzr;user_5019_grzr1234;9714
user_5020_ki79;user_5020_ki791234;8595
user_5021_8aqd;user_5021_8aqd1234;7236
user_5022_tvjd;user_5022_tvjd1234;7957
user_5023_2woe;user_5023_2woe1234;9037
user_5024_oefx;user_5024_oefx1234;5255
user_5025_ya6x;user_5025_ya6x1234;6368
user_5026_faap;user_5026_faap1234;3497
user_5027_v274;user_5027_v2741234;4356
user_5028_jvoc;user_5028_jvoc1234;9467
user_5029_d61r;user_5029_d61r1234;3314
user_5030_bpbt;user_5030_bpbt1234;6633
user_5031_cisy;user_5031_cisy1234;9609
user_5032_1q66;user_5032_1q661234;8105
user_5033_e0po;user_5033_e0po1234;3242
user_5034_6pdf;user_5034_6pdf1234;4815
user_5035_egp9;user_5035_egp91234;1667
user_5036_0yak;user_5036_0yak1234;7674
user_5037_e6jp;user_5037_e6jp1234;6065
user_5038_8gap;user_5038_8gap1234;8893
user_5039_e79a;user_5039_e79a1234;4743
user_5040_xifq;user_5040_xifq1234;8620
user_5041_osxh;user_5041_osxh1234;1136
user_5042_0hru;user_5042_0hru1234;3362
user_5043_lwpl;user_5043_lwpl1234;2457
user_5044_a0w7;user_5044_a0w71234;5380
user_5045_mdvt;user_5045_mdvt1234;1893
user_5046_mpdm;user_5046_mpdm1234;8324
user_5047_qmyi;user_5047_qmyi1234;7375
user_5048_r9mx;user_5048_r9mx1234;5498
user_5049_wt04;user_5049_wt041234;8247
user_5050_d1fy;user_5050_d1fy1234;4016
user_5051_npg9;user_5051_npg91234;4707
user_5052_6fuz;user_5052_6fuz1234;5068
user_5053_ixh2;user_5053_ixh21234;9490
user_5054_oowy;user_5054_oowy1234;7902
user_5055_jj66;user_5055_jj661234;2262
user_5056_3qsd;user_5056_3qsd1234;6145
user_5057_2aj8;user_5057_2aj81234;2661
user_5058_dtsi;user_5058_dtsi1234;6570
user_5059_injn;user_5059_injn1234;8609
user_5060_nbh4;user_5060_nbh41234;9882
user_5061_bv97;user_5061_bv971234;2010
user_5062_6hnt;user_5062_6hnt1234;1244
user_5063_83v2;user_5063_83v21234;6621
user_5064_1crs;user_5064_1crs1234;1668
user_5065_uipd;user_5065_uipd1234;1391
user_5066_r3j0;user_5066_r3j01234;6522
user_5067_zs1u;user_5067_zs1u1234;9752
user_5068_84c8;user_5068_84c81234;9861
user_5069_r60x;user_5069_r60x1234;7527
user_5070_05vj;user_5070_05vj1234;4444
user_5071_z3sh;user_5071_z3sh1234;1780
user_5072_7jmn;user_5072_7jmn1234;8791
user_5073_pzkj;user_5073_pzkj1234;7237
user_5074_19lb;user_5074_19lb1234;2470
user_5075_6zlo;user_5075_6zlo1234;6266
user_5076_rrp4;user_5076_rrp41234;5359
user_5077_1s51;user_5077_1s511234;5898
user_5078_jyqr;user_5078_jyqr1234;1802
user_5079_30wp;user_5079_30wp1234;7442
user_5080_1nok;user_5080_1nok1234;5093
user_5081_vnh5;user_5081_vnh51234;4064
user_5082_x8jm;user_5082_x8jm1234;6024
user_5083_r34i;user_5083_r34i1234;8247
user_5084_vr4k;user_5084_vr4k1234;6206
user_5085_dpfb;user_5085_dpfb1234;6135
user_5086_hmey;user_5086_hmey1234;1221
user_5087_gqfh;user_5087_gqfh1234;9357
user_5088_jq5v;user_5088_jq5v1234;7336
user_5089_nspt;user_5089_nspt1234;1088
user_5090_yoq3;user_5090_yoq31234;2684
user_5091_jax8;user_5091_jax81234;1344
user_5092_wvju;user_5092_wvju1234;5515
user_5093_5nvo;user_5093_5nvo1234;7547
user_5094_ihkp;user_5094_ihkp1234;7724
user_5095_0bsf;user_5095_0bsf1234;7546
user_5096_79br;user_5096_79br1234;9703
user_5097_1h2g;user_5097_1h2g1234;4979
user_5098_rzok;user_5098_rzok1234;2945
user_5099_5uzx;user_5099_5uzx1234;5438
user_5100_qi24;user_5100_qi241234;3889
user_5101_be01;user_5101_be011234;5001
user_5102_y9lo;user_5102_y9lo1234;3394
user_5103_2046;user_5103_20461234;9888
user_5104_gk77;user_5104_gk771234;7850
user_5105_71eh;user_5105_71eh1234;7374
user_5106_dt59;user_5106_dt591234;1289
user_5107_mxa6;user_5107_mxa61234;6407
user_5108_lmb5;user_5108_lmb51234;3087
user_5109_iky8;user_5109_iky81234;7118
user_5110_s03u;user_5110_s03u1234;3370
user_5111_fzqy;user_5111_fzqy1234;9202
user_5112_2u5i;user_5112_2u5i1234;5162
user_5113_ka7v;user_5113_ka7v1234;1857
user_5114_dq7b;user_5114_dq7b1234;6312
user_5115_efrr;user_5115_efrr1234;8471
user_5116_ongz;user_5116_ongz1234;5481
user_5117_qgnz;user_5117_qgnz1234;3061
user_5118_2hgn;user_5118_2hgn1234;3273
user_5119_jwd1;user_5119_jwd11234;7405
user_5120_ocku;user_5120_ocku1234;4201
user_5121_cj57;user_5121_cj571234;8518
user_5122_qolf;user_5122_qolf1234;8212
user_5123_nngl;user_5123_nngl1234;5847
user_5124_kbyq;user_5124_kbyq1234;5512
user_5125_5ujf;user_5125_5ujf1234;7993
user_5126_qlla;user_5126_qlla1234;8745
user_5127_6nn7;user_5127_6nn71234;3967
user_5128_hnqs;user_5128_hnqs1234;5937
user_5129_ej4g;user_5129_ej4g1234;5420
user_5130_w5yj;user_5130_w5yj1234;7585
user_5131_218w;user_5131_218w1234;4853
user_5132_vj7s;user_5132_vj7s1234;8990
user_5133_n01g;user_5133_n01g1234;5771
user_5134_xplf;user_5134_xplf1234;1658
user_5135_xzk8;user_5135_xzk81234;8608
user_5136_iet1;user_5136_iet11234;3623
user_5137_3gqp;user_5137_3gqp1234;5281
user_5138_jnn4;user_5138_jnn41234;4665
user_5139_7557;user_5139_75571234;1511
user_5140_t9at;user_5140_t9at1234;5329
user_5141_84v2;user_5141_84v21234;2504
user_5142_ekn8;user_5142_ekn81234;4128
user_5143_kven;user_5143_kven1234;4536
user_5144_9y47;user_5144_9y471234;5869
user_5145_1n8z;user_5145_1n8z1234;9700
user_5146_y48m;user_5146_y48m1234;8868
user_5147_fgmj;user_5147_fgmj1234;9099
user_5148_8yju;user_5148_8yju1234;4790
user_5149_askw;user_5149_askw1234;1532
user_5150_my6z;user_5150_my6z1234;3205
user_5151_vaka;user_5151_vaka1234;6601
user_5152_t0vf;user_5152_t0vf1234;6502
user_5153_lm86;user_5153_lm861234;8390
user_5154_jpcb;user_5154_jpcb1234;9930
user_5155_vdp3;user_5155_vdp31234;7838
user_5156_5eby;user_5156_5eby1234;3718
user_5157_1sw1;user_5157_1sw11234;6063
user_5158_5s35;user_5158_5s351234;2941
user_5159_nvwp;user_5159_nvwp1234;1579
user_5160_6se7;user_5160_6se71234;4454
user_5161_dmgi;user_5161_dmgi1234;8332
user_5162_e6t8;user_5162_e6t81234;8739
user_5163_k3fn;user_5163_k3fn1234;9868
user_5164_52w6;user_5164_52w61234;6109
user_5165_wb51;user_5165_wb511234;1950
user_5166_9b2p;user_5166_9b2p1234;1969
user_5167_csff;user_5167_csff1234;8638
user_5168_3sne;user_5168_3sne1234;2207
user_5169_begp;user_5169_begp1234;4313
user_5170_uxae;user_5170_uxae1234;1601
user_5171_eser;user_5171_eser1234;8001
user_5172_32sn;user_5172_32sn1234;4436
user_5173_1m7g;user_5173_1m7g1234;9519
user_5174_hnxt;user_5174_hnxt1234;1175
user_5175_uk2e;user_5175_uk2e1234;8268
user_5176_f1lq;user_5176_f1lq1234;9238
user_5177_031l;user_5177_031l1234;8630
user_5178_nmfp;user_5178_nmfp1234;3887
user_5179_u76f;user_5179_u76f1234;2878
user_5180_4057;user_5180_40571234;9656
user_5181_6vsv;user_5181_6vsv1234;6715
user_5182_0pse;user_5182_0pse1234;8998
user_5183_rm77;user_5183_rm771234;6728
user_5184_4w3e;user_5184_4w3e1234;2999
user_5185_0njq;user_5185_0njq1234;8124
user_5186_kk2b;user_5186_kk2b1234;3197
user_5187_o132;user_5187_o1321234;4242
user_5188_k5gc;user_5188_k5gc1234;3661
user_5189_6nwp;user_5189_6nwp1234;6614
user_5190_vyea;user_5190_vyea1234;7118
user_5191_shso;user_5191_shso1234;9140
user_5192_e95e;user_5192_e95e1234;9324
user_5193_vz6q;user_5193_vz6q1234;5900
user_5194_598v;user_5194_598v1234;5166
user_5195_bgcb;user_5195_bgcb1234;1330
user_5196_1orc;user_5196_1orc1234;4349
user_5197_rsba;user_5197_rsba1234;4148
user_5198_wvft;user_5198_wvft1234;6115
user_5199_63hh;user_5199_63hh1234;7741
user_5200_6tko;user_5200_6tko1234;5274
user_5201_h4rk;user_5201_h4rk1234;6059
user_5202_ruk9;user_5202_ruk91234;3604
user_5203_89m6;user_5203_89m61234;5271
user_5204_moh9;user_5204_moh91234;5483
user_5205_2jmi;user_5205_2jmi1234;2781
user_5206_u1v2;user_5206_u1v21234;1489
user_5207_c2ev;user_5207_c2ev1234;8009
user_5208_521n;user_5208_521n1234;1276
user_5209_8vhv;user_5209_8vhv1234;1741
user_5210_yi84;user_5210_yi841234;5860
user_5211_29k4;user_5211_29k41234;9532
user_5212_t9po;user_5212_t9po1234;9632
user_5213_f3ma;user_5213_f3ma1234;6786
user_5214_gbs1;user_5214_gbs11234;9079
user_5215_oyoe;user_5215_oyoe1234;8863
user_5216_iup2;user_5216_iup21234;9540
user_5217_c8nw;user_5217_c8nw1234;2515
user_5218_tz4v;user_5218_tz4v1234;5329
user_5219_kpx7;user_5219_kpx71234;9309
user_5220_j8ay;user_5220_j8ay1234;7752
user_5221_rji3;user_5221_rji31234;7715
user_5222_6mlt;user_5222_6mlt1234;5957
user_5223_5oya;user_5223_5oya1234;4026
user_5224_3yhq;user_5224_3yhq1234;1507
user_5225_ndao;user_5225_ndao1234;4135
user_5226_anrb;user_5226_anrb1234;3118
user_5227_fqq1;user_5227_fqq11234;1816
user_5228_dj2b;user_5228_dj2b1234;5151
user_5229_kab5;user_5229_kab51234;8581
user_5230_fflm;user_5230_fflm1234;7541
user_5231_4d3h;user_5231_4d3h1234;5553
user_5232_hica;user_5232_hica1234;8960
user_5233_mh6r;user_5233_mh6r1234;3664
user_5234_zyrj;user_5234_zyrj1234;9539
user_5235_loe1;user_5235_loe11234;4024
user_5236_na54;user_5236_na541234;7299
user_5237_emqk;user_5237_emqk1234;1607
user_5238_2xet;user_5238_2xet1234;4623
user_5239_cypz;user_5239_cypz1234;8801
user_5240_773g;user_5240_773g1234;5735
user_5241_1xv7;user_5241_1xv71234;8129
user_5242_to4z;user_5242_to4z1234;3249
user_5243_qblf;user_5243_qblf1234;7358
user_5244_5v2q;user_5244_5v2q1234;3343
user_5245_er09;user_5245_er091234;3138
user_5246_pz87;user_5246_pz871234;7204
user_5247_ws3r;user_5247_ws3r1234;8117
user_5248_rq0i;user_5248_rq0i1234;3125
user_5249_818l;user_5249_818l1234;7823
user_5250_rdt7;user_5250_rdt71234;2051
user_5251_n6wz;user_5251_n6wz1234;4071
user_5252_nhg9;user_5252_nhg91234;4394
user_5253_jqij;user_5253_jqij1234;1285
user_5254_yfdf;user_5254_yfdf1234;7165
user_5255_s67i;user_5255_s67i1234;4522
user_5256_h4qg;user_5256_h4qg1234;4291
user_5257_et88;user_5257_et881234;2213
user_5258_ljao;user_5258_ljao1234;6976
user_5259_bnau;user_5259_bnau1234;3333
user_5260_ggzg;user_5260_ggzg1234;5246
user_5261_zzs1;user_5261_zzs11234;3181
user_5262_d5h7;user_5262_d5h71234;2997
user_5263_n50l;user_5263_n50l1234;3899
user_5264_206p;user_5264_206p1234;8940
user_5265_d9mh;user_5265_d9mh1234;3319
user_5266_oy5y;user_5266_oy5y1234;1226
user_5267_5kwr;user_5267_5kwr1234;2399
user_5268_qsbz;user_5268_qsbz1234;6648
user_5269_w2rr;user_5269_w2rr1234;3334
user_5270_mk66;user_5270_mk661234;6706
user_5271_thtn;user_5271_thtn1234;6558
user_5272_129u;user_5272_129u1234;4030
user_5273_9t97;user_5273_9t971234;9256
user_5274_48lq;user_5274_48lq1234;4001
user_5275_b8wt;user_5275_b8wt1234;9830
user_5276_n05r;user_5276_n05r1234;4971
user_5277_0rfs;user_5277_0rfs1234;4447
user_5278_krlv;user_5278_krlv1234;3455
user_5279_af2b;user_5279_af2b1234;2671
user_5280_muyx;user_5280_muyx1234;4778
user_5281_nj9y;user_5281_nj9y1234;5646
user_5282_p059;user_5282_p0591234;4031
user_5283_umux;user_5283_umux1234;6851
user_5284_lqhw;user_5284_lqhw1234;8410
user_5285_9ta4;user_5285_9ta41234;6795
user_5286_f3zk;user_5286_f3zk1234;6162
user_5287_sdd2;user_5287_sdd21234;3620
user_5288_4l5m;user_5288_4l5m1234;5389
user_5289_soid;user_5289_soid1234;9612
user_5290_foso;user_5290_foso1234;1495
user_5291_qwr5;user_5291_qwr51234;8373
user_5292_ofq0;user_5292_ofq01234;8014
user_5293_sx90;user_5293_sx901234;6431
user_5294_a7q4;user_5294_a7q41234;1865
user_5295_zq77;user_5295_zq771234;5036
user_5296_vth2;user_5296_vth21234;7968
user_5297_gwkt;user_5297_gwkt1234;7059
user_5298_wckw;user_5298_wckw1234;2982
user_5299_iwff;user_5299_iwff1234;4372
user_5300_95yx;user_5300_95yx1234;3443
user_5301_y5ix;user_5301_y5ix1234;2176
user_5302_bvoa;user_5302_bvoa1234;4829
user_5303_6hah;user_5303_6hah1234;3521
user_5304_yb8u;user_5304_yb8u1234;6624
user_5305_trwp;user_5305_trwp1234;9378
user_5306_3ort;user_5306_3ort1234;6094
user_5307_tdss;user_5307_tdss1234;9506
user_5308_e9x6;user_5308_e9x61234;5515
user_5309_53f2;user_5309_53f21234;4020
user_5310_z94u;user_5310_z94u1234;2110
user_5311_3tob;user_5311_3tob1234;9473
user_5312_3odk;user_5312_3odk1234;4601
user_5313_jg9t;user_5313_jg9t1234;5798
user_5314_dy3d;user_5314_dy3d1234;9189
user_5315_vxji;user_5315_vxji1234;6014
user_5316_1ked;user_5316_1ked1234;6188
user_5317_dfva;user_5317_dfva1234;8648
user_5318_9a1h;user_5318_9a1h1234;9100
user_5319_d1w5;user_5319_d1w51234;5301
user_5320_2eyi;user_5320_2eyi1234;2363
user_5321_a63n;user_5321_a63n1234;4664
user_5322_go93;user_5322_go931234;3338
user_5323_0wxy;user_5323_0wxy1234;3987
user_5324_1chu;user_5324_1chu1234;4591
user_5325_rinu;user_5325_rinu1234;7953
user_5326_pgcg;user_5326_pgcg1234;2551
user_5327_5ns6;user_5327_5ns61234;3614
user_5328_a9nd;user_5328_a9nd1234;8649
user_5329_bibi;user_5329_bibi1234;8867
user_5330_78rx;user_5330_78rx1234;7671
user_5331_nw7i;user_5331_nw7i1234;8655
user_5332_nn3h;user_5332_nn3h1234;9372
user_5333_ypp2;user_5333_ypp21234;8518
user_5334_obe8;user_5334_obe81234;7713
user_5335_c2oq;user_5335_c2oq1234;1198
user_5336_rdic;user_5336_rdic1234;8335
user_5337_7j58;user_5337_7j581234;1748
user_5338_ln6t;user_5338_ln6t1234;4582
user_5339_hygj;user_5339_hygj1234;3250
user_5340_dobm;user_5340_dobm1234;7783
user_5341_dtum;user_5341_dtum1234;5803
user_5342_gf11;user_5342_gf111234;5474
user_5343_fx1u;user_5343_fx1u1234;4411
user_5344_xeq7;user_5344_xeq71234;9730
user_5345_ijzq;user_5345_ijzq1234;4961
user_5346_k6iz;user_5346_k6iz1234;1438
user_5347_fif4;user_5347_fif41234;1532
user_5348_yn1f;user_5348_yn1f1234;6685
user_5349_wjsj;user_5349_wjsj1234;3162
user_5350_2hzr;user_5350_2hzr1234;5247
user_5351_e8uy;user_5351_e8uy1234;9849
user_5352_65u0;user_5352_65u01234;7434
user_5353_om0b;user_5353_om0b1234;8412
user_5354_k61q;user_5354_k61q1234;4447
user_5355_mu07;user_5355_mu071234;5256
user_5356_vr6i;user_5356_vr6i1234;8310
user_5357_kr9n;user_5357_kr9n1234;6267
user_5358_akx2;user_5358_akx21234;1140
user_5359_iat4;user_5359_iat41234;7597
user_5360_53x2;user_5360_53x21234;8414
user_5361_u6oh;user_5361_u6oh1234;8460
user_5362_9q5q;user_5362_9q5q1234;4434
user_5363_rgut;user_5363_rgut1234;4815
user_5364_92za;user_5364_92za1234;8007
user_5365_pymb;user_5365_pymb1234;6198
user_5366_txof;user_5366_txof1234;1218
user_5367_9n9d;user_5367_9n9d1234;2566
user_5368_d1bq;user_5368_d1bq1234;3777
user_5369_mool;user_5369_mool1234;9255
user_5370_x9t5;user_5370_x9t51234;3782
user_5371_rhbw;user_5371_rhbw1234;1953
user_5372_wnpy;user_5372_wnpy1234;4436
user_5373_k5se;user_5373_k5se1234;3764
user_5374_j4fq;user_5374_j4fq1234;6167
user_5375_38qg;user_5375_38qg1234;1245
user_5376_dnne;user_5376_dnne1234;7016
user_5377_z5t4;user_5377_z5t41234;2669
user_5378_k6p4;user_5378_k6p41234;8762
user_5379_ip02;user_5379_ip021234;3179
user_5380_oy1o;user_5380_oy1o1234;5218
user_5381_ybf7;user_5381_ybf71234;9762
user_5382_9xza;user_5382_9xza1234;5449
user_5383_1vxt;user_5383_1vxt1234;8025
user_5384_nnca;user_5384_nnca1234;5443
user_5385_sfnh;user_5385_sfnh1234;3514
user_5386_6jz8;user_5386_6jz81234;6108
user_5387_jk5c;user_5387_jk5c1234;1830
user_5388_dn2d;user_5388_dn2d1234;5522
user_5389_w4s2;user_5389_w4s21234;3819
user_5390_80md;user_5390_80md1234;1442
user_5391_49p0;user_5391_49p01234;8656
user_5392_frh2;user_5392_frh21234;7923
user_5393_vc5z;user_5393_vc5z1234;9259
user_5394_838a;user_5394_838a1234;6623
user_5395_g1bp;user_5395_g1bp1234;7091
user_5396_cruh;user_5396_cruh1234;7597
user_5397_b7vv;user_5397_b7vv1234;6475
user_5398_2lid;user_5398_2lid1234;3323
user_5399_xmnr;user_5399_xmnr1234;7926
user_5400_gkac;user_5400_gkac1234;9242
user_5401_kh1o;user_5401_kh1o1234;4956
user_5402_uhjs;user_5402_uhjs1234;6381
user_5403_enke;user_5403_enke1234;1974
user_5404_6zc8;user_5404_6zc81234;1021
user_5405_jgsp;user_5405_jgsp1234;7167
user_5406_ox16;user_5406_ox161234;8789
user_5407_qf0t;user_5407_qf0t1234;8524
user_5408_5ri4;user_5408_5ri41234;6273
user_5409_apij;user_5409_apij1234;3328
user_5410_vbnh;user_5410_vbnh1234;9685
user_5411_3n42;user_5411_3n421234;1495
user_5412_4k95;user_5412_4k951234;6250
user_5413_lgsd;user_5413_lgsd1234;9983
user_5414_wa50;user_5414_wa501234;2807
user_5415_78gr;user_5415_78gr1234;2807
user_5416_p627;user_5416_p6271234;1420
user_5417_pmw3;user_5417_pmw31234;7848
user_5418_h2yj;user_5418_h2yj1234;6471
user_5419_vo7i;user_5419_vo7i1234;3549
user_5420_k4tu;user_5420_k4tu1234;5643
user_5421_xcth;user_5421_xcth1234;4919
user_5422_de1v;user_5422_de1v1234;4676
user_5423_fqmm;user_5423_fqmm1234;8320
user_5424_l0ed;user_5424_l0ed1234;3317
user_5425_uyih;user_5425_uyih1234;5445
user_5426_pdvf;user_5426_pdvf1234;8388
user_5427_0eb8;user_5427_0eb81234;4759
user_5428_pzfh;user_5428_pzfh1234;6279
user_5429_em5t;user_5429_em5t1234;5921
user_5430_rgp5;user_5430_rgp51234;8520
user_5431_41ok;user_5431_41ok1234;4401
user_5432_svde;user_5432_svde1234;4311
user_5433_vi9m;user_5433_vi9m1234;4780
user_5434_92zw;user_5434_92zw1234;3240
user_5435_00gf;user_5435_00gf1234;2260
user_5436_lwwm;user_5436_lwwm1234;4404
user_5437_kfp6;user_5437_kfp61234;3120
user_5438_jq9w;user_5438_jq9w1234;7744
user_5439_0nin;user_5439_0nin1234;3102
user_5440_4j94;user_5440_4j941234;3808
user_5441_mjpt;user_5441_mjpt1234;6747
user_5442_jtfy;user_5442_jtfy1234;6386
user_5443_hkkn;user_5443_hkkn1234;5145
user_5444_pvtv;user_5444_pvtv1234;2726
user_5445_kk72;user_5445_kk721234;2711
user_5446_1s7j;user_5446_1s7j1234;8992
user_5447_r8fw;user_5447_r8fw1234;9598
user_5448_f9kv;user_5448_f9kv1234;1347
user_5449_738y;user_5449_738y1234;9516
user_5450_9cor;user_5450_9cor1234;1546
user_5451_c1m2;user_5451_c1m21234;2586
user_5452_e1ck;user_5452_e1ck1234;9856
user_5453_u4s1;user_5453_u4s11234;7341
user_5454_7ko4;user_5454_7ko41234;7522
user_5455_n6yc;user_5455_n6yc1234;8037
user_5456_7ycq;user_5456_7ycq1234;3513
user_5457_z83m;user_5457_z83m1234;9238
user_5458_9xd7;user_5458_9xd71234;8273
user_5459_j6ca;user_5459_j6ca1234;4274
user_5460_d3pu;user_5460_d3pu1234;9278
user_5461_4u52;user_5461_4u521234;5095
user_5462_sz1n;user_5462_sz1n1234;9071
user_5463_fneq;user_5463_fneq1234;7642
user_5464_sgn5;user_5464_sgn51234;2567
user_5465_vy9y;user_5465_vy9y1234;9491
user_5466_l7ry;user_5466_l7ry1234;8116
user_5467_72uk;user_5467_72uk1234;3236
user_5468_lz8u;user_5468_lz8u1234;8158
user_5469_rrr6;user_5469_rrr61234;9998
user_5470_g0st;user_5470_g0st1234;8302
user_5471_82i6;user_5471_82i61234;6480
user_5472_hu7v;user_5472_hu7v1234;2879
user_5473_vupq;user_5473_vupq1234;5285
user_5474_fszg;user_5474_fszg1234;8144
user_5475_9txa;user_5475_9txa1234;4147
user_5476_q6wu;user_5476_q6wu1234;2444
user_5477_qhpb;user_5477_qhpb1234;4222
user_5478_zu37;user_5478_zu371234;5465
user_5479_78o4;user_5479_78o41234;7625
user_5480_gaeo;user_5480_gaeo1234;3080
user_5481_xw81;user_5481_xw811234;9607
user_5482_mpj9;user_5482_mpj91234;5734
user_5483_zhf4;user_5483_zhf41234;9509
user_5484_hnu2;user_5484_hnu21234;2473
user_5485_pcf5;user_5485_pcf51234;8622
user_5486_be6h;user_5486_be6h1234;2890
user_5487_on3l;user_5487_on3l1234;4610
user_5488_5pju;user_5488_5pju1234;3328
user_5489_bdy3;user_5489_bdy31234;5415
user_5490_vuxo;user_5490_vuxo1234;7622
user_5491_teum;user_5491_teum1234;2433
user_5492_0qli;user_5492_0qli1234;7038
user_5493_1pfb;user_5493_1pfb1234;4394
user_5494_r0pa;user_5494_r0pa1234;4210
user_5495_phiw;user_5495_phiw1234;8712
user_5496_914i;user_5496_914i1234;2134
user_5497_4z8b;user_5497_4z8b1234;9993
user_5498_oo7j;user_5498_oo7j1234;3090
user_5499_enoh;user_5499_enoh1234;8475
user_5500_wxq1;user_5500_wxq11234;9235
user_5501_s7z4;user_5501_s7z41234;6630
user_5502_07ra;user_5502_07ra1234;9219
user_5503_8wo9;user_5503_8wo91234;4664
user_5504_xas4;user_5504_xas41234;6535
user_5505_ptv9;user_5505_ptv91234;4612
user_5506_odrn;user_5506_odrn1234;2017
user_5507_astu;user_5507_astu1234;5624
user_5508_apz8;user_5508_apz81234;4624
user_5509_wy20;user_5509_wy201234;2361
user_5510_vmr4;user_5510_vmr41234;9263
user_5511_ffzp;user_5511_ffzp1234;9021
user_5512_z642;user_5512_z6421234;6325
user_5513_5qz2;user_5513_5qz21234;3881
user_5514_3sjo;user_5514_3sjo1234;9108
user_5515_c5c1;user_5515_c5c11234;6310
user_5516_b3pw;user_5516_b3pw1234;5895
user_5517_ggf5;user_5517_ggf51234;9908
user_5518_r1kk;user_5518_r1kk1234;3042
user_5519_0q2t;user_5519_0q2t1234;4752
user_5520_mdeq;user_5520_mdeq1234;8027
user_5521_cwh6;user_5521_cwh61234;4880
user_5522_7hmn;user_5522_7hmn1234;4773
user_5523_hez4;user_5523_hez41234;9680
user_5524_l9v2;user_5524_l9v21234;9909
user_5525_uj5o;user_5525_uj5o1234;5535
user_5526_68w5;user_5526_68w51234;7664
user_5527_ccwd;user_5527_ccwd1234;2425
user_5528_9xur;user_5528_9xur1234;1726
user_5529_h8f2;user_5529_h8f21234;9048
user_5530_da7a;user_5530_da7a1234;9991
user_5531_v7m9;user_5531_v7m91234;6777
user_5532_gsfu;user_5532_gsfu1234;3292
user_5533_hvm1;user_5533_hvm11234;8641
user_5534_b23i;user_5534_b23i1234;2709
user_5535_r3mo;user_5535_r3mo1234;2288
user_5536_5d9m;user_5536_5d9m1234;9340
user_5537_vy0a;user_5537_vy0a1234;9568
user_5538_vg8n;user_5538_vg8n1234;9593
user_5539_m3s4;user_5539_m3s41234;9005
user_5540_9jry;user_5540_9jry1234;1202
user_5541_d2tm;user_5541_d2tm1234;2848
user_5542_l37w;user_5542_l37w1234;9243
user_5543_5k0g;user_5543_5k0g1234;9471
user_5544_dzzu;user_5544_dzzu1234;9782
user_5545_46zr;user_5545_46zr1234;5921
user_5546_wkd7;user_5546_wkd71234;5671
user_5547_84t9;user_5547_84t91234;9852
user_5548_1mza;user_5548_1mza1234;8664
user_5549_hrac;user_5549_hrac1234;7483
user_5550_lww7;user_5550_lww71234;9789
user_5551_j1pu;user_5551_j1pu1234;6850
user_5552_sszd;user_5552_sszd1234;3597
user_5553_pv3g;user_5553_pv3g1234;8773
user_5554_baxr;user_5554_baxr1234;9584
user_5555_h3o8;user_5555_h3o81234;9455
user_5556_em3o;user_5556_em3o1234;6449
user_5557_9n44;user_5557_9n441234;1472
user_5558_p4fu;user_5558_p4fu1234;7639
user_5559_sdlh;user_5559_sdlh1234;5029
user_5560_73ux;user_5560_73ux1234;2665
user_5561_l6f4;user_5561_l6f41234;8546
user_5562_6tg6;user_5562_6tg61234;9026
user_5563_lnsr;user_5563_lnsr1234;1828
user_5564_imcm;user_5564_imcm1234;7041
user_5565_ykm6;user_5565_ykm61234;7910
user_5566_au0o;user_5566_au0o1234;5019
user_5567_iq86;user_5567_iq861234;1715
user_5568_p6tn;user_5568_p6tn1234;9660
user_5569_262n;user_5569_262n1234;4498
user_5570_xcmb;user_5570_xcmb1234;4383
user_5571_evvd;user_5571_evvd1234;1947
user_5572_lqpw;user_5572_lqpw1234;6344
user_5573_kss9;user_5573_kss91234;3898
user_5574_vtho;user_5574_vtho1234;8638
user_5575_cxtz;user_5575_cxtz1234;6771
user_5576_pbd8;user_5576_pbd81234;6783
user_5577_ylz6;user_5577_ylz61234;1735
user_5578_q2wj;user_5578_q2wj1234;2165
user_5579_agxi;user_5579_agxi1234;9242
user_5580_3z09;user_5580_3z091234;6324
user_5581_a6s2;user_5581_a6s21234;9781
user_5582_0vm1;user_5582_0vm11234;9015
user_5583_72eq;user_5583_72eq1234;6201
user_5584_qjyk;user_5584_qjyk1234;8513
user_5585_r8c1;user_5585_r8c11234;8873
user_5586_p6f7;user_5586_p6f71234;2766
user_5587_ay13;user_5587_ay131234;6593
user_5588_cmh6;user_5588_cmh61234;5505
user_5589_wtcu;user_5589_wtcu1234;1120
user_5590_kh2z;user_5590_kh2z1234;8372
user_5591_kb00;user_5591_kb001234;5360
user_5592_88cx;user_5592_88cx1234;3651
user_5593_um2e;user_5593_um2e1234;5676
user_5594_8hu8;user_5594_8hu81234;6240
user_5595_2rvh;user_5595_2rvh1234;7856
user_5596_bwa6;user_5596_bwa61234;7527
user_5597_ma6k;user_5597_ma6k1234;9305
user_5598_7ywh;user_5598_7ywh1234;6290
user_5599_ada4;user_5599_ada41234;7640
user_5600_zcgx;user_5600_zcgx1234;2482
user_5601_xae6;user_5601_xae61234;3992
user_5602_qvoi;user_5602_qvoi1234;4688
user_5603_pjsx;user_5603_pjsx1234;5571
user_5604_68n9;user_5604_68n91234;9824
user_5605_tcoi;user_5605_tcoi1234;7165
user_5606_osxz;user_5606_osxz1234;3311
user_5607_xpph;user_5607_xpph1234;6205
user_5608_gvdh;user_5608_gvdh1234;1225
user_5609_mk9z;user_5609_mk9z1234;9404
user_5610_09fn;user_5610_09fn1234;6741
user_5611_wsex;user_5611_wsex1234;3786
user_5612_xodb;user_5612_xodb1234;4077
user_5613_sp4j;user_5613_sp4j1234;9003
user_5614_s04x;user_5614_s04x1234;9414
user_5615_0nw4;user_5615_0nw41234;8078
user_5616_z2rd;user_5616_z2rd1234;8805
user_5617_vpe8;user_5617_vpe81234;6837
user_5618_pyg6;user_5618_pyg61234;9165
user_5619_mmt7;user_5619_mmt71234;1036
user_5620_20zb;user_5620_20zb1234;5210
user_5621_vtnq;user_5621_vtnq1234;6711
user_5622_zd1y;user_5622_zd1y1234;8633
user_5623_kcwy;user_5623_kcwy1234;3687
user_5624_edvo;user_5624_edvo1234;6292
user_5625_5vmt;user_5625_5vmt1234;5709
user_5626_kttu;user_5626_kttu1234;7773
user_5627_dubt;user_5627_dubt1234;5958
user_5628_8kki;user_5628_8kki1234;2702
user_5629_g4vq;user_5629_g4vq1234;6932
user_5630_n7cl;user_5630_n7cl1234;9211
user_5631_0en2;user_5631_0en21234;6228
user_5632_ogp5;user_5632_ogp51234;7488
user_5633_g6md;user_5633_g6md1234;9758
user_5634_6aiy;user_5634_6aiy1234;2542
user_5635_z1ps;user_5635_z1ps1234;3734
user_5636_cz5e;user_5636_cz5e1234;6663
user_5637_gdrc;user_5637_gdrc1234;9728
user_5638_n43j;user_5638_n43j1234;9448
user_5639_wpmz;user_5639_wpmz1234;2103
user_5640_eqw2;user_5640_eqw21234;1315
user_5641_m7aw;user_5641_m7aw1234;3191
user_5642_7xrb;user_5642_7xrb1234;3546
user_5643_c6uh;user_5643_c6uh1234;5196
user_5644_vrnu;user_5644_vrnu1234;9720
user_5645_pfgi;user_5645_pfgi1234;1600
user_5646_v1z5;user_5646_v1z51234;2408
user_5647_20cx;user_5647_20cx1234;4539
user_5648_9wqh;user_5648_9wqh1234;6452
user_5649_wmql;user_5649_wmql1234;2265
user_5650_0llu;user_5650_0llu1234;5027
user_5651_xt5m;user_5651_xt5m1234;9851
user_5652_3zh9;user_5652_3zh91234;9559
user_5653_kxg9;user_5653_kxg91234;8413
user_5654_dzh5;user_5654_dzh51234;8273
user_5655_pqsy;user_5655_pqsy1234;8500
user_5656_thy0;user_5656_thy01234;7565
user_5657_pm8v;user_5657_pm8v1234;4337
user_5658_15z7;user_5658_15z71234;7938
user_5659_75e4;user_5659_75e41234;3765
user_5660_u8dp;user_5660_u8dp1234;4883
user_5661_as6v;user_5661_as6v1234;3098
user_5662_9cth;user_5662_9cth1234;1292
user_5663_5gtd;user_5663_5gtd1234;8114
user_5664_eebx;user_5664_eebx1234;2048
user_5665_8opg;user_5665_8opg1234;7367
user_5666_fgs7;user_5666_fgs71234;2937
user_5667_pycj;user_5667_pycj1234;1466
user_5668_3x1y;user_5668_3x1y1234;5804
user_5669_vpt9;user_5669_vpt91234;8953
user_5670_jkhn;user_5670_jkhn1234;7677
user_5671_witk;user_5671_witk1234;5597
user_5672_fr7m;user_5672_fr7m1234;3667
user_5673_c7u5;user_5673_c7u51234;2759
user_5674_xfg9;user_5674_xfg91234;5003
user_5675_1v23;user_5675_1v231234;5245
user_5676_go5j;user_5676_go5j1234;6112
user_5677_4y97;user_5677_4y971234;2842
user_5678_sm6u;user_5678_sm6u1234;7123
user_5679_7vc6;user_5679_7vc61234;2002
user_5680_x7qg;user_5680_x7qg1234;6122
user_5681_jti5;user_5681_jti51234;2320
user_5682_2ppq;user_5682_2ppq1234;5733
user_5683_pknd;user_5683_pknd1234;2690
user_5684_0onb;user_5684_0onb1234;8475
user_5685_qrxe;user_5685_qrxe1234;8949
user_5686_i5kb;user_5686_i5kb1234;2181
user_5687_ch79;user_5687_ch791234;7071
user_5688_0u2r;user_5688_0u2r1234;1401
user_5689_280i;user_5689_280i1234;7647
user_5690_2h5s;user_5690_2h5s1234;4371
user_5691_yzfz;user_5691_yzfz1234;5387
user_5692_bgdv;user_5692_bgdv1234;7505
user_5693_mog6;user_5693_mog61234;2594
user_5694_86nw;user_5694_86nw1234;1498
user_5695_ng5d;user_5695_ng5d1234;9794
user_5696_728b;user_5696_728b1234;7848
user_5697_fkac;user_5697_fkac1234;6205
user_5698_ci0f;user_5698_ci0f1234;5372
user_5699_q7lb;user_5699_q7lb1234;7232
user_5700_5yxe;user_5700_5yxe1234;9379
user_5701_pkg4;user_5701_pkg41234;4911
user_5702_cil8;user_5702_cil81234;6136
user_5703_tz9m;user_5703_tz9m1234;1680
user_5704_bc73;user_5704_bc731234;7498
user_5705_6p0g;user_5705_6p0g1234;3759
user_5706_mn4n;user_5706_mn4n1234;4804
user_5707_bwwu;user_5707_bwwu1234;8107
user_5708_hxqo;user_5708_hxqo1234;3727
user_5709_7eqi;user_5709_7eqi1234;6151
user_5710_bxey;user_5710_bxey1234;6299
user_5711_nb03;user_5711_nb031234;7536
user_5712_1ydq;user_5712_1ydq1234;3192
user_5713_67v9;user_5713_67v91234;5804
user_5714_k767;user_5714_k7671234;3053
user_5715_17tu;user_5715_17tu1234;9732
user_5716_crzl;user_5716_crzl1234;5896
user_5717_gh6u;user_5717_gh6u1234;5325
user_5718_f057;user_5718_f0571234;3457
user_5719_7xho;user_5719_7xho1234;6702
user_5720_zw1z;user_5720_zw1z1234;5515
user_5721_cm78;user_5721_cm781234;2046
user_5722_mfoq;user_5722_mfoq1234;7596
user_5723_c1ai;user_5723_c1ai1234;4001
user_5724_bxtz;user_5724_bxtz1234;1179
user_5725_wjnx;user_5725_wjnx1234;2974
user_5726_8avq;user_5726_8avq1234;8907
user_5727_ibzy;user_5727_ibzy1234;9619
user_5728_gefp;user_5728_gefp1234;9107
user_5729_xz3z;user_5729_xz3z1234;6110
user_5730_414x;user_5730_414x1234;4647
user_5731_myfm;user_5731_myfm1234;7568
user_5732_hy7q;user_5732_hy7q1234;4079
user_5733_ep9r;user_5733_ep9r1234;7579
user_5734_1q18;user_5734_1q181234;2175
user_5735_rvvh;user_5735_rvvh1234;5241
user_5736_lo29;user_5736_lo291234;6691
user_5737_0zrb;user_5737_0zrb1234;5636
user_5738_vksb;user_5738_vksb1234;7708
user_5739_i1ns;user_5739_i1ns1234;6653
user_5740_hglp;user_5740_hglp1234;5728
user_5741_mrsp;user_5741_mrsp1234;5350
user_5742_yew2;user_5742_yew21234;2396
user_5743_kmvk;user_5743_kmvk1234;9634
user_5744_ss21;user_5744_ss211234;3144
user_5745_0xch;user_5745_0xch1234;6109
user_5746_b9qp;user_5746_b9qp1234;3499
user_5747_yl84;user_5747_yl841234;3452
user_5748_81pw;user_5748_81pw1234;3141
user_5749_0ygu;user_5749_0ygu1234;3299
user_5750_2zhs;user_5750_2zhs1234;4355
user_5751_tmxc;user_5751_tmxc1234;2718
user_5752_pg2c;user_5752_pg2c1234;5724
user_5753_fzel;user_5753_fzel1234;6051
user_5754_63ts;user_5754_63ts1234;1953
user_5755_g76f;user_5755_g76f1234;8282
user_5756_s196;user_5756_s1961234;7022
user_5757_b9d3;user_5757_b9d31234;8442
user_5758_mo7m;user_5758_mo7m1234;8653
user_5759_r0ze;user_5759_r0ze1234;3216
user_5760_slr9;user_5760_slr91234;1858
user_5761_jys7;user_5761_jys71234;5673
user_5762_0mbm;user_5762_0mbm1234;7817
user_5763_di6d;user_5763_di6d1234;6961
user_5764_i045;user_5764_i0451234;4360
user_5765_j5wq;user_5765_j5wq1234;5419
user_5766_hpxf;user_5766_hpxf1234;5004
user_5767_bcz4;user_5767_bcz41234;2785
user_5768_qlsp;user_5768_qlsp1234;9183
user_5769_ija4;user_5769_ija41234;7338
user_5770_0s80;user_5770_0s801234;1809
user_5771_f6li;user_5771_f6li1234;2431
user_5772_504f;user_5772_504f1234;6583
user_5773_w9zv;user_5773_w9zv1234;1992
user_5774_5nwa;user_5774_5nwa1234;3393
user_5775_0jqs;user_5775_0jqs1234;3138
user_5776_r5q0;user_5776_r5q01234;6255
user_5777_p7s7;user_5777_p7s71234;6601
user_5778_i356;user_5778_i3561234;2279
user_5779_o9hh;user_5779_o9hh1234;3412
user_5780_8g8c;user_5780_8g8c1234;2110
user_5781_wuf4;user_5781_wuf41234;9636
user_5782_2h7n;user_5782_2h7n1234;3111
user_5783_5ais;user_5783_5ais1234;5300
user_5784_1qob;user_5784_1qob1234;3138
user_5785_mgjf;user_5785_mgjf1234;7755
user_5786_ahs5;user_5786_ahs51234;4917
user_5787_ropu;user_5787_ropu1234;2986
user_5788_n7cb;user_5788_n7cb1234;5378
user_5789_bbi5;user_5789_bbi51234;8256
user_5790_10bi;user_5790_10bi1234;6821
user_5791_eh25;user_5791_eh251234;7528
user_5792_4ate;user_5792_4ate1234;9198
user_5793_288q;user_5793_288q1234;9438
user_5794_vho3;user_5794_vho31234;7744
user_5795_z3mu;user_5795_z3mu1234;4588
user_5796_24cx;user_5796_24cx1234;5108
user_5797_fjft;user_5797_fjft1234;2281
user_5798_tjkw;user_5798_tjkw1234;6751
user_5799_rn2f;user_5799_rn2f1234;6711
user_5800_kg5l;user_5800_kg5l1234;8516
user_5801_6ccf;user_5801_6ccf1234;2177
user_5802_ke4t;user_5802_ke4t1234;3834
user_5803_kxfc;user_5803_kxfc1234;4572
user_5804_xaf3;user_5804_xaf31234;5839
user_5805_ya5q;user_5805_ya5q1234;1453
user_5806_zatk;user_5806_zatk1234;9695
user_5807_mbkv;user_5807_mbkv1234;3270
user_5808_jwvr;user_5808_jwvr1234;3941
user_5809_j0jy;user_5809_j0jy1234;2031
user_5810_cp4m;user_5810_cp4m1234;1566
user_5811_nsz0;user_5811_nsz01234;6190
user_5812_tmwc;user_5812_tmwc1234;6020
user_5813_ysps;user_5813_ysps1234;7047
user_5814_hrb3;user_5814_hrb31234;2582
user_5815_wyqi;user_5815_wyqi1234;9724
user_5816_avh2;user_5816_avh21234;1047
user_5817_1smk;user_5817_1smk1234;5009
user_5818_hjg7;user_5818_hjg71234;3575
user_5819_wafl;user_5819_wafl1234;9339
user_5820_22fj;user_5820_22fj1234;8464
user_5821_7zg5;user_5821_7zg51234;1998
user_5822_2icv;user_5822_2icv1234;4814
user_5823_clb5;user_5823_clb51234;9067
user_5824_sjqv;user_5824_sjqv1234;2261
user_5825_8js3;user_5825_8js31234;2574
user_5826_vmcu;user_5826_vmcu1234;2880
user_5827_1wkx;user_5827_1wkx1234;6457
user_5828_m19v;user_5828_m19v1234;7581
user_5829_48lv;user_5829_48lv1234;9495
user_5830_9ls2;user_5830_9ls21234;1034
user_5831_s7hc;user_5831_s7hc1234;5169
user_5832_zpdx;user_5832_zpdx1234;1713
user_5833_cheb;user_5833_cheb1234;9000
user_5834_ln4n;user_5834_ln4n1234;4257
user_5835_pj7k;user_5835_pj7k1234;1944
user_5836_zzxd;user_5836_zzxd1234;2225
user_5837_dzmw;user_5837_dzmw1234;8318
user_5838_1hgc;user_5838_1hgc1234;3456
user_5839_igyj;user_5839_igyj1234;1953
user_5840_z8hr;user_5840_z8hr1234;9178
user_5841_on6y;user_5841_on6y1234;2863
user_5842_fswi;user_5842_fswi1234;3043
user_5843_9m6f;user_5843_9m6f1234;1678
user_5844_ywo8;user_5844_ywo81234;7502
user_5845_io07;user_5845_io071234;3566
user_5846_js58;user_5846_js581234;4147
user_5847_fi0i;user_5847_fi0i1234;2855
user_5848_ehte;user_5848_ehte1234;1483
user_5849_wx0o;user_5849_wx0o1234;3157
user_5850_dq88;user_5850_dq881234;1875
user_5851_jm7y;user_5851_jm7y1234;9027
user_5852_zav2;user_5852_zav21234;9231
user_5853_lnf6;user_5853_lnf61234;3238
user_5854_xya9;user_5854_xya91234;7285
user_5855_mkql;user_5855_mkql1234;4227
user_5856_juvg;user_5856_juvg1234;5716
user_5857_vf8s;user_5857_vf8s1234;4368
user_5858_435u;user_5858_435u1234;6516
user_5859_dxtk;user_5859_dxtk1234;6565
user_5860_jt2n;user_5860_jt2n1234;2588
user_5861_zwob;user_5861_zwob1234;1040
user_5862_ojwi;user_5862_ojwi1234;1800
user_5863_uuq4;user_5863_uuq41234;1558
user_5864_jt84;user_5864_jt841234;4381
user_5865_5ccq;user_5865_5ccq1234;9247
user_5866_d9i5;user_5866_d9i51234;8095
user_5867_ypwg;user_5867_ypwg1234;9618
user_5868_g9we;user_5868_g9we1234;2261
user_5869_5e00;user_5869_5e001234;9664
user_5870_cx25;user_5870_cx251234;8267
user_5871_917s;user_5871_917s1234;2966
user_5872_14kd;user_5872_14kd1234;7842
user_5873_erf3;user_5873_erf31234;5987
user_5874_dbk4;user_5874_dbk41234;4516
user_5875_0bf0;user_5875_0bf01234;2014
user_5876_ht4o;user_5876_ht4o1234;7047
user_5877_i4ww;user_5877_i4ww1234;8603
user_5878_q82f;user_5878_q82f1234;1365
user_5879_7jag;user_5879_7jag1234;6779
user_5880_35uz;user_5880_35uz1234;9338
user_5881_1o7h;user_5881_1o7h1234;3357
user_5882_yity;user_5882_yity1234;2423
user_5883_1t1n;user_5883_1t1n1234;6569
user_5884_6cha;user_5884_6cha1234;6896
user_5885_wsqo;user_5885_wsqo1234;2919
user_5886_bx6j;user_5886_bx6j1234;2438
user_5887_31p3;user_5887_31p31234;9627
user_5888_zm6y;user_5888_zm6y1234;9397
user_5889_1plj;user_5889_1plj1234;9877
user_5890_ssla;user_5890_ssla1234;2267
user_5891_fovv;user_5891_fovv1234;1526
user_5892_o93x;user_5892_o93x1234;9626
user_5893_eiin;user_5893_eiin1234;4448
user_5894_d2uf;user_5894_d2uf1234;6486
user_5895_1ky0;user_5895_1ky01234;1345
user_5896_tznf;user_5896_tznf1234;5166
user_5897_r6dd;user_5897_r6dd1234;2738
user_5898_o8r6;user_5898_o8r61234;4865
user_5899_4zzw;user_5899_4zzw1234;1749
user_5900_km7q;user_5900_km7q1234;1855
user_5901_0evi;user_5901_0evi1234;2681
user_5902_dqft;user_5902_dqft1234;6292
user_5903_0ras;user_5903_0ras1234;8432
user_5904_vqmg;user_5904_vqmg1234;7043
user_5905_j87h;user_5905_j87h1234;7864
user_5906_hjes;user_5906_hjes1234;5078
user_5907_cqz6;user_5907_cqz61234;1517
user_5908_fsll;user_5908_fsll1234;5748
user_5909_6yfy;user_5909_6yfy1234;2871
user_5910_3ofm;user_5910_3ofm1234;9829
user_5911_cy4x;user_5911_cy4x1234;9457
user_5912_2ipx;user_5912_2ipx1234;8720
user_5913_0b94;user_5913_0b941234;8663
user_5914_pqgp;user_5914_pqgp1234;4189
user_5915_2258;user_5915_22581234;9720
user_5916_1hmv;user_5916_1hmv1234;4733
user_5917_88rh;user_5917_88rh1234;1854
user_5918_dm3u;user_5918_dm3u1234;4889
user_5919_0eyu;user_5919_0eyu1234;9704
user_5920_991l;user_5920_991l1234;1994
user_5921_vv5t;user_5921_vv5t1234;3816
user_5922_r09p;user_5922_r09p1234;9159
user_5923_so93;user_5923_so931234;1104
user_5924_u2jv;user_5924_u2jv1234;7983
user_5925_csba;user_5925_csba1234;5051
user_5926_y6yv;user_5926_y6yv1234;3583
user_5927_5lky;user_5927_5lky1234;7592
user_5928_urw3;user_5928_urw31234;7975
user_5929_vv7m;user_5929_vv7m1234;2200
user_5930_luwn;user_5930_luwn1234;6960
user_5931_6p7x;user_5931_6p7x1234;4411
user_5932_omtd;user_5932_omtd1234;1736
user_5933_gboo;user_5933_gboo1234;1353
user_5934_yjei;user_5934_yjei1234;2527
user_5935_3b0a;user_5935_3b0a1234;5047
user_5936_fwuz;user_5936_fwuz1234;9125
user_5937_hy64;user_5937_hy641234;4779
user_5938_odi0;user_5938_odi01234;8760
user_5939_jw6s;user_5939_jw6s1234;6303
user_5940_8gap;user_5940_8gap1234;5232
user_5941_a6bf;user_5941_a6bf1234;7422
user_5942_i2nd;user_5942_i2nd1234;3009
user_5943_x0ls;user_5943_x0ls1234;6264
user_5944_7e1m;user_5944_7e1m1234;5483
user_5945_wuwe;user_5945_wuwe1234;9464
user_5946_oi96;user_5946_oi961234;9266
user_5947_xkql;user_5947_xkql1234;9967
user_5948_y2py;user_5948_y2py1234;4624
user_5949_atmf;user_5949_atmf1234;2327
user_5950_szr2;user_5950_szr21234;5294
user_5951_qt1o;user_5951_qt1o1234;8364
user_5952_c121;user_5952_c1211234;5751
user_5953_cmqn;user_5953_cmqn1234;4297
user_5954_oa3c;user_5954_oa3c1234;9980
user_5955_eu7g;user_5955_eu7g1234;8937
user_5956_mnnr;user_5956_mnnr1234;9771
user_5957_3pg0;user_5957_3pg01234;6149
user_5958_9d39;user_5958_9d391234;3922
user_5959_3zo3;user_5959_3zo31234;9448
user_5960_bp85;user_5960_bp851234;9159
user_5961_4ac6;user_5961_4ac61234;7042
user_5962_k9w5;user_5962_k9w51234;2845
user_5963_c1kn;user_5963_c1kn1234;7013
user_5964_vw8r;user_5964_vw8r1234;3202
user_5965_xbna;user_5965_xbna1234;9347
user_5966_o1gy;user_5966_o1gy1234;9593
user_5967_kf77;user_5967_kf771234;7995
user_5968_v7vn;user_5968_v7vn1234;3472
user_5969_ty54;user_5969_ty541234;8601
user_5970_z8tz;user_5970_z8tz1234;7041
user_5971_ar6z;user_5971_ar6z1234;5066
user_5972_g64v;user_5972_g64v1234;7453
user_5973_lnb8;user_5973_lnb81234;6463
user_5974_7n8a;user_5974_7n8a1234;2665
user_5975_ic83;user_5975_ic831234;3311
user_5976_88et;user_5976_88et1234;2262
user_5977_bjxb;user_5977_bjxb1234;1709
user_5978_1jp7;user_5978_1jp71234;9614
user_5979_slvg;user_5979_slvg1234;7577
user_5980_mg0b;user_5980_mg0b1234;3020
user_5981_v9dp;user_5981_v9dp1234;4984
user_5982_p75u;user_5982_p75u1234;5125
user_5983_xj37;user_5983_xj371234;1364
user_5984_5nue;user_5984_5nue1234;1876
user_5985_zzkv;user_5985_zzkv1234;6214
user_5986_thhp;user_5986_thhp1234;8683
user_5987_4ixu;user_5987_4ixu1234;3329
user_5988_vhld;user_5988_vhld1234;9902
user_5989_4kn4;user_5989_4kn41234;2474
user_5990_vi21;user_5990_vi211234;1765
user_5991_wc29;user_5991_wc291234;6947
user_5992_mrpz;user_5992_mrpz1234;4388
user_5993_gu83;user_5993_gu831234;7572
user_5994_740y;user_5994_740y1234;8066
user_5995_ofu9;user_5995_ofu91234;4125
user_5996_2k9j;user_5996_2k9j1234;5706
user_5997_g3q4;user_5997_g3q41234;4409
user_5998_8dvr;user_5998_8dvr1234;7964
user_5999_p0id;user_5999_p0id1234;3413
user_6000_c0jk;user_6000_c0jk1234;7831
user_6001_5bf1;user_6001_5bf11234;9508
user_6002_8ixp;user_6002_8ixp1234;2629
user_6003_jwe4;user_6003_jwe41234;2844
user_6004_oiej;user_6004_oiej1234;4769
user_6005_hizb;user_6005_hizb1234;8562
user_6006_3cpm;user_6006_3cpm1234;8733
user_6007_tkb8;user_6007_tkb81234;1062
user_6008_20oa;user_6008_20oa1234;9491
user_6009_p4yv;user_6009_p4yv1234;6580
user_6010_emj9;user_6010_emj91234;3844
user_6011_655z;user_6011_655z1234;1816
user_6012_mxst;user_6012_mxst1234;7526
user_6013_44j4;user_6013_44j41234;9801
user_6014_a29m;user_6014_a29m1234;8087
user_6015_pqjv;user_6015_pqjv1234;3291
user_6016_fz64;user_6016_fz641234;5019
user_6017_y77u;user_6017_y77u1234;9840
user_6018_uugz;user_6018_uugz1234;6294
user_6019_j6wg;user_6019_j6wg1234;9977
user_6020_n3b5;user_6020_n3b51234;3608
user_6021_qlbq;user_6021_qlbq1234;2454
user_6022_y39t;user_6022_y39t1234;7271
user_6023_r3sx;user_6023_r3sx1234;5974
user_6024_yv8y;user_6024_yv8y1234;8257
user_6025_k5ur;user_6025_k5ur1234;6406
user_6026_htgo;user_6026_htgo1234;6773
user_6027_q0pj;user_6027_q0pj1234;6059
user_6028_c5db;user_6028_c5db1234;4501
user_6029_7y35;user_6029_7y351234;1792
user_6030_akyn;user_6030_akyn1234;5198
user_6031_pvb7;user_6031_pvb71234;4020
user_6032_8eta;user_6032_8eta1234;7724
user_6033_nury;user_6033_nury1234;9863
user_6034_9e2v;user_6034_9e2v1234;5859
user_6035_yg55;user_6035_yg551234;6801
user_6036_bfu8;user_6036_bfu81234;6327
user_6037_7pwx;user_6037_7pwx1234;5421
user_6038_tli3;user_6038_tli31234;5424
user_6039_z8p3;user_6039_z8p31234;3443
user_6040_h4t3;user_6040_h4t31234;2321
user_6041_q09b;user_6041_q09b1234;7519
user_6042_s10l;user_6042_s10l1234;5977
user_6043_a0lo;user_6043_a0lo1234;8642
user_6044_shci;user_6044_shci1234;6162
user_6045_o6ux;user_6045_o6ux1234;7295
user_6046_j55q;user_6046_j55q1234;8009
user_6047_bhru;user_6047_bhru1234;7844
user_6048_y4t5;user_6048_y4t51234;9748
user_6049_v2rh;user_6049_v2rh1234;7669
user_6050_x47j;user_6050_x47j1234;5446
user_6051_77wj;user_6051_77wj1234;5610
user_6052_leo9;user_6052_leo91234;2719
user_6053_78i1;user_6053_78i11234;2479
user_6054_5vhn;user_6054_5vhn1234;4518
user_6055_708m;user_6055_708m1234;6250
user_6056_7i21;user_6056_7i211234;8737
user_6057_dwc2;user_6057_dwc21234;2035
user_6058_7mbj;user_6058_7mbj1234;7897
user_6059_fzpt;user_6059_fzpt1234;7316
user_6060_s2z9;user_6060_s2z91234;4306
user_6061_hol6;user_6061_hol61234;3889
user_6062_mad6;user_6062_mad61234;2331
user_6063_qp53;user_6063_qp531234;5099
user_6064_jm4z;user_6064_jm4z1234;8745
user_6065_4ekh;user_6065_4ekh1234;8143
user_6066_r0a6;user_6066_r0a61234;2071
user_6067_r7e9;user_6067_r7e91234;1370
user_6068_tn0u;user_6068_tn0u1234;9405
user_6069_xucd;user_6069_xucd1234;9273
user_6070_1uvs;user_6070_1uvs1234;3811
user_6071_4wp5;user_6071_4wp51234;8390
user_6072_eszd;user_6072_eszd1234;9298
user_6073_59n0;user_6073_59n01234;2211
user_6074_70qm;user_6074_70qm1234;3782
user_6075_ow77;user_6075_ow771234;2605
user_6076_sq2k;user_6076_sq2k1234;7782
user_6077_m64t;user_6077_m64t1234;8043
user_6078_vg4m;user_6078_vg4m1234;2375
user_6079_68h5;user_6079_68h51234;3293
user_6080_5kbh;user_6080_5kbh1234;7057
user_6081_xq7f;user_6081_xq7f1234;2523
user_6082_smue;user_6082_smue1234;2568
user_6083_3gg6;user_6083_3gg61234;2876
user_6084_bov2;user_6084_bov21234;2424
user_6085_uyqb;user_6085_uyqb1234;5938
user_6086_34ap;user_6086_34ap1234;3610
user_6087_ab5l;user_6087_ab5l1234;5659
user_6088_1hmj;user_6088_1hmj1234;3969
user_6089_avjj;user_6089_avjj1234;8010
user_6090_jbz2;user_6090_jbz21234;9096
user_6091_w04r;user_6091_w04r1234;2512
user_6092_26mn;user_6092_26mn1234;4821
user_6093_licn;user_6093_licn1234;1896
user_6094_xc0t;user_6094_xc0t1234;7343
user_6095_d5ye;user_6095_d5ye1234;9156
user_6096_7nxz;user_6096_7nxz1234;1511
user_6097_bcqf;user_6097_bcqf1234;8028
user_6098_zjzi;user_6098_zjzi1234;3680
user_6099_izpt;user_6099_izpt1234;8653
user_6100_heml;user_6100_heml1234;3988
user_6101_2ud4;user_6101_2ud41234;4525
user_6102_gjbw;user_6102_gjbw1234;8795
user_6103_l79y;user_6103_l79y1234;9325
user_6104_rr9d;user_6104_rr9d1234;6216
user_6105_1wkw;user_6105_1wkw1234;7244
user_6106_ln9r;user_6106_ln9r1234;4578
user_6107_q1f5;user_6107_q1f51234;8441
user_6108_qdbf;user_6108_qdbf1234;3262
user_6109_ndwv;user_6109_ndwv1234;2340
user_6110_hjy5;user_6110_hjy51234;9474
user_6111_ns6e;user_6111_ns6e1234;7400
user_6112_r9y7;user_6112_r9y71234;6371
user_6113_knxy;user_6113_knxy1234;3037
user_6114_90l2;user_6114_90l21234;6955
user_6115_k88t;user_6115_k88t1234;2738
user_6116_4v85;user_6116_4v851234;8779
user_6117_vi3o;user_6117_vi3o1234;5571
user_6118_jf1k;user_6118_jf1k1234;3698
user_6119_eevq;user_6119_eevq1234;4237
user_6120_1ytb;user_6120_1ytb1234;2997
user_6121_m8kj;user_6121_m8kj1234;7794
user_6122_azyy;user_6122_azyy1234;8486
user_6123_9i7s;user_6123_9i7s1234;6474
user_6124_gw98;user_6124_gw981234;3337
user_6125_fq28;user_6125_fq281234;2901
user_6126_jc9e;user_6126_jc9e1234;8553
user_6127_97if;user_6127_97if1234;8943
user_6128_h01b;user_6128_h01b1234;3749
user_6129_han7;user_6129_han71234;7867
user_6130_0xid;user_6130_0xid1234;4091
user_6131_9mgf;user_6131_9mgf1234;7482
user_6132_9nk7;user_6132_9nk71234;1900
user_6133_ioou;user_6133_ioou1234;2005
user_6134_cgpj;user_6134_cgpj1234;7013
user_6135_55ve;user_6135_55ve1234;9708
user_6136_ebly;user_6136_ebly1234;9955
user_6137_zm4u;user_6137_zm4u1234;9731
user_6138_f9mg;user_6138_f9mg1234;5851
user_6139_t107;user_6139_t1071234;9192
user_6140_8w2q;user_6140_8w2q1234;6038
user_6141_y8s8;user_6141_y8s81234;2267
user_6142_sg7k;user_6142_sg7k1234;7915
user_6143_c9b6;user_6143_c9b61234;3587
user_6144_1tti;user_6144_1tti1234;8140
user_6145_mcvp;user_6145_mcvp1234;9781
user_6146_le4l;user_6146_le4l1234;3653
user_6147_cttv;user_6147_cttv1234;7488
user_6148_s9xp;user_6148_s9xp1234;4054
user_6149_px0z;user_6149_px0z1234;3823
user_6150_1sx6;user_6150_1sx61234;2063
user_6151_kfv9;user_6151_kfv91234;4081
user_6152_vw2k;user_6152_vw2k1234;7371
user_6153_63lz;user_6153_63lz1234;5886
user_6154_kxgw;user_6154_kxgw1234;2753
user_6155_ay4h;user_6155_ay4h1234;3896
user_6156_brpm;user_6156_brpm1234;5212
user_6157_84sw;user_6157_84sw1234;6420
user_6158_y0xl;user_6158_y0xl1234;9914
user_6159_jk32;user_6159_jk321234;1339
user_6160_x3r5;user_6160_x3r51234;3507
user_6161_sy5z;user_6161_sy5z1234;2655
user_6162_thbz;user_6162_thbz1234;7731
user_6163_tfqn;user_6163_tfqn1234;8196
user_6164_nk8q;user_6164_nk8q1234;3451
user_6165_6jwk;user_6165_6jwk1234;9703
user_6166_vvmm;user_6166_vvmm1234;6141
user_6167_vdif;user_6167_vdif1234;6811
user_6168_hglq;user_6168_hglq1234;4109
user_6169_z2ot;user_6169_z2ot1234;8722
user_6170_lj2h;user_6170_lj2h1234;1163
user_6171_97sq;user_6171_97sq1234;3963
user_6172_y9n3;user_6172_y9n31234;5590
user_6173_tm6h;user_6173_tm6h1234;1244
user_6174_e548;user_6174_e5481234;5348
user_6175_6e3t;user_6175_6e3t1234;2353
user_6176_2gxf;user_6176_2gxf1234;2482
user_6177_jd87;user_6177_jd871234;3756
user_6178_uava;user_6178_uava1234;5652
user_6179_4wy6;user_6179_4wy61234;9524
user_6180_xhsx;user_6180_xhsx1234;1760
user_6181_bma5;user_6181_bma51234;9510
user_6182_7h7b;user_6182_7h7b1234;2080
user_6183_c7fl;user_6183_c7fl1234;3186
user_6184_tfgu;user_6184_tfgu1234;1542
user_6185_nwtm;user_6185_nwtm1234;4961
user_6186_tfnw;user_6186_tfnw1234;1618
user_6187_ss1l;user_6187_ss1l1234;1185
user_6188_nfq2;user_6188_nfq21234;8784
user_6189_8hnb;user_6189_8hnb1234;1735
user_6190_z0ed;user_6190_z0ed1234;4942
user_6191_9zua;user_6191_9zua1234;8654
user_6192_ez2k;user_6192_ez2k1234;9845
user_6193_20do;user_6193_20do1234;8946
user_6194_k2lr;user_6194_k2lr1234;6003
user_6195_fsoo;user_6195_fsoo1234;6041
user_6196_clo1;user_6196_clo11234;1563
user_6197_zkn5;user_6197_zkn51234;2608
user_6198_6bvm;user_6198_6bvm1234;2221
user_6199_9dgn;user_6199_9dgn1234;4329
user_6200_enup;user_6200_enup1234;4196
user_6201_0i4t;user_6201_0i4t1234;1489
user_6202_icc2;user_6202_icc21234;8094
user_6203_9gd8;user_6203_9gd81234;5034
user_6204_cdjs;user_6204_cdjs1234;3968
user_6205_1ifg;user_6205_1ifg1234;9607
user_6206_ibq1;user_6206_ibq11234;6025
user_6207_tzcg;user_6207_tzcg1234;5353
user_6208_969q;user_6208_969q1234;1693
user_6209_an7h;user_6209_an7h1234;9528
user_6210_k0mq;user_6210_k0mq1234;9309
user_6211_2q9h;user_6211_2q9h1234;9295
user_6212_5031;user_6212_50311234;8824
user_6213_a1bb;user_6213_a1bb1234;7434
user_6214_ib7n;user_6214_ib7n1234;4656
user_6215_wq22;user_6215_wq221234;8687
user_6216_gq9i;user_6216_gq9i1234;1480
user_6217_wq49;user_6217_wq491234;2789
user_6218_ayn0;user_6218_ayn01234;1272
user_6219_vm37;user_6219_vm371234;5589
user_6220_fex2;user_6220_fex21234;7151
user_6221_89dw;user_6221_89dw1234;5960
user_6222_g0k8;user_6222_g0k81234;1465
user_6223_ig4t;user_6223_ig4t1234;5098
user_6224_ka5c;user_6224_ka5c1234;8468
user_6225_8mv9;user_6225_8mv91234;6366
user_6226_jg1x;user_6226_jg1x1234;5496
user_6227_fewp;user_6227_fewp1234;8533
user_6228_2a6n;user_6228_2a6n1234;2977
user_6229_99ss;user_6229_99ss1234;5048
user_6230_vq2h;user_6230_vq2h1234;1481
user_6231_4ef2;user_6231_4ef21234;3278
user_6232_st71;user_6232_st711234;4452
user_6233_zms9;user_6233_zms91234;6509
user_6234_48nv;user_6234_48nv1234;1578
user_6235_lz28;user_6235_lz281234;5548
user_6236_aen9;user_6236_aen91234;6828
user_6237_q2qr;user_6237_q2qr1234;1324
user_6238_qfsl;user_6238_qfsl1234;2561
user_6239_zdvi;user_6239_zdvi1234;8591
user_6240_nrtb;user_6240_nrtb1234;4546
user_6241_2tkd;user_6241_2tkd1234;4334
user_6242_rqhs;user_6242_rqhs1234;3846
user_6243_ms0z;user_6243_ms0z1234;3796
user_6244_djy4;user_6244_djy41234;9652
user_6245_7ys4;user_6245_7ys41234;6365
user_6246_8fzt;user_6246_8fzt1234;4614
user_6247_ws4n;user_6247_ws4n1234;7977
user_6248_pf4f;user_6248_pf4f1234;3687
user_6249_s953;user_6249_s9531234;4192
user_6250_dc4m;user_6250_dc4m1234;2787
user_6251_e10p;user_6251_e10p1234;4065
user_6252_br2i;user_6252_br2i1234;1257
user_6253_vjl3;user_6253_vjl31234;7681
user_6254_xlvr;user_6254_xlvr1234;1431
user_6255_qhqp;user_6255_qhqp1234;4561
user_6256_dasr;user_6256_dasr1234;2923
user_6257_fsqz;user_6257_fsqz1234;9731
user_6258_nd7q;user_6258_nd7q1234;7427
user_6259_n3io;user_6259_n3io1234;8281
user_6260_7jlj;user_6260_7jlj1234;5028
user_6261_40ok;user_6261_40ok1234;7090
user_6262_jl4d;user_6262_jl4d1234;5648
user_6263_tli8;user_6263_tli81234;5059
user_6264_jtes;user_6264_jtes1234;3054
user_6265_cv3e;user_6265_cv3e1234;6708
user_6266_onnp;user_6266_onnp1234;1631
user_6267_4qhy;user_6267_4qhy1234;6027
user_6268_v7if;user_6268_v7if1234;9811
user_6269_vm1e;user_6269_vm1e1234;5439
user_6270_ier8;user_6270_ier81234;9125
user_6271_gwe5;user_6271_gwe51234;9908
user_6272_vg2r;user_6272_vg2r1234;4076
user_6273_gyg0;user_6273_gyg01234;6624
user_6274_fuj9;user_6274_fuj91234;2301
user_6275_a3bh;user_6275_a3bh1234;8200
user_6276_r14k;user_6276_r14k1234;4329
user_6277_8f8p;user_6277_8f8p1234;4658
user_6278_6om7;user_6278_6om71234;4547
user_6279_v3x4;user_6279_v3x41234;4630
user_6280_9bbd;user_6280_9bbd1234;3994
user_6281_fcpc;user_6281_fcpc1234;4021
user_6282_8qle;user_6282_8qle1234;8566
user_6283_grhe;user_6283_grhe1234;5556
user_6284_mzp1;user_6284_mzp11234;2632
user_6285_7lho;user_6285_7lho1234;1722
user_6286_dcsd;user_6286_dcsd1234;2587
user_6287_wns0;user_6287_wns01234;6616
user_6288_dbyr;user_6288_dbyr1234;8969
user_6289_fti5;user_6289_fti51234;7915
user_6290_cfys;user_6290_cfys1234;4487
user_6291_2fix;user_6291_2fix1234;2779
user_6292_tvx0;user_6292_tvx01234;6817
user_6293_ph0w;user_6293_ph0w1234;2265
user_6294_baq8;user_6294_baq81234;2931
user_6295_sq2i;user_6295_sq2i1234;4049
user_6296_3kku;user_6296_3kku1234;2465
user_6297_q8iv;user_6297_q8iv1234;3863
user_6298_equ6;user_6298_equ61234;6784
user_6299_3sir;user_6299_3sir1234;3664
user_6300_09t0;user_6300_09t01234;1527
user_6301_ru9j;user_6301_ru9j1234;4476
user_6302_b3ej;user_6302_b3ej1234;3115
user_6303_s5pv;user_6303_s5pv1234;8214
user_6304_3f78;user_6304_3f781234;2453
user_6305_ae6i;user_6305_ae6i1234;3332
user_6306_jbbk;user_6306_jbbk1234;8755
user_6307_s1jj;user_6307_s1jj1234;3102
user_6308_l8u5;user_6308_l8u51234;5001
user_6309_373e;user_6309_373e1234;8674
user_6310_z2zz;user_6310_z2zz1234;5851
user_6311_j2ej;user_6311_j2ej1234;2475
user_6312_r6sf;user_6312_r6sf1234;5416
user_6313_p8t4;user_6313_p8t41234;1006
user_6314_gm74;user_6314_gm741234;1598
user_6315_h3yf;user_6315_h3yf1234;4380
user_6316_msvq;user_6316_msvq1234;4313
user_6317_cmuv;user_6317_cmuv1234;9756
user_6318_1oie;user_6318_1oie1234;1625
user_6319_k36r;user_6319_k36r1234;8894
user_6320_1v6g;user_6320_1v6g1234;4566
user_6321_vk6g;user_6321_vk6g1234;3603
user_6322_2z52;user_6322_2z521234;5184
user_6323_ro2q;user_6323_ro2q1234;3318
user_6324_l2r9;user_6324_l2r91234;5750
user_6325_bd8v;user_6325_bd8v1234;1731
user_6326_3fw8;user_6326_3fw81234;1704
user_6327_pb1p;user_6327_pb1p1234;4102
user_6328_bdyx;user_6328_bdyx1234;6739
user_6329_konq;user_6329_konq1234;7581
user_6330_hf8j;user_6330_hf8j1234;9276
user_6331_nqtd;user_6331_nqtd1234;7610
user_6332_gft4;user_6332_gft41234;9694
user_6333_r812;user_6333_r8121234;5157
user_6334_3m6o;user_6334_3m6o1234;7060
user_6335_rc4g;user_6335_rc4g1234;9247
user_6336_m96v;user_6336_m96v1234;9510
user_6337_bp3d;user_6337_bp3d1234;5365
user_6338_ufck;user_6338_ufck1234;6930
user_6339_uo58;user_6339_uo581234;1008
user_6340_kzr0;user_6340_kzr01234;6108
user_6341_c18a;user_6341_c18a1234;6410
user_6342_c5si;user_6342_c5si1234;2129
user_6343_f1x4;user_6343_f1x41234;7206
user_6344_c4hy;user_6344_c4hy1234;8817
user_6345_rz2v;user_6345_rz2v1234;8909
user_6346_rsv7;user_6346_rsv71234;9917
user_6347_c9yh;user_6347_c9yh1234;5275
user_6348_b47z;user_6348_b47z1234;4217
user_6349_qndp;user_6349_qndp1234;3779
user_6350_pwtl;user_6350_pwtl1234;5674
user_6351_jhga;user_6351_jhga1234;8553
user_6352_y9tx;user_6352_y9tx1234;1128
user_6353_8jow;user_6353_8jow1234;7926
user_6354_jmv5;user_6354_jmv51234;6923
user_6355_leh1;user_6355_leh11234;5937
user_6356_h26s;user_6356_h26s1234;2621
user_6357_b2iw;user_6357_b2iw1234;4923
user_6358_ix9q;user_6358_ix9q1234;6071
user_6359_5cs1;user_6359_5cs11234;5726
user_6360_ovg1;user_6360_ovg11234;4443
user_6361_r496;user_6361_r4961234;6440
user_6362_m3nb;user_6362_m3nb1234;7902
user_6363_mxuc;user_6363_mxuc1234;4724
user_6364_p07q;user_6364_p07q1234;9492
user_6365_gkje;user_6365_gkje1234;4483
user_6366_wm7f;user_6366_wm7f1234;6033
user_6367_di8o;user_6367_di8o1234;6329
user_6368_2kx3;user_6368_2kx31234;4629
user_6369_r833;user_6369_r8331234;3768
user_6370_s9h3;user_6370_s9h31234;7962
user_6371_gxbh;user_6371_gxbh1234;6272
user_6372_c0rf;user_6372_c0rf1234;8817
user_6373_5dqz;user_6373_5dqz1234;3548
user_6374_0n97;user_6374_0n971234;2183
user_6375_vf8x;user_6375_vf8x1234;4440
user_6376_nwik;user_6376_nwik1234;1679
user_6377_ffvn;user_6377_ffvn1234;2204
user_6378_vun6;user_6378_vun61234;5963
user_6379_cfdr;user_6379_cfdr1234;1173
user_6380_je2e;user_6380_je2e1234;5211
user_6381_sao3;user_6381_sao31234;4446
user_6382_7gwk;user_6382_7gwk1234;9444
user_6383_icli;user_6383_icli1234;4970
user_6384_nuth;user_6384_nuth1234;1555
user_6385_pqgd;user_6385_pqgd1234;1318
user_6386_6sny;user_6386_6sny1234;2988
user_6387_pbsl;user_6387_pbsl1234;4468
user_6388_n819;user_6388_n8191234;1005
user_6389_cyyp;user_6389_cyyp1234;6228
user_6390_93cd;user_6390_93cd1234;9178
user_6391_gxwi;user_6391_gxwi1234;3900
user_6392_tvih;user_6392_tvih1234;6128
user_6393_rrzj;user_6393_rrzj1234;4616
user_6394_5e1p;user_6394_5e1p1234;8253
user_6395_i8cf;user_6395_i8cf1234;4570
user_6396_839b;user_6396_839b1234;4842
user_6397_6skm;user_6397_6skm1234;2791
user_6398_j77o;user_6398_j77o1234;7182
user_6399_j92h;user_6399_j92h1234;7996
user_6400_7m0q;user_6400_7m0q1234;1736
user_6401_h6e8;user_6401_h6e81234;9062
user_6402_3hi5;user_6402_3hi51234;9248
user_6403_p4yr;user_6403_p4yr1234;4418
user_6404_kn5m;user_6404_kn5m1234;7742
user_6405_op6a;user_6405_op6a1234;2750
user_6406_sf7a;user_6406_sf7a1234;8267
user_6407_skna;user_6407_skna1234;6630
user_6408_0ts3;user_6408_0ts31234;9446
user_6409_xyxl;user_6409_xyxl1234;4687
user_6410_d6lo;user_6410_d6lo1234;5116
user_6411_1cma;user_6411_1cma1234;1874
user_6412_e3vi;user_6412_e3vi1234;4616
user_6413_dmk6;user_6413_dmk61234;4870
user_6414_azrj;user_6414_azrj1234;9126
user_6415_lay4;user_6415_lay41234;3106
user_6416_pszr;user_6416_pszr1234;7905
user_6417_xfp5;user_6417_xfp51234;9202
user_6418_dm3r;user_6418_dm3r1234;9988
user_6419_2e53;user_6419_2e531234;4830
user_6420_xydh;user_6420_xydh1234;2103
user_6421_7e7z;user_6421_7e7z1234;6365
user_6422_xlo9;user_6422_xlo91234;6360
user_6423_emzk;user_6423_emzk1234;5928
user_6424_tmns;user_6424_tmns1234;5685
user_6425_lrmi;user_6425_lrmi1234;8974
user_6426_k4wg;user_6426_k4wg1234;9788
user_6427_7v7d;user_6427_7v7d1234;1703
user_6428_nv0k;user_6428_nv0k1234;8541
user_6429_bqsp;user_6429_bqsp1234;5542
user_6430_p4ya;user_6430_p4ya1234;7051
user_6431_o3ig;user_6431_o3ig1234;4628
user_6432_urau;user_6432_urau1234;8550
user_6433_cia1;user_6433_cia11234;4598
user_6434_s78j;user_6434_s78j1234;5337
user_6435_ub9a;user_6435_ub9a1234;6359
user_6436_f0jo;user_6436_f0jo1234;9951
user_6437_dc39;user_6437_dc391234;1223
user_6438_cyaz;user_6438_cyaz1234;8472
user_6439_0xml;user_6439_0xml1234;4186
user_6440_18sx;user_6440_18sx1234;1041
user_6441_xonh;user_6441_xonh1234;3134
user_6442_y5la;user_6442_y5la1234;5703
user_6443_np3q;user_6443_np3q1234;5347
user_6444_7964;user_6444_79641234;7781
user_6445_3oxg;user_6445_3oxg1234;7722
user_6446_5d7w;user_6446_5d7w1234;5443
user_6447_z7x1;user_6447_z7x11234;5721
user_6448_ju65;user_6448_ju651234;3219
user_6449_9q7t;user_6449_9q7t1234;2344
user_6450_djgl;user_6450_djgl1234;9425
user_6451_edfo;user_6451_edfo1234;5072
user_6452_wpcv;user_6452_wpcv1234;1348
user_6453_texz;user_6453_texz1234;9305
user_6454_k8lm;user_6454_k8lm1234;1026
user_6455_083u;user_6455_083u1234;2022
user_6456_tjvl;user_6456_tjvl1234;9474
user_6457_5fml;user_6457_5fml1234;2715
user_6458_dfrw;user_6458_dfrw1234;1455
user_6459_2q8z;user_6459_2q8z1234;7795
user_6460_vqz2;user_6460_vqz21234;7757
user_6461_n801;user_6461_n8011234;3351
user_6462_njuj;user_6462_njuj1234;7448
user_6463_ujqd;user_6463_ujqd1234;3610
user_6464_bpdt;user_6464_bpdt1234;2714
user_6465_hnkw;user_6465_hnkw1234;5033
user_6466_hg31;user_6466_hg311234;3493
user_6467_vy1t;user_6467_vy1t1234;8731
user_6468_r44a;user_6468_r44a1234;1688
user_6469_j49g;user_6469_j49g1234;6347
user_6470_ac8t;user_6470_ac8t1234;5307
user_6471_cr3i;user_6471_cr3i1234;4354
user_6472_s9lg;user_6472_s9lg1234;5887
user_6473_z7o2;user_6473_z7o21234;1035
user_6474_poeu;user_6474_poeu1234;8858
user_6475_39nu;user_6475_39nu1234;3544
user_6476_aeo6;user_6476_aeo61234;3428
user_6477_340e;user_6477_340e1234;2044
user_6478_le3w;user_6478_le3w1234;2906
user_6479_zp8g;user_6479_zp8g1234;5298
user_6480_d9k6;user_6480_d9k61234;9299
user_6481_ndrb;user_6481_ndrb1234;5276
user_6482_7kgw;user_6482_7kgw1234;5775
user_6483_oj1s;user_6483_oj1s1234;1260
user_6484_5pf8;user_6484_5pf81234;4983
user_6485_7krc;user_6485_7krc1234;6124
user_6486_508h;user_6486_508h1234;8067
user_6487_q028;user_6487_q0281234;2174
user_6488_mnyi;user_6488_mnyi1234;3610
user_6489_8v8d;user_6489_8v8d1234;6088
user_6490_r9v7;user_6490_r9v71234;4468
user_6491_cx8p;user_6491_cx8p1234;1850
user_6492_wawe;user_6492_wawe1234;3419
user_6493_lw44;user_6493_lw441234;8854
user_6494_972w;user_6494_972w1234;6478
user_6495_qgac;user_6495_qgac1234;8051
user_6496_xpse;user_6496_xpse1234;2597
user_6497_8wyg;user_6497_8wyg1234;9137
user_6498_cko7;user_6498_cko71234;6840
user_6499_oprk;user_6499_oprk1234;4829
user_6500_igm2;user_6500_igm21234;9264
user_6501_6sig;user_6501_6sig1234;1405
user_6502_n7th;user_6502_n7th1234;5430
user_6503_4ey8;user_6503_4ey81234;5116
user_6504_7gwy;user_6504_7gwy1234;3492
user_6505_w6xd;user_6505_w6xd1234;5559
user_6506_0rkc;user_6506_0rkc1234;3699
user_6507_j98m;user_6507_j98m1234;8780
user_6508_mn1t;user_6508_mn1t1234;6937
user_6509_0rzl;user_6509_0rzl1234;2207
user_6510_f5c2;user_6510_f5c21234;9953
user_6511_t241;user_6511_t2411234;2130
user_6512_lafn;user_6512_lafn1234;1543
user_6513_id89;user_6513_id891234;1413
user_6514_foip;user_6514_foip1234;3454
user_6515_nt3g;user_6515_nt3g1234;1426
user_6516_pgr2;user_6516_pgr21234;4898
user_6517_9wam;user_6517_9wam1234;1551
user_6518_ngb0;user_6518_ngb01234;2957
user_6519_jgsb;user_6519_jgsb1234;3941
user_6520_s6io;user_6520_s6io1234;4508
user_6521_vinb;user_6521_vinb1234;4695
user_6522_gggg;user_6522_gggg1234;2050
user_6523_e3x5;user_6523_e3x51234;9157
user_6524_669o;user_6524_669o1234;2539
user_6525_wl3f;user_6525_wl3f1234;7753
user_6526_c9fp;user_6526_c9fp1234;3956
user_6527_4dw4;user_6527_4dw41234;1583
user_6528_t5zw;user_6528_t5zw1234;8318
user_6529_e8hx;user_6529_e8hx1234;7013
user_6530_49ae;user_6530_49ae1234;4005
user_6531_16mb;user_6531_16mb1234;6657
user_6532_6fjj;user_6532_6fjj1234;8710
user_6533_gpfk;user_6533_gpfk1234;9651
user_6534_90kp;user_6534_90kp1234;9581
user_6535_opr9;user_6535_opr91234;3486
user_6536_qkc8;user_6536_qkc81234;9962
user_6537_xjap;user_6537_xjap1234;9768
user_6538_8zpt;user_6538_8zpt1234;9286
user_6539_luhx;user_6539_luhx1234;4132
user_6540_918q;user_6540_918q1234;6117
user_6541_1n5o;user_6541_1n5o1234;7158
user_6542_mb1m;user_6542_mb1m1234;6215
user_6543_hu9n;user_6543_hu9n1234;6888
user_6544_wez9;user_6544_wez91234;8567
user_6545_9ir2;user_6545_9ir21234;8599
user_6546_9tnt;user_6546_9tnt1234;6001
user_6547_maqt;user_6547_maqt1234;6860
user_6548_uh71;user_6548_uh711234;9742
user_6549_mb0o;user_6549_mb0o1234;7188
user_6550_rc2q;user_6550_rc2q1234;3546
user_6551_0nwu;user_6551_0nwu1234;5786
user_6552_l6sb;user_6552_l6sb1234;3500
user_6553_6ocg;user_6553_6ocg1234;3983
user_6554_8tbk;user_6554_8tbk1234;7521
user_6555_3w6s;user_6555_3w6s1234;1056
user_6556_yibc;user_6556_yibc1234;6594
user_6557_9vj7;user_6557_9vj71234;1437
user_6558_1slk;user_6558_1slk1234;6723
user_6559_mc2s;user_6559_mc2s1234;7822
user_6560_9jaz;user_6560_9jaz1234;6243
user_6561_hjoh;user_6561_hjoh1234;2090
user_6562_x8za;user_6562_x8za1234;1005
user_6563_c2nn;user_6563_c2nn1234;2919
user_6564_375h;user_6564_375h1234;4415
user_6565_e85l;user_6565_e85l1234;7315
user_6566_5vqi;user_6566_5vqi1234;7190
user_6567_3u5z;user_6567_3u5z1234;2595
user_6568_eflc;user_6568_eflc1234;1998
user_6569_mtep;user_6569_mtep1234;2494
user_6570_kvv0;user_6570_kvv01234;1581
user_6571_sbfu;user_6571_sbfu1234;8241
user_6572_b84o;user_6572_b84o1234;2635
user_6573_c0p3;user_6573_c0p31234;2181
user_6574_exz6;user_6574_exz61234;1327
user_6575_5bvq;user_6575_5bvq1234;9967
user_6576_lmjo;user_6576_lmjo1234;8320
user_6577_mp9w;user_6577_mp9w1234;6505
user_6578_1xpo;user_6578_1xpo1234;8813
user_6579_tr06;user_6579_tr061234;2347
user_6580_xt3b;user_6580_xt3b1234;9066
user_6581_8b65;user_6581_8b651234;2329
user_6582_hvnf;user_6582_hvnf1234;4274
user_6583_vcs5;user_6583_vcs51234;9173
user_6584_jdig;user_6584_jdig1234;2401
user_6585_g7qi;user_6585_g7qi1234;8974
user_6586_8zfg;user_6586_8zfg1234;7773
user_6587_m0py;user_6587_m0py1234;2765
user_6588_4z0u;user_6588_4z0u1234;4054
user_6589_gnu8;user_6589_gnu81234;4480
user_6590_m17q;user_6590_m17q1234;4719
user_6591_boiv;user_6591_boiv1234;1276
user_6592_k71h;user_6592_k71h1234;2223
user_6593_m7h2;user_6593_m7h21234;9753
user_6594_0hbr;user_6594_0hbr1234;7427
user_6595_7e2t;user_6595_7e2t1234;6078
user_6596_0gae;user_6596_0gae1234;7166
user_6597_tnc9;user_6597_tnc91234;2489
user_6598_4qxq;user_6598_4qxq1234;2078
user_6599_wspb;user_6599_wspb1234;5161
user_6600_h5br;user_6600_h5br1234;7065
user_6601_2aub;user_6601_2aub1234;5433
user_6602_i037;user_6602_i0371234;3278
user_6603_ylau;user_6603_ylau1234;3670
user_6604_kwwl;user_6604_kwwl1234;4525
user_6605_p5rg;user_6605_p5rg1234;2679
user_6606_lswa;user_6606_lswa1234;3740
user_6607_75ax;user_6607_75ax1234;7001
user_6608_38l2;user_6608_38l21234;7962
user_6609_posi;user_6609_posi1234;2834
user_6610_0yg7;user_6610_0yg71234;8053
user_6611_fe02;user_6611_fe021234;3661
user_6612_ydcw;user_6612_ydcw1234;8540
user_6613_e6oy;user_6613_e6oy1234;4574
user_6614_gub1;user_6614_gub11234;3202
user_6615_hxvm;user_6615_hxvm1234;7185
user_6616_oa1m;user_6616_oa1m1234;8333
user_6617_zc6r;user_6617_zc6r1234;3170
user_6618_o56e;user_6618_o56e1234;4231
user_6619_6i3v;user_6619_6i3v1234;5862
user_6620_owjj;user_6620_owjj1234;4072
user_6621_eeed;user_6621_eeed1234;4907
user_6622_82f3;user_6622_82f31234;6552
user_6623_26at;user_6623_26at1234;2891
user_6624_qjnq;user_6624_qjnq1234;1413
user_6625_skuw;user_6625_skuw1234;4176
user_6626_br2z;user_6626_br2z1234;7486
user_6627_97i4;user_6627_97i41234;5888
user_6628_xxsm;user_6628_xxsm1234;9872
user_6629_hirz;user_6629_hirz1234;7265
user_6630_hvwr;user_6630_hvwr1234;7573
user_6631_qh3r;user_6631_qh3r1234;1917
user_6632_x25v;user_6632_x25v1234;2710
user_6633_i3x9;user_6633_i3x91234;2492
user_6634_kz36;user_6634_kz361234;3874
user_6635_f2yy;user_6635_f2yy1234;1536
user_6636_aw7p;user_6636_aw7p1234;7287
user_6637_wmon;user_6637_wmon1234;9667
user_6638_f447;user_6638_f4471234;2339
user_6639_68hd;user_6639_68hd1234;7184
user_6640_2lp1;user_6640_2lp11234;5413
user_6641_k9zk;user_6641_k9zk1234;6084
user_6642_1s37;user_6642_1s371234;6980
user_6643_2qoz;user_6643_2qoz1234;1101
user_6644_puf3;user_6644_puf31234;3808
user_6645_m1rw;user_6645_m1rw1234;1034
user_6646_6pw6;user_6646_6pw61234;9404
user_6647_9ys0;user_6647_9ys01234;3484
user_6648_6ww9;user_6648_6ww91234;8429
user_6649_gv2i;user_6649_gv2i1234;1903
user_6650_s9is;user_6650_s9is1234;6430
user_6651_zrqv;user_6651_zrqv1234;4264
user_6652_r4iu;user_6652_r4iu1234;4950
user_6653_fh7u;user_6653_fh7u1234;3040
user_6654_9tht;user_6654_9tht1234;7476
user_6655_wp9f;user_6655_wp9f1234;7561
user_6656_8ljn;user_6656_8ljn1234;7034
user_6657_3etz;user_6657_3etz1234;6999
user_6658_725r;user_6658_725r1234;9665
user_6659_2kse;user_6659_2kse1234;8196
user_6660_2rok;user_6660_2rok1234;6520
user_6661_bap5;user_6661_bap51234;2706
user_6662_xvw5;user_6662_xvw51234;8859
user_6663_7nhc;user_6663_7nhc1234;9022
user_6664_utcq;user_6664_utcq1234;5638
user_6665_lcwq;user_6665_lcwq1234;8497
user_6666_3kyh;user_6666_3kyh1234;5126
user_6667_ji8i;user_6667_ji8i1234;5369
user_6668_00fj;user_6668_00fj1234;9827
user_6669_buu9;user_6669_buu91234;4784
user_6670_2wrl;user_6670_2wrl1234;1363
user_6671_j5y8;user_6671_j5y81234;1538
user_6672_9875;user_6672_98751234;7012
user_6673_bbm5;user_6673_bbm51234;4867
user_6674_2bxe;user_6674_2bxe1234;6353
user_6675_iyh6;user_6675_iyh61234;5181
user_6676_r7a2;user_6676_r7a21234;2131
user_6677_a5y4;user_6677_a5y41234;5010
user_6678_ovg0;user_6678_ovg01234;9208
user_6679_cx03;user_6679_cx031234;2036
user_6680_hu89;user_6680_hu891234;8397
user_6681_pk6e;user_6681_pk6e1234;8490
user_6682_aq7j;user_6682_aq7j1234;9703
user_6683_1haw;user_6683_1haw1234;2451
user_6684_8ubk;user_6684_8ubk1234;2786
user_6685_tc77;user_6685_tc771234;4682
user_6686_z9np;user_6686_z9np1234;8445
user_6687_2489;user_6687_24891234;9244
user_6688_2c9s;user_6688_2c9s1234;1412
user_6689_aca7;user_6689_aca71234;4710
user_6690_uohs;user_6690_uohs1234;7604
user_6691_5x4d;user_6691_5x4d1234;1076
user_6692_en0b;user_6692_en0b1234;5394
user_6693_4o38;user_6693_4o381234;5735
user_6694_yo5g;user_6694_yo5g1234;4373
user_6695_q732;user_6695_q7321234;9115
user_6696_9gje;user_6696_9gje1234;4346
user_6697_82xn;user_6697_82xn1234;1334
user_6698_y7e7;user_6698_y7e71234;7173
user_6699_vpcf;user_6699_vpcf1234;6106
user_6700_oilp;user_6700_oilp1234;6201
user_6701_6523;user_6701_65231234;8760
user_6702_jjt7;user_6702_jjt71234;6736
user_6703_zeha;user_6703_zeha1234;4420
user_6704_8qqe;user_6704_8qqe1234;7702
user_6705_xg9c;user_6705_xg9c1234;9523
user_6706_3r6h;user_6706_3r6h1234;3567
user_6707_bftp;user_6707_bftp1234;5729
user_6708_z0nj;user_6708_z0nj1234;3084
user_6709_hfdx;user_6709_hfdx1234;8598
user_6710_phek;user_6710_phek1234;4101
user_6711_tb6w;user_6711_tb6w1234;2069
user_6712_zxhy;user_6712_zxhy1234;8233
user_6713_xq6q;user_6713_xq6q1234;4336
user_6714_fppt;user_6714_fppt1234;9880
user_6715_g0vc;user_6715_g0vc1234;5877
user_6716_w49i;user_6716_w49i1234;4115
user_6717_jp4v;user_6717_jp4v1234;7488
user_6718_r737;user_6718_r7371234;3097
user_6719_5w65;user_6719_5w651234;9342
user_6720_gxe0;user_6720_gxe01234;1847
user_6721_3zqw;user_6721_3zqw1234;6951
user_6722_xbqi;user_6722_xbqi1234;5563
user_6723_r1ht;user_6723_r1ht1234;9444
user_6724_rpi8;user_6724_rpi81234;5973
user_6725_37yy;user_6725_37yy1234;9502
user_6726_9i85;user_6726_9i851234;8554
user_6727_c7dk;user_6727_c7dk1234;4554
user_6728_1am4;user_6728_1am41234;4863
user_6729_c990;user_6729_c9901234;7409
user_6730_ctcf;user_6730_ctcf1234;9883
user_6731_3sj9;user_6731_3sj91234;8664
user_6732_anrg;user_6732_anrg1234;7980
user_6733_s4vr;user_6733_s4vr1234;4143
user_6734_00ky;user_6734_00ky1234;3848
user_6735_u52g;user_6735_u52g1234;6738
user_6736_93jq;user_6736_93jq1234;6444
user_6737_cm2t;user_6737_cm2t1234;3183
user_6738_h27a;user_6738_h27a1234;6857
user_6739_yryb;user_6739_yryb1234;5142
user_6740_c2fd;user_6740_c2fd1234;3634
user_6741_befq;user_6741_befq1234;3646
user_6742_hylx;user_6742_hylx1234;9144
user_6743_fwyg;user_6743_fwyg1234;5418
user_6744_0ot3;user_6744_0ot31234;4365
user_6745_505a;user_6745_505a1234;7866
user_6746_0qxd;user_6746_0qxd1234;7548
user_6747_sbxg;user_6747_sbxg1234;1864
user_6748_mvyh;user_6748_mvyh1234;6658
user_6749_kpbi;user_6749_kpbi1234;6555
user_6750_n60a;user_6750_n60a1234;2337
user_6751_1du1;user_6751_1du11234;8883
user_6752_s33v;user_6752_s33v1234;8966
user_6753_3g2w;user_6753_3g2w1234;3118
user_6754_mxn5;user_6754_mxn51234;2000
user_6755_jnt4;user_6755_jnt41234;6199
user_6756_vduf;user_6756_vduf1234;1733
user_6757_kmxg;user_6757_kmxg1234;3192
user_6758_cvra;user_6758_cvra1234;9621
user_6759_zr0s;user_6759_zr0s1234;6676
user_6760_sm0o;user_6760_sm0o1234;4324
user_6761_2mw5;user_6761_2mw51234;1880
user_6762_t3ks;user_6762_t3ks1234;9242
user_6763_63yz;user_6763_63yz1234;4753
user_6764_rpjf;user_6764_rpjf1234;6196
user_6765_27eu;user_6765_27eu1234;2980
user_6766_q1xm;user_6766_q1xm1234;5910
user_6767_2djt;user_6767_2djt1234;7399
user_6768_pdyl;user_6768_pdyl1234;3987
user_6769_sojk;user_6769_sojk1234;7713
user_6770_lnmt;user_6770_lnmt1234;4778
user_6771_g01r;user_6771_g01r1234;8202
user_6772_uebx;user_6772_uebx1234;3128
user_6773_cb4h;user_6773_cb4h1234;7644
user_6774_6aun;user_6774_6aun1234;6515
user_6775_i4aa;user_6775_i4aa1234;7622
user_6776_obdy;user_6776_obdy1234;7793
user_6777_omps;user_6777_omps1234;3794
user_6778_70zn;user_6778_70zn1234;6789
user_6779_6e2i;user_6779_6e2i1234;5085
user_6780_t5fm;user_6780_t5fm1234;1240
user_6781_2luj;user_6781_2luj1234;9002
user_6782_e4ry;user_6782_e4ry1234;8023
user_6783_w8ev;user_6783_w8ev1234;6207
user_6784_rfxn;user_6784_rfxn1234;5117
user_6785_fuja;user_6785_fuja1234;7112
user_6786_uklc;user_6786_uklc1234;9274
user_6787_nifa;user_6787_nifa1234;7922
user_6788_vrex;user_6788_vrex1234;4150
user_6789_r68w;user_6789_r68w1234;6861
user_6790_yhjd;user_6790_yhjd1234;6270
user_6791_oqxs;user_6791_oqxs1234;8839
user_6792_57b8;user_6792_57b81234;7572
user_6793_aelp;user_6793_aelp1234;8968
user_6794_jblf;user_6794_jblf1234;6909
user_6795_owwj;user_6795_owwj1234;5747
user_6796_skmb;user_6796_skmb1234;4877
user_6797_9pts;user_6797_9pts1234;7731
user_6798_s8fu;user_6798_s8fu1234;8465
user_6799_pbbd;user_6799_pbbd1234;8640
user_6800_6wvk;user_6800_6wvk1234;1249
user_6801_szhv;user_6801_szhv1234;5390
user_6802_d0sr;user_6802_d0sr1234;8324
user_6803_c19j;user_6803_c19j1234;8918
user_6804_6riz;user_6804_6riz1234;2419
user_6805_e15m;user_6805_e15m1234;8661
user_6806_hivw;user_6806_hivw1234;6892
user_6807_303b;user_6807_303b1234;1814
user_6808_jysk;user_6808_jysk1234;5238
user_6809_ih9u;user_6809_ih9u1234;9666
user_6810_732q;user_6810_732q1234;1356
user_6811_1q26;user_6811_1q261234;9268
user_6812_g3wz;user_6812_g3wz1234;8845
user_6813_affz;user_6813_affz1234;7702
user_6814_7gse;user_6814_7gse1234;9548
user_6815_c6yy;user_6815_c6yy1234;1971
user_6816_5c0q;user_6816_5c0q1234;8288
user_6817_e2oc;user_6817_e2oc1234;6672
user_6818_ho6p;user_6818_ho6p1234;8266
user_6819_h03q;user_6819_h03q1234;9485
user_6820_v09r;user_6820_v09r1234;2431
user_6821_jn3j;user_6821_jn3j1234;8137
user_6822_j23s;user_6822_j23s1234;7044
user_6823_syko;user_6823_syko1234;3940
user_6824_uhwa;user_6824_uhwa1234;8925
user_6825_fwwp;user_6825_fwwp1234;2592
user_6826_i03f;user_6826_i03f1234;8279
user_6827_c72f;user_6827_c72f1234;2608
user_6828_ijdv;user_6828_ijdv1234;5038
user_6829_fl6d;user_6829_fl6d1234;4327
user_6830_rs61;user_6830_rs611234;9316
user_6831_hote;user_6831_hote1234;1471
user_6832_5p2f;user_6832_5p2f1234;9006
user_6833_oe4a;user_6833_oe4a1234;6718
user_6834_ibh4;user_6834_ibh41234;6229
user_6835_sqpb;user_6835_sqpb1234;8501
user_6836_c41c;user_6836_c41c1234;4790
user_6837_m7ar;user_6837_m7ar1234;2986
user_6838_5c3d;user_6838_5c3d1234;9484
user_6839_f520;user_6839_f5201234;6363
user_6840_xbwp;user_6840_xbwp1234;9371
user_6841_1ve8;user_6841_1ve81234;4198
user_6842_m3mf;user_6842_m3mf1234;1756
user_6843_wfcq;user_6843_wfcq1234;5082
user_6844_r70n;user_6844_r70n1234;4170
user_6845_ql5z;user_6845_ql5z1234;7175
user_6846_l96s;user_6846_l96s1234;1006
user_6847_8pfn;user_6847_8pfn1234;6102
user_6848_pkl4;user_6848_pkl41234;9551
user_6849_dbq8;user_6849_dbq81234;9159
user_6850_6sew;user_6850_6sew1234;2267
user_6851_oedk;user_6851_oedk1234;2667
user_6852_pcnh;user_6852_pcnh1234;7464
user_6853_s9gn;user_6853_s9gn1234;5085
user_6854_wvrs;user_6854_wvrs1234;6705
user_6855_jh3e;user_6855_jh3e1234;9880
user_6856_1fhp;user_6856_1fhp1234;4256
user_6857_5p7c;user_6857_5p7c1234;2017
user_6858_9w0f;user_6858_9w0f1234;6498
user_6859_5jk0;user_6859_5jk01234;7945
user_6860_zsak;user_6860_zsak1234;3082
user_6861_2ss1;user_6861_2ss11234;5119
user_6862_nmyi;user_6862_nmyi1234;4087
user_6863_4iop;user_6863_4iop1234;5703
user_6864_gce0;user_6864_gce01234;1288
user_6865_q9xo;user_6865_q9xo1234;8244
user_6866_7v1z;user_6866_7v1z1234;3508
user_6867_82gq;user_6867_82gq1234;7873
user_6868_r0v5;user_6868_r0v51234;6450
user_6869_ohgg;user_6869_ohgg1234;3433
user_6870_558x;user_6870_558x1234;3514
user_6871_87oo;user_6871_87oo1234;1330
user_6872_gum7;user_6872_gum71234;3331
user_6873_ray5;user_6873_ray51234;1469
user_6874_dsdv;user_6874_dsdv1234;2976
user_6875_hg65;user_6875_hg651234;4189
user_6876_y7uf;user_6876_y7uf1234;3395
user_6877_fzu9;user_6877_fzu91234;4326
user_6878_afkh;user_6878_afkh1234;9295
user_6879_a75n;user_6879_a75n1234;6344
user_6880_crgj;user_6880_crgj1234;1815
user_6881_stpv;user_6881_stpv1234;3308
user_6882_2hc7;user_6882_2hc71234;4795
user_6883_b2hw;user_6883_b2hw1234;4866
user_6884_766c;user_6884_766c1234;8969
user_6885_i51t;user_6885_i51t1234;7807
user_6886_fu07;user_6886_fu071234;6711
user_6887_xhol;user_6887_xhol1234;6656
user_6888_nts7;user_6888_nts71234;1562
user_6889_hy7s;user_6889_hy7s1234;6370
user_6890_hh4o;user_6890_hh4o1234;7942
user_6891_o43b;user_6891_o43b1234;8690
user_6892_32te;user_6892_32te1234;4788
user_6893_vke6;user_6893_vke61234;2657
user_6894_jmqe;user_6894_jmqe1234;3248
user_6895_w6r2;user_6895_w6r21234;4668
user_6896_wiee;user_6896_wiee1234;5254
user_6897_798j;user_6897_798j1234;6925
user_6898_u30b;user_6898_u30b1234;3449
user_6899_pid0;user_6899_pid01234;6745
user_6900_f506;user_6900_f5061234;2396
user_6901_935i;user_6901_935i1234;8593
user_6902_cgmu;user_6902_cgmu1234;4586
user_6903_44q7;user_6903_44q71234;9773
user_6904_uqsh;user_6904_uqsh1234;5071
user_6905_wx10;user_6905_wx101234;6996
user_6906_x3jd;user_6906_x3jd1234;8028
user_6907_d7tg;user_6907_d7tg1234;2237
user_6908_6q91;user_6908_6q911234;4504
user_6909_9fvp;user_6909_9fvp1234;8786
user_6910_guuz;user_6910_guuz1234;4394
user_6911_axhl;user_6911_axhl1234;2972
user_6912_sich;user_6912_sich1234;1707
user_6913_hdj4;user_6913_hdj41234;1415
user_6914_lksd;user_6914_lksd1234;4985
user_6915_nkd2;user_6915_nkd21234;6075
user_6916_mcyo;user_6916_mcyo1234;4505
user_6917_sc2v;user_6917_sc2v1234;3659
user_6918_4gf8;user_6918_4gf81234;7879
user_6919_27zc;user_6919_27zc1234;8429
user_6920_e634;user_6920_e6341234;7598
user_6921_rkv5;user_6921_rkv51234;9829
user_6922_btiw;user_6922_btiw1234;3943
user_6923_z9qw;user_6923_z9qw1234;1887
user_6924_99gi;user_6924_99gi1234;2468
user_6925_bi97;user_6925_bi971234;9243
user_6926_svbq;user_6926_svbq1234;5697
user_6927_xw34;user_6927_xw341234;1230
user_6928_ei27;user_6928_ei271234;8717
user_6929_k3jj;user_6929_k3jj1234;2547
user_6930_qapc;user_6930_qapc1234;6689
user_6931_2smn;user_6931_2smn1234;8070
user_6932_9qq6;user_6932_9qq61234;6420
user_6933_cxyh;user_6933_cxyh1234;5393
user_6934_91sy;user_6934_91sy1234;4953
user_6935_8l83;user_6935_8l831234;4577
user_6936_hbno;user_6936_hbno1234;4871
user_6937_02af;user_6937_02af1234;6984
user_6938_wlzq;user_6938_wlzq1234;5550
user_6939_g5c3;user_6939_g5c31234;2043
user_6940_t2f5;user_6940_t2f51234;4175
user_6941_zeog;user_6941_zeog1234;2511
user_6942_4u31;user_6942_4u311234;3746
user_6943_mm4o;user_6943_mm4o1234;7570
user_6944_xbzc;user_6944_xbzc1234;8241
user_6945_fbpa;user_6945_fbpa1234;5052
user_6946_j2o1;user_6946_j2o11234;7626
user_6947_2pca;user_6947_2pca1234;2888
user_6948_cjbr;user_6948_cjbr1234;9044
user_6949_8u2u;user_6949_8u2u1234;8578
user_6950_xvff;user_6950_xvff1234;9670
user_6951_548e;user_6951_548e1234;4640
user_6952_09ot;user_6952_09ot1234;3412
user_6953_ht7k;user_6953_ht7k1234;8235
user_6954_4w4b;user_6954_4w4b1234;9654
user_6955_vf75;user_6955_vf751234;6089
user_6956_vzcs;user_6956_vzcs1234;7621
user_6957_s48e;user_6957_s48e1234;5832
user_6958_xggo;user_6958_xggo1234;7766
user_6959_uxiq;user_6959_uxiq1234;1692
user_6960_nrqt;user_6960_nrqt1234;6840
user_6961_8nxl;user_6961_8nxl1234;1694
user_6962_i06k;user_6962_i06k1234;9282
user_6963_f8nc;user_6963_f8nc1234;5453
user_6964_766a;user_6964_766a1234;5603
user_6965_t7v7;user_6965_t7v71234;3986
user_6966_ln6g;user_6966_ln6g1234;1628
user_6967_4xpe;user_6967_4xpe1234;3028
user_6968_ri0b;user_6968_ri0b1234;4049
user_6969_g9z4;user_6969_g9z41234;3098
user_6970_z4oa;user_6970_z4oa1234;4011
user_6971_ilpn;user_6971_ilpn1234;4188
user_6972_3pl4;user_6972_3pl41234;2817
user_6973_ju0y;user_6973_ju0y1234;4312
user_6974_8ivu;user_6974_8ivu1234;1510
user_6975_imeq;user_6975_imeq1234;7891
user_6976_vxe3;user_6976_vxe31234;4204
user_6977_yti9;user_6977_yti91234;7510
user_6978_woil;user_6978_woil1234;7515
user_6979_mmug;user_6979_mmug1234;8257
user_6980_g5nc;user_6980_g5nc1234;6838
user_6981_jcuh;user_6981_jcuh1234;5187
user_6982_0myg;user_6982_0myg1234;2919
user_6983_o5r7;user_6983_o5r71234;5157
user_6984_obh8;user_6984_obh81234;6275
user_6985_h4cj;user_6985_h4cj1234;7566
user_6986_l9ln;user_6986_l9ln1234;3010
user_6987_lbdr;user_6987_lbdr1234;3312
user_6988_gbke;user_6988_gbke1234;7455
user_6989_8qyy;user_6989_8qyy1234;2113
user_6990_3rjr;user_6990_3rjr1234;4034
user_6991_ixv3;user_6991_ixv31234;2354
user_6992_436a;user_6992_436a1234;6163
user_6993_b048;user_6993_b0481234;5075
user_6994_74m7;user_6994_74m71234;8292
user_6995_9xyc;user_6995_9xyc1234;3089
user_6996_nvo4;user_6996_nvo41234;8635
user_6997_07fn;user_6997_07fn1234;4223
user_6998_awfw;user_6998_awfw1234;3771
user_6999_o8da;user_6999_o8da1234;3055
user_7000_fky3;user_7000_fky31234;5684
user_7001_h9ah;user_7001_h9ah1234;5561
user_7002_nkrt;user_7002_nkrt1234;3394
user_7003_deqm;user_7003_deqm1234;3206
user_7004_u73j;user_7004_u73j1234;2281
user_7005_a3lw;user_7005_a3lw1234;5767
user_7006_id7i;user_7006_id7i1234;5245
user_7007_rpda;user_7007_rpda1234;2509
user_7008_kfvu;user_7008_kfvu1234;7185
user_7009_4ps1;user_7009_4ps11234;9121
user_7010_5kzj;user_7010_5kzj1234;7143
user_7011_c25f;user_7011_c25f1234;2271
user_7012_hcw1;user_7012_hcw11234;6881
user_7013_qinm;user_7013_qinm1234;5631
user_7014_am87;user_7014_am871234;9725
user_7015_9sv6;user_7015_9sv61234;1257
user_7016_xz2f;user_7016_xz2f1234;9732
user_7017_pr6j;user_7017_pr6j1234;4877
user_7018_6bt6;user_7018_6bt61234;1827
user_7019_fydg;user_7019_fydg1234;9030
user_7020_25rr;user_7020_25rr1234;2449
user_7021_hh7r;user_7021_hh7r1234;7291
user_7022_mc6a;user_7022_mc6a1234;9925
user_7023_wxz2;user_7023_wxz21234;2151
user_7024_vy9v;user_7024_vy9v1234;6250
user_7025_r5t7;user_7025_r5t71234;8390
user_7026_xx76;user_7026_xx761234;5548
user_7027_ztie;user_7027_ztie1234;9911
user_7028_ebf0;user_7028_ebf01234;3263
user_7029_5b10;user_7029_5b101234;6630
user_7030_04f2;user_7030_04f21234;3910
user_7031_2i9k;user_7031_2i9k1234;2343
user_7032_c050;user_7032_c0501234;4723
user_7033_vui3;user_7033_vui31234;5505
user_7034_etxx;user_7034_etxx1234;4985
user_7035_3ajk;user_7035_3ajk1234;8547
user_7036_2guu;user_7036_2guu1234;8430
user_7037_9yjv;user_7037_9yjv1234;5844
user_7038_4yvu;user_7038_4yvu1234;8394
user_7039_ex91;user_7039_ex911234;4226
user_7040_v7d5;user_7040_v7d51234;5273
user_7041_drh7;user_7041_drh71234;3663
user_7042_q5sh;user_7042_q5sh1234;8153
user_7043_n734;user_7043_n7341234;3258
user_7044_ltzy;user_7044_ltzy1234;1219
user_7045_kdks;user_7045_kdks1234;3496
user_7046_tlky;user_7046_tlky1234;7726
user_7047_broy;user_7047_broy1234;7940
user_7048_ixnz;user_7048_ixnz1234;4940
user_7049_vbyi;user_7049_vbyi1234;1080
user_7050_3km5;user_7050_3km51234;1424
user_7051_gao9;user_7051_gao91234;7312
user_7052_432i;user_7052_432i1234;2470
user_7053_pj8m;user_7053_pj8m1234;6230
user_7054_h0xp;user_7054_h0xp1234;3266
user_7055_umbo;user_7055_umbo1234;9376
user_7056_6a1d;user_7056_6a1d1234;7716
user_7057_adn4;user_7057_adn41234;9095
user_7058_z26x;user_7058_z26x1234;3060
user_7059_p6ti;user_7059_p6ti1234;6904
user_7060_6i7y;user_7060_6i7y1234;6151
user_7061_f20x;user_7061_f20x1234;8118
user_7062_h8jw;user_7062_h8jw1234;6750
user_7063_d4ex;user_7063_d4ex1234;5712
user_7064_udtr;user_7064_udtr1234;2032
user_7065_tghv;user_7065_tghv1234;5543
user_7066_prfq;user_7066_prfq1234;9213
user_7067_2fle;user_7067_2fle1234;1353
user_7068_slu1;user_7068_slu11234;3745
user_7069_f41m;user_7069_f41m1234;4076
user_7070_2o7d;user_7070_2o7d1234;5452
user_7071_4lt0;user_7071_4lt01234;8167
user_7072_pve2;user_7072_pve21234;9787
user_7073_un7l;user_7073_un7l1234;1779
user_7074_lyyl;user_7074_lyyl1234;6292
user_7075_jgmf;user_7075_jgmf1234;6052
user_7076_c6nt;user_7076_c6nt1234;5090
user_7077_k0d5;user_7077_k0d51234;6608
user_7078_nbp2;user_7078_nbp21234;5334
user_7079_4fd7;user_7079_4fd71234;9071
user_7080_sy4s;user_7080_sy4s1234;2528
user_7081_n6e6;user_7081_n6e61234;7711
user_7082_wa58;user_7082_wa581234;1399
user_7083_glbo;user_7083_glbo1234;8850
user_7084_liug;user_7084_liug1234;3087
user_7085_j77v;user_7085_j77v1234;1268
user_7086_mhqc;user_7086_mhqc1234;1141
user_7087_9xmv;user_7087_9xmv1234;1686
user_7088_4kk4;user_7088_4kk41234;5030
user_7089_q4fv;user_7089_q4fv1234;5544
user_7090_ir77;user_7090_ir771234;5503
user_7091_z9nl;user_7091_z9nl1234;2761
user_7092_lwmt;user_7092_lwmt1234;4165
user_7093_kuy7;user_7093_kuy71234;4326
user_7094_hgk3;user_7094_hgk31234;4339
user_7095_s6ne;user_7095_s6ne1234;4492
user_7096_ktfc;user_7096_ktfc1234;8622
user_7097_cdal;user_7097_cdal1234;9831
user_7098_lgjj;user_7098_lgjj1234;7462
user_7099_u0pf;user_7099_u0pf1234;7453
user_7100_1hss;user_7100_1hss1234;9714
user_7101_26oe;user_7101_26oe1234;9154
user_7102_yovh;user_7102_yovh1234;5054
user_7103_h4ds;user_7103_h4ds1234;7778
user_7104_soa0;user_7104_soa01234;4390
user_7105_yb4s;user_7105_yb4s1234;4360
user_7106_cot3;user_7106_cot31234;7807
user_7107_byvd;user_7107_byvd1234;4986
user_7108_7a2x;user_7108_7a2x1234;6536
user_7109_gniw;user_7109_gniw1234;1769
user_7110_s2vl;user_7110_s2vl1234;5008
user_7111_jsbn;user_7111_jsbn1234;1948
user_7112_5i4c;user_7112_5i4c1234;3197
user_7113_bl7h;user_7113_bl7h1234;4590
user_7114_b6py;user_7114_b6py1234;8814
user_7115_pa1v;user_7115_pa1v1234;7303
user_7116_6rtq;user_7116_6rtq1234;5284
user_7117_dziv;user_7117_dziv1234;4661
user_7118_aldt;user_7118_aldt1234;6345
user_7119_rwsx;user_7119_rwsx1234;9362
user_7120_s9o6;user_7120_s9o61234;1022
user_7121_5z0i;user_7121_5z0i1234;8933
user_7122_0irl;user_7122_0irl1234;1021
user_7123_jgx4;user_7123_jgx41234;4591
user_7124_7449;user_7124_74491234;7445
user_7125_81sp;user_7125_81sp1234;9715
user_7126_n120;user_7126_n1201234;5178
user_7127_f98z;user_7127_f98z1234;1613
user_7128_azmm;user_7128_azmm1234;4529
user_7129_h5kq;user_7129_h5kq1234;3936
user_7130_maje;user_7130_maje1234;8261
user_7131_j4mp;user_7131_j4mp1234;7194
user_7132_qmyz;user_7132_qmyz1234;3210
user_7133_o7ca;user_7133_o7ca1234;9238
user_7134_defu;user_7134_defu1234;7215
user_7135_1dn6;user_7135_1dn61234;6082
user_7136_l2xz;user_7136_l2xz1234;7235
user_7137_vsds;user_7137_vsds1234;6285
user_7138_k6k5;user_7138_k6k51234;7511
user_7139_byzv;user_7139_byzv1234;6314
user_7140_ym34;user_7140_ym341234;6524
user_7141_aqo6;user_7141_aqo61234;8847
user_7142_dlfo;user_7142_dlfo1234;7694
user_7143_nvm5;user_7143_nvm51234;9209
user_7144_6uxk;user_7144_6uxk1234;7548
user_7145_fheh;user_7145_fheh1234;7616
user_7146_m90s;user_7146_m90s1234;6364
user_7147_7ulq;user_7147_7ulq1234;7748
user_7148_1vqc;user_7148_1vqc1234;6136
user_7149_a6e4;user_7149_a6e41234;5801
user_7150_ij2t;user_7150_ij2t1234;2797
user_7151_ywmr;user_7151_ywmr1234;9824
user_7152_iz0h;user_7152_iz0h1234;5994
user_7153_qhbv;user_7153_qhbv1234;7700
user_7154_0ozu;user_7154_0ozu1234;7421
user_7155_vgli;user_7155_vgli1234;2723
user_7156_e8a7;user_7156_e8a71234;3314
user_7157_25iy;user_7157_25iy1234;3965
user_7158_uodo;user_7158_uodo1234;4929
user_7159_d8qt;user_7159_d8qt1234;9591
user_7160_nrgx;user_7160_nrgx1234;3600
user_7161_c2sm;user_7161_c2sm1234;1711
user_7162_gdps;user_7162_gdps1234;1498
user_7163_17ob;user_7163_17ob1234;9670
user_7164_4uxy;user_7164_4uxy1234;9600
user_7165_1ee0;user_7165_1ee01234;9530
user_7166_b063;user_7166_b0631234;1363
user_7167_6vi1;user_7167_6vi11234;6088
user_7168_r9fi;user_7168_r9fi1234;4687
user_7169_zwo9;user_7169_zwo91234;7600
user_7170_o5th;user_7170_o5th1234;9018
user_7171_1e53;user_7171_1e531234;2844
user_7172_k3ll;user_7172_k3ll1234;2859
user_7173_oa2w;user_7173_oa2w1234;2167
user_7174_mzoi;user_7174_mzoi1234;1539
user_7175_sngm;user_7175_sngm1234;4252
user_7176_6ata;user_7176_6ata1234;3694
user_7177_52pd;user_7177_52pd1234;4853
user_7178_mccc;user_7178_mccc1234;2660
user_7179_9tl7;user_7179_9tl71234;2534
user_7180_qbh0;user_7180_qbh01234;9217
user_7181_2dm7;user_7181_2dm71234;4636
user_7182_jsk5;user_7182_jsk51234;9682
user_7183_1ogs;user_7183_1ogs1234;5882
user_7184_0lrr;user_7184_0lrr1234;4822
user_7185_8byn;user_7185_8byn1234;7672
user_7186_nr1k;user_7186_nr1k1234;5104
user_7187_2htp;user_7187_2htp1234;7349
user_7188_mkjn;user_7188_mkjn1234;5596
user_7189_lt3p;user_7189_lt3p1234;9182
user_7190_hdrw;user_7190_hdrw1234;6555
user_7191_7i1t;user_7191_7i1t1234;6026
user_7192_aabf;user_7192_aabf1234;6309
user_7193_8jyd;user_7193_8jyd1234;4207
user_7194_4tl1;user_7194_4tl11234;1830
user_7195_fro6;user_7195_fro61234;4418
user_7196_tvia;user_7196_tvia1234;7508
user_7197_st8s;user_7197_st8s1234;1563
user_7198_wktu;user_7198_wktu1234;5623
user_7199_5eau;user_7199_5eau1234;3903
user_7200_fkat;user_7200_fkat1234;7560
user_7201_hcld;user_7201_hcld1234;8846
user_7202_qo1i;user_7202_qo1i1234;6815
user_7203_4d7s;user_7203_4d7s1234;3726
user_7204_b7xy;user_7204_b7xy1234;8763
user_7205_t37y;user_7205_t37y1234;6754
user_7206_0f6h;user_7206_0f6h1234;2565
user_7207_wh1y;user_7207_wh1y1234;7429
user_7208_ix01;user_7208_ix011234;5780
user_7209_s8oy;user_7209_s8oy1234;9308
user_7210_p184;user_7210_p1841234;5536
user_7211_o4t2;user_7211_o4t21234;4038
user_7212_fey4;user_7212_fey41234;7861
user_7213_xs6m;user_7213_xs6m1234;4008
user_7214_eh90;user_7214_eh901234;2694
user_7215_hhj0;user_7215_hhj01234;2893
user_7216_3isy;user_7216_3isy1234;1705
user_7217_7y7a;user_7217_7y7a1234;4175
user_7218_0990;user_7218_09901234;3218
user_7219_wf9c;user_7219_wf9c1234;1127
user_7220_3k38;user_7220_3k381234;6388
user_7221_33j4;user_7221_33j41234;6787
user_7222_c4jo;user_7222_c4jo1234;1109
user_7223_7qtc;user_7223_7qtc1234;1955
user_7224_n2wh;user_7224_n2wh1234;1143
user_7225_az86;user_7225_az861234;4680
user_7226_4tga;user_7226_4tga1234;1834
user_7227_4lqs;user_7227_4lqs1234;7290
user_7228_9pk1;user_7228_9pk11234;7007
user_7229_tti3;user_7229_tti31234;8809
user_7230_935e;user_7230_935e1234;4795
user_7231_x7zp;user_7231_x7zp1234;8924
user_7232_dikn;user_7232_dikn1234;2065
user_7233_eayq;user_7233_eayq1234;6033
user_7234_36go;user_7234_36go1234;2193
user_7235_7wp9;user_7235_7wp91234;7081
user_7236_weco;user_7236_weco1234;7331
user_7237_vy1t;user_7237_vy1t1234;7200
user_7238_sa0r;user_7238_sa0r1234;7971
user_7239_xrj1;user_7239_xrj11234;7435
user_7240_j9k4;user_7240_j9k41234;8481
user_7241_tapm;user_7241_tapm1234;7216
user_7242_2g9p;user_7242_2g9p1234;5801
user_7243_ktgs;user_7243_ktgs1234;7252
user_7244_gibp;user_7244_gibp1234;8760
user_7245_4kqr;user_7245_4kqr1234;3779
user_7246_6de6;user_7246_6de61234;4334
user_7247_wow6;user_7247_wow61234;7617
user_7248_2i0s;user_7248_2i0s1234;3335
user_7249_s25b;user_7249_s25b1234;8749
user_7250_vv7q;user_7250_vv7q1234;5197
user_7251_7l4h;user_7251_7l4h1234;2998
user_7252_ix30;user_7252_ix301234;2078
user_7253_ocfq;user_7253_ocfq1234;4823
user_7254_j2m9;user_7254_j2m91234;5113
user_7255_23pf;user_7255_23pf1234;4723
user_7256_dcvs;user_7256_dcvs1234;9218
user_7257_sk61;user_7257_sk611234;3519
user_7258_xsk4;user_7258_xsk41234;8432
user_7259_qg4t;user_7259_qg4t1234;8561
user_7260_yytx;user_7260_yytx1234;5333
user_7261_zw58;user_7261_zw581234;3468
user_7262_xlx0;user_7262_xlx01234;9465
user_7263_34je;user_7263_34je1234;3437
user_7264_0t7i;user_7264_0t7i1234;2798
user_7265_4seg;user_7265_4seg1234;1957
user_7266_1xux;user_7266_1xux1234;7555
user_7267_gxev;user_7267_gxev1234;9942
user_7268_ovsu;user_7268_ovsu1234;4886
user_7269_ag3c;user_7269_ag3c1234;1009
user_7270_9xct;user_7270_9xct1234;7132
user_7271_8g2o;user_7271_8g2o1234;9232
user_7272_3enr;user_7272_3enr1234;7480
user_7273_ppln;user_7273_ppln1234;4431
user_7274_lxfa;user_7274_lxfa1234;8889
user_7275_ecax;user_7275_ecax1234;7865
user_7276_vvfr;user_7276_vvfr1234;3361
user_7277_48ds;user_7277_48ds1234;8374
user_7278_ohma;user_7278_ohma1234;4831
user_7279_sh5v;user_7279_sh5v1234;5535
user_7280_6ckd;user_7280_6ckd1234;5892
user_7281_h8p0;user_7281_h8p01234;7108
user_7282_6pis;user_7282_6pis1234;2531
user_7283_s0rd;user_7283_s0rd1234;8278
user_7284_0wa8;user_7284_0wa81234;1030
user_7285_5igi;user_7285_5igi1234;7967
user_7286_ya5m;user_7286_ya5m1234;8437
user_7287_gr9v;user_7287_gr9v1234;3900
user_7288_txt7;user_7288_txt71234;5747
user_7289_dwsf;user_7289_dwsf1234;9226
user_7290_xlq7;user_7290_xlq71234;9897
user_7291_b2bn;user_7291_b2bn1234;9216
user_7292_pgbp;user_7292_pgbp1234;8704
user_7293_quob;user_7293_quob1234;3504
user_7294_lljb;user_7294_lljb1234;8476
user_7295_vw91;user_7295_vw911234;6761
user_7296_9d16;user_7296_9d161234;6130
user_7297_bwkf;user_7297_bwkf1234;6400
user_7298_h7q5;user_7298_h7q51234;3942
user_7299_unui;user_7299_unui1234;6389
user_7300_4zaj;user_7300_4zaj1234;7406
user_7301_v2e7;user_7301_v2e71234;8713
user_7302_8zzw;user_7302_8zzw1234;3793
user_7303_7oui;user_7303_7oui1234;9305
user_7304_9tvb;user_7304_9tvb1234;8850
user_7305_1x40;user_7305_1x401234;2705
user_7306_ipl0;user_7306_ipl01234;8995
user_7307_e6zi;user_7307_e6zi1234;2758
user_7308_aryz;user_7308_aryz1234;7275
user_7309_t3v5;user_7309_t3v51234;1323
user_7310_vm2j;user_7310_vm2j1234;1150
user_7311_pxr0;user_7311_pxr01234;9162
user_7312_situ;user_7312_situ1234;8801
user_7313_41kx;user_7313_41kx1234;3136
user_7314_ykaz;user_7314_ykaz1234;2734
user_7315_v42a;user_7315_v42a1234;8592
user_7316_o6nd;user_7316_o6nd1234;9535
user_7317_7fnl;user_7317_7fnl1234;4084
user_7318_0r7q;user_7318_0r7q1234;3968
user_7319_pb2t;user_7319_pb2t1234;3559
user_7320_utda;user_7320_utda1234;3454
user_7321_78up;user_7321_78up1234;5052
user_7322_utyq;user_7322_utyq1234;9073
user_7323_mcmr;user_7323_mcmr1234;2788
user_7324_jpsk;user_7324_jpsk1234;6647
user_7325_qt85;user_7325_qt851234;1582
user_7326_z356;user_7326_z3561234;8921
user_7327_fjly;user_7327_fjly1234;3552
user_7328_ib1r;user_7328_ib1r1234;6710
user_7329_447e;user_7329_447e1234;9085
user_7330_0ei4;user_7330_0ei41234;9490
user_7331_wgu4;user_7331_wgu41234;5967
user_7332_2uuo;user_7332_2uuo1234;6768
user_7333_34th;user_7333_34th1234;5815
user_7334_f7y5;user_7334_f7y51234;8353
user_7335_dovv;user_7335_dovv1234;6975
user_7336_g4ic;user_7336_g4ic1234;4873
user_7337_49cr;user_7337_49cr1234;8900
user_7338_i2eq;user_7338_i2eq1234;2270
user_7339_1jk3;user_7339_1jk31234;9932
user_7340_h3g9;user_7340_h3g91234;9220
user_7341_mjdf;user_7341_mjdf1234;4089
user_7342_ik2s;user_7342_ik2s1234;6018
user_7343_h6cl;user_7343_h6cl1234;8987
user_7344_jelu;user_7344_jelu1234;9256
user_7345_9o56;user_7345_9o561234;8010
user_7346_x2ry;user_7346_x2ry1234;3541
user_7347_coeb;user_7347_coeb1234;3370
user_7348_sb8m;user_7348_sb8m1234;1888
user_7349_w7wa;user_7349_w7wa1234;8590
user_7350_kyje;user_7350_kyje1234;6262
user_7351_xics;user_7351_xics1234;4039
user_7352_1dh1;user_7352_1dh11234;6563
user_7353_3xbg;user_7353_3xbg1234;7903
user_7354_tcht;user_7354_tcht1234;7949
user_7355_j990;user_7355_j9901234;6411
user_7356_bidn;user_7356_bidn1234;8738
user_7357_f8jl;user_7357_f8jl1234;6872
user_7358_xkt8;user_7358_xkt81234;7156
user_7359_uz8y;user_7359_uz8y1234;7401
user_7360_iyp0;user_7360_iyp01234;7657
user_7361_tv03;user_7361_tv031234;1762
user_7362_3rwg;user_7362_3rwg1234;4019
user_7363_giqs;user_7363_giqs1234;1725
user_7364_c0yp;user_7364_c0yp1234;9689
user_7365_32bp;user_7365_32bp1234;1152
user_7366_t1zh;user_7366_t1zh1234;2391
user_7367_hz7f;user_7367_hz7f1234;1974
user_7368_y50w;user_7368_y50w1234;9644
user_7369_cuzz;user_7369_cuzz1234;5297
user_7370_zmgk;user_7370_zmgk1234;3911
user_7371_1nt6;user_7371_1nt61234;7463
user_7372_kcda;user_7372_kcda1234;4885
user_7373_ix97;user_7373_ix971234;8531
user_7374_53ay;user_7374_53ay1234;9891
user_7375_iez8;user_7375_iez81234;3326
user_7376_ht0l;user_7376_ht0l1234;2046
user_7377_ndnk;user_7377_ndnk1234;1040
user_7378_qvvq;user_7378_qvvq1234;7119
user_7379_t55s;user_7379_t55s1234;3400
user_7380_wz5h;user_7380_wz5h1234;8130
user_7381_72fq;user_7381_72fq1234;1787
user_7382_4q5n;user_7382_4q5n1234;1620
user_7383_c2j6;user_7383_c2j61234;1160
user_7384_64b4;user_7384_64b41234;9054
user_7385_xddv;user_7385_xddv1234;2783
user_7386_uasi;user_7386_uasi1234;6461
user_7387_ubd4;user_7387_ubd41234;4828
user_7388_uvnt;user_7388_uvnt1234;1232
user_7389_u11c;user_7389_u11c1234;7968
user_7390_65u5;user_7390_65u51234;3470
user_7391_wvfi;user_7391_wvfi1234;7042
user_7392_i27u;user_7392_i27u1234;8699
user_7393_iymj;user_7393_iymj1234;7341
user_7394_r4d1;user_7394_r4d11234;7946
user_7395_yvl1;user_7395_yvl11234;7119
user_7396_0lnu;user_7396_0lnu1234;1071
user_7397_ofld;user_7397_ofld1234;5126
user_7398_4rby;user_7398_4rby1234;7791
user_7399_ru1q;user_7399_ru1q1234;5507
user_7400_0i5f;user_7400_0i5f1234;9674
user_7401_vk6j;user_7401_vk6j1234;4722
user_7402_05nm;user_7402_05nm1234;8922
user_7403_am1o;user_7403_am1o1234;9635
user_7404_h0kw;user_7404_h0kw1234;2131
user_7405_zmgj;user_7405_zmgj1234;8585
user_7406_a8wt;user_7406_a8wt1234;9182
user_7407_hpx2;user_7407_hpx21234;3556
user_7408_k8nq;user_7408_k8nq1234;8722
user_7409_9ba9;user_7409_9ba91234;1189
user_7410_t4xt;user_7410_t4xt1234;6686
user_7411_j0ol;user_7411_j0ol1234;2078
user_7412_a7ux;user_7412_a7ux1234;4542
user_7413_2i27;user_7413_2i271234;9347
user_7414_mfe5;user_7414_mfe51234;4658
user_7415_w1gd;user_7415_w1gd1234;3200
user_7416_phap;user_7416_phap1234;1726
user_7417_8g8e;user_7417_8g8e1234;6061
user_7418_0v15;user_7418_0v151234;5843
user_7419_lc1y;user_7419_lc1y1234;6661
user_7420_khgb;user_7420_khgb1234;3912
user_7421_k7a3;user_7421_k7a31234;5493
user_7422_s2e0;user_7422_s2e01234;1442
user_7423_8dl7;user_7423_8dl71234;1910
user_7424_l3ox;user_7424_l3ox1234;6457
user_7425_vbgo;user_7425_vbgo1234;5073
user_7426_lkln;user_7426_lkln1234;3775
user_7427_24gw;user_7427_24gw1234;2821
user_7428_nxu0;user_7428_nxu01234;9996
user_7429_9mu6;user_7429_9mu61234;5188
user_7430_7sck;user_7430_7sck1234;8362
user_7431_eumm;user_7431_eumm1234;8336
user_7432_6p0m;user_7432_6p0m1234;2418
user_7433_gg60;user_7433_gg601234;4338
user_7434_ll6f;user_7434_ll6f1234;6788
user_7435_wtij;user_7435_wtij1234;7887
user_7436_qegi;user_7436_qegi1234;6240
user_7437_perp;user_7437_perp1234;3338
user_7438_7cx7;user_7438_7cx71234;2220
user_7439_rgex;user_7439_rgex1234;6716
user_7440_f189;user_7440_f1891234;6331
user_7441_a133;user_7441_a1331234;3198
user_7442_5i7q;user_7442_5i7q1234;3521
user_7443_371y;user_7443_371y1234;3037
user_7444_mq1e;user_7444_mq1e1234;9102
user_7445_c1vu;user_7445_c1vu1234;6093
user_7446_ykes;user_7446_ykes1234;6063
user_7447_hjzw;user_7447_hjzw1234;4570
user_7448_u7f0;user_7448_u7f01234;2675
user_7449_v22i;user_7449_v22i1234;6123
user_7450_4d5z;user_7450_4d5z1234;1123
user_7451_77bd;user_7451_77bd1234;4335
user_7452_f68i;user_7452_f68i1234;8804
user_7453_jjdm;user_7453_jjdm1234;9870
user_7454_iw05;user_7454_iw051234;8390
user_7455_um42;user_7455_um421234;7859
user_7456_56nt;user_7456_56nt1234;3713
user_7457_s4dx;user_7457_s4dx1234;7118
user_7458_36ya;user_7458_36ya1234;4700
user_7459_uh4v;user_7459_uh4v1234;6730
user_7460_a9fe;user_7460_a9fe1234;5539
user_7461_k86g;user_7461_k86g1234;4785
user_7462_th1a;user_7462_th1a1234;3253
user_7463_k7py;user_7463_k7py1234;9329
user_7464_d9p9;user_7464_d9p91234;9552
user_7465_js68;user_7465_js681234;1604
user_7466_iwr1;user_7466_iwr11234;2010
user_7467_cf32;user_7467_cf321234;3786
user_7468_16mw;user_7468_16mw1234;7658
user_7469_1jkh;user_7469_1jkh1234;5561
user_7470_br0l;user_7470_br0l1234;7930
user_7471_wkog;user_7471_wkog1234;4462
user_7472_wjif;user_7472_wjif1234;6224
user_7473_wfd0;user_7473_wfd01234;8651
user_7474_sq4h;user_7474_sq4h1234;4537
user_7475_qg63;user_7475_qg631234;2076
user_7476_qow1;user_7476_qow11234;7595
user_7477_ppte;user_7477_ppte1234;7226
user_7478_hr3l;user_7478_hr3l1234;3798
user_7479_wfrv;user_7479_wfrv1234;2824
user_7480_47d3;user_7480_47d31234;5683
user_7481_up4a;user_7481_up4a1234;9285
user_7482_nrdt;user_7482_nrdt1234;2108
user_7483_34cm;user_7483_34cm1234;8260
user_7484_pxrc;user_7484_pxrc1234;3372
user_7485_z9zz;user_7485_z9zz1234;4132
user_7486_5wjy;user_7486_5wjy1234;9697
user_7487_vje5;user_7487_vje51234;8763
user_7488_cbrr;user_7488_cbrr1234;1101
user_7489_ng30;user_7489_ng301234;6032
user_7490_c15g;user_7490_c15g1234;1933
user_7491_9wcu;user_7491_9wcu1234;1662
user_7492_dv6w;user_7492_dv6w1234;1640
user_7493_6pkb;user_7493_6pkb1234;7448
user_7494_0b2l;user_7494_0b2l1234;4479
user_7495_xl0y;user_7495_xl0y1234;5619
user_7496_0ztb;user_7496_0ztb1234;3914
user_7497_icca;user_7497_icca1234;3073
user_7498_vset;user_7498_vset1234;6507
user_7499_3uwk;user_7499_3uwk1234;9515
user_7500_wxus;user_7500_wxus1234;5171
user_7501_ah5t;user_7501_ah5t1234;3719
user_7502_1h0b;user_7502_1h0b1234;1014
user_7503_m016;user_7503_m0161234;6507
user_7504_x0ex;user_7504_x0ex1234;8519
user_7505_o0bo;user_7505_o0bo1234;3173
user_7506_xxvz;user_7506_xxvz1234;2463
user_7507_2uxu;user_7507_2uxu1234;9084
user_7508_p12h;user_7508_p12h1234;8321
user_7509_r8nv;user_7509_r8nv1234;6206
user_7510_7n9m;user_7510_7n9m1234;5626
user_7511_g9fg;user_7511_g9fg1234;4993
user_7512_p3p4;user_7512_p3p41234;3029
user_7513_cp4q;user_7513_cp4q1234;6053
user_7514_a4no;user_7514_a4no1234;4838
user_7515_l3bp;user_7515_l3bp1234;4898
user_7516_jvml;user_7516_jvml1234;6416
user_7517_5drj;user_7517_5drj1234;1788
user_7518_lxbe;user_7518_lxbe1234;4287
user_7519_pz3t;user_7519_pz3t1234;9217
user_7520_afcm;user_7520_afcm1234;2465
user_7521_whp8;user_7521_whp81234;8675
user_7522_my0l;user_7522_my0l1234;6094
user_7523_e6jx;user_7523_e6jx1234;7923
user_7524_ez3d;user_7524_ez3d1234;4532
user_7525_6f03;user_7525_6f031234;5879
user_7526_vohn;user_7526_vohn1234;4727
user_7527_2unn;user_7527_2unn1234;3217
user_7528_7dlo;user_7528_7dlo1234;2840
user_7529_gqoj;user_7529_gqoj1234;5598
user_7530_k2p9;user_7530_k2p91234;8016
user_7531_s4nq;user_7531_s4nq1234;4982
user_7532_7cjw;user_7532_7cjw1234;8572
user_7533_huc8;user_7533_huc81234;8198
user_7534_kxcs;user_7534_kxcs1234;2021
user_7535_6hcj;user_7535_6hcj1234;2837
user_7536_ynlg;user_7536_ynlg1234;9575
user_7537_bx9p;user_7537_bx9p1234;6104
user_7538_d2iw;user_7538_d2iw1234;7249
user_7539_6uez;user_7539_6uez1234;6710
user_7540_xnem;user_7540_xnem1234;1352
user_7541_1ysl;user_7541_1ysl1234;7249
user_7542_xi15;user_7542_xi151234;8324
user_7543_g0ck;user_7543_g0ck1234;5673
user_7544_7xri;user_7544_7xri1234;3965
user_7545_ouae;user_7545_ouae1234;4895
user_7546_zdh1;user_7546_zdh11234;5613
user_7547_p7am;user_7547_p7am1234;2322
user_7548_cv8d;user_7548_cv8d1234;9237
user_7549_hymy;user_7549_hymy1234;2971
user_7550_mtlu;user_7550_mtlu1234;8811
user_7551_870s;user_7551_870s1234;9217
user_7552_655s;user_7552_655s1234;1301
user_7553_4wx0;user_7553_4wx01234;9388
user_7554_6ryx;user_7554_6ryx1234;9214
user_7555_lhik;user_7555_lhik1234;1173
user_7556_jy60;user_7556_jy601234;1010
user_7557_e087;user_7557_e0871234;1542
user_7558_7j93;user_7558_7j931234;3927
user_7559_n1zb;user_7559_n1zb1234;7467
user_7560_jhlq;user_7560_jhlq1234;7442
user_7561_xa33;user_7561_xa331234;9456
user_7562_tdc1;user_7562_tdc11234;9471
user_7563_xbme;user_7563_xbme1234;7725
user_7564_daa5;user_7564_daa51234;4019
user_7565_se6u;user_7565_se6u1234;6067
user_7566_i3uz;user_7566_i3uz1234;1680
user_7567_kv5e;user_7567_kv5e1234;2039
user_7568_uxtr;user_7568_uxtr1234;7095
user_7569_y1z5;user_7569_y1z51234;9270
user_7570_9i3d;user_7570_9i3d1234;4277
user_7571_yruf;user_7571_yruf1234;3701
user_7572_k4zl;user_7572_k4zl1234;3701
user_7573_82uh;user_7573_82uh1234;5610
user_7574_ex7v;user_7574_ex7v1234;9036
user_7575_m7eo;user_7575_m7eo1234;7048
user_7576_76uo;user_7576_76uo1234;7872
user_7577_fcp3;user_7577_fcp31234;7080
user_7578_nlav;user_7578_nlav1234;1978
user_7579_w0ww;user_7579_w0ww1234;1142
user_7580_29a6;user_7580_29a61234;7116
user_7581_0ho6;user_7581_0ho61234;2362
user_7582_427j;user_7582_427j1234;8552
user_7583_qi4z;user_7583_qi4z1234;4145
user_7584_b65a;user_7584_b65a1234;3441
user_7585_u968;user_7585_u9681234;2022
user_7586_pads;user_7586_pads1234;3475
user_7587_58t4;user_7587_58t41234;4630
user_7588_44jp;user_7588_44jp1234;8615
user_7589_in56;user_7589_in561234;3196
user_7590_3a3o;user_7590_3a3o1234;3963
user_7591_tqc1;user_7591_tqc11234;9234
user_7592_k1bn;user_7592_k1bn1234;7924
user_7593_cb01;user_7593_cb011234;6649
user_7594_f77k;user_7594_f77k1234;4296
user_7595_h6dh;user_7595_h6dh1234;6777
user_7596_o4o8;user_7596_o4o81234;1442
user_7597_gx9v;user_7597_gx9v1234;5361
user_7598_uwum;user_7598_uwum1234;7317
user_7599_4e1p;user_7599_4e1p1234;9259
user_7600_lyzh;user_7600_lyzh1234;9794
user_7601_dkfp;user_7601_dkfp1234;3829
user_7602_2x2d;user_7602_2x2d1234;8090
user_7603_oskh;user_7603_oskh1234;8901
user_7604_uzyv;user_7604_uzyv1234;9200
user_7605_jiiy;user_7605_jiiy1234;2639
user_7606_702s;user_7606_702s1234;1022
user_7607_mx8m;user_7607_mx8m1234;3037
user_7608_rbea;user_7608_rbea1234;5807
user_7609_cb1t;user_7609_cb1t1234;4452
user_7610_qcfe;user_7610_qcfe1234;4866
user_7611_4v5e;user_7611_4v5e1234;7555
user_7612_bbhu;user_7612_bbhu1234;1399
user_7613_fhcc;user_7613_fhcc1234;9238
user_7614_twns;user_7614_twns1234;7022
user_7615_tat7;user_7615_tat71234;1697
user_7616_6f7b;user_7616_6f7b1234;5461
user_7617_7jh9;user_7617_7jh91234;2671
user_7618_l98e;user_7618_l98e1234;9769
user_7619_rpjw;user_7619_rpjw1234;5210
user_7620_f0mu;user_7620_f0mu1234;9342
user_7621_puzv;user_7621_puzv1234;8052
user_7622_bug3;user_7622_bug31234;9120
user_7623_f2g6;user_7623_f2g61234;3987
user_7624_gwy8;user_7624_gwy81234;6913
user_7625_lti0;user_7625_lti01234;7722
user_7626_bf5j;user_7626_bf5j1234;9982
user_7627_7okm;user_7627_7okm1234;9349
user_7628_kers;user_7628_kers1234;4272
user_7629_tsyw;user_7629_tsyw1234;4474
user_7630_1qfs;user_7630_1qfs1234;1923
user_7631_lfgo;user_7631_lfgo1234;3808
user_7632_omj8;user_7632_omj81234;3914
user_7633_ggya;user_7633_ggya1234;5091
user_7634_gw61;user_7634_gw611234;3705
user_7635_c7on;user_7635_c7on1234;7193
user_7636_84xg;user_7636_84xg1234;9520
user_7637_6vo9;user_7637_6vo91234;9956
user_7638_fmit;user_7638_fmit1234;7886
user_7639_xuqs;user_7639_xuqs1234;4354
user_7640_4hrg;user_7640_4hrg1234;8864
user_7641_xcgl;user_7641_xcgl1234;6976
user_7642_imyl;user_7642_imyl1234;4907
user_7643_bp3u;user_7643_bp3u1234;6313
user_7644_mt82;user_7644_mt821234;1920
user_7645_42fn;user_7645_42fn1234;4562
user_7646_ej2r;user_7646_ej2r1234;9067
user_7647_jzpg;user_7647_jzpg1234;7263
user_7648_75x2;user_7648_75x21234;1285
user_7649_0wbe;user_7649_0wbe1234;7228
user_7650_dt99;user_7650_dt991234;5196
user_7651_8cey;user_7651_8cey1234;8312
user_7652_kubc;user_7652_kubc1234;6724
user_7653_k23p;user_7653_k23p1234;3510
user_7654_daqb;user_7654_daqb1234;3195
user_7655_j870;user_7655_j8701234;6173
user_7656_ktif;user_7656_ktif1234;3106
user_7657_krgo;user_7657_krgo1234;3643
user_7658_s06y;user_7658_s06y1234;3618
user_7659_h8cw;user_7659_h8cw1234;4897
user_7660_o4t9;user_7660_o4t91234;3791
user_7661_hanr;user_7661_hanr1234;8247
user_7662_wwk4;user_7662_wwk41234;9779
user_7663_cxtf;user_7663_cxtf1234;1152
user_7664_mwzp;user_7664_mwzp1234;8797
user_7665_4ztw;user_7665_4ztw1234;1475
user_7666_felt;user_7666_felt1234;5006
user_7667_1ied;user_7667_1ied1234;8953
user_7668_1mgx;user_7668_1mgx1234;6384
user_7669_nv77;user_7669_nv771234;9867
user_7670_sgnp;user_7670_sgnp1234;4680
user_7671_txnr;user_7671_txnr1234;6096
user_7672_19uw;user_7672_19uw1234;6576
user_7673_374v;user_7673_374v1234;7664
user_7674_fqib;user_7674_fqib1234;8385
user_7675_7tlu;user_7675_7tlu1234;3630
user_7676_iake;user_7676_iake1234;1457
user_7677_g5sq;user_7677_g5sq1234;3497
user_7678_0pat;user_7678_0pat1234;9680
user_7679_gnr8;user_7679_gnr81234;4317
user_7680_5ifz;user_7680_5ifz1234;2913
user_7681_mg0q;user_7681_mg0q1234;8653
user_7682_e4l7;user_7682_e4l71234;9924
user_7683_r19g;user_7683_r19g1234;2248
user_7684_bue7;user_7684_bue71234;6463
user_7685_vmfb;user_7685_vmfb1234;3041
user_7686_2e9l;user_7686_2e9l1234;4606
user_7687_giur;user_7687_giur1234;5099
user_7688_6q3j;user_7688_6q3j1234;7139
user_7689_kvt2;user_7689_kvt21234;7981
user_7690_85ib;user_7690_85ib1234;1968
user_7691_r1oa;user_7691_r1oa1234;4340
user_7692_v1tl;user_7692_v1tl1234;4280
user_7693_uvn9;user_7693_uvn91234;8725
user_7694_rawe;user_7694_rawe1234;8465
user_7695_znr9;user_7695_znr91234;4730
user_7696_e487;user_7696_e4871234;3784
user_7697_5hed;user_7697_5hed1234;6496
user_7698_4we6;user_7698_4we61234;2815
user_7699_67y1;user_7699_67y11234;2975
user_7700_l3i6;user_7700_l3i61234;2532
user_7701_bpyd;user_7701_bpyd1234;9109
user_7702_n2pa;user_7702_n2pa1234;2264
user_7703_t99p;user_7703_t99p1234;6776
user_7704_fbub;user_7704_fbub1234;1088
user_7705_jx31;user_7705_jx311234;3048
user_7706_strd;user_7706_strd1234;9488
user_7707_8i3y;user_7707_8i3y1234;1177
user_7708_zcdf;user_7708_zcdf1234;9631
user_7709_97di;user_7709_97di1234;9859
user_7710_g4vf;user_7710_g4vf1234;1985
user_7711_vld2;user_7711_vld21234;1547
user_7712_au8k;user_7712_au8k1234;7868
user_7713_44et;user_7713_44et1234;6596
user_7714_428q;user_7714_428q1234;6466
user_7715_nqvz;user_7715_nqvz1234;7552
user_7716_1o15;user_7716_1o151234;7443
user_7717_710f;user_7717_710f1234;4178
user_7718_h9nz;user_7718_h9nz1234;6381
user_7719_y1n5;user_7719_y1n51234;9980
user_7720_qev7;user_7720_qev71234;4563
user_7721_grej;user_7721_grej1234;4750
user_7722_alj2;user_7722_alj21234;6188
user_7723_pfx1;user_7723_pfx11234;4615
user_7724_u201;user_7724_u2011234;5365
user_7725_j4m3;user_7725_j4m31234;7819
user_7726_6v68;user_7726_6v681234;1530
user_7727_m8s7;user_7727_m8s71234;5531
user_7728_rz9e;user_7728_rz9e1234;7810
user_7729_2rly;user_7729_2rly1234;7528
user_7730_uvrn;user_7730_uvrn1234;3440
user_7731_r0mc;user_7731_r0mc1234;6063
user_7732_zs2k;user_7732_zs2k1234;4258
user_7733_emli;user_7733_emli1234;3275
user_7734_dg6t;user_7734_dg6t1234;4650
user_7735_i234;user_7735_i2341234;9610
user_7736_b6tr;user_7736_b6tr1234;7833
user_7737_lru9;user_7737_lru91234;6521
user_7738_6elu;user_7738_6elu1234;6609
user_7739_og9p;user_7739_og9p1234;4234
user_7740_ndig;user_7740_ndig1234;6366
user_7741_evsv;user_7741_evsv1234;4110
user_7742_slzf;user_7742_slzf1234;3898
user_7743_2iio;user_7743_2iio1234;7380
user_7744_go97;user_7744_go971234;5498
user_7745_qjxh;user_7745_qjxh1234;7671
user_7746_5z1j;user_7746_5z1j1234;3142
user_7747_0c8r;user_7747_0c8r1234;4532
user_7748_umcf;user_7748_umcf1234;1239
user_7749_uzk9;user_7749_uzk91234;8564
user_7750_9429;user_7750_94291234;9508
user_7751_zn1b;user_7751_zn1b1234;8407
user_7752_l2uy;user_7752_l2uy1234;6489
user_7753_tv09;user_7753_tv091234;5510
user_7754_vpqv;user_7754_vpqv1234;1378
user_7755_kv9r;user_7755_kv9r1234;5063
user_7756_yhfy;user_7756_yhfy1234;6794
user_7757_6ygl;user_7757_6ygl1234;4522
user_7758_ptub;user_7758_ptub1234;4793
user_7759_d67d;user_7759_d67d1234;8708
user_7760_ch8a;user_7760_ch8a1234;5209
user_7761_2xyk;user_7761_2xyk1234;6883
user_7762_h30f;user_7762_h30f1234;6284
user_7763_9bg7;user_7763_9bg71234;9772
user_7764_gu99;user_7764_gu991234;6325
user_7765_y9b5;user_7765_y9b51234;8235
user_7766_xlzf;user_7766_xlzf1234;6492
user_7767_b26l;user_7767_b26l1234;9013
user_7768_bu4g;user_7768_bu4g1234;9904
user_7769_7hjy;user_7769_7hjy1234;6734
user_7770_vgrj;user_7770_vgrj1234;2824
user_7771_toen;user_7771_toen1234;9599
user_7772_hksq;user_7772_hksq1234;4111
user_7773_twy3;user_7773_twy31234;5782
user_7774_hbt1;user_7774_hbt11234;1915
user_7775_lifl;user_7775_lifl1234;1058
user_7776_vi3k;user_7776_vi3k1234;9202
user_7777_t5iv;user_7777_t5iv1234;8546
user_7778_gs4i;user_7778_gs4i1234;4363
user_7779_iy48;user_7779_iy481234;1786
user_7780_wmr8;user_7780_wmr81234;1659
user_7781_itme;user_7781_itme1234;4400
user_7782_solt;user_7782_solt1234;3523
user_7783_tabt;user_7783_tabt1234;9654
user_7784_ihij;user_7784_ihij1234;7630
user_7785_df0x;user_7785_df0x1234;9706
user_7786_rbat;user_7786_rbat1234;2337
user_7787_ikpn;user_7787_ikpn1234;3789
user_7788_pq68;user_7788_pq681234;5363
user_7789_vi2u;user_7789_vi2u1234;5009
user_7790_qx1v;user_7790_qx1v1234;3257
user_7791_rtae;user_7791_rtae1234;2353
user_7792_8xf3;user_7792_8xf31234;2125
user_7793_55k3;user_7793_55k31234;9576
user_7794_kuka;user_7794_kuka1234;4801
user_7795_0lcs;user_7795_0lcs1234;5170
user_7796_mkeh;user_7796_mkeh1234;2605
user_7797_op0j;user_7797_op0j1234;9598
user_7798_imxh;user_7798_imxh1234;8308
user_7799_dqey;user_7799_dqey1234;8517
user_7800_j0k9;user_7800_j0k91234;9723
user_7801_1a0d;user_7801_1a0d1234;8574
user_7802_03du;user_7802_03du1234;1121
user_7803_zkkj;user_7803_zkkj1234;4330
user_7804_v1se;user_7804_v1se1234;6969
user_7805_3rfp;user_7805_3rfp1234;5218
user_7806_4m90;user_7806_4m901234;9397
user_7807_sv1d;user_7807_sv1d1234;7565
user_7808_1agg;user_7808_1agg1234;2257
user_7809_lm3b;user_7809_lm3b1234;7810
user_7810_914m;user_7810_914m1234;7393
user_7811_bk3q;user_7811_bk3q1234;8814
user_7812_jsdd;user_7812_jsdd1234;1204
user_7813_cwfn;user_7813_cwfn1234;3005
user_7814_7hnl;user_7814_7hnl1234;9848
user_7815_6bsq;user_7815_6bsq1234;9727
user_7816_iqdp;user_7816_iqdp1234;7131
user_7817_zigl;user_7817_zigl1234;1023
user_7818_7xd5;user_7818_7xd51234;8411
user_7819_f1d0;user_7819_f1d01234;2564
user_7820_1f3j;user_7820_1f3j1234;7533
user_7821_9kbz;user_7821_9kbz1234;1860
user_7822_7l76;user_7822_7l761234;7579
user_7823_uvq0;user_7823_uvq01234;5797
user_7824_zrzt;user_7824_zrzt1234;7555
user_7825_0mrl;user_7825_0mrl1234;8822
user_7826_9fhp;user_7826_9fhp1234;6442
user_7827_nwmm;user_7827_nwmm1234;4772
user_7828_hapq;user_7828_hapq1234;8073
user_7829_a3pr;user_7829_a3pr1234;7950
user_7830_1xro;user_7830_1xro1234;5274
user_7831_hv87;user_7831_hv871234;2250
user_7832_hzof;user_7832_hzof1234;4481
user_7833_3m7t;user_7833_3m7t1234;4501
user_7834_mnip;user_7834_mnip1234;6020
user_7835_86mz;user_7835_86mz1234;6907
user_7836_9xyx;user_7836_9xyx1234;4719
user_7837_e7wi;user_7837_e7wi1234;6611
user_7838_78r7;user_7838_78r71234;9240
user_7839_k9ud;user_7839_k9ud1234;9731
user_7840_3ni6;user_7840_3ni61234;2029
user_7841_6e15;user_7841_6e151234;6998
user_7842_efrq;user_7842_efrq1234;5575
user_7843_87ss;user_7843_87ss1234;7281
user_7844_h0sn;user_7844_h0sn1234;2707
user_7845_8j65;user_7845_8j651234;5619
user_7846_486u;user_7846_486u1234;7015
user_7847_gdml;user_7847_gdml1234;7860
user_7848_pc8k;user_7848_pc8k1234;1392
user_7849_rf46;user_7849_rf461234;5211
user_7850_5dal;user_7850_5dal1234;3272
user_7851_vh0n;user_7851_vh0n1234;6225
user_7852_2fwf;user_7852_2fwf1234;9140
user_7853_l03q;user_7853_l03q1234;9699
user_7854_9nyc;user_7854_9nyc1234;6111
user_7855_p7sy;user_7855_p7sy1234;9521
user_7856_l3nv;user_7856_l3nv1234;5880
user_7857_01nz;user_7857_01nz1234;6811
user_7858_3i23;user_7858_3i231234;2062
user_7859_i3tw;user_7859_i3tw1234;8815
user_7860_jrs1;user_7860_jrs11234;7387
user_7861_ms7q;user_7861_ms7q1234;7388
user_7862_5g82;user_7862_5g821234;7298
user_7863_c2za;user_7863_c2za1234;4229
user_7864_rkwv;user_7864_rkwv1234;9478
user_7865_d5kd;user_7865_d5kd1234;6942
user_7866_gmrx;user_7866_gmrx1234;2520
user_7867_wkbx;user_7867_wkbx1234;2708
user_7868_jclq;user_7868_jclq1234;8142
user_7869_eyfi;user_7869_eyfi1234;8735
user_7870_mc0d;user_7870_mc0d1234;7649
user_7871_ghoj;user_7871_ghoj1234;3377
user_7872_qbs5;user_7872_qbs51234;7266
user_7873_a8wq;user_7873_a8wq1234;3858
user_7874_j1ug;user_7874_j1ug1234;5328
user_7875_n4kh;user_7875_n4kh1234;8188
user_7876_iz9q;user_7876_iz9q1234;3494
user_7877_id0f;user_7877_id0f1234;8420
user_7878_ue3n;user_7878_ue3n1234;2796
user_7879_wgg6;user_7879_wgg61234;8112
user_7880_whf5;user_7880_whf51234;4380
user_7881_zunc;user_7881_zunc1234;1545
user_7882_35dd;user_7882_35dd1234;7463
user_7883_z832;user_7883_z8321234;1358
user_7884_9w4n;user_7884_9w4n1234;6344
user_7885_zbqv;user_7885_zbqv1234;8087
user_7886_4mgx;user_7886_4mgx1234;2741
user_7887_mw43;user_7887_mw431234;4138
user_7888_muh4;user_7888_muh41234;6164
user_7889_qsrf;user_7889_qsrf1234;2254
user_7890_we9u;user_7890_we9u1234;7873
user_7891_swny;user_7891_swny1234;9735
user_7892_yo2d;user_7892_yo2d1234;3240
user_7893_nhka;user_7893_nhka1234;5897
user_7894_dqv4;user_7894_dqv41234;3543
user_7895_jj31;user_7895_jj311234;6659
user_7896_elwy;user_7896_elwy1234;4667
user_7897_t0tw;user_7897_t0tw1234;1544
user_7898_cw36;user_7898_cw361234;8701
user_7899_sul6;user_7899_sul61234;4776
user_7900_wzoc;user_7900_wzoc1234;6925
user_7901_xg6i;user_7901_xg6i1234;1061
user_7902_g1zw;user_7902_g1zw1234;7479
user_7903_nsnp;user_7903_nsnp1234;6327
user_7904_xl8k;user_7904_xl8k1234;1810
user_7905_uwq4;user_7905_uwq41234;1557
user_7906_7kfd;user_7906_7kfd1234;5238
user_7907_8c1h;user_7907_8c1h1234;9021
user_7908_f5ow;user_7908_f5ow1234;1217
user_7909_stda;user_7909_stda1234;9745
user_7910_bmxo;user_7910_bmxo1234;5481
user_7911_t9a2;user_7911_t9a21234;8838
user_7912_4nan;user_7912_4nan1234;9292
user_7913_bybz;user_7913_bybz1234;3191
user_7914_xos9;user_7914_xos91234;2429
user_7915_9bnu;user_7915_9bnu1234;1710
user_7916_j9ej;user_7916_j9ej1234;2057
user_7917_q8av;user_7917_q8av1234;3286
user_7918_3ydw;user_7918_3ydw1234;2400
user_7919_mdle;user_7919_mdle1234;5485
user_7920_2krw;user_7920_2krw1234;4811
user_7921_yneb;user_7921_yneb1234;8017
user_7922_dgsf;user_7922_dgsf1234;2980
user_7923_vryv;user_7923_vryv1234;1857
user_7924_vc5d;user_7924_vc5d1234;7738
user_7925_f91a;user_7925_f91a1234;5772
user_7926_mcl7;user_7926_mcl71234;2802
user_7927_7c5g;user_7927_7c5g1234;2574
user_7928_6c3f;user_7928_6c3f1234;5136
user_7929_1h7x;user_7929_1h7x1234;1131
user_7930_u4k2;user_7930_u4k21234;8729
user_7931_1gty;user_7931_1gty1234;4893
user_7932_q0oa;user_7932_q0oa1234;6566
user_7933_1q01;user_7933_1q011234;2831
user_7934_upuv;user_7934_upuv1234;4461
user_7935_hpfz;user_7935_hpfz1234;4370
user_7936_2d1p;user_7936_2d1p1234;1103
user_7937_devv;user_7937_devv1234;5591
user_7938_xotp;user_7938_xotp1234;5086
user_7939_vd98;user_7939_vd981234;9527
user_7940_hvm3;user_7940_hvm31234;2710
user_7941_pda0;user_7941_pda01234;8775
user_7942_szwo;user_7942_szwo1234;1373
user_7943_8snz;user_7943_8snz1234;2309
user_7944_32bc;user_7944_32bc1234;2643
user_7945_mbob;user_7945_mbob1234;7025
user_7946_8xbx;user_7946_8xbx1234;1439
user_7947_j5la;user_7947_j5la1234;7485
user_7948_u624;user_7948_u6241234;3294
user_7949_g1sj;user_7949_g1sj1234;4718
user_7950_7pkc;user_7950_7pkc1234;4578
user_7951_82ol;user_7951_82ol1234;2890
user_7952_xkkz;user_7952_xkkz1234;7020
user_7953_w8qa;user_7953_w8qa1234;9602
user_7954_lwy4;user_7954_lwy41234;7814
user_7955_d9ft;user_7955_d9ft1234;9840
user_7956_5g3s;user_7956_5g3s1234;7785
user_7957_nwwc;user_7957_nwwc1234;3286
user_7958_cyqv;user_7958_cyqv1234;4112
user_7959_ci2q;user_7959_ci2q1234;4018
user_7960_098n;user_7960_098n1234;1218
user_7961_fqbs;user_7961_fqbs1234;3114
user_7962_lmae;user_7962_lmae1234;1778
user_7963_wjum;user_7963_wjum1234;4951
user_7964_sxh5;user_7964_sxh51234;7292
user_7965_3r9b;user_7965_3r9b1234;4420
user_7966_wwx8;user_7966_wwx81234;5291
user_7967_b40d;user_7967_b40d1234;8984
user_7968_yvcj;user_7968_yvcj1234;8539
user_7969_lf38;user_7969_lf381234;6333
user_7970_logp;user_7970_logp1234;9567
user_7971_h410;user_7971_h4101234;4500
user_7972_cqg5;user_7972_cqg51234;7700
user_7973_cibm;user_7973_cibm1234;2414
user_7974_jsxc;user_7974_jsxc1234;4627
user_7975_5ci2;user_7975_5ci21234;1254
user_7976_yha5;user_7976_yha51234;9312
user_7977_ex4h;user_7977_ex4h1234;4197
user_7978_57er;user_7978_57er1234;1410
user_7979_013p;user_7979_013p1234;6747
user_7980_m2t6;user_7980_m2t61234;8823
user_7981_g6r2;user_7981_g6r21234;7447
user_7982_4ol9;user_7982_4ol91234;7349
user_7983_51u8;user_7983_51u81234;4435
user_7984_7mdj;user_7984_7mdj1234;9278
user_7985_apxm;user_7985_apxm1234;1427
user_7986_cee1;user_7986_cee11234;3901
user_7987_ajss;user_7987_ajss1234;3825
user_7988_9jr1;user_7988_9jr11234;1227
user_7989_7kx9;user_7989_7kx91234;3734
user_7990_1z9n;user_7990_1z9n1234;1257
user_7991_ywdb;user_7991_ywdb1234;5641
user_7992_lzrm;user_7992_lzrm1234;3645
user_7993_2ngi;user_7993_2ngi1234;5468
user_7994_bbjd;user_7994_bbjd1234;5801
user_7995_e8w6;user_7995_e8w61234;6730
user_7996_b6yj;user_7996_b6yj1234;7746
user_7997_of5t;user_7997_of5t1234;8464
user_7998_5710;user_7998_57101234;8289
user_7999_yjy9;user_7999_yjy91234;7126
user_8000_hvro;user_8000_hvro1234;5202
user_8001_rqz5;user_8001_rqz51234;4042
user_8002_cxlf;user_8002_cxlf1234;3712
user_8003_53mu;user_8003_53mu1234;9776
user_8004_xnax;user_8004_xnax1234;1907
user_8005_119j;user_8005_119j1234;8675
user_8006_c1x9;user_8006_c1x91234;7306
user_8007_ji8w;user_8007_ji8w1234;3400
user_8008_1sph;user_8008_1sph1234;7245
user_8009_1rz5;user_8009_1rz51234;2289
user_8010_3kfh;user_8010_3kfh1234;8988
user_8011_ugzd;user_8011_ugzd1234;5648
user_8012_rsn6;user_8012_rsn61234;5768
user_8013_2pj4;user_8013_2pj41234;3339
user_8014_0cqf;user_8014_0cqf1234;3453
user_8015_0sp1;user_8015_0sp11234;3704
user_8016_1fqq;user_8016_1fqq1234;7096
user_8017_fr0z;user_8017_fr0z1234;6727
user_8018_nkcf;user_8018_nkcf1234;5434
user_8019_rvep;user_8019_rvep1234;1549
user_8020_80oa;user_8020_80oa1234;5244
user_8021_pou2;user_8021_pou21234;5906
user_8022_88b9;user_8022_88b91234;2148
user_8023_97gh;user_8023_97gh1234;5995
user_8024_xxe6;user_8024_xxe61234;8906
user_8025_0o93;user_8025_0o931234;8902
user_8026_ab8i;user_8026_ab8i1234;9579
user_8027_rfzz;user_8027_rfzz1234;9406
user_8028_bcqy;user_8028_bcqy1234;1314
user_8029_7xd0;user_8029_7xd01234;7793
user_8030_f8rs;user_8030_f8rs1234;9191
user_8031_jq9j;user_8031_jq9j1234;1444
user_8032_p7wg;user_8032_p7wg1234;4712
user_8033_q0re;user_8033_q0re1234;4012
user_8034_awqg;user_8034_awqg1234;8482
user_8035_a8zu;user_8035_a8zu1234;9325
user_8036_ta35;user_8036_ta351234;8450
user_8037_z0py;user_8037_z0py1234;8027
user_8038_phv7;user_8038_phv71234;9786
user_8039_hsq9;user_8039_hsq91234;4889
user_8040_lue6;user_8040_lue61234;6421
user_8041_suee;user_8041_suee1234;4407
user_8042_544o;user_8042_544o1234;6117
user_8043_rpln;user_8043_rpln1234;5515
user_8044_1ub6;user_8044_1ub61234;3582
user_8045_e42v;user_8045_e42v1234;1232
user_8046_56ek;user_8046_56ek1234;9613
user_8047_5cj6;user_8047_5cj61234;1232
user_8048_jtcq;user_8048_jtcq1234;2477
user_8049_8tuu;user_8049_8tuu1234;4860
user_8050_sj3h;user_8050_sj3h1234;4208
user_8051_wnk4;user_8051_wnk41234;5634
user_8052_cahs;user_8052_cahs1234;4819
user_8053_m11d;user_8053_m11d1234;5002
user_8054_d1dl;user_8054_d1dl1234;4697
user_8055_bgvj;user_8055_bgvj1234;7793
user_8056_usi4;user_8056_usi41234;8537
user_8057_pqa7;user_8057_pqa71234;4017
user_8058_0mhz;user_8058_0mhz1234;2108
user_8059_ktka;user_8059_ktka1234;4759
user_8060_jn73;user_8060_jn731234;1470
user_8061_cqqu;user_8061_cqqu1234;1425
user_8062_fwh7;user_8062_fwh71234;9675
user_8063_gxoo;user_8063_gxoo1234;8187
user_8064_tw0c;user_8064_tw0c1234;1363
user_8065_5uyv;user_8065_5uyv1234;3071
user_8066_gxqr;user_8066_gxqr1234;2730
user_8067_81yj;user_8067_81yj1234;4338
user_8068_f8v2;user_8068_f8v21234;1953
user_8069_pvqe;user_8069_pvqe1234;2154
user_8070_cayo;user_8070_cayo1234;2241
user_8071_xky8;user_8071_xky81234;4864
user_8072_l98w;user_8072_l98w1234;6817
user_8073_8eg0;user_8073_8eg01234;5509
user_8074_xwvp;user_8074_xwvp1234;5219
user_8075_75as;user_8075_75as1234;3576
user_8076_x354;user_8076_x3541234;3716
user_8077_ml0n;user_8077_ml0n1234;2563
user_8078_tt73;user_8078_tt731234;2037
user_8079_fpjk;user_8079_fpjk1234;4632
user_8080_c9by;user_8080_c9by1234;2772
user_8081_5bub;user_8081_5bub1234;1723
user_8082_pam5;user_8082_pam51234;1612
user_8083_bjgx;user_8083_bjgx1234;6671
user_8084_epqk;user_8084_epqk1234;7670
user_8085_8vbx;user_8085_8vbx1234;6719
user_8086_njg8;user_8086_njg81234;9559
user_8087_6mnw;user_8087_6mnw1234;1973
user_8088_kg72;user_8088_kg721234;4463
user_8089_e6tg;user_8089_e6tg1234;6214
user_8090_8hmp;user_8090_8hmp1234;5041
user_8091_zpoa;user_8091_zpoa1234;7195
user_8092_uny1;user_8092_uny11234;4386
user_8093_r7zw;user_8093_r7zw1234;1307
user_8094_f9ho;user_8094_f9ho1234;4538
user_8095_ua9a;user_8095_ua9a1234;4838
user_8096_hzlk;user_8096_hzlk1234;7528
user_8097_y7mn;user_8097_y7mn1234;5769
user_8098_1baa;user_8098_1baa1234;8490
user_8099_i29f;user_8099_i29f1234;4464
user_8100_iybj;user_8100_iybj1234;4738
user_8101_ssgf;user_8101_ssgf1234;6661
user_8102_m8yb;user_8102_m8yb1234;3935
user_8103_8lui;user_8103_8lui1234;3397
user_8104_o9g6;user_8104_o9g61234;8174
user_8105_wivq;user_8105_wivq1234;6282
user_8106_mrq8;user_8106_mrq81234;8701
user_8107_1t90;user_8107_1t901234;2914
user_8108_b84c;user_8108_b84c1234;8483
user_8109_wmex;user_8109_wmex1234;4035
user_8110_qgrp;user_8110_qgrp1234;2880
user_8111_vnm7;user_8111_vnm71234;2184
user_8112_3dq9;user_8112_3dq91234;2672
user_8113_3no7;user_8113_3no71234;2129
user_8114_mv9m;user_8114_mv9m1234;5454
user_8115_uboz;user_8115_uboz1234;4223
user_8116_i430;user_8116_i4301234;9731
user_8117_qtug;user_8117_qtug1234;8791
user_8118_umd0;user_8118_umd01234;2039
user_8119_f1pt;user_8119_f1pt1234;9233
user_8120_n2xz;user_8120_n2xz1234;8978
user_8121_sc3i;user_8121_sc3i1234;1813
user_8122_stm8;user_8122_stm81234;3678
user_8123_slii;user_8123_slii1234;4981
user_8124_wxec;user_8124_wxec1234;2288
user_8125_nrgb;user_8125_nrgb1234;5311
user_8126_galj;user_8126_galj1234;4697
user_8127_pdbw;user_8127_pdbw1234;9689
user_8128_2947;user_8128_29471234;9535
user_8129_gup8;user_8129_gup81234;1717
user_8130_8o60;user_8130_8o601234;3309
user_8131_ggpq;user_8131_ggpq1234;6469
user_8132_gp85;user_8132_gp851234;9741
user_8133_1be8;user_8133_1be81234;4612
user_8134_lfv6;user_8134_lfv61234;7377
user_8135_dk1k;user_8135_dk1k1234;3607
user_8136_5uq1;user_8136_5uq11234;4873
user_8137_ikk4;user_8137_ikk41234;1661
user_8138_qpr2;user_8138_qpr21234;2921
user_8139_9toe;user_8139_9toe1234;6262
user_8140_jd4h;user_8140_jd4h1234;2593
user_8141_4c1u;user_8141_4c1u1234;7831
user_8142_gryt;user_8142_gryt1234;7606
user_8143_sqb2;user_8143_sqb21234;9197
user_8144_b6pu;user_8144_b6pu1234;9583
user_8145_k8jn;user_8145_k8jn1234;8380
user_8146_2rol;user_8146_2rol1234;1462
user_8147_oxia;user_8147_oxia1234;3510
user_8148_da9r;user_8148_da9r1234;1278
user_8149_n6eq;user_8149_n6eq1234;8837
user_8150_ko5m;user_8150_ko5m1234;8557
user_8151_ilws;user_8151_ilws1234;5848
user_8152_8chy;user_8152_8chy1234;5085
user_8153_utyx;user_8153_utyx1234;9053
user_8154_hbei;user_8154_hbei1234;6106
user_8155_9yvn;user_8155_9yvn1234;6965
user_8156_du9o;user_8156_du9o1234;1230
user_8157_kiiy;user_8157_kiiy1234;2096
user_8158_8d2s;user_8158_8d2s1234;1882
user_8159_2ge0;user_8159_2ge01234;4522
user_8160_ow2e;user_8160_ow2e1234;1574
user_8161_4l0n;user_8161_4l0n1234;3208
user_8162_dzjh;user_8162_dzjh1234;1475
user_8163_d5a4;user_8163_d5a41234;3646
user_8164_5slt;user_8164_5slt1234;4631
user_8165_vksh;user_8165_vksh1234;5574
user_8166_3jsq;user_8166_3jsq1234;6672
user_8167_g14v;user_8167_g14v1234;8407
user_8168_dth9;user_8168_dth91234;1015
user_8169_5mgw;user_8169_5mgw1234;2812
user_8170_kktp;user_8170_kktp1234;7196
user_8171_pr6w;user_8171_pr6w1234;7333
user_8172_b4wc;user_8172_b4wc1234;2873
user_8173_kgq8;user_8173_kgq81234;6531
user_8174_nx1i;user_8174_nx1i1234;5793
user_8175_62ia;user_8175_62ia1234;5694
user_8176_4ho2;user_8176_4ho21234;3109
user_8177_qzpu;user_8177_qzpu1234;7705
user_8178_bjad;user_8178_bjad1234;1936
user_8179_f3ya;user_8179_f3ya1234;5630
user_8180_z7bc;user_8180_z7bc1234;8570
user_8181_xelr;user_8181_xelr1234;8837
user_8182_zau7;user_8182_zau71234;5028
user_8183_pa3c;user_8183_pa3c1234;2969
user_8184_dp6x;user_8184_dp6x1234;2763
user_8185_z3y9;user_8185_z3y91234;8608
user_8186_jbis;user_8186_jbis1234;7472
user_8187_imrs;user_8187_imrs1234;1217
user_8188_4qpu;user_8188_4qpu1234;7854
user_8189_4v2h;user_8189_4v2h1234;1782
user_8190_g20a;user_8190_g20a1234;9019
user_8191_2ehz;user_8191_2ehz1234;3257
user_8192_j6vt;user_8192_j6vt1234;8463
user_8193_wvme;user_8193_wvme1234;9115
user_8194_ukhi;user_8194_ukhi1234;7798
user_8195_ayxi;user_8195_ayxi1234;1835
user_8196_x2yd;user_8196_x2yd1234;3967
user_8197_9x5m;user_8197_9x5m1234;4509
user_8198_ezj0;user_8198_ezj01234;2952
user_8199_dwu2;user_8199_dwu21234;8138
user_8200_bh61;user_8200_bh611234;7116
user_8201_idgp;user_8201_idgp1234;7067
user_8202_1io5;user_8202_1io51234;5538
user_8203_w9kg;user_8203_w9kg1234;7269
user_8204_b5ml;user_8204_b5ml1234;5389
user_8205_t7w0;user_8205_t7w01234;7192
user_8206_7wcl;user_8206_7wcl1234;2642
user_8207_oc03;user_8207_oc031234;2495
user_8208_cvqn;user_8208_cvqn1234;3787
user_8209_yjli;user_8209_yjli1234;9024
user_8210_wyab;user_8210_wyab1234;6502
user_8211_tquk;user_8211_tquk1234;2313
user_8212_zvnl;user_8212_zvnl1234;8255
user_8213_4viy;user_8213_4viy1234;8409
user_8214_z0ab;user_8214_z0ab1234;8647
user_8215_710d;user_8215_710d1234;6191
user_8216_g0b9;user_8216_g0b91234;3173
user_8217_y553;user_8217_y5531234;9326
user_8218_2zf5;user_8218_2zf51234;7466
user_8219_r4y4;user_8219_r4y41234;6526
user_8220_sesd;user_8220_sesd1234;2268
user_8221_aadx;user_8221_aadx1234;1634
user_8222_wqlr;user_8222_wqlr1234;5616
user_8223_a9c1;user_8223_a9c11234;7788
user_8224_5bnu;user_8224_5bnu1234;6923
user_8225_ulve;user_8225_ulve1234;4956
user_8226_uqj7;user_8226_uqj71234;6515
user_8227_qa0c;user_8227_qa0c1234;3125
user_8228_93lm;user_8228_93lm1234;6322
user_8229_pp5c;user_8229_pp5c1234;9949
user_8230_y563;user_8230_y5631234;4838
user_8231_tniu;user_8231_tniu1234;9378
user_8232_dizl;user_8232_dizl1234;1280
user_8233_cjkb;user_8233_cjkb1234;2508
user_8234_28ll;user_8234_28ll1234;6226
user_8235_11qr;user_8235_11qr1234;9348
user_8236_joo9;user_8236_joo91234;1333
user_8237_z7nz;user_8237_z7nz1234;5802
user_8238_6zpb;user_8238_6zpb1234;1493
user_8239_arzy;user_8239_arzy1234;8231
user_8240_lhnt;user_8240_lhnt1234;8130
user_8241_1esm;user_8241_1esm1234;9730
user_8242_twrf;user_8242_twrf1234;8278
user_8243_e3lb;user_8243_e3lb1234;7741
user_8244_97np;user_8244_97np1234;9961
user_8245_njmi;user_8245_njmi1234;5989
user_8246_mfc0;user_8246_mfc01234;8369
user_8247_e9kb;user_8247_e9kb1234;9308
user_8248_gvah;user_8248_gvah1234;9861
user_8249_h9gm;user_8249_h9gm1234;6100
user_8250_jhdv;user_8250_jhdv1234;4502
user_8251_9kkd;user_8251_9kkd1234;7819
user_8252_yb0d;user_8252_yb0d1234;9705
user_8253_e1yn;user_8253_e1yn1234;5868
user_8254_rpcy;user_8254_rpcy1234;9704
user_8255_6esw;user_8255_6esw1234;9774
user_8256_2bhv;user_8256_2bhv1234;3086
user_8257_r34k;user_8257_r34k1234;9933
user_8258_4jn1;user_8258_4jn11234;4205
user_8259_q0kz;user_8259_q0kz1234;6128
user_8260_b53t;user_8260_b53t1234;1957
user_8261_kkww;user_8261_kkww1234;4296
user_8262_jvfp;user_8262_jvfp1234;9066
user_8263_hesy;user_8263_hesy1234;6123
user_8264_sucg;user_8264_sucg1234;2196
user_8265_sxt7;user_8265_sxt71234;7303
user_8266_bw4z;user_8266_bw4z1234;9516
user_8267_3x48;user_8267_3x481234;7239
user_8268_99k4;user_8268_99k41234;7485
user_8269_x6fr;user_8269_x6fr1234;8123
user_8270_z4hy;user_8270_z4hy1234;9400
user_8271_9iyq;user_8271_9iyq1234;8160
user_8272_86x6;user_8272_86x61234;5769
user_8273_5yf8;user_8273_5yf81234;9834
user_8274_zo7p;user_8274_zo7p1234;6632
user_8275_ou92;user_8275_ou921234;2387
user_8276_rmlm;user_8276_rmlm1234;8539
user_8277_m414;user_8277_m4141234;6064
user_8278_dp3g;user_8278_dp3g1234;2885
user_8279_eqgj;user_8279_eqgj1234;7603
user_8280_hute;user_8280_hute1234;7522
user_8281_uvd6;user_8281_uvd61234;5102
user_8282_5z8u;user_8282_5z8u1234;6658
user_8283_upjk;user_8283_upjk1234;5161
user_8284_hj3k;user_8284_hj3k1234;1459
user_8285_9ynu;user_8285_9ynu1234;4858
user_8286_irmi;user_8286_irmi1234;4275
user_8287_974t;user_8287_974t1234;7861
user_8288_jmuf;user_8288_jmuf1234;1320
user_8289_fbxy;user_8289_fbxy1234;9334
user_8290_kr87;user_8290_kr871234;7219
user_8291_swuf;user_8291_swuf1234;1985
user_8292_9wvp;user_8292_9wvp1234;1526
user_8293_onqc;user_8293_onqc1234;9481
user_8294_p99g;user_8294_p99g1234;2124
user_8295_fp7b;user_8295_fp7b1234;5334
user_8296_h92j;user_8296_h92j1234;8634
user_8297_pkov;user_8297_pkov1234;7099
user_8298_h3fc;user_8298_h3fc1234;2627
user_8299_z6p6;user_8299_z6p61234;7145
user_8300_ddfl;user_8300_ddfl1234;9614
user_8301_z1j3;user_8301_z1j31234;2056
user_8302_1cp6;user_8302_1cp61234;3198
user_8303_ypov;user_8303_ypov1234;7698
user_8304_b17n;user_8304_b17n1234;9709
user_8305_i2zc;user_8305_i2zc1234;6271
user_8306_fl3q;user_8306_fl3q1234;1800
user_8307_d139;user_8307_d1391234;5559
user_8308_5iml;user_8308_5iml1234;5259
user_8309_lm09;user_8309_lm091234;6758
user_8310_zj3j;user_8310_zj3j1234;9777
user_8311_y464;user_8311_y4641234;2213
user_8312_yych;user_8312_yych1234;2422
user_8313_v300;user_8313_v3001234;5489
user_8314_7www;user_8314_7www1234;7983
user_8315_lfk6;user_8315_lfk61234;8204
user_8316_rptn;user_8316_rptn1234;7108
user_8317_ep24;user_8317_ep241234;7208
user_8318_jmtw;user_8318_jmtw1234;9608
user_8319_ykfl;user_8319_ykfl1234;3182
user_8320_l6ug;user_8320_l6ug1234;6237
user_8321_1ggt;user_8321_1ggt1234;8421
user_8322_9ou0;user_8322_9ou01234;1289
user_8323_x2qc;user_8323_x2qc1234;5696
user_8324_vhcd;user_8324_vhcd1234;2441
user_8325_w6du;user_8325_w6du1234;6826
user_8326_qj4a;user_8326_qj4a1234;9106
user_8327_63oo;user_8327_63oo1234;1209
user_8328_30k7;user_8328_30k71234;5546
user_8329_s8in;user_8329_s8in1234;3733
user_8330_8vn5;user_8330_8vn51234;2611
user_8331_cfjp;user_8331_cfjp1234;8902
user_8332_p2wt;user_8332_p2wt1234;5042
user_8333_gadi;user_8333_gadi1234;2810
user_8334_8kqy;user_8334_8kqy1234;9560
user_8335_s7nm;user_8335_s7nm1234;9397
user_8336_5qjb;user_8336_5qjb1234;7526
user_8337_t9c1;user_8337_t9c11234;5019
user_8338_4yrb;user_8338_4yrb1234;6222
user_8339_kkec;user_8339_kkec1234;7303
user_8340_57k7;user_8340_57k71234;9530
user_8341_4ofi;user_8341_4ofi1234;6729
user_8342_ehc2;user_8342_ehc21234;4260
user_8343_9yo6;user_8343_9yo61234;7423
user_8344_9bns;user_8344_9bns1234;7496
user_8345_y6j1;user_8345_y6j11234;3432
user_8346_8wrn;user_8346_8wrn1234;1176
user_8347_f50y;user_8347_f50y1234;9058
user_8348_8lis;user_8348_8lis1234;8772
user_8349_fegk;user_8349_fegk1234;4170
user_8350_5nps;user_8350_5nps1234;9005
user_8351_2rsk;user_8351_2rsk1234;3150
user_8352_c7la;user_8352_c7la1234;2759
user_8353_trsm;user_8353_trsm1234;1278
user_8354_fyi0;user_8354_fyi01234;5588
user_8355_ajxz;user_8355_ajxz1234;7530
user_8356_ualj;user_8356_ualj1234;1770
user_8357_sd5z;user_8357_sd5z1234;1159
user_8358_hcr8;user_8358_hcr81234;9199
user_8359_23gr;user_8359_23gr1234;1440
user_8360_1r3s;user_8360_1r3s1234;3808
user_8361_756t;user_8361_756t1234;1915
user_8362_ehv0;user_8362_ehv01234;3099
user_8363_20pf;user_8363_20pf1234;9662
user_8364_2yn3;user_8364_2yn31234;4553
user_8365_yfm5;user_8365_yfm51234;2394
user_8366_zt31;user_8366_zt311234;8572
user_8367_0byx;user_8367_0byx1234;6073
user_8368_xwyb;user_8368_xwyb1234;1743
user_8369_967j;user_8369_967j1234;5263
user_8370_h24k;user_8370_h24k1234;9564
user_8371_faa7;user_8371_faa71234;3635
user_8372_ahdw;user_8372_ahdw1234;2927
user_8373_v9mk;user_8373_v9mk1234;7863
user_8374_uc4y;user_8374_uc4y1234;7028
user_8375_kv26;user_8375_kv261234;2371
user_8376_94ub;user_8376_94ub1234;8446
user_8377_44ui;user_8377_44ui1234;1553
user_8378_rhan;user_8378_rhan1234;3589
user_8379_4o5h;user_8379_4o5h1234;6629
user_8380_0cf7;user_8380_0cf71234;4365
user_8381_0h2r;user_8381_0h2r1234;8984
user_8382_xht1;user_8382_xht11234;5292
user_8383_72is;user_8383_72is1234;1720
user_8384_jxz0;user_8384_jxz01234;4179
user_8385_a478;user_8385_a4781234;7847
user_8386_aoui;user_8386_aoui1234;8267
user_8387_6qqj;user_8387_6qqj1234;3177
user_8388_qi9y;user_8388_qi9y1234;9940
user_8389_qfjz;user_8389_qfjz1234;7616
user_8390_iczj;user_8390_iczj1234;2186
user_8391_xtuf;user_8391_xtuf1234;3457
user_8392_35nl;user_8392_35nl1234;5164
user_8393_y24e;user_8393_y24e1234;4475
user_8394_w9ca;user_8394_w9ca1234;6395
user_8395_et21;user_8395_et211234;1985
user_8396_31jy;user_8396_31jy1234;2007
user_8397_kzpq;user_8397_kzpq1234;6951
user_8398_xviz;user_8398_xviz1234;4797
user_8399_a8zp;user_8399_a8zp1234;1638
user_8400_v1go;user_8400_v1go1234;2317
user_8401_5chn;user_8401_5chn1234;2136
user_8402_59k2;user_8402_59k21234;9067
user_8403_stcf;user_8403_stcf1234;2927
user_8404_2alm;user_8404_2alm1234;6510
user_8405_ohrj;user_8405_ohrj1234;3653
user_8406_ftll;user_8406_ftll1234;7603
user_8407_l7wl;user_8407_l7wl1234;4871
user_8408_aze4;user_8408_aze41234;1190
user_8409_4ini;user_8409_4ini1234;8331
user_8410_1ujd;user_8410_1ujd1234;1534
user_8411_6r29;user_8411_6r291234;2945
user_8412_ia9n;user_8412_ia9n1234;5631
user_8413_1yjl;user_8413_1yjl1234;3185
user_8414_n5ag;user_8414_n5ag1234;3099
user_8415_kjlf;user_8415_kjlf1234;8872
user_8416_76k0;user_8416_76k01234;2205
user_8417_9rlr;user_8417_9rlr1234;3847
user_8418_u5dj;user_8418_u5dj1234;7539
user_8419_9k02;user_8419_9k021234;2604
user_8420_aniz;user_8420_aniz1234;4272
user_8421_mznw;user_8421_mznw1234;4340
user_8422_etlq;user_8422_etlq1234;4318
user_8423_a3wy;user_8423_a3wy1234;1584
user_8424_815u;user_8424_815u1234;5963
user_8425_fem0;user_8425_fem01234;7334
user_8426_6ddn;user_8426_6ddn1234;2999
user_8427_e0f9;user_8427_e0f91234;4184
user_8428_05ys;user_8428_05ys1234;8401
user_8429_j7c9;user_8429_j7c91234;7755
user_8430_5dn0;user_8430_5dn01234;3395
user_8431_xg51;user_8431_xg511234;8450
user_8432_l66l;user_8432_l66l1234;6676
user_8433_f7ff;user_8433_f7ff1234;6297
user_8434_gy9u;user_8434_gy9u1234;1246
user_8435_y0ny;user_8435_y0ny1234;1698
user_8436_sihg;user_8436_sihg1234;6645
user_8437_4d9j;user_8437_4d9j1234;3736
user_8438_qmks;user_8438_qmks1234;2503
user_8439_71az;user_8439_71az1234;5489
user_8440_9s3d;user_8440_9s3d1234;3741
user_8441_r4ja;user_8441_r4ja1234;5658
user_8442_a616;user_8442_a6161234;7731
user_8443_ytyu;user_8443_ytyu1234;4731
user_8444_xru3;user_8444_xru31234;2301
user_8445_7xae;user_8445_7xae1234;7585
user_8446_vazf;user_8446_vazf1234;2962
user_8447_k2lz;user_8447_k2lz1234;8114
user_8448_ip5u;user_8448_ip5u1234;5850
user_8449_rly1;user_8449_rly11234;6492
user_8450_4a51;user_8450_4a511234;7833
user_8451_y0w2;user_8451_y0w21234;4742
user_8452_zgif;user_8452_zgif1234;7081
user_8453_50gp;user_8453_50gp1234;9659
user_8454_sylo;user_8454_sylo1234;1498
user_8455_zr66;user_8455_zr661234;5137
user_8456_1cs7;user_8456_1cs71234;4117
user_8457_tsc8;user_8457_tsc81234;6141
user_8458_h19d;user_8458_h19d1234;2194
user_8459_cw2t;user_8459_cw2t1234;5546
user_8460_2doc;user_8460_2doc1234;3675
user_8461_dzvn;user_8461_dzvn1234;7568
user_8462_228o;user_8462_228o1234;7082
user_8463_x54q;user_8463_x54q1234;7259
user_8464_47jo;user_8464_47jo1234;1999
user_8465_qzkc;user_8465_qzkc1234;4364
user_8466_uh38;user_8466_uh381234;3215
user_8467_fz9p;user_8467_fz9p1234;7684
user_8468_8v6g;user_8468_8v6g1234;8753
user_8469_dc43;user_8469_dc431234;5681
user_8470_9v1o;user_8470_9v1o1234;4606
user_8471_r8kz;user_8471_r8kz1234;2870
user_8472_yg0w;user_8472_yg0w1234;7545
user_8473_t7e7;user_8473_t7e71234;5955
user_8474_n5xv;user_8474_n5xv1234;8282
user_8475_nrxd;user_8475_nrxd1234;7855
user_8476_rtbn;user_8476_rtbn1234;9232
user_8477_wsjp;user_8477_wsjp1234;1975
user_8478_cfto;user_8478_cfto1234;2617
user_8479_jj4i;user_8479_jj4i1234;3373
user_8480_k9ce;user_8480_k9ce1234;4916
user_8481_7bil;user_8481_7bil1234;6518
user_8482_2fw7;user_8482_2fw71234;5909
user_8483_f14r;user_8483_f14r1234;1071
user_8484_e715;user_8484_e7151234;9319
user_8485_sbuc;user_8485_sbuc1234;1997
user_8486_agom;user_8486_agom1234;7247
user_8487_p0xu;user_8487_p0xu1234;6833
user_8488_nzdd;user_8488_nzdd1234;2493
user_8489_0lkj;user_8489_0lkj1234;9932
user_8490_ca2x;user_8490_ca2x1234;6711
user_8491_hlmp;user_8491_hlmp1234;2841
user_8492_sf0p;user_8492_sf0p1234;4668
user_8493_6stb;user_8493_6stb1234;9103
user_8494_vqic;user_8494_vqic1234;9909
user_8495_jvye;user_8495_jvye1234;3882
user_8496_lnmh;user_8496_lnmh1234;4231
user_8497_a2kb;user_8497_a2kb1234;6925
user_8498_3ac3;user_8498_3ac31234;5884
user_8499_zidp;user_8499_zidp1234;5732
user_8500_ikxu;user_8500_ikxu1234;7688
user_8501_2hxp;user_8501_2hxp1234;8729
user_8502_9utj;user_8502_9utj1234;4312
user_8503_7nvm;user_8503_7nvm1234;6823
user_8504_i7kj;user_8504_i7kj1234;7708
user_8505_05it;user_8505_05it1234;8222
user_8506_960d;user_8506_960d1234;5931
user_8507_2kal;user_8507_2kal1234;9827
user_8508_5dtr;user_8508_5dtr1234;5886
user_8509_457s;user_8509_457s1234;6284
user_8510_i4bp;user_8510_i4bp1234;5362
user_8511_1qhc;user_8511_1qhc1234;3027
user_8512_iqkx;user_8512_iqkx1234;8183
user_8513_p2pt;user_8513_p2pt1234;7057
user_8514_g67r;user_8514_g67r1234;5606
user_8515_151g;user_8515_151g1234;4951
user_8516_omsp;user_8516_omsp1234;8228
user_8517_bhef;user_8517_bhef1234;8092
user_8518_8ugj;user_8518_8ugj1234;1820
user_8519_aw8l;user_8519_aw8l1234;5808
user_8520_avso;user_8520_avso1234;4508
user_8521_cgib;user_8521_cgib1234;8888
user_8522_m2of;user_8522_m2of1234;9375
user_8523_nyvm;user_8523_nyvm1234;3593
user_8524_juu0;user_8524_juu01234;3989
user_8525_w042;user_8525_w0421234;5189
user_8526_hntb;user_8526_hntb1234;1208
user_8527_7lqj;user_8527_7lqj1234;3341
user_8528_qpnm;user_8528_qpnm1234;8060
user_8529_0981;user_8529_09811234;6156
user_8530_ybcf;user_8530_ybcf1234;4720
user_8531_3ky3;user_8531_3ky31234;5260
user_8532_7ut5;user_8532_7ut51234;4624
user_8533_7ybt;user_8533_7ybt1234;5388
user_8534_f0vf;user_8534_f0vf1234;6902
user_8535_mqhm;user_8535_mqhm1234;7997
user_8536_7a5a;user_8536_7a5a1234;1509
user_8537_yni7;user_8537_yni71234;4160
user_8538_33js;user_8538_33js1234;3161
user_8539_dx4c;user_8539_dx4c1234;8624
user_8540_eqtg;user_8540_eqtg1234;8022
user_8541_r81m;user_8541_r81m1234;2750
user_8542_yx5n;user_8542_yx5n1234;4225
user_8543_k5bs;user_8543_k5bs1234;9098
user_8544_8dd2;user_8544_8dd21234;5227
user_8545_8wi0;user_8545_8wi01234;5139
user_8546_n35t;user_8546_n35t1234;3411
user_8547_qr3m;user_8547_qr3m1234;1566
user_8548_402j;user_8548_402j1234;5972
user_8549_501k;user_8549_501k1234;7335
user_8550_gz4d;user_8550_gz4d1234;8493
user_8551_4c16;user_8551_4c161234;2882
user_8552_gsjy;user_8552_gsjy1234;1747
user_8553_ysnx;user_8553_ysnx1234;6121
user_8554_zc5g;user_8554_zc5g1234;2451
user_8555_g8ck;user_8555_g8ck1234;4912
user_8556_5b73;user_8556_5b731234;2561
user_8557_3f0x;user_8557_3f0x1234;6881
user_8558_2g2z;user_8558_2g2z1234;2989
user_8559_r82t;user_8559_r82t1234;8718
user_8560_8m09;user_8560_8m091234;3532
user_8561_olih;user_8561_olih1234;4981
user_8562_aab1;user_8562_aab11234;8866
user_8563_sixb;user_8563_sixb1234;5802
user_8564_lzcd;user_8564_lzcd1234;4471
user_8565_46fh;user_8565_46fh1234;2648
user_8566_ry8t;user_8566_ry8t1234;7844
user_8567_w5qk;user_8567_w5qk1234;1888
user_8568_rayi;user_8568_rayi1234;8585
user_8569_78v4;user_8569_78v41234;5559
user_8570_12e0;user_8570_12e01234;5918
user_8571_te38;user_8571_te381234;5355
user_8572_wxxm;user_8572_wxxm1234;8495
user_8573_3zmk;user_8573_3zmk1234;7353
user_8574_ki1z;user_8574_ki1z1234;9392
user_8575_f2do;user_8575_f2do1234;3108
user_8576_u3xp;user_8576_u3xp1234;9749
user_8577_18qk;user_8577_18qk1234;4149
user_8578_8bih;user_8578_8bih1234;2271
user_8579_8al6;user_8579_8al61234;7903
user_8580_ndzm;user_8580_ndzm1234;7674
user_8581_ykvo;user_8581_ykvo1234;1394
user_8582_6fxm;user_8582_6fxm1234;7397
user_8583_n0qp;user_8583_n0qp1234;3281
user_8584_7jta;user_8584_7jta1234;7517
user_8585_3t6n;user_8585_3t6n1234;9480
user_8586_a211;user_8586_a2111234;7296
user_8587_clur;user_8587_clur1234;9143
user_8588_rsfi;user_8588_rsfi1234;8246
user_8589_b21v;user_8589_b21v1234;2590
user_8590_fd38;user_8590_fd381234;5695
user_8591_5qc1;user_8591_5qc11234;8742
user_8592_emxh;user_8592_emxh1234;1458
user_8593_2pu6;user_8593_2pu61234;6725
user_8594_aa37;user_8594_aa371234;9434
user_8595_cp5p;user_8595_cp5p1234;6106
user_8596_0qkb;user_8596_0qkb1234;3832
user_8597_0i8m;user_8597_0i8m1234;7818
user_8598_oist;user_8598_oist1234;4428
user_8599_ionz;user_8599_ionz1234;5982
user_8600_lug6;user_8600_lug61234;1250
user_8601_f7g4;user_8601_f7g41234;7157
user_8602_oe94;user_8602_oe941234;2535
user_8603_1ewf;user_8603_1ewf1234;5928
user_8604_hg9i;user_8604_hg9i1234;8537
user_8605_l8qt;user_8605_l8qt1234;6689
user_8606_ic1d;user_8606_ic1d1234;8833
user_8607_897h;user_8607_897h1234;6260
user_8608_h26o;user_8608_h26o1234;5078
user_8609_pn21;user_8609_pn211234;6914
user_8610_gc38;user_8610_gc381234;2282
user_8611_z1wy;user_8611_z1wy1234;5378
user_8612_qr7j;user_8612_qr7j1234;6237
user_8613_yxjg;user_8613_yxjg1234;3186
user_8614_ui40;user_8614_ui401234;3469
user_8615_ki25;user_8615_ki251234;6068
user_8616_j2rw;user_8616_j2rw1234;8676
user_8617_gata;user_8617_gata1234;4653
user_8618_nczu;user_8618_nczu1234;1522
user_8619_wp1j;user_8619_wp1j1234;4941
user_8620_678w;user_8620_678w1234;6149
user_8621_ob0w;user_8621_ob0w1234;9166
user_8622_b35u;user_8622_b35u1234;8782
user_8623_c0j6;user_8623_c0j61234;4633
user_8624_viac;user_8624_viac1234;8918
user_8625_s7i7;user_8625_s7i71234;4552
user_8626_cck8;user_8626_cck81234;4445
user_8627_kiyt;user_8627_kiyt1234;2239
user_8628_an5v;user_8628_an5v1234;1131
user_8629_5vdy;user_8629_5vdy1234;3069
user_8630_h1nj;user_8630_h1nj1234;6190
user_8631_tpdm;user_8631_tpdm1234;2614
user_8632_b8kl;user_8632_b8kl1234;7755
user_8633_i37q;user_8633_i37q1234;8800
user_8634_84ng;user_8634_84ng1234;6188
user_8635_4cw1;user_8635_4cw11234;9911
user_8636_m5xq;user_8636_m5xq1234;6558
user_8637_rs39;user_8637_rs391234;7834
user_8638_upba;user_8638_upba1234;9374
user_8639_h2w7;user_8639_h2w71234;1068
user_8640_57aj;user_8640_57aj1234;8822
user_8641_f86t;user_8641_f86t1234;9553
user_8642_327h;user_8642_327h1234;5120
user_8643_wonc;user_8643_wonc1234;5184
user_8644_as0u;user_8644_as0u1234;2063
user_8645_nspl;user_8645_nspl1234;5092
user_8646_4dg6;user_8646_4dg61234;1533
user_8647_loq5;user_8647_loq51234;7243
user_8648_kwg5;user_8648_kwg51234;7353
user_8649_vcjm;user_8649_vcjm1234;9366
user_8650_6jta;user_8650_6jta1234;8329
user_8651_jn33;user_8651_jn331234;7796
user_8652_jg9t;user_8652_jg9t1234;8460
user_8653_zys3;user_8653_zys31234;6730
user_8654_x43n;user_8654_x43n1234;6790
user_8655_3wsy;user_8655_3wsy1234;6883
user_8656_3g5p;user_8656_3g5p1234;5837
user_8657_w3w4;user_8657_w3w41234;1868
user_8658_vgmz;user_8658_vgmz1234;1306
user_8659_xdae;user_8659_xdae1234;8353
user_8660_j8u9;user_8660_j8u91234;5418
user_8661_fuou;user_8661_fuou1234;4503
user_8662_w7r2;user_8662_w7r21234;3630
user_8663_03q4;user_8663_03q41234;4557
user_8664_xadw;user_8664_xadw1234;7451
user_8665_y5by;user_8665_y5by1234;4032
user_8666_q10k;user_8666_q10k1234;8598
user_8667_w3mh;user_8667_w3mh1234;5510
user_8668_ozdv;user_8668_ozdv1234;7002
user_8669_7jku;user_8669_7jku1234;4855
user_8670_bhxg;user_8670_bhxg1234;9587
user_8671_mnrd;user_8671_mnrd1234;3178
user_8672_k9af;user_8672_k9af1234;4326
user_8673_cyqg;user_8673_cyqg1234;6432
user_8674_izdk;user_8674_izdk1234;6267
user_8675_zq6a;user_8675_zq6a1234;1231
user_8676_40z2;user_8676_40z21234;7266
user_8677_89sr;user_8677_89sr1234;3090
user_8678_xpic;user_8678_xpic1234;7811
user_8679_ixjt;user_8679_ixjt1234;9150
user_8680_mvwc;user_8680_mvwc1234;3737
user_8681_t04b;user_8681_t04b1234;9160
user_8682_7vkt;user_8682_7vkt1234;1798
user_8683_us37;user_8683_us371234;8493
user_8684_mjrn;user_8684_mjrn1234;3735
user_8685_m825;user_8685_m8251234;1099
user_8686_s9v2;user_8686_s9v21234;8489
user_8687_b87v;user_8687_b87v1234;8620
user_8688_cfy8;user_8688_cfy81234;3117
user_8689_qpp6;user_8689_qpp61234;9841
user_8690_ezmn;user_8690_ezmn1234;5748
user_8691_3sdr;user_8691_3sdr1234;4800
user_8692_qn6v;user_8692_qn6v1234;6547
user_8693_c1ct;user_8693_c1ct1234;2701
user_8694_tpk6;user_8694_tpk61234;7213
user_8695_2f8t;user_8695_2f8t1234;2929
user_8696_u2rc;user_8696_u2rc1234;9631
user_8697_wrf4;user_8697_wrf41234;5702
user_8698_qnsg;user_8698_qnsg1234;8257
user_8699_k4zu;user_8699_k4zu1234;7397
user_8700_1m3p;user_8700_1m3p1234;9864
user_8701_u1fk;user_8701_u1fk1234;1873
user_8702_txk2;user_8702_txk21234;5033
user_8703_dkcq;user_8703_dkcq1234;1555
user_8704_corr;user_8704_corr1234;5679
user_8705_6zg6;user_8705_6zg61234;2243
user_8706_k5hl;user_8706_k5hl1234;3524
user_8707_3kjf;user_8707_3kjf1234;6086
user_8708_8109;user_8708_81091234;9503
user_8709_px8p;user_8709_px8p1234;8744
user_8710_1cz8;user_8710_1cz81234;3607
user_8711_glyk;user_8711_glyk1234;2816
user_8712_dpk0;user_8712_dpk01234;5281
user_8713_fjwh;user_8713_fjwh1234;8929
user_8714_m1h8;user_8714_m1h81234;7222
user_8715_qppd;user_8715_qppd1234;9527
user_8716_zq7s;user_8716_zq7s1234;4646
user_8717_akox;user_8717_akox1234;2463
user_8718_yzr9;user_8718_yzr91234;2943
user_8719_7w34;user_8719_7w341234;4212
user_8720_uv2e;user_8720_uv2e1234;3975
user_8721_rliv;user_8721_rliv1234;6639
user_8722_difu;user_8722_difu1234;3835
user_8723_2t0m;user_8723_2t0m1234;4056
user_8724_taf0;user_8724_taf01234;3539
user_8725_3o0n;user_8725_3o0n1234;7559
user_8726_z4tr;user_8726_z4tr1234;3787
user_8727_jhv9;user_8727_jhv91234;8552
user_8728_fm03;user_8728_fm031234;5747
user_8729_amd3;user_8729_amd31234;1671
user_8730_tm4v;user_8730_tm4v1234;4995
user_8731_11yd;user_8731_11yd1234;3044
user_8732_43d4;user_8732_43d41234;7904
user_8733_iz6b;user_8733_iz6b1234;6033
user_8734_yfp2;user_8734_yfp21234;5181
user_8735_72ya;user_8735_72ya1234;2883
user_8736_jh1m;user_8736_jh1m1234;8309
user_8737_7jk7;user_8737_7jk71234;9457
user_8738_3dhh;user_8738_3dhh1234;6967
user_8739_wwp3;user_8739_wwp31234;1263
user_8740_n4fk;user_8740_n4fk1234;6093
user_8741_7haw;user_8741_7haw1234;8456
user_8742_yfy1;user_8742_yfy11234;6680
user_8743_ma6f;user_8743_ma6f1234;3264
user_8744_asdt;user_8744_asdt1234;7001
user_8745_5m10;user_8745_5m101234;1627
user_8746_sk2u;user_8746_sk2u1234;8257
user_8747_0g8t;user_8747_0g8t1234;9845
user_8748_rs08;user_8748_rs081234;8401
user_8749_f5pd;user_8749_f5pd1234;7969
user_8750_l8ov;user_8750_l8ov1234;5679
user_8751_wfh9;user_8751_wfh91234;7534
user_8752_eu34;user_8752_eu341234;7246
user_8753_oqlo;user_8753_oqlo1234;4630
user_8754_av76;user_8754_av761234;5046
user_8755_6qxu;user_8755_6qxu1234;6057
user_8756_rru9;user_8756_rru91234;5400
user_8757_fffm;user_8757_fffm1234;5629
user_8758_80de;user_8758_80de1234;3717
user_8759_syc1;user_8759_syc11234;5583
user_8760_z9jl;user_8760_z9jl1234;1043
user_8761_b6ik;user_8761_b6ik1234;8279
user_8762_uk1h;user_8762_uk1h1234;2875
user_8763_vvrm;user_8763_vvrm1234;8624
user_8764_jhd0;user_8764_jhd01234;5096
user_8765_zqh0;user_8765_zqh01234;6398
user_8766_azsm;user_8766_azsm1234;2189
user_8767_v2u6;user_8767_v2u61234;5456
user_8768_aol4;user_8768_aol41234;2098
user_8769_ou5h;user_8769_ou5h1234;8420
user_8770_zc3g;user_8770_zc3g1234;1224
user_8771_paij;user_8771_paij1234;9951
user_8772_wgf6;user_8772_wgf61234;9167
user_8773_utef;user_8773_utef1234;6996
user_8774_gd24;user_8774_gd241234;7410
user_8775_tsz4;user_8775_tsz41234;1321
user_8776_ur0c;user_8776_ur0c1234;3369
user_8777_knpq;user_8777_knpq1234;5914
user_8778_nsae;user_8778_nsae1234;9512
user_8779_02gv;user_8779_02gv1234;2678
user_8780_po45;user_8780_po451234;4920
user_8781_ut9q;user_8781_ut9q1234;8012
user_8782_x931;user_8782_x9311234;1018
user_8783_i479;user_8783_i4791234;6914
user_8784_5swa;user_8784_5swa1234;6296
user_8785_fy6i;user_8785_fy6i1234;7276
user_8786_s57u;user_8786_s57u1234;4684
user_8787_vko7;user_8787_vko71234;3762
user_8788_nqf7;user_8788_nqf71234;1158
user_8789_ebo8;user_8789_ebo81234;2781
user_8790_hv28;user_8790_hv281234;6589
user_8791_ygfd;user_8791_ygfd1234;2211
user_8792_9o2j;user_8792_9o2j1234;6517
user_8793_op21;user_8793_op211234;1872
user_8794_oo9z;user_8794_oo9z1234;1241
user_8795_2zfb;user_8795_2zfb1234;6207
user_8796_w02i;user_8796_w02i1234;6759
user_8797_v7kj;user_8797_v7kj1234;8830
user_8798_c6lj;user_8798_c6lj1234;2399
user_8799_7v21;user_8799_7v211234;3431
user_8800_zj0n;user_8800_zj0n1234;5024
user_8801_fi3z;user_8801_fi3z1234;9135
user_8802_ralj;user_8802_ralj1234;6244
user_8803_x6vu;user_8803_x6vu1234;9196
user_8804_na4z;user_8804_na4z1234;6634
user_8805_ft0c;user_8805_ft0c1234;6438
user_8806_ykxc;user_8806_ykxc1234;5897
user_8807_p4hk;user_8807_p4hk1234;5221
user_8808_azfy;user_8808_azfy1234;7260
user_8809_tj10;user_8809_tj101234;2686
user_8810_ff7r;user_8810_ff7r1234;3471
user_8811_gwty;user_8811_gwty1234;4099
user_8812_6e3w;user_8812_6e3w1234;2222
user_8813_oc3e;user_8813_oc3e1234;5772
user_8814_2kc9;user_8814_2kc91234;2945
user_8815_jqfn;user_8815_jqfn1234;9283
user_8816_lj46;user_8816_lj461234;5065
user_8817_8dei;user_8817_8dei1234;3837
user_8818_wgz0;user_8818_wgz01234;4894
user_8819_azz8;user_8819_azz81234;5437
user_8820_2ckq;user_8820_2ckq1234;6389
user_8821_nk2d;user_8821_nk2d1234;8666
user_8822_mv1a;user_8822_mv1a1234;4945
user_8823_duc1;user_8823_duc11234;2515
user_8824_0xdn;user_8824_0xdn1234;8240
user_8825_maq9;user_8825_maq91234;5324
user_8826_8j6t;user_8826_8j6t1234;3235
user_8827_s0o6;user_8827_s0o61234;5741
user_8828_0bsp;user_8828_0bsp1234;3978
user_8829_fpsc;user_8829_fpsc1234;9977
user_8830_c65c;user_8830_c65c1234;6758
user_8831_8lez;user_8831_8lez1234;5629
user_8832_l3ub;user_8832_l3ub1234;9400
user_8833_4dxh;user_8833_4dxh1234;1713
user_8834_62cf;user_8834_62cf1234;1501
user_8835_6ajh;user_8835_6ajh1234;9873
user_8836_qkvb;user_8836_qkvb1234;4440
user_8837_zc1n;user_8837_zc1n1234;5885
user_8838_of7j;user_8838_of7j1234;9894
user_8839_ckjf;user_8839_ckjf1234;7734
user_8840_ph7r;user_8840_ph7r1234;1234
user_8841_0em4;user_8841_0em41234;7332
user_8842_vy3k;user_8842_vy3k1234;8282
user_8843_4vbc;user_8843_4vbc1234;2392
user_8844_f5yn;user_8844_f5yn1234;9125
user_8845_cxub;user_8845_cxub1234;8614
user_8846_f8m7;user_8846_f8m71234;4562
user_8847_u56o;user_8847_u56o1234;9194
user_8848_isst;user_8848_isst1234;4428
user_8849_rhv3;user_8849_rhv31234;4096
user_8850_5e6r;user_8850_5e6r1234;3612
user_8851_l7b9;user_8851_l7b91234;8057
user_8852_qe8h;user_8852_qe8h1234;5684
user_8853_1mwm;user_8853_1mwm1234;1431
user_8854_u5e9;user_8854_u5e91234;7662
user_8855_mboo;user_8855_mboo1234;6747
user_8856_3czr;user_8856_3czr1234;9166
user_8857_t63n;user_8857_t63n1234;4935
user_8858_uqe8;user_8858_uqe81234;9806
user_8859_ztyn;user_8859_ztyn1234;2078
user_8860_ja17;user_8860_ja171234;2921
user_8861_ickq;user_8861_ickq1234;7540
user_8862_oga0;user_8862_oga01234;5856
user_8863_mz6a;user_8863_mz6a1234;2015
user_8864_7wse;user_8864_7wse1234;4369
user_8865_nrmb;user_8865_nrmb1234;5317
user_8866_t12v;user_8866_t12v1234;8727
user_8867_92hj;user_8867_92hj1234;5320
user_8868_i2bb;user_8868_i2bb1234;6126
user_8869_l78b;user_8869_l78b1234;1363
user_8870_uovc;user_8870_uovc1234;6721
user_8871_f7c4;user_8871_f7c41234;2498
user_8872_ldmd;user_8872_ldmd1234;1956
user_8873_sgt4;user_8873_sgt41234;1216
user_8874_y0gm;user_8874_y0gm1234;8683
user_8875_sy70;user_8875_sy701234;8581
user_8876_f2jb;user_8876_f2jb1234;1840
user_8877_3i5f;user_8877_3i5f1234;2288
user_8878_aj3s;user_8878_aj3s1234;9629
user_8879_gk1t;user_8879_gk1t1234;2132
user_8880_l29p;user_8880_l29p1234;1651
user_8881_lnpw;user_8881_lnpw1234;4100
user_8882_ptj9;user_8882_ptj91234;7568
user_8883_zzqd;user_8883_zzqd1234;3336
user_8884_ye55;user_8884_ye551234;8196
user_8885_4jv3;user_8885_4jv31234;7080
user_8886_ip4a;user_8886_ip4a1234;5893
user_8887_6zpr;user_8887_6zpr1234;1541
user_8888_e9zw;user_8888_e9zw1234;7385
user_8889_z7cj;user_8889_z7cj1234;1273
user_8890_pmgx;user_8890_pmgx1234;9898
user_8891_do0x;user_8891_do0x1234;6122
user_8892_uadd;user_8892_uadd1234;7924
user_8893_1yg4;user_8893_1yg41234;3770
user_8894_epup;user_8894_epup1234;1890
user_8895_14l6;user_8895_14l61234;3022
user_8896_o80e;user_8896_o80e1234;2127
user_8897_5vdv;user_8897_5vdv1234;5713
user_8898_gk0l;user_8898_gk0l1234;9056
user_8899_x9dg;user_8899_x9dg1234;8784
user_8900_t1om;user_8900_t1om1234;4530
user_8901_4k5a;user_8901_4k5a1234;7236
user_8902_k8a0;user_8902_k8a01234;4680
user_8903_dszg;user_8903_dszg1234;7693
user_8904_4jy2;user_8904_4jy21234;1947
user_8905_k139;user_8905_k1391234;5619
user_8906_oesy;user_8906_oesy1234;1415
user_8907_9efz;user_8907_9efz1234;3656
user_8908_hfl8;user_8908_hfl81234;5835
user_8909_npac;user_8909_npac1234;3350
user_8910_bade;user_8910_bade1234;5396
user_8911_34q4;user_8911_34q41234;9432
user_8912_mp7u;user_8912_mp7u1234;9024
user_8913_sjvb;user_8913_sjvb1234;9841
user_8914_12kn;user_8914_12kn1234;3755
user_8915_spzy;user_8915_spzy1234;8051
user_8916_bibz;user_8916_bibz1234;9711
user_8917_7xw6;user_8917_7xw61234;2417
user_8918_msfs;user_8918_msfs1234;4193
user_8919_2snk;user_8919_2snk1234;8106
user_8920_2l6c;user_8920_2l6c1234;4955
user_8921_vil9;user_8921_vil91234;5337
user_8922_yeqy;user_8922_yeqy1234;6433
user_8923_sm2d;user_8923_sm2d1234;2323
user_8924_oacx;user_8924_oacx1234;4509
user_8925_joxc;user_8925_joxc1234;7242
user_8926_2p0a;user_8926_2p0a1234;2584
user_8927_fws0;user_8927_fws01234;1645
user_8928_y68k;user_8928_y68k1234;4927
user_8929_dfgn;user_8929_dfgn1234;7475
user_8930_sg8d;user_8930_sg8d1234;3715
user_8931_mhtq;user_8931_mhtq1234;1739
user_8932_l6xc;user_8932_l6xc1234;1326
user_8933_2y6p;user_8933_2y6p1234;5881
user_8934_jzdu;user_8934_jzdu1234;6091
user_8935_zmxa;user_8935_zmxa1234;3086
user_8936_8k02;user_8936_8k021234;7216
user_8937_7bh6;user_8937_7bh61234;6610
user_8938_smzi;user_8938_smzi1234;4057
user_8939_qbq7;user_8939_qbq71234;2504
user_8940_jlg1;user_8940_jlg11234;9864
user_8941_1t1u;user_8941_1t1u1234;9060
user_8942_nidd;user_8942_nidd1234;6920
user_8943_nlwb;user_8943_nlwb1234;6736
user_8944_7zrd;user_8944_7zrd1234;6736
user_8945_3n1f;user_8945_3n1f1234;1721
user_8946_v4xa;user_8946_v4xa1234;7289
user_8947_adfj;user_8947_adfj1234;1531
user_8948_jzi9;user_8948_jzi91234;2688
user_8949_k4pm;user_8949_k4pm1234;2668
user_8950_lfpe;user_8950_lfpe1234;6918
user_8951_xr26;user_8951_xr261234;5290
user_8952_0k1q;user_8952_0k1q1234;7819
user_8953_xewe;user_8953_xewe1234;5208
user_8954_c3tf;user_8954_c3tf1234;4573
user_8955_30p7;user_8955_30p71234;5678
user_8956_mnx3;user_8956_mnx31234;4712
user_8957_od82;user_8957_od821234;8139
user_8958_flf1;user_8958_flf11234;2989
user_8959_ghia;user_8959_ghia1234;8928
user_8960_fikz;user_8960_fikz1234;6760
user_8961_5bpm;user_8961_5bpm1234;1481
user_8962_3p56;user_8962_3p561234;3018
user_8963_vfir;user_8963_vfir1234;8845
user_8964_k86x;user_8964_k86x1234;6492
user_8965_wp3j;user_8965_wp3j1234;3899
user_8966_71br;user_8966_71br1234;4428
user_8967_9lp7;user_8967_9lp71234;1852
user_8968_v7hb;user_8968_v7hb1234;9920
user_8969_6fcr;user_8969_6fcr1234;2794
user_8970_ntnw;user_8970_ntnw1234;2225
user_8971_29zc;user_8971_29zc1234;5285
user_8972_24av;user_8972_24av1234;6744
user_8973_rmk8;user_8973_rmk81234;4233
user_8974_7y10;user_8974_7y101234;8354
user_8975_pl64;user_8975_pl641234;7277
user_8976_ust2;user_8976_ust21234;9910
user_8977_9gwa;user_8977_9gwa1234;7316
user_8978_ls7t;user_8978_ls7t1234;1973
user_8979_qssf;user_8979_qssf1234;7373
user_8980_jp1b;user_8980_jp1b1234;2929
user_8981_qz66;user_8981_qz661234;3146
user_8982_60ro;user_8982_60ro1234;8578
user_8983_o71o;user_8983_o71o1234;3010
user_8984_88uo;user_8984_88uo1234;6376
user_8985_r3lz;user_8985_r3lz1234;8106
user_8986_rimc;user_8986_rimc1234;6491
user_8987_lo1z;user_8987_lo1z1234;2511
user_8988_5mzy;user_8988_5mzy1234;4821
user_8989_ya19;user_8989_ya191234;7870
user_8990_ql8m;user_8990_ql8m1234;3519
user_8991_fl41;user_8991_fl411234;1185
user_8992_fjtp;user_8992_fjtp1234;9973
user_8993_5rk1;user_8993_5rk11234;2642
user_8994_5l3z;user_8994_5l3z1234;6562
user_8995_b52w;user_8995_b52w1234;4644
user_8996_hbhi;user_8996_hbhi1234;4171
user_8997_ck80;user_8997_ck801234;8805
user_8998_7i5k;user_8998_7i5k1234;8355
user_8999_ksj3;user_8999_ksj31234;4438
user_9000_jogr;user_9000_jogr1234;3106
user_9001_d7au;user_9001_d7au1234;3627
user_9002_0gv8;user_9002_0gv81234;5768
user_9003_knve;user_9003_knve1234;8964
user_9004_mjjl;user_9004_mjjl1234;2921
user_9005_v8gx;user_9005_v8gx1234;6252
user_9006_bwmu;user_9006_bwmu1234;5020
user_9007_2eje;user_9007_2eje1234;3773
user_9008_kshi;user_9008_kshi1234;2311
user_9009_ez0v;user_9009_ez0v1234;1375
user_9010_zo9u;user_9010_zo9u1234;4962
user_9011_j3wl;user_9011_j3wl1234;6978
user_9012_hsbg;user_9012_hsbg1234;6683
user_9013_i4w0;user_9013_i4w01234;9442
user_9014_ztgv;user_9014_ztgv1234;4594
user_9015_65jh;user_9015_65jh1234;3629
user_9016_5axk;user_9016_5axk1234;8927
user_9017_vfkp;user_9017_vfkp1234;3808
user_9018_b834;user_9018_b8341234;6319
user_9019_dfc4;user_9019_dfc41234;3646
user_9020_4swq;user_9020_4swq1234;7333
user_9021_el7u;user_9021_el7u1234;6753
user_9022_3hrp;user_9022_3hrp1234;1088
user_9023_welj;user_9023_welj1234;2144
user_9024_h98t;user_9024_h98t1234;5727
user_9025_pg8w;user_9025_pg8w1234;7154
user_9026_xx05;user_9026_xx051234;8279
user_9027_geec;user_9027_geec1234;3986
user_9028_c9vn;user_9028_c9vn1234;1262
user_9029_e7ix;user_9029_e7ix1234;3937
user_9030_nsa1;user_9030_nsa11234;2829
user_9031_cl11;user_9031_cl111234;6970
user_9032_w8jp;user_9032_w8jp1234;4776
user_9033_2ci5;user_9033_2ci51234;4837
user_9034_0jef;user_9034_0jef1234;7866
user_9035_fxwk;user_9035_fxwk1234;8653
user_9036_emxu;user_9036_emxu1234;9860
user_9037_5nfu;user_9037_5nfu1234;8904
user_9038_jldd;user_9038_jldd1234;6463
user_9039_n4c2;user_9039_n4c21234;9563
user_9040_vqpr;user_9040_vqpr1234;1936
user_9041_0r2i;user_9041_0r2i1234;9634
user_9042_ayej;user_9042_ayej1234;5981
user_9043_4bt1;user_9043_4bt11234;6111
user_9044_cwam;user_9044_cwam1234;2759
user_9045_yifz;user_9045_yifz1234;8951
user_9046_yvaw;user_9046_yvaw1234;4507
user_9047_dz0w;user_9047_dz0w1234;3267
user_9048_k2jw;user_9048_k2jw1234;6200
user_9049_yee0;user_9049_yee01234;3576
user_9050_6d3x;user_9050_6d3x1234;3670
user_9051_wubw;user_9051_wubw1234;2908
user_9052_k6u8;user_9052_k6u81234;2771
user_9053_kxnd;user_9053_kxnd1234;7964
user_9054_ti1y;user_9054_ti1y1234;4934
user_9055_e5rt;user_9055_e5rt1234;7631
user_9056_mrd7;user_9056_mrd71234;8307
user_9057_x1il;user_9057_x1il1234;1362
user_9058_a6vf;user_9058_a6vf1234;1863
user_9059_hj7z;user_9059_hj7z1234;5625
user_9060_ms1n;user_9060_ms1n1234;5723
user_9061_zoqo;user_9061_zoqo1234;6091
user_9062_i4ff;user_9062_i4ff1234;7356
user_9063_bn1f;user_9063_bn1f1234;2639
user_9064_7yhq;user_9064_7yhq1234;1929
user_9065_fpge;user_9065_fpge1234;3526
user_9066_zy2o;user_9066_zy2o1234;5460
user_9067_aqr8;user_9067_aqr81234;5795
user_9068_5sb4;user_9068_5sb41234;6658
user_9069_mtfa;user_9069_mtfa1234;5609
user_9070_oj56;user_9070_oj561234;4988
user_9071_eors;user_9071_eors1234;2886
user_9072_h4qr;user_9072_h4qr1234;2342
user_9073_4khk;user_9073_4khk1234;2335
user_9074_lvoh;user_9074_lvoh1234;7629
user_9075_r9fu;user_9075_r9fu1234;7500
user_9076_ax1n;user_9076_ax1n1234;7199
user_9077_1wns;user_9077_1wns1234;5338
user_9078_dope;user_9078_dope1234;4324
user_9079_l9pk;user_9079_l9pk1234;1881
user_9080_q7kk;user_9080_q7kk1234;2894
user_9081_9uz4;user_9081_9uz41234;9720
user_9082_wznd;user_9082_wznd1234;5176
user_9083_womj;user_9083_womj1234;4677
user_9084_q3zl;user_9084_q3zl1234;3024
user_9085_yb9b;user_9085_yb9b1234;5703
user_9086_jkq7;user_9086_jkq71234;5896
user_9087_e6xd;user_9087_e6xd1234;7636
user_9088_no1q;user_9088_no1q1234;5853
user_9089_g7vu;user_9089_g7vu1234;5269
user_9090_lg6n;user_9090_lg6n1234;3897
user_9091_oi1m;user_9091_oi1m1234;4159
user_9092_z64y;user_9092_z64y1234;4449
user_9093_ekyi;user_9093_ekyi1234;2797
user_9094_w6ec;user_9094_w6ec1234;5125
user_9095_f0j3;user_9095_f0j31234;5574
user_9096_66mf;user_9096_66mf1234;2321
user_9097_o3dl;user_9097_o3dl1234;4343
user_9098_qjhk;user_9098_qjhk1234;9323
user_9099_7k8u;user_9099_7k8u1234;3619
user_9100_rx4t;user_9100_rx4t1234;4925
user_9101_lldn;user_9101_lldn1234;7393
user_9102_4g9c;user_9102_4g9c1234;9551
user_9103_2k9p;user_9103_2k9p1234;8775
user_9104_p7q6;user_9104_p7q61234;2701
user_9105_4s9f;user_9105_4s9f1234;1074
user_9106_mv4g;user_9106_mv4g1234;7509
user_9107_itfz;user_9107_itfz1234;9750
user_9108_0mch;user_9108_0mch1234;6474
user_9109_d1qj;user_9109_d1qj1234;6013
user_9110_1c86;user_9110_1c861234;8054
user_9111_wuk9;user_9111_wuk91234;7025
user_9112_qgom;user_9112_qgom1234;2859
user_9113_3zwq;user_9113_3zwq1234;4727
user_9114_m71e;user_9114_m71e1234;3275
user_9115_407w;user_9115_407w1234;8442
user_9116_qmcc;user_9116_qmcc1234;3675
user_9117_0qwo;user_9117_0qwo1234;5399
user_9118_tfxo;user_9118_tfxo1234;4929
user_9119_0yh7;user_9119_0yh71234;5321
user_9120_m331;user_9120_m3311234;5786
user_9121_r7ai;user_9121_r7ai1234;4706
user_9122_s81i;user_9122_s81i1234;7553
user_9123_3hnx;user_9123_3hnx1234;5964
user_9124_3wjr;user_9124_3wjr1234;1321
user_9125_fjfg;user_9125_fjfg1234;9661
user_9126_op8k;user_9126_op8k1234;6997
user_9127_ifcc;user_9127_ifcc1234;8594
user_9128_3l22;user_9128_3l221234;6886
user_9129_8ykx;user_9129_8ykx1234;5658
user_9130_m0k1;user_9130_m0k11234;3111
user_9131_od74;user_9131_od741234;8554
user_9132_3mr5;user_9132_3mr51234;2969
user_9133_cs53;user_9133_cs531234;8342
user_9134_h7uc;user_9134_h7uc1234;3087
user_9135_2fv5;user_9135_2fv51234;6364
user_9136_jfbl;user_9136_jfbl1234;2471
user_9137_u5nl;user_9137_u5nl1234;9696
user_9138_2e9d;user_9138_2e9d1234;7593
user_9139_b33c;user_9139_b33c1234;5178
user_9140_4ccx;user_9140_4ccx1234;8329
user_9141_25l5;user_9141_25l51234;8058
user_9142_brvz;user_9142_brvz1234;2345
user_9143_ty91;user_9143_ty911234;9963
user_9144_vjxu;user_9144_vjxu1234;3659
user_9145_o01g;user_9145_o01g1234;8311
user_9146_ni9m;user_9146_ni9m1234;6193
user_9147_h5k1;user_9147_h5k11234;6947
user_9148_satq;user_9148_satq1234;2908
user_9149_qtx8;user_9149_qtx81234;6164
user_9150_q6kt;user_9150_q6kt1234;9778
user_9151_44mw;user_9151_44mw1234;3829
user_9152_ct0n;user_9152_ct0n1234;8334
user_9153_61dz;user_9153_61dz1234;7803
user_9154_5o5l;user_9154_5o5l1234;6835
user_9155_nviu;user_9155_nviu1234;5603
user_9156_q7kh;user_9156_q7kh1234;1290
user_9157_gc1p;user_9157_gc1p1234;8468
user_9158_ea6c;user_9158_ea6c1234;3622
user_9159_xgy5;user_9159_xgy51234;7979
user_9160_gw0r;user_9160_gw0r1234;7758
user_9161_27r3;user_9161_27r31234;5970
user_9162_5t4n;user_9162_5t4n1234;6260
user_9163_6003;user_9163_60031234;3121
user_9164_7uu9;user_9164_7uu91234;9427
user_9165_ji3x;user_9165_ji3x1234;5283
user_9166_d1vp;user_9166_d1vp1234;9476
user_9167_vfi6;user_9167_vfi61234;4427
user_9168_u656;user_9168_u6561234;6366
user_9169_v1uk;user_9169_v1uk1234;3919
user_9170_eivl;user_9170_eivl1234;3828
user_9171_iv8x;user_9171_iv8x1234;2238
user_9172_idry;user_9172_idry1234;8137
user_9173_r7cx;user_9173_r7cx1234;1273
user_9174_meq2;user_9174_meq21234;3980
user_9175_jw1n;user_9175_jw1n1234;8309
user_9176_dvp3;user_9176_dvp31234;3493
user_9177_6qcm;user_9177_6qcm1234;4833
user_9178_jqwm;user_9178_jqwm1234;5967
user_9179_spzj;user_9179_spzj1234;4334
user_9180_yg3y;user_9180_yg3y1234;7990
user_9181_0ylo;user_9181_0ylo1234;4153
user_9182_k5ks;user_9182_k5ks1234;1978
user_9183_vhhe;user_9183_vhhe1234;5694
user_9184_a1dz;user_9184_a1dz1234;9514
user_9185_bwo0;user_9185_bwo01234;5148
user_9186_7bci;user_9186_7bci1234;6123
user_9187_g4cm;user_9187_g4cm1234;9301
user_9188_snoj;user_9188_snoj1234;5639
user_9189_soly;user_9189_soly1234;4892
user_9190_6sg3;user_9190_6sg31234;9414
user_9191_q952;user_9191_q9521234;8405
user_9192_f266;user_9192_f2661234;6312
user_9193_hkhl;user_9193_hkhl1234;5093
user_9194_21m3;user_9194_21m31234;5102
user_9195_4uiu;user_9195_4uiu1234;3496
user_9196_abq1;user_9196_abq11234;9239
user_9197_4xlz;user_9197_4xlz1234;8412
user_9198_kejd;user_9198_kejd1234;9807
user_9199_jukt;user_9199_jukt1234;1353
user_9200_zp3q;user_9200_zp3q1234;9101
user_9201_yed1;user_9201_yed11234;9787
user_9202_47pm;user_9202_47pm1234;7971
user_9203_lz41;user_9203_lz411234;6774
user_9204_yobj;user_9204_yobj1234;2184
user_9205_ly7f;user_9205_ly7f1234;1705
user_9206_9xvw;user_9206_9xvw1234;3058
user_9207_6iob;user_9207_6iob1234;9595
user_9208_y26r;user_9208_y26r1234;3352
user_9209_t8a3;user_9209_t8a31234;8280
user_9210_cebr;user_9210_cebr1234;9508
user_9211_iudx;user_9211_iudx1234;7364
user_9212_k138;user_9212_k1381234;5726
user_9213_7nlm;user_9213_7nlm1234;8934
user_9214_jicr;user_9214_jicr1234;2076
user_9215_6ywg;user_9215_6ywg1234;6703
user_9216_0ut0;user_9216_0ut01234;8858
user_9217_izfe;user_9217_izfe1234;9382
user_9218_cnp1;user_9218_cnp11234;9578
user_9219_opsa;user_9219_opsa1234;4158
user_9220_a0qe;user_9220_a0qe1234;3317
user_9221_hvsx;user_9221_hvsx1234;8664
user_9222_kzxz;user_9222_kzxz1234;6985
user_9223_a43o;user_9223_a43o1234;4321
user_9224_ebku;user_9224_ebku1234;9001
user_9225_kp9c;user_9225_kp9c1234;8292
user_9226_8wy9;user_9226_8wy91234;5523
user_9227_0mmx;user_9227_0mmx1234;1419
user_9228_2wb9;user_9228_2wb91234;7569
user_9229_dt8p;user_9229_dt8p1234;9015
user_9230_cl5j;user_9230_cl5j1234;5304
user_9231_ysut;user_9231_ysut1234;1375
user_9232_soi1;user_9232_soi11234;3995
user_9233_0yhr;user_9233_0yhr1234;3923
user_9234_vq37;user_9234_vq371234;5904
user_9235_lr44;user_9235_lr441234;1183
user_9236_w0j0;user_9236_w0j01234;4270
user_9237_jr73;user_9237_jr731234;7838
user_9238_ifjg;user_9238_ifjg1234;6180
user_9239_esli;user_9239_esli1234;5016
user_9240_ugni;user_9240_ugni1234;2608
user_9241_yq2v;user_9241_yq2v1234;8295
user_9242_misn;user_9242_misn1234;7221
user_9243_9692;user_9243_96921234;2773
user_9244_si41;user_9244_si411234;9405
user_9245_nuy2;user_9245_nuy21234;3966
user_9246_usf3;user_9246_usf31234;2559
user_9247_br9z;user_9247_br9z1234;7756
user_9248_1ev4;user_9248_1ev41234;6170
user_9249_dfk1;user_9249_dfk11234;5622
user_9250_hu3p;user_9250_hu3p1234;5563
user_9251_0n6p;user_9251_0n6p1234;1423
user_9252_pff1;user_9252_pff11234;1321
user_9253_9cai;user_9253_9cai1234;5785
user_9254_5wnn;user_9254_5wnn1234;1577
user_9255_uczb;user_9255_uczb1234;2723
user_9256_vqq9;user_9256_vqq91234;6195
user_9257_aqbu;user_9257_aqbu1234;6160
user_9258_qtbt;user_9258_qtbt1234;8884
user_9259_zowz;user_9259_zowz1234;4386
user_9260_es6y;user_9260_es6y1234;6231
user_9261_yv8w;user_9261_yv8w1234;3367
user_9262_536t;user_9262_536t1234;9806
user_9263_xque;user_9263_xque1234;1035
user_9264_4ysh;user_9264_4ysh1234;3590
user_9265_axh2;user_9265_axh21234;4900
user_9266_vxd0;user_9266_vxd01234;9620
user_9267_0vrt;user_9267_0vrt1234;3156
user_9268_uca8;user_9268_uca81234;9413
user_9269_kmfj;user_9269_kmfj1234;2359
user_9270_mijp;user_9270_mijp1234;5544
user_9271_znqx;user_9271_znqx1234;2643
user_9272_lk7k;user_9272_lk7k1234;4636
user_9273_h2c8;user_9273_h2c81234;4681
user_9274_ggs7;user_9274_ggs71234;5299
user_9275_510g;user_9275_510g1234;9207
user_9276_ux7j;user_9276_ux7j1234;3906
user_9277_48la;user_9277_48la1234;8629
user_9278_u2z1;user_9278_u2z11234;7201
user_9279_ekqe;user_9279_ekqe1234;4978
user_9280_412v;user_9280_412v1234;5734
user_9281_4ugi;user_9281_4ugi1234;6189
user_9282_slbx;user_9282_slbx1234;5106
user_9283_tri1;user_9283_tri11234;9024
user_9284_vavp;user_9284_vavp1234;2428
user_9285_a1er;user_9285_a1er1234;9932
user_9286_7xkg;user_9286_7xkg1234;1984
user_9287_32pr;user_9287_32pr1234;6976
user_9288_hrqa;user_9288_hrqa1234;5506
user_9289_n715;user_9289_n7151234;5383
user_9290_87g0;user_9290_87g01234;7944
user_9291_5dj5;user_9291_5dj51234;8424
user_9292_y3v4;user_9292_y3v41234;3040
user_9293_948f;user_9293_948f1234;7534
user_9294_3cwy;user_9294_3cwy1234;2501
user_9295_uvkl;user_9295_uvkl1234;3754
user_9296_jku7;user_9296_jku71234;2762
user_9297_gcpn;user_9297_gcpn1234;6016
user_9298_2hc8;user_9298_2hc81234;5381
user_9299_mvog;user_9299_mvog1234;6575
user_9300_yecp;user_9300_yecp1234;5665
user_9301_4rxn;user_9301_4rxn1234;6582
user_9302_rkco;user_9302_rkco1234;9692
user_9303_khfx;user_9303_khfx1234;7143
user_9304_sd2b;user_9304_sd2b1234;2008
user_9305_t0e7;user_9305_t0e71234;9128
user_9306_wu8c;user_9306_wu8c1234;8548
user_9307_zgrc;user_9307_zgrc1234;7849
user_9308_e6zu;user_9308_e6zu1234;7034
user_9309_bezk;user_9309_bezk1234;9933
user_9310_1e1o;user_9310_1e1o1234;5734
user_9311_5o6y;user_9311_5o6y1234;4654
user_9312_qfq8;user_9312_qfq81234;6766
user_9313_r4rj;user_9313_r4rj1234;4285
user_9314_xam9;user_9314_xam91234;8790
user_9315_um35;user_9315_um351234;1790
user_9316_nqaj;user_9316_nqaj1234;9591
user_9317_hgj5;user_9317_hgj51234;7886
user_9318_nd4h;user_9318_nd4h1234;8466
user_9319_n8lq;user_9319_n8lq1234;1155
user_9320_73vd;user_9320_73vd1234;2284
user_9321_ztu6;user_9321_ztu61234;3687
user_9322_s4x4;user_9322_s4x41234;4546
user_9323_vmcl;user_9323_vmcl1234;8440
user_9324_1z1q;user_9324_1z1q1234;2251
user_9325_ssbt;user_9325_ssbt1234;7640
user_9326_v4wp;user_9326_v4wp1234;2514
user_9327_shbk;user_9327_shbk1234;1317
user_9328_a1i9;user_9328_a1i91234;9322
user_9329_cr94;user_9329_cr941234;4068
user_9330_t9jf;user_9330_t9jf1234;8505
user_9331_xj2c;user_9331_xj2c1234;2254
user_9332_iumr;user_9332_iumr1234;4491
user_9333_6i3o;user_9333_6i3o1234;2352
user_9334_40ma;user_9334_40ma1234;2130
user_9335_v33h;user_9335_v33h1234;6420
user_9336_bqv9;user_9336_bqv91234;7408
user_9337_zg6a;user_9337_zg6a1234;1172
user_9338_gyml;user_9338_gyml1234;7488
user_9339_44s8;user_9339_44s81234;9418
user_9340_m68c;user_9340_m68c1234;7663
user_9341_wjb4;user_9341_wjb41234;4272
user_9342_olpg;user_9342_olpg1234;3802
user_9343_mgg8;user_9343_mgg81234;7403
user_9344_opkj;user_9344_opkj1234;6516
user_9345_0227;user_9345_02271234;2388
user_9346_kolz;user_9346_kolz1234;8349
user_9347_hk3l;user_9347_hk3l1234;2069
user_9348_ayew;user_9348_ayew1234;9662
user_9349_6rd4;user_9349_6rd41234;7932
user_9350_s188;user_9350_s1881234;6147
user_9351_20o1;user_9351_20o11234;3201
user_9352_i0hm;user_9352_i0hm1234;7444
user_9353_c6lc;user_9353_c6lc1234;5117
user_9354_gzy2;user_9354_gzy21234;9614
user_9355_1l63;user_9355_1l631234;9687
user_9356_r66h;user_9356_r66h1234;4553
user_9357_8104;user_9357_81041234;7925
user_9358_7pe8;user_9358_7pe81234;7351
user_9359_1tpm;user_9359_1tpm1234;9660
user_9360_z6qu;user_9360_z6qu1234;7470
user_9361_nygv;user_9361_nygv1234;5158
user_9362_coc8;user_9362_coc81234;6527
user_9363_1s36;user_9363_1s361234;7696
user_9364_g9q6;user_9364_g9q61234;1061
user_9365_fakb;user_9365_fakb1234;8334
user_9366_eqzb;user_9366_eqzb1234;2372
user_9367_yzd5;user_9367_yzd51234;4066
user_9368_iw3c;user_9368_iw3c1234;8019
user_9369_11ad;user_9369_11ad1234;3883
user_9370_v2yx;user_9370_v2yx1234;2183
user_9371_bqxg;user_9371_bqxg1234;5268
user_9372_khea;user_9372_khea1234;1490
user_9373_86lm;user_9373_86lm1234;1254
user_9374_5md3;user_9374_5md31234;5347
user_9375_cofi;user_9375_cofi1234;3494
user_9376_q4te;user_9376_q4te1234;5668
user_9377_smop;user_9377_smop1234;9778
user_9378_jcqf;user_9378_jcqf1234;3181
user_9379_t09z;user_9379_t09z1234;2408
user_9380_lhev;user_9380_lhev1234;3614
user_9381_stjh;user_9381_stjh1234;4726
user_9382_u585;user_9382_u5851234;3189
user_9383_gxlc;user_9383_gxlc1234;6982
user_9384_vtvb;user_9384_vtvb1234;3706
user_9385_5jgn;user_9385_5jgn1234;7558
user_9386_5twx;user_9386_5twx1234;1471
user_9387_k3a5;user_9387_k3a51234;5644
user_9388_wm7g;user_9388_wm7g1234;3014
user_9389_ti4s;user_9389_ti4s1234;2663
user_9390_b09a;user_9390_b09a1234;4096
user_9391_qlwt;user_9391_qlwt1234;3624
user_9392_97un;user_9392_97un1234;3319
user_9393_q7cd;user_9393_q7cd1234;1600
user_9394_xxtt;user_9394_xxtt1234;2111
user_9395_1noa;user_9395_1noa1234;6370
user_9396_v2kk;user_9396_v2kk1234;4007
user_9397_hlmq;user_9397_hlmq1234;1518
user_9398_6zqz;user_9398_6zqz1234;2134
user_9399_z18n;user_9399_z18n1234;9919
user_9400_pqmo;user_9400_pqmo1234;8363
user_9401_x7op;user_9401_x7op1234;1061
user_9402_jthv;user_9402_jthv1234;9894
user_9403_i78p;user_9403_i78p1234;4932
user_9404_rkpc;user_9404_rkpc1234;1098
user_9405_dbd1;user_9405_dbd11234;8157
user_9406_ttrh;user_9406_ttrh1234;3689
user_9407_2knm;user_9407_2knm1234;9060
user_9408_lv3s;user_9408_lv3s1234;2594
user_9409_uvyb;user_9409_uvyb1234;2095
user_9410_4olk;user_9410_4olk1234;5327
user_9411_lbpt;user_9411_lbpt1234;5991
user_9412_2opt;user_9412_2opt1234;2995
user_9413_kazp;user_9413_kazp1234;7842
user_9414_lqew;user_9414_lqew1234;1513
user_9415_s8v6;user_9415_s8v61234;3836
user_9416_brvl;user_9416_brvl1234;8240
user_9417_hb1n;user_9417_hb1n1234;5038
user_9418_qaok;user_9418_qaok1234;7410
user_9419_tix3;user_9419_tix31234;6689
user_9420_zcbu;user_9420_zcbu1234;2434
user_9421_hfqk;user_9421_hfqk1234;7605
user_9422_8m71;user_9422_8m711234;9209
user_9423_4azx;user_9423_4azx1234;6290
user_9424_rdwu;user_9424_rdwu1234;3790
user_9425_s6ga;user_9425_s6ga1234;2709
user_9426_ipbr;user_9426_ipbr1234;4350
user_9427_fyx8;user_9427_fyx81234;4941
user_9428_2d9j;user_9428_2d9j1234;9870
user_9429_lb8y;user_9429_lb8y1234;3928
user_9430_6pz8;user_9430_6pz81234;5967
user_9431_3iua;user_9431_3iua1234;3401
user_9432_htcm;user_9432_htcm1234;4696
user_9433_a9qu;user_9433_a9qu1234;3468
user_9434_iiez;user_9434_iiez1234;4798
user_9435_pzo7;user_9435_pzo71234;6690
user_9436_ioyd;user_9436_ioyd1234;5003
user_9437_8nwt;user_9437_8nwt1234;8053
user_9438_4i5m;user_9438_4i5m1234;5701
user_9439_7qaj;user_9439_7qaj1234;9558
user_9440_g43d;user_9440_g43d1234;6333
user_9441_mdu9;user_9441_mdu91234;5079
user_9442_uwgs;user_9442_uwgs1234;7350
user_9443_5e5d;user_9443_5e5d1234;1299
user_9444_19kg;user_9444_19kg1234;2957
user_9445_8fae;user_9445_8fae1234;8837
user_9446_9p6x;user_9446_9p6x1234;5255
user_9447_u5oc;user_9447_u5oc1234;7766
user_9448_ahfy;user_9448_ahfy1234;5470
user_9449_qcvj;user_9449_qcvj1234;7093
user_9450_s746;user_9450_s7461234;9756
user_9451_duvf;user_9451_duvf1234;3188
user_9452_r75e;user_9452_r75e1234;7929
user_9453_31nr;user_9453_31nr1234;5530
user_9454_952a;user_9454_952a1234;4705
user_9455_ke5x;user_9455_ke5x1234;9865
user_9456_pf4q;user_9456_pf4q1234;2105
user_9457_fqda;user_9457_fqda1234;2458
user_9458_cpow;user_9458_cpow1234;4151
user_9459_o41o;user_9459_o41o1234;3046
user_9460_u4pr;user_9460_u4pr1234;1555
user_9461_paz5;user_9461_paz51234;5488
user_9462_xjuy;user_9462_xjuy1234;2092
user_9463_oh7a;user_9463_oh7a1234;4722
user_9464_af6k;user_9464_af6k1234;5096
user_9465_gp84;user_9465_gp841234;5066
user_9466_swn8;user_9466_swn81234;9151
user_9467_e51x;user_9467_e51x1234;1115
user_9468_varz;user_9468_varz1234;1520
user_9469_mek9;user_9469_mek91234;7029
user_9470_qlit;user_9470_qlit1234;4344
user_9471_dmpj;user_9471_dmpj1234;7923
user_9472_wah1;user_9472_wah11234;7474
user_9473_zou5;user_9473_zou51234;1532
user_9474_guk4;user_9474_guk41234;2744
user_9475_7dsf;user_9475_7dsf1234;8129
user_9476_hejk;user_9476_hejk1234;2902
user_9477_7dvs;user_9477_7dvs1234;5697
user_9478_g12w;user_9478_g12w1234;2303
user_9479_ms82;user_9479_ms821234;7070
user_9480_iozx;user_9480_iozx1234;5227
user_9481_dv9p;user_9481_dv9p1234;9931
user_9482_9gb2;user_9482_9gb21234;4803
user_9483_c8rq;user_9483_c8rq1234;9877
user_9484_xz4j;user_9484_xz4j1234;9657
user_9485_x8jp;user_9485_x8jp1234;8974
user_9486_fwd0;user_9486_fwd01234;7025
user_9487_zaxr;user_9487_zaxr1234;8065
user_9488_1eel;user_9488_1eel1234;8755
user_9489_g0ed;user_9489_g0ed1234;6322
user_9490_x29p;user_9490_x29p1234;9923
user_9491_eu4k;user_9491_eu4k1234;5890
user_9492_8cmx;user_9492_8cmx1234;6946
user_9493_q80v;user_9493_q80v1234;3862
user_9494_cku8;user_9494_cku81234;8111
user_9495_j1t2;user_9495_j1t21234;3400
user_9496_ipyb;user_9496_ipyb1234;7209
user_9497_r85w;user_9497_r85w1234;7076
user_9498_nl03;user_9498_nl031234;1889
user_9499_ob1g;user_9499_ob1g1234;2328
user_9500_1yn1;user_9500_1yn11234;4718
user_9501_7uw8;user_9501_7uw81234;2467
user_9502_je3b;user_9502_je3b1234;8377
user_9503_0e16;user_9503_0e161234;2617
user_9504_rnsu;user_9504_rnsu1234;7095
user_9505_g83n;user_9505_g83n1234;4102
user_9506_tk7w;user_9506_tk7w1234;9528
user_9507_r3n7;user_9507_r3n71234;4822
user_9508_fz8o;user_9508_fz8o1234;8303
user_9509_f5w7;user_9509_f5w71234;3365
user_9510_91se;user_9510_91se1234;1319
user_9511_najq;user_9511_najq1234;6947
user_9512_nauj;user_9512_nauj1234;4340
user_9513_ekva;user_9513_ekva1234;6607
user_9514_4am7;user_9514_4am71234;5203
user_9515_3x83;user_9515_3x831234;3389
user_9516_r8hr;user_9516_r8hr1234;9622
user_9517_4dn2;user_9517_4dn21234;8525
user_9518_ae6d;user_9518_ae6d1234;2532
user_9519_q61y;user_9519_q61y1234;1221
user_9520_rfoj;user_9520_rfoj1234;4768
user_9521_0kg9;user_9521_0kg91234;8591
user_9522_i1y7;user_9522_i1y71234;6260
user_9523_gfhb;user_9523_gfhb1234;9159
user_9524_zess;user_9524_zess1234;5163
user_9525_u0qw;user_9525_u0qw1234;6694
user_9526_t6iv;user_9526_t6iv1234;8526
user_9527_dnc5;user_9527_dnc51234;4472
user_9528_nmhi;user_9528_nmhi1234;5522
user_9529_1g1r;user_9529_1g1r1234;3490
user_9530_zpyt;user_9530_zpyt1234;8152
user_9531_ypnx;user_9531_ypnx1234;6177
user_9532_vd1a;user_9532_vd1a1234;3539
user_9533_ob7r;user_9533_ob7r1234;5913
user_9534_ualu;user_9534_ualu1234;6491
user_9535_5yos;user_9535_5yos1234;5222
user_9536_qxo3;user_9536_qxo31234;4545
user_9537_ao1a;user_9537_ao1a1234;2447
user_9538_63xh;user_9538_63xh1234;9984
user_9539_llxq;user_9539_llxq1234;7335
user_9540_w84f;user_9540_w84f1234;1774
user_9541_9dyf;user_9541_9dyf1234;4893
user_9542_441k;user_9542_441k1234;6134
user_9543_5s93;user_9543_5s931234;7710
user_9544_0aui;user_9544_0aui1234;2632
user_9545_dvrb;user_9545_dvrb1234;4638
user_9546_bwmg;user_9546_bwmg1234;6706
user_9547_zzp1;user_9547_zzp11234;3374
user_9548_3t17;user_9548_3t171234;4333
user_9549_ft3x;user_9549_ft3x1234;6875
user_9550_2epz;user_9550_2epz1234;7725
user_9551_gyo5;user_9551_gyo51234;7405
user_9552_ilib;user_9552_ilib1234;2487
user_9553_aqk0;user_9553_aqk01234;1471
user_9554_iehu;user_9554_iehu1234;5371
user_9555_4cop;user_9555_4cop1234;4037
user_9556_a48f;user_9556_a48f1234;8058
user_9557_su3t;user_9557_su3t1234;7108
user_9558_l750;user_9558_l7501234;4464
user_9559_y7u0;user_9559_y7u01234;3738
user_9560_p6vk;user_9560_p6vk1234;1554
user_9561_iddi;user_9561_iddi1234;8913
user_9562_hnvz;user_9562_hnvz1234;5443
user_9563_qxdr;user_9563_qxdr1234;6345
user_9564_vdmx;user_9564_vdmx1234;8093
user_9565_vm54;user_9565_vm541234;3505
user_9566_qziu;user_9566_qziu1234;7519
user_9567_1zkt;user_9567_1zkt1234;7203
user_9568_tf2w;user_9568_tf2w1234;2627
user_9569_6s4i;user_9569_6s4i1234;8789
user_9570_7zia;user_9570_7zia1234;5097
user_9571_lqze;user_9571_lqze1234;6445
user_9572_szeq;user_9572_szeq1234;6674
user_9573_2ciz;user_9573_2ciz1234;6504
user_9574_yvm6;user_9574_yvm61234;4355
user_9575_od5m;user_9575_od5m1234;5067
user_9576_i2q7;user_9576_i2q71234;6982
user_9577_5rsf;user_9577_5rsf1234;8550
user_9578_xyb7;user_9578_xyb71234;7657
user_9579_byey;user_9579_byey1234;3138
user_9580_7kcx;user_9580_7kcx1234;3848
user_9581_sai6;user_9581_sai61234;5065
user_9582_j1oz;user_9582_j1oz1234;3635
user_9583_wjo6;user_9583_wjo61234;2035
user_9584_q9np;user_9584_q9np1234;1756
user_9585_jtmj;user_9585_jtmj1234;7241
user_9586_07qk;user_9586_07qk1234;8982
user_9587_tib0;user_9587_tib01234;8080
user_9588_8o7c;user_9588_8o7c1234;4165
user_9589_63d2;user_9589_63d21234;7505
user_9590_o5n1;user_9590_o5n11234;2962
user_9591_fadl;user_9591_fadl1234;6112
user_9592_d55f;user_9592_d55f1234;3838
user_9593_tzy2;user_9593_tzy21234;2804
user_9594_sg3r;user_9594_sg3r1234;5459
user_9595_wy4u;user_9595_wy4u1234;8580
user_9596_5s6m;user_9596_5s6m1234;2881
user_9597_kmtw;user_9597_kmtw1234;1609
user_9598_5ltp;user_9598_5ltp1234;7728
user_9599_27sm;user_9599_27sm1234;9445
user_9600_cl7r;user_9600_cl7r1234;1101
user_9601_yclv;user_9601_yclv1234;4655
user_9602_6pix;user_9602_6pix1234;6770
user_9603_l39n;user_9603_l39n1234;1824
user_9604_93h1;user_9604_93h11234;7299
user_9605_apgl;user_9605_apgl1234;8036
user_9606_f39e;user_9606_f39e1234;3290
user_9607_oolq;user_9607_oolq1234;3225
user_9608_1ozg;user_9608_1ozg1234;9863
user_9609_24rg;user_9609_24rg1234;9427
user_9610_lv7b;user_9610_lv7b1234;3055
user_9611_34ib;user_9611_34ib1234;2557
user_9612_bs0n;user_9612_bs0n1234;2318
user_9613_yhe7;user_9613_yhe71234;8863
user_9614_zrml;user_9614_zrml1234;8498
user_9615_ga4d;user_9615_ga4d1234;7753
user_9616_v0gi;user_9616_v0gi1234;1772
user_9617_bquf;user_9617_bquf1234;1501
user_9618_3yjy;user_9618_3yjy1234;2447
user_9619_z0a6;user_9619_z0a61234;3660
user_9620_0d5w;user_9620_0d5w1234;9063
user_9621_68xc;user_9621_68xc1234;7394
user_9622_f6ei;user_9622_f6ei1234;8346
user_9623_1hc9;user_9623_1hc91234;7437
user_9624_nema;user_9624_nema1234;6025
user_9625_q0tv;user_9625_q0tv1234;8193
user_9626_zm8v;user_9626_zm8v1234;1199
user_9627_appc;user_9627_appc1234;4163
user_9628_o5wj;user_9628_o5wj1234;9272
user_9629_ghvf;user_9629_ghvf1234;1703
user_9630_btt6;user_9630_btt61234;8903
user_9631_jt5s;user_9631_jt5s1234;8803
user_9632_ic4p;user_9632_ic4p1234;8684
user_9633_0tjy;user_9633_0tjy1234;2301
user_9634_r0j4;user_9634_r0j41234;1882
user_9635_6oko;user_9635_6oko1234;5177
user_9636_gktg;user_9636_gktg1234;8956
user_9637_7vri;user_9637_7vri1234;3369
user_9638_81cm;user_9638_81cm1234;5785
user_9639_769b;user_9639_769b1234;3529
user_9640_54kt;user_9640_54kt1234;9892
user_9641_y9nj;user_9641_y9nj1234;3620
user_9642_3rwq;user_9642_3rwq1234;5312
user_9643_d1z0;user_9643_d1z01234;4702
user_9644_ve64;user_9644_ve641234;6848
user_9645_d7t5;user_9645_d7t51234;7615
user_9646_77ua;user_9646_77ua1234;8882
user_9647_o2x6;user_9647_o2x61234;4790
user_9648_7yfa;user_9648_7yfa1234;6182
user_9649_41z1;user_9649_41z11234;1052
user_9650_5rjb;user_9650_5rjb1234;2760
user_9651_u30j;user_9651_u30j1234;8201
user_9652_uoo0;user_9652_uoo01234;8079
user_9653_zkre;user_9653_zkre1234;1994
user_9654_gxcv;user_9654_gxcv1234;4184
user_9655_0n0p;user_9655_0n0p1234;5602
user_9656_2nw2;user_9656_2nw21234;9580
user_9657_9vpu;user_9657_9vpu1234;2516
user_9658_lo5k;user_9658_lo5k1234;3191
user_9659_bcyk;user_9659_bcyk1234;1253
user_9660_n329;user_9660_n3291234;1453
user_9661_0r0e;user_9661_0r0e1234;5953
user_9662_uxrv;user_9662_uxrv1234;6631
user_9663_qnot;user_9663_qnot1234;6875
user_9664_n52c;user_9664_n52c1234;1299
user_9665_lwja;user_9665_lwja1234;1500
user_9666_k7hi;user_9666_k7hi1234;5284
user_9667_0c0e;user_9667_0c0e1234;9398
user_9668_9xhe;user_9668_9xhe1234;8140
user_9669_ve2a;user_9669_ve2a1234;7681
user_9670_ztfa;user_9670_ztfa1234;1522
user_9671_1z5y;user_9671_1z5y1234;7033
user_9672_jrtu;user_9672_jrtu1234;3782
user_9673_gagt;user_9673_gagt1234;4573
user_9674_iri3;user_9674_iri31234;5592
user_9675_q0mg;user_9675_q0mg1234;5457
user_9676_bk9d;user_9676_bk9d1234;6857
user_9677_nol6;user_9677_nol61234;5629
user_9678_7ch8;user_9678_7ch81234;5611
user_9679_w2y1;user_9679_w2y11234;7230
user_9680_0gfj;user_9680_0gfj1234;9231
user_9681_s30h;user_9681_s30h1234;9260
user_9682_t1at;user_9682_t1at1234;9589
user_9683_p8xy;user_9683_p8xy1234;5732
user_9684_jgaw;user_9684_jgaw1234;6743
user_9685_5d09;user_9685_5d091234;3559
user_9686_2k2r;user_9686_2k2r1234;7131
user_9687_jfwr;user_9687_jfwr1234;6481
user_9688_upay;user_9688_upay1234;8470
user_9689_e1g0;user_9689_e1g01234;5613
user_9690_59co;user_9690_59co1234;6163
user_9691_4yxu;user_9691_4yxu1234;4713
user_9692_qb7v;user_9692_qb7v1234;3467
user_9693_suqr;user_9693_suqr1234;3189
user_9694_eq2d;user_9694_eq2d1234;5692
user_9695_w23s;user_9695_w23s1234;1322
user_9696_xkfl;user_9696_xkfl1234;3694
user_9697_10qx;user_9697_10qx1234;3640
user_9698_qk06;user_9698_qk061234;6312
user_9699_i8df;user_9699_i8df1234;1093
user_9700_k63m;user_9700_k63m1234;5511
user_9701_cg5m;user_9701_cg5m1234;7898
user_9702_f8ev;user_9702_f8ev1234;2801
user_9703_lye5;user_9703_lye51234;5309
user_9704_p3u0;user_9704_p3u01234;3430
user_9705_6m8l;user_9705_6m8l1234;6304
user_9706_eisj;user_9706_eisj1234;5909
user_9707_t01f;user_9707_t01f1234;3046
user_9708_26rg;user_9708_26rg1234;4341
user_9709_bh27;user_9709_bh271234;8672
user_9710_9c0o;user_9710_9c0o1234;5663
user_9711_eyjx;user_9711_eyjx1234;3360
user_9712_r715;user_9712_r7151234;2319
user_9713_m244;user_9713_m2441234;3975
user_9714_208e;user_9714_208e1234;3064
user_9715_h703;user_9715_h7031234;1279
user_9716_hiqv;user_9716_hiqv1234;6864
user_9717_wfwf;user_9717_wfwf1234;5405
user_9718_gp1m;user_9718_gp1m1234;6495
user_9719_rjuh;user_9719_rjuh1234;7468
user_9720_3tu5;user_9720_3tu51234;9979
user_9721_gob7;user_9721_gob71234;8447
user_9722_ogkq;user_9722_ogkq1234;1145
user_9723_6or4;user_9723_6or41234;1561
user_9724_aps2;user_9724_aps21234;3045
user_9725_qbe2;user_9725_qbe21234;2250
user_9726_u957;user_9726_u9571234;9197
user_9727_2l8k;user_9727_2l8k1234;3637
user_9728_ahel;user_9728_ahel1234;9435
user_9729_fs5r;user_9729_fs5r1234;6655
user_9730_1q75;user_9730_1q751234;6678
user_9731_igsl;user_9731_igsl1234;2534
user_9732_p1s0;user_9732_p1s01234;4219
user_9733_wgjg;user_9733_wgjg1234;1125
user_9734_s0wv;user_9734_s0wv1234;5077
user_9735_lpj6;user_9735_lpj61234;9815
user_9736_z686;user_9736_z6861234;3847
user_9737_cseg;user_9737_cseg1234;9654
user_9738_i78s;user_9738_i78s1234;7450
user_9739_n41r;user_9739_n41r1234;7596
user_9740_ucom;user_9740_ucom1234;2357
user_9741_i4d3;user_9741_i4d31234;6617
user_9742_xt8t;user_9742_xt8t1234;7065
user_9743_901c;user_9743_901c1234;7722
user_9744_ryte;user_9744_ryte1234;9584
user_9745_qxoy;user_9745_qxoy1234;6020
user_9746_5lip;user_9746_5lip1234;8176
user_9747_payr;user_9747_payr1234;3767
user_9748_dzic;user_9748_dzic1234;9223
user_9749_8mdb;user_9749_8mdb1234;4950
user_9750_5v9f;user_9750_5v9f1234;2919
user_9751_ola5;user_9751_ola51234;9144
user_9752_vf2w;user_9752_vf2w1234;8180
user_9753_ksmj;user_9753_ksmj1234;4784
user_9754_a5x6;user_9754_a5x61234;7245
user_9755_c59g;user_9755_c59g1234;1921
user_9756_dckw;user_9756_dckw1234;6633
user_9757_aawd;user_9757_aawd1234;2989
user_9758_o5lm;user_9758_o5lm1234;7190
user_9759_00yz;user_9759_00yz1234;4828
user_9760_lhyi;user_9760_lhyi1234;3297
user_9761_sevk;user_9761_sevk1234;9780
user_9762_e3re;user_9762_e3re1234;9758
user_9763_dd5y;user_9763_dd5y1234;5660
user_9764_q1so;user_9764_q1so1234;5310
user_9765_t7gc;user_9765_t7gc1234;6004
user_9766_qe91;user_9766_qe911234;4995
user_9767_qgj0;user_9767_qgj01234;5667
user_9768_n5nq;user_9768_n5nq1234;8319
user_9769_zocm;user_9769_zocm1234;8176
user_9770_3au7;user_9770_3au71234;3953
user_9771_671c;user_9771_671c1234;9689
user_9772_r083;user_9772_r0831234;6331
user_9773_ho8f;user_9773_ho8f1234;5468
user_9774_s4kf;user_9774_s4kf1234;4297
user_9775_2lyg;user_9775_2lyg1234;8847
user_9776_q6ai;user_9776_q6ai1234;8920
user_9777_ojvw;user_9777_ojvw1234;7805
user_9778_4odu;user_9778_4odu1234;5474
user_9779_q830;user_9779_q8301234;5415
user_9780_i7jp;user_9780_i7jp1234;5635
user_9781_bv7r;user_9781_bv7r1234;1625
user_9782_11jy;user_9782_11jy1234;2050
user_9783_mhgc;user_9783_mhgc1234;1790
user_9784_6gbx;user_9784_6gbx1234;4006
user_9785_uazh;user_9785_uazh1234;3876
user_9786_1dx3;user_9786_1dx31234;5701
user_9787_drx1;user_9787_drx11234;8342
user_9788_sn5v;user_9788_sn5v1234;8498
user_9789_ei5m;user_9789_ei5m1234;9133
user_9790_5lxe;user_9790_5lxe1234;3001
user_9791_ipf7;user_9791_ipf71234;8986
user_9792_qxel;user_9792_qxel1234;6033
user_9793_itm2;user_9793_itm21234;1477
user_9794_2yrr;user_9794_2yrr1234;3611
user_9795_qv51;user_9795_qv511234;6720
user_9796_dsxl;user_9796_dsxl1234;9434
user_9797_73a5;user_9797_73a51234;6181
user_9798_40mp;user_9798_40mp1234;1162
user_9799_p6h7;user_9799_p6h71234;7160
user_9800_eiaq;user_9800_eiaq1234;8877
user_9801_j6c6;user_9801_j6c61234;3206
user_9802_dsaf;user_9802_dsaf1234;5042
user_9803_dxo8;user_9803_dxo81234;1747
user_9804_7xk9;user_9804_7xk91234;3497
user_9805_gh3t;user_9805_gh3t1234;1251
user_9806_4wnp;user_9806_4wnp1234;7417
user_9807_04gm;user_9807_04gm1234;6495
user_9808_i23z;user_9808_i23z1234;1311
user_9809_j6yi;user_9809_j6yi1234;9190
user_9810_xjh4;user_9810_xjh41234;2688
user_9811_z727;user_9811_z7271234;9695
user_9812_y355;user_9812_y3551234;3497
user_9813_620p;user_9813_620p1234;7642
user_9814_4i89;user_9814_4i891234;8046
user_9815_ki6c;user_9815_ki6c1234;9541
user_9816_y19e;user_9816_y19e1234;8511
user_9817_puyy;user_9817_puyy1234;5327
user_9818_r42s;user_9818_r42s1234;6429
user_9819_3gyg;user_9819_3gyg1234;2620
user_9820_patt;user_9820_patt1234;5133
user_9821_l3n4;user_9821_l3n41234;6413
user_9822_vu99;user_9822_vu991234;8652
user_9823_bj2q;user_9823_bj2q1234;4030
user_9824_mqgk;user_9824_mqgk1234;4879
user_9825_dx9l;user_9825_dx9l1234;4633
user_9826_h075;user_9826_h0751234;5969
user_9827_acs2;user_9827_acs21234;6547
user_9828_ggdq;user_9828_ggdq1234;8109
user_9829_ctal;user_9829_ctal1234;4985
user_9830_8q1i;user_9830_8q1i1234;6776
user_9831_829e;user_9831_829e1234;8454
user_9832_snry;user_9832_snry1234;4482
user_9833_37d7;user_9833_37d71234;8379
user_9834_ptxw;user_9834_ptxw1234;9411
user_9835_1a00;user_9835_1a001234;6395
user_9836_nci7;user_9836_nci71234;3469
user_9837_ru20;user_9837_ru201234;5110
user_9838_dvlw;user_9838_dvlw1234;3904
user_9839_fahn;user_9839_fahn1234;4448
user_9840_yxkn;user_9840_yxkn1234;8416
user_9841_2w4t;user_9841_2w4t1234;6127
user_9842_1r2s;user_9842_1r2s1234;1276
user_9843_qp0l;user_9843_qp0l1234;8876
user_9844_npsj;user_9844_npsj1234;7920
user_9845_4und;user_9845_4und1234;5283
user_9846_3cnl;user_9846_3cnl1234;6449
user_9847_uskk;user_9847_uskk1234;5104
user_9848_r7mp;user_9848_r7mp1234;2056
user_9849_m1ng;user_9849_m1ng1234;1013
user_9850_a4s5;user_9850_a4s51234;5939
user_9851_j95r;user_9851_j95r1234;3946
user_9852_sgx9;user_9852_sgx91234;5783
user_9853_gm55;user_9853_gm551234;8234
user_9854_8yo1;user_9854_8yo11234;9667
user_9855_76tu;user_9855_76tu1234;8610
user_9856_2ho1;user_9856_2ho11234;3905
user_9857_17a4;user_9857_17a41234;3494
user_9858_0fcg;user_9858_0fcg1234;1841
user_9859_wy7w;user_9859_wy7w1234;8413
user_9860_jm58;user_9860_jm581234;3627
user_9861_5bie;user_9861_5bie1234;1866
user_9862_1ev0;user_9862_1ev01234;4127
user_9863_vkit;user_9863_vkit1234;1741
user_9864_rfrx;user_9864_rfrx1234;5627
user_9865_v0ub;user_9865_v0ub1234;5996
user_9866_24z6;user_9866_24z61234;8344
user_9867_xwyu;user_9867_xwyu1234;7114
user_9868_4ces;user_9868_4ces1234;2239
user_9869_69y5;user_9869_69y51234;3245
user_9870_4ofg;user_9870_4ofg1234;5122
user_9871_0k38;user_9871_0k381234;8873
user_9872_c3a8;user_9872_c3a81234;5263
user_9873_is54;user_9873_is541234;9741
user_9874_mm8c;user_9874_mm8c1234;1528
user_9875_b7vv;user_9875_b7vv1234;4666
user_9876_pjvn;user_9876_pjvn1234;7856
user_9877_6ir9;user_9877_6ir91234;7210
user_9878_58h1;user_9878_58h11234;8606
user_9879_5vs7;user_9879_5vs71234;3887
user_9880_e9to;user_9880_e9to1234;8806
user_9881_k6x4;user_9881_k6x41234;1678
user_9882_qg0d;user_9882_qg0d1234;6903
user_9883_jh7w;user_9883_jh7w1234;7443
user_9884_624h;user_9884_624h1234;8728
user_9885_klph;user_9885_klph1234;8595
user_9886_3lxb;user_9886_3lxb1234;3277
user_9887_t43w;user_9887_t43w1234;6839
user_9888_3qxh;user_9888_3qxh1234;6021
user_9889_25rz;user_9889_25rz1234;1938
user_9890_wamw;user_9890_wamw1234;8857
user_9891_kngv;user_9891_kngv1234;9251
user_9892_p24m;user_9892_p24m1234;1635
user_9893_lcfd;user_9893_lcfd1234;8398
user_9894_0tlg;user_9894_0tlg1234;2459
user_9895_6439;user_9895_64391234;4915
user_9896_f3db;user_9896_f3db1234;2444
user_9897_jw66;user_9897_jw661234;8143
user_9898_wwic;user_9898_wwic1234;2307
user_9899_9ek4;user_9899_9ek41234;1240
user_9900_m35m;user_9900_m35m1234;1582
user_9901_q0vk;user_9901_q0vk1234;6886
user_9902_k5rs;user_9902_k5rs1234;1461
user_9903_8zrh;user_9903_8zrh1234;1086
user_9904_d59w;user_9904_d59w1234;1095
user_9905_efbf;user_9905_efbf1234;4462
user_9906_ihm4;user_9906_ihm41234;3272
user_9907_n4if;user_9907_n4if1234;1118
user_9908_6yrg;user_9908_6yrg1234;6724
user_9909_5ipr;user_9909_5ipr1234;2011
user_9910_4lz9;user_9910_4lz91234;6139
user_9911_464p;user_9911_464p1234;9787
user_9912_d9xj;user_9912_d9xj1234;3810
user_9913_4sms;user_9913_4sms1234;2259
user_9914_u7ce;user_9914_u7ce1234;2148
user_9915_vz0r;user_9915_vz0r1234;6979
user_9916_7fai;user_9916_7fai1234;6852
user_9917_kly7;user_9917_kly71234;9093
user_9918_s5ux;user_9918_s5ux1234;1680
user_9919_d5eh;user_9919_d5eh1234;1598
user_9920_0fdz;user_9920_0fdz1234;3532
user_9921_d5dr;user_9921_d5dr1234;3582
user_9922_f52u;user_9922_f52u1234;8500
user_9923_w643;user_9923_w6431234;5525
user_9924_bkdp;user_9924_bkdp1234;6215
user_9925_8ww7;user_9925_8ww71234;4580
user_9926_qnu1;user_9926_qnu11234;8896
user_9927_phwl;user_9927_phwl1234;5009
user_9928_0kc5;user_9928_0kc51234;7155
user_9929_rkeo;user_9929_rkeo1234;1683
user_9930_itp8;user_9930_itp81234;7686
user_9931_ghyr;user_9931_ghyr1234;2798
user_9932_m240;user_9932_m2401234;7034
user_9933_pc2c;user_9933_pc2c1234;9434
user_9934_qp5e;user_9934_qp5e1234;8870
user_9935_obaf;user_9935_obaf1234;7773
user_9936_iwyt;user_9936_iwyt1234;1877
user_9937_v74o;user_9937_v74o1234;1945
user_9938_dwi6;user_9938_dwi61234;4233
user_9939_emi1;user_9939_emi11234;6972
user_9940_2isd;user_9940_2isd1234;3108
user_9941_1mil;user_9941_1mil1234;8888
user_9942_aok8;user_9942_aok81234;6755
user_9943_gq8m;user_9943_gq8m1234;3873
user_9944_3xyc;user_9944_3xyc1234;4549
user_9945_uaoj;user_9945_uaoj1234;4686
user_9946_t9ak;user_9946_t9ak1234;9631
user_9947_2c4f;user_9947_2c4f1234;3448
user_9948_5245;user_9948_52451234;9432
user_9949_63ta;user_9949_63ta1234;2751
user_9950_ctql;user_9950_ctql1234;2860
user_9951_hxy3;user_9951_hxy31234;8407
user_9952_unnm;user_9952_unnm1234;1387
user_9953_jki4;user_9953_jki41234;7777
user_9954_3svt;user_9954_3svt1234;3376
user_9955_n8f0;user_9955_n8f01234;6446
user_9956_lj6r;user_9956_lj6r1234;2770
user_9957_ozr8;user_9957_ozr81234;4748
user_9958_p5dk;user_9958_p5dk1234;8649
user_9959_njd4;user_9959_njd41234;7545
user_9960_7359;user_9960_73591234;6233
user_9961_h8zp;user_9961_h8zp1234;8363
user_9962_ovsg;user_9962_ovsg1234;4693
user_9963_6zb6;user_9963_6zb61234;5358
user_9964_0ki3;user_9964_0ki31234;2884
user_9965_in4k;user_9965_in4k1234;8697
user_9966_w7n8;user_9966_w7n81234;7978
user_9967_3sgc;user_9967_3sgc1234;2395
user_9968_2jv1;user_9968_2jv11234;3679
user_9969_ucq8;user_9969_ucq81234;2598
user_9970_6co4;user_9970_6co41234;9109
user_9971_qa44;user_9971_qa441234;4132
user_9972_27zz;user_9972_27zz1234;3277
user_9973_sljx;user_9973_sljx1234;4873
user_9974_36b1;user_9974_36b11234;1044
user_9975_5ny5;user_9975_5ny51234;2097
user_9976_v0yc;user_9976_v0yc1234;7202
user_9977_3sac;user_9977_3sac1234;2215
user_9978_fs9j;user_9978_fs9j1234;6088
user_9979_wel2;user_9979_wel21234;6370
user_9980_whqg;user_9980_whqg1234;3048
user_9981_wwcm;user_9981_wwcm1234;7698
user_9982_ulhk;user_9982_ulhk1234;9331
user_9983_6vuq;user_9983_6vuq1234;1104
user_9984_uvgj;user_9984_uvgj1234;5613
user_9985_hvz1;user_9985_hvz11234;3262
user_9986_98tq;user_9986_98tq1234;5207
user_9987_4gjv;user_9987_4gjv1234;5308
user_9988_mlnn;user_9988_mlnn1234;7249
user_9989_fx8z;user_9989_fx8z1234;6009
user_9990_hkjs;user_9990_hkjs1234;7196
user_9991_cfl5;user_9991_cfl51234;6128
user_9992_3x63;user_9992_3x631234;8834
user_9993_6bmm;user_9993_6bmm1234;3886
user_9994_sik2;user_9994_sik21234;4127
user_9995_hcz6;user_9995_hcz61234;2517
user_9996_uouh;user_9996_uouh1234;6254
user_9997_9rq4;user_9997_9rq41234;7668
user_9998_dt4v;user_9998_dt4v1234;9411
user_9999_aqr6;user_9999_aqr61234;6205
